[
  {
    "artistName": "Fight The Fade",
    "segment": "Previously Active Listeners"
  },
  {
    "artistName": "Lost Frequencies",
    "segment": "Previously Active Listeners"
  },
  {
    "artistName": "stream_error",
    "segment": "Previously Active Listeners"
  },
  {
    "artistName": "WYS",
    "segment": "Previously Active Listeners"
  },
  {
    "artistName": "Ochre",
    "segment": "Previously Active Listeners"
  },
  {
    "artistName": "Bohnes",
    "segment": "Previously Active Listeners"
  },
  {
    "artistName": "Gibran Alcocer",
    "segment": "Previously Active Listeners"
  },
  {
    "artistName": "Underoath",
    "segment": "Previously Active Listeners"
  },
  {
    "artistName": "Altair Blake",
    "segment": "Previously Active Listeners"
  },
  {
    "artistName": "Black Veil Brides",
    "segment": "Previously Active Listeners"
  },
  {
    "artistName": "La troupe de la légende du Roi Arthur",
    "segment": "Previously Active Listeners"
  },
  {
    "artistName": "Wake Up Hate",
    "segment": "Previously Active Listeners"
  },
  {
    "artistName": "Yuka Kitamura",
    "segment": "Previously Active Listeners"
  },
  {
    "artistName": "The Civil Wars",
    "segment": "Previously Active Listeners"
  },
  {
    "artistName": "Sedogy Bedam",
    "segment": "Previously Active Listeners"
  },
  {
    "artistName": "Mitchel Dae",
    "segment": "Previously Active Listeners"
  },
  {
    "artistName": "The Offspring",
    "segment": "Previously Active Listeners"
  },
  {
    "artistName": "JO☆STARS 〜TOMMY,Coda,JIN〜",
    "segment": "Previously Active Listeners"
  },
  {
    "artistName": "Past Palms",
    "segment": "Previously Active Listeners"
  },
  {
    "artistName": "Of Mice & Men",
    "segment": "Previously Active Listeners"
  },
  {
    "artistName": "Satyricon",
    "segment": "Previously Active Listeners"
  },
  {
    "artistName": "Black Sabbath",
    "segment": "Previously Active Listeners"
  },
  {
    "artistName": "Elysewood",
    "segment": "Previously Active Listeners"
  },
  {
    "artistName": "SAINT PHNX",
    "segment": "Previously Active Listeners"
  },
  {
    "artistName": "Ahez",
    "segment": "Previously Active Listeners"
  },
  {
    "artistName": "Uèle Lamore",
    "segment": "Light listeners"
  },
  {
    "artistName": "The Home Team",
    "segment": "Previously Active Listeners"
  },
  {
    "artistName": "Stratovarius",
    "segment": "Previously Active Listeners"
  },
  {
    "artistName": "Lord Huron",
    "segment": "Previously Active Listeners"
  },
  {
    "artistName": "Ben Russell",
    "segment": "Previously Active Listeners"
  },
  {
    "artistName": "Parkway Drive",
    "segment": "Previously Active Listeners"
  },
  {
    "artistName": "Léa Castel",
    "segment": "Previously Active Listeners"
  },
  {
    "artistName": "Gang of Youths",
    "segment": "Previously Active Listeners"
  },
  {
    "artistName": "One Hope",
    "segment": "Previously Active Listeners"
  },
  {
    "artistName": "Iron Maiden",
    "segment": "Previously Active Listeners"
  },
  {
    "artistName": "Jim Yosef",
    "segment": "Light listeners"
  },
  {
    "artistName": "Guns N' Roses",
    "segment": "Previously Active Listeners"
  },
  {
    "artistName": "西浦智仁",
    "segment": "Light listeners"
  },
  {
    "artistName": "Shinedown",
    "segment": "Moderate listeners"
  },
  {
    "artistName": "Hiroaki Tommy Tominaga",
    "segment": "Previously Active Listeners"
  },
  {
    "artistName": "Rise Against",
    "segment": "Previously Active Listeners"
  },
  {
    "artistName": "PALLADIAN",
    "segment": "Previously Active Listeners"
  },
  {
    "artistName": "Miracle Of Sound",
    "segment": "Previously Active Listeners"
  },
  {
    "artistName": "Arden Jones",
    "segment": "Previously Active Listeners"
  },
  {
    "artistName": "minecart",
    "segment": "Previously Active Listeners"
  },
  {
    "artistName": "Killswitch Engage",
    "segment": "Previously Active Listeners"
  },
  {
    "artistName": "AViVA",
    "segment": "Previously Active Listeners"
  },
  {
    "artistName": "NateWantsToBattle",
    "segment": "Previously Active Listeners"
  },
  {
    "artistName": "Sleeping With Sirens",
    "segment": "Previously Active Listeners"
  },
  {
    "artistName": "Five Finger Death Punch",
    "segment": "Previously Active Listeners"
  },
  {
    "artistName": "Camille Lou",
    "segment": "Previously Active Listeners"
  },
  {
    "artistName": "Humanity's Last Breath",
    "segment": "Previously Active Listeners"
  },
  {
    "artistName": "Friday Pilots Club",
    "segment": "Previously Active Listeners"
  },
  {
    "artistName": "At Dawn",
    "segment": "Previously Active Listeners"
  },
  {
    "artistName": "MADEBYGODES",
    "segment": "Previously Active Listeners"
  },
  {
    "artistName": "Skillet",
    "segment": "Previously Active Listeners"
  },
  {
    "artistName": "Daryl Palumbo",
    "segment": "Previously Active Listeners"
  },
  {
    "artistName": "Windwaker",
    "segment": "Previously Active Listeners"
  },
  {
    "artistName": "The Faim",
    "segment": "Previously Active Listeners"
  },
  {
    "artistName": "Linn Sandin",
    "segment": "Previously Active Listeners"
  },
  {
    "artistName": "Caskets",
    "segment": "Light listeners"
  },
  {
    "artistName": "Slayer",
    "segment": "Previously Active Listeners"
  },
  {
    "artistName": "Roisee",
    "segment": "Previously Active Listeners"
  },
  {
    "artistName": "Disturbed",
    "segment": "Moderate listeners"
  },
  {
    "artistName": "Metro Boomin",
    "segment": "Previously Active Listeners"
  },
  {
    "artistName": "Loving Caliber",
    "segment": "Previously Active Listeners"
  },
  {
    "artistName": "Brand of Sacrifice",
    "segment": "Previously Active Listeners"
  },
  {
    "artistName": "Roe Kapara",
    "segment": "Previously Active Listeners"
  },
  {
    "artistName": "Colorblind",
    "segment": "Previously Active Listeners"
  },
  {
    "artistName": "Make Them Suffer",
    "segment": "Previously Active Listeners"
  },
  {
    "artistName": "Seether",
    "segment": "Previously Active Listeners"
  },
  {
    "artistName": "Sum 41",
    "segment": "Previously Active Listeners"
  },
  {
    "artistName": "Patrick Watson",
    "segment": "Previously Active Listeners"
  },
  {
    "artistName": "LoFi Waiter",
    "segment": "Light listeners"
  },
  {
    "artistName": "Evans Blue",
    "segment": "Light listeners"
  },
  {
    "artistName": "Unhealthy While Unhinged",
    "segment": "Previously Active Listeners"
  },
  {
    "artistName": "URCHN",
    "segment": "Previously Active Listeners"
  },
  {
    "artistName": "Throw The Fight",
    "segment": "Previously Active Listeners"
  },
  {
    "artistName": "First and Forever",
    "segment": "Previously Active Listeners"
  },
  {
    "artistName": "Smash Into Pieces",
    "segment": "Previously Active Listeners"
  },
  {
    "artistName": "Stephen",
    "segment": "Previously Active Listeners"
  },
  {
    "artistName": "YAS",
    "segment": "Light listeners"
  },
  {
    "artistName": "The Sidh",
    "segment": "Previously Active Listeners"
  },
  {
    "artistName": "Jamie Duffy",
    "segment": "Previously Active Listeners"
  },
  {
    "artistName": "Ebb & Flod",
    "segment": "Previously Active Listeners"
  },
  {
    "artistName": "Shierro",
    "segment": "Previously Active Listeners"
  },
  {
    "artistName": "Daniel Hope",
    "segment": "Previously Active Listeners"
  },
  {
    "artistName": "The Retaliators",
    "segment": "Previously Active Listeners"
  },
  {
    "artistName": "Muse",
    "segment": "Light listeners"
  },
  {
    "artistName": "Cannibal Corpse",
    "segment": "Previously Active Listeners"
  },
  {
    "artistName": "Fire From The Gods",
    "segment": "Previously Active Listeners"
  },
  {
    "artistName": "Michael Ghelfi",
    "segment": "Light listeners"
  },
  {
    "artistName": "sana (sajou no hana)",
    "segment": "Previously Active Listeners"
  },
  {
    "artistName": "Kendyle Paige",
    "segment": "Previously Active Listeners"
  },
  {
    "artistName": "Jake Daniels",
    "segment": "Previously Active Listeners"
  },
  {
    "artistName": "Autumn Kings",
    "segment": "Previously Active Listeners"
  },
  {
    "artistName": "Prezioso",
    "segment": "Previously Active Listeners"
  },
  {
    "artistName": "Silent Child",
    "segment": "Light listeners"
  },
  {
    "artistName": "Vundabar",
    "segment": "Previously Active Listeners"
  },
  {
    "artistName": "Dio",
    "segment": "Previously Active Listeners"
  },
  {
    "artistName": "LANDMVRKS",
    "segment": "Light listeners"
  },
  {
    "artistName": "The Tech Thieves",
    "segment": "Previously Active Listeners"
  },
  {
    "artistName": "Hardwell",
    "segment": "Previously Active Listeners"
  },
  {
    "artistName": "Will Jay",
    "segment": "Previously Active Listeners"
  },
  {
    "artistName": "NOTHING MORE",
    "segment": "Light listeners"
  },
  {
    "artistName": "Ryan Mack",
    "segment": "Previously Active Listeners"
  },
  {
    "artistName": "Novo Amor",
    "segment": "Previously Active Listeners"
  },
  {
    "artistName": "Judge & Jury",
    "segment": "Previously Active Listeners"
  },
  {
    "artistName": "LUM!X",
    "segment": "Previously Active Listeners"
  },
  {
    "artistName": "Get Scared",
    "segment": "Previously Active Listeners"
  },
  {
    "artistName": "BABYMETAL",
    "segment": "Previously Active Listeners"
  },
  {
    "artistName": "Saint Asonia",
    "segment": "Previously Active Listeners"
  },
  {
    "artistName": "Akasha System",
    "segment": "Previously Active Listeners"
  },
  {
    "artistName": "Lil Uzi Vert",
    "segment": "Previously Active Listeners"
  },
  {
    "artistName": "9mm Parabellum Bullet",
    "segment": "Previously Active Listeners"
  },
  {
    "artistName": "BoyWithUke",
    "segment": "Previously Active Listeners"
  },
  {
    "artistName": "Elderbrook",
    "segment": "Previously Active Listeners"
  },
  {
    "artistName": "Derek Fiechter",
    "segment": "Light listeners"
  },
  {
    "artistName": "Blue Stahli",
    "segment": "Previously Active Listeners"
  },
  {
    "artistName": "Yu-Peng Chen",
    "segment": "Previously Active Listeners"
  },
  {
    "artistName": "PatrickReza",
    "segment": "Previously Active Listeners"
  },
  {
    "artistName": "Pim Stones",
    "segment": "Previously Active Listeners"
  },
  {
    "artistName": "Frontières",
    "segment": "Previously Active Listeners"
  },
  {
    "artistName": "Tenno",
    "segment": "Light listeners"
  },
  {
    "artistName": "Polaris",
    "segment": "Light listeners"
  },
  {
    "artistName": "Yugo Kanno",
    "segment": "Previously Active Listeners"
  },
  {
    "artistName": "Until I Wake",
    "segment": "Previously Active Listeners"
  },
  {
    "artistName": "Round",
    "segment": "Previously Active Listeners"
  },
  {
    "artistName": "Memphis May Fire",
    "segment": "Previously Active Listeners"
  },
  {
    "artistName": "The Smashing Pumpkins",
    "segment": "Previously Active Listeners"
  },
  {
    "artistName": "ALPHAMEGA",
    "segment": "Previously Active Listeners"
  },
  {
    "artistName": "elijah",
    "segment": "Light listeners"
  },
  {
    "artistName": "Layto",
    "segment": "Previously Active Listeners"
  },
  {
    "artistName": "Normandie",
    "segment": "Previously Active Listeners"
  },
  {
    "artistName": "Yuki Numata Resnick",
    "segment": "Previously Active Listeners"
  },
  {
    "artistName": "Airbourne",
    "segment": "Previously Active Listeners"
  },
  {
    "artistName": "Vosai",
    "segment": "Previously Active Listeners"
  },
  {
    "artistName": "Dream on Dreamer",
    "segment": "Previously Active Listeners"
  },
  {
    "artistName": "I See Stars",
    "segment": "Previously Active Listeners"
  },
  {
    "artistName": "Chunk! No, Captain Chunk!",
    "segment": "Previously Active Listeners"
  },
  {
    "artistName": "Anti-Flag",
    "segment": "Previously Active Listeners"
  },
  {
    "artistName": "Lemmy",
    "segment": "Previously Active Listeners"
  },
  {
    "artistName": "Spiritworld",
    "segment": "Previously Active Listeners"
  },
  {
    "artistName": "David Ogden Stiers",
    "segment": "Previously Active Listeners"
  },
  {
    "artistName": "Omido",
    "segment": "Previously Active Listeners"
  },
  {
    "artistName": "I Virtuosi Italiani",
    "segment": "Previously Active Listeners"
  },
  {
    "artistName": "Megadeth",
    "segment": "Previously Active Listeners"
  },
  {
    "artistName": "Beast In Black",
    "segment": "Light listeners"
  },
  {
    "artistName": "Ashes Remain",
    "segment": "Previously Active Listeners"
  },
  {
    "artistName": "Lorna Shore",
    "segment": "Previously Active Listeners"
  },
  {
    "artistName": "A Day To Remember",
    "segment": "Previously Active Listeners"
  },
  {
    "artistName": "Zero 9:36",
    "segment": "Previously Active Listeners"
  },
  {
    "artistName": "ten56.",
    "segment": "Previously Active Listeners"
  },
  {
    "artistName": "James Newton Howard",
    "segment": "Previously Active Listeners"
  },
  {
    "artistName": "BB Cooper",
    "segment": "Previously Active Listeners"
  },
  {
    "artistName": "James Arthur",
    "segment": "Previously Active Listeners"
  },
  {
    "artistName": "Linkin Park",
    "segment": "Previously Active Listeners"
  },
  {
    "artistName": "Jonny T",
    "segment": "Light listeners"
  },
  {
    "artistName": "YUNGBLUD",
    "segment": "Light listeners"
  },
  {
    "artistName": "I DONT KNOW HOW BUT THEY FOUND ME",
    "segment": "Previously Active Listeners"
  },
  {
    "artistName": "Shawn Mendes",
    "segment": "Previously Active Listeners"
  },
  {
    "artistName": "The Halo Effect",
    "segment": "Previously Active Listeners"
  },
  {
    "artistName": "Einmusik",
    "segment": "Previously Active Listeners"
  },
  {
    "artistName": "Dal Av",
    "segment": "Previously Active Listeners"
  },
  {
    "artistName": "Hakone",
    "segment": "Light listeners"
  },
  {
    "artistName": "Polyphia",
    "segment": "Previously Active Listeners"
  },
  {
    "artistName": "Eva Under Fire",
    "segment": "Previously Active Listeners"
  },
  {
    "artistName": "Paige O'Hara",
    "segment": "Previously Active Listeners"
  },
  {
    "artistName": "Currents",
    "segment": "Previously Active Listeners"
  },
  {
    "artistName": "Letdown.",
    "segment": "Previously Active Listeners"
  },
  {
    "artistName": "Víkingur Ólafsson",
    "segment": "Previously Active Listeners"
  },
  {
    "artistName": "SLAVES",
    "segment": "Previously Active Listeners"
  },
  {
    "artistName": "Jóhann Jóhannsson",
    "segment": "Previously Active Listeners"
  },
  {
    "artistName": "Clarice Jensen",
    "segment": "Previously Active Listeners"
  },
  {
    "artistName": "Thousand Foot Krutch",
    "segment": "Previously Active Listeners"
  },
  {
    "artistName": "Jackson Rose",
    "segment": "Previously Active Listeners"
  },
  {
    "artistName": "THE DU",
    "segment": "Previously Active Listeners"
  },
  {
    "artistName": "Brothers of Metal",
    "segment": "Previously Active Listeners"
  },
  {
    "artistName": "Chloe Sagum",
    "segment": "Previously Active Listeners"
  },
  {
    "artistName": "Hearts & Colors",
    "segment": "Light listeners"
  },
  {
    "artistName": "Gareth Coker",
    "segment": "Previously Active Listeners"
  },
  {
    "artistName": "Skindred",
    "segment": "Previously Active Listeners"
  },
  {
    "artistName": "AK",
    "segment": "Light listeners"
  },
  {
    "artistName": "PAIN",
    "segment": "Previously Active Listeners"
  },
  {
    "artistName": "brillion.",
    "segment": "Previously Active Listeners"
  },
  {
    "artistName": "Angela Lansbury",
    "segment": "Previously Active Listeners"
  },
  {
    "artistName": "Slaughter to Prevail",
    "segment": "Previously Active Listeners"
  },
  {
    "artistName": "Alx Beats",
    "segment": "Previously Active Listeners"
  },
  {
    "artistName": "Amaranthe",
    "segment": "Previously Active Listeners"
  },
  {
    "artistName": "A$AP Rocky",
    "segment": "Previously Active Listeners"
  },
  {
    "artistName": "Story Of The Year",
    "segment": "Previously Active Listeners"
  },
  {
    "artistName": "Blues Saraceno",
    "segment": "Previously Active Listeners"
  },
  {
    "artistName": "Point North",
    "segment": "Light listeners"
  },
  {
    "artistName": "LEGION",
    "segment": "Previously Active Listeners"
  },
  {
    "artistName": "Thaehan",
    "segment": "Previously Active Listeners"
  },
  {
    "artistName": "Scarlett",
    "segment": "Light listeners"
  },
  {
    "artistName": "Lacey Sturm",
    "segment": "Previously Active Listeners"
  },
  {
    "artistName": "Nine Lashes",
    "segment": "Previously Active Listeners"
  },
  {
    "artistName": "Ben Prunty",
    "segment": "Previously Active Listeners"
  },
  {
    "artistName": "Pantera",
    "segment": "Previously Active Listeners"
  },
  {
    "artistName": "Nirvana",
    "segment": "Light listeners"
  },
  {
    "artistName": "Ozzy Osbourne",
    "segment": "Previously Active Listeners"
  },
  {
    "artistName": "Children Of Bodom",
    "segment": "Previously Active Listeners"
  },
  {
    "artistName": "Glass Animals",
    "segment": "Previously Active Listeners"
  },
  {
    "artistName": "Eve",
    "segment": "Previously Active Listeners"
  },
  {
    "artistName": "Khalid",
    "segment": "Previously Active Listeners"
  },
  {
    "artistName": "Calum Scott",
    "segment": "Previously Active Listeners"
  },
  {
    "artistName": "Jakob Samuel",
    "segment": "Previously Active Listeners"
  },
  {
    "artistName": "Invadable Harmony",
    "segment": "Moderate listeners"
  },
  {
    "artistName": "Otaku",
    "segment": "Previously Active Listeners"
  },
  {
    "artistName": "Tropic Gold",
    "segment": "Previously Active Listeners"
  },
  {
    "artistName": "Arctic Monkeys",
    "segment": "Previously Active Listeners"
  },
  {
    "artistName": "Lukas Rossi",
    "segment": "Previously Active Listeners"
  },
  {
    "artistName": "Rob Zombie",
    "segment": "Previously Active Listeners"
  },
  {
    "artistName": "Adelitas Way",
    "segment": "Previously Active Listeners"
  },
  {
    "artistName": "Holding Absence",
    "segment": "Previously Active Listeners"
  },
  {
    "artistName": "Sleeping Wolf",
    "segment": "Previously Active Listeners"
  },
  {
    "artistName": "Millencolin",
    "segment": "Previously Active Listeners"
  },
  {
    "artistName": "Ra",
    "segment": "Previously Active Listeners"
  },
  {
    "artistName": "Foreign Figures",
    "segment": "Light listeners"
  },
  {
    "artistName": "Jody Wisternoff",
    "segment": "Previously Active Listeners"
  },
  {
    "artistName": "The Wreckage",
    "segment": "Previously Active Listeners"
  },
  {
    "artistName": "Capcom Sound Team",
    "segment": "Previously Active Listeners"
  },
  {
    "artistName": "Our Last Night",
    "segment": "Light listeners"
  },
  {
    "artistName": "Fit For An Autopsy",
    "segment": "Previously Active Listeners"
  },
  {
    "artistName": "Faetooth",
    "segment": "Previously Active Listeners"
  },
  {
    "artistName": "Danheim",
    "segment": "Previously Active Listeners"
  },
  {
    "artistName": "Robert Grace",
    "segment": "Previously Active Listeners"
  },
  {
    "artistName": "Spiritbox",
    "segment": "Previously Active Listeners"
  },
  {
    "artistName": "Equilibrium",
    "segment": "Previously Active Listeners"
  },
  {
    "artistName": "il:lo",
    "segment": "Previously Active Listeners"
  },
  {
    "artistName": "Øneheart",
    "segment": "Previously Active Listeners"
  },
  {
    "artistName": "Silverstein",
    "segment": "Previously Active Listeners"
  },
  {
    "artistName": "加藤達也",
    "segment": "Previously Active Listeners"
  },
  {
    "artistName": "Yppah",
    "segment": "Previously Active Listeners"
  },
  {
    "artistName": "Adam Jensen",
    "segment": "Previously Active Listeners"
  },
  {
    "artistName": "Gentrammel",
    "segment": "Light listeners"
  },
  {
    "artistName": "Arch Enemy",
    "segment": "Previously Active Listeners"
  },
  {
    "artistName": "DR€W ¥ORK",
    "segment": "Light listeners"
  },
  {
    "artistName": "Emma Louise",
    "segment": "Light listeners"
  },
  {
    "artistName": "Ghost",
    "segment": "Light listeners"
  },
  {
    "artistName": "From Ashes to New",
    "segment": "Previously Active Listeners"
  },
  {
    "artistName": "Confetti",
    "segment": "Previously Active Listeners"
  },
  {
    "artistName": "Avenged Sevenfold",
    "segment": "Previously Active Listeners"
  },
  {
    "artistName": "Zach Diamond",
    "segment": "Previously Active Listeners"
  },
  {
    "artistName": "Savage Hands",
    "segment": "Light listeners"
  },
  {
    "artistName": "Papa Roach",
    "segment": "Previously Active Listeners"
  },
  {
    "artistName": "Hatebreed",
    "segment": "Previously Active Listeners"
  },
  {
    "artistName": "Electric Callboy",
    "segment": "Previously Active Listeners"
  },
  {
    "artistName": "Cjbeards",
    "segment": "Light listeners"
  },
  {
    "artistName": "Stellar",
    "segment": "Previously Active Listeners"
  },
  {
    "artistName": "Kiki Rockwell",
    "segment": "Previously Active Listeners"
  },
  {
    "artistName": "Jo Anne Worley",
    "segment": "Previously Active Listeners"
  },
  {
    "artistName": "AC/DC",
    "segment": "Light listeners"
  },
  {
    "artistName": "LOWBORN",
    "segment": "Previously Active Listeners"
  },
  {
    "artistName": "Motörhead",
    "segment": "Previously Active Listeners"
  },
  {
    "artistName": "Helloween",
    "segment": "Previously Active Listeners"
  },
  {
    "artistName": "Heidevolk",
    "segment": "Previously Active Listeners"
  },
  {
    "artistName": "DEELYLE",
    "segment": "Previously Active Listeners"
  },
  {
    "artistName": "We Weren't Invited",
    "segment": "Previously Active Listeners"
  },
  {
    "artistName": "Punk Goes",
    "segment": "Previously Active Listeners"
  },
  {
    "artistName": "Elvenking",
    "segment": "Previously Active Listeners"
  },
  {
    "artistName": "Solence",
    "segment": "Light listeners"
  },
  {
    "artistName": "Christian Badzura",
    "segment": "Previously Active Listeners"
  },
  {
    "artistName": "Derivakat",
    "segment": "Previously Active Listeners"
  },
  {
    "artistName": "Royal & the Serpent",
    "segment": "Previously Active Listeners"
  },
  {
    "artistName": "Coda",
    "segment": "Previously Active Listeners"
  },
  {
    "artistName": "Alisa Okehazama",
    "segment": "Previously Active Listeners"
  },
  {
    "artistName": "Barns Courtney",
    "segment": "Previously Active Listeners"
  },
  {
    "artistName": "Alicks",
    "segment": "Light listeners"
  },
  {
    "artistName": "HOYO-MiX",
    "segment": "Previously Active Listeners"
  },
  {
    "artistName": "Manafest",
    "segment": "Previously Active Listeners"
  },
  {
    "artistName": "Beartooth",
    "segment": "Previously Active Listeners"
  },
  {
    "artistName": "Def Leppard",
    "segment": "Previously Active Listeners"
  },
  {
    "artistName": "The Devil Wears Prada",
    "segment": "Light listeners"
  },
  {
    "artistName": "Deep Throat Choir",
    "segment": "Previously Active Listeners"
  },
  {
    "artistName": "Billie Eilish",
    "segment": "Previously Active Listeners"
  },
  {
    "artistName": "CORPSE",
    "segment": "Previously Active Listeners"
  },
  {
    "artistName": "Trippin Jaguar",
    "segment": "Previously Active Listeners"
  },
  {
    "artistName": "SYML",
    "segment": "Previously Active Listeners"
  },
  {
    "artistName": "Zaho",
    "segment": "Previously Active Listeners"
  },
  {
    "artistName": "RIELL",
    "segment": "Previously Active Listeners"
  },
  {
    "artistName": "As Everything Unfolds",
    "segment": "Previously Active Listeners"
  },
  {
    "artistName": "$werve",
    "segment": "Previously Active Listeners"
  },
  {
    "artistName": "Ludovico Einaudi",
    "segment": "Previously Active Listeners"
  },
  {
    "artistName": "Younger Hunger",
    "segment": "Previously Active Listeners"
  },
  {
    "artistName": "Daniel Barenboim",
    "segment": "Previously Active Listeners"
  },
  {
    "artistName": "Tom Rosenthal",
    "segment": "Previously Active Listeners"
  },
  {
    "artistName": "Municipal Waste",
    "segment": "Previously Active Listeners"
  },
  {
    "artistName": "Avatar",
    "segment": "Previously Active Listeners"
  },
  {
    "artistName": "Amon Amarth",
    "segment": "Previously Active Listeners"
  },
  {
    "artistName": "Yaelokre",
    "segment": "Previously Active Listeners"
  },
  {
    "artistName": "Falling In Reverse",
    "segment": "Light listeners"
  },
  {
    "artistName": "Amber Run",
    "segment": "Previously Active Listeners"
  },
  {
    "artistName": "Anthrax",
    "segment": "Previously Active Listeners"
  },
  {
    "artistName": "MAX",
    "segment": "Previously Active Listeners"
  },
  {
    "artistName": "Within Temptation",
    "segment": "Previously Active Listeners"
  },
  {
    "artistName": "All Time Low",
    "segment": "Previously Active Listeners"
  },
  {
    "artistName": "Rain City Drive",
    "segment": "Previously Active Listeners"
  },
  {
    "artistName": "Scorpions",
    "segment": "Previously Active Listeners"
  },
  {
    "artistName": "Red Handed Denial",
    "segment": "Previously Active Listeners"
  },
  {
    "artistName": "Staatskapelle Berlin",
    "segment": "Previously Active Listeners"
  },
  {
    "artistName": "Colyn",
    "segment": "Previously Active Listeners"
  },
  {
    "artistName": "Set It Off",
    "segment": "Previously Active Listeners"
  },
  {
    "artistName": "Small Solar System Body",
    "segment": "Previously Active Listeners"
  },
  {
    "artistName": "Disney",
    "segment": "Previously Active Listeners"
  },
  {
    "artistName": "Josh Whelchel",
    "segment": "Previously Active Listeners"
  },
  {
    "artistName": "Envoi",
    "segment": "Previously Active Listeners"
  },
  {
    "artistName": "Essenger",
    "segment": "Previously Active Listeners"
  },
  {
    "artistName": "Ice Nine Kills",
    "segment": "Light listeners"
  },
  {
    "artistName": "Vitja",
    "segment": "Previously Active Listeners"
  },
  {
    "artistName": "Imminence",
    "segment": "Previously Active Listeners"
  },
  {
    "artistName": "Sabaton",
    "segment": "Previously Active Listeners"
  },
  {
    "artistName": "Coldplay",
    "segment": "Previously Active Listeners"
  },
  {
    "artistName": "Ed Sheeran",
    "segment": "Previously Active Listeners"
  },
  {
    "artistName": "Camille Lellouche",
    "segment": "Previously Active Listeners"
  },
  {
    "artistName": "David Draiman",
    "segment": "Previously Active Listeners"
  },
  {
    "artistName": "Metalite",
    "segment": "Previously Active Listeners"
  },
  {
    "artistName": "P.O.D.",
    "segment": "Previously Active Listeners"
  },
  {
    "artistName": "EXANGEL",
    "segment": "Previously Active Listeners"
  },
  {
    "artistName": "Asking Alexandria",
    "segment": "Light listeners"
  },
  {
    "artistName": "Kreator",
    "segment": "Previously Active Listeners"
  },
  {
    "artistName": "Gojira",
    "segment": "Previously Active Listeners"
  },
  {
    "artistName": "Fabien Incardona",
    "segment": "Light listeners"
  },
  {
    "artistName": "Battle Beast",
    "segment": "Previously Active Listeners"
  },
  {
    "artistName": "Soilwork",
    "segment": "Light listeners"
  },
  {
    "artistName": "Volbeat",
    "segment": "Previously Active Listeners"
  },
  {
    "artistName": "Jacoby Shaddix",
    "segment": "Previously Active Listeners"
  },
  {
    "artistName": "Adrian Von Ziegler",
    "segment": "Moderate listeners"
  },
  {
    "artistName": "Evgeny Grinko",
    "segment": "Previously Active Listeners"
  },
  {
    "artistName": "AHEE",
    "segment": "Previously Active Listeners"
  },
  {
    "artistName": "Ov Sulfur",
    "segment": "Previously Active Listeners"
  },
  {
    "artistName": "The Amity Affliction",
    "segment": "Previously Active Listeners"
  },
  {
    "artistName": "Three Days Grace",
    "segment": "Light listeners"
  },
  {
    "artistName": "Various Artists",
    "segment": "Moderate listeners"
  },
  {
    "artistName": "Colter Wall",
    "segment": "Previously Active Listeners"
  },
  {
    "artistName": "Eluveitie",
    "segment": "Previously Active Listeners"
  },
  {
    "artistName": "Bad Wolves",
    "segment": "Previously Active Listeners"
  },
  {
    "artistName": "I Prevail",
    "segment": "Previously Active Listeners"
  },
  {
    "artistName": "BrunuhVille",
    "segment": "Light listeners"
  },
  {
    "artistName": "Witchz",
    "segment": "Previously Active Listeners"
  },
  {
    "artistName": "Silent Theory",
    "segment": "Previously Active Listeners"
  },
  {
    "artistName": "Palisades",
    "segment": "Previously Active Listeners"
  },
  {
    "artistName": "Self Deception",
    "segment": "Previously Active Listeners"
  },
  {
    "artistName": "Crash Adams",
    "segment": "Previously Active Listeners"
  },
  {
    "artistName": "Jerry Orbach",
    "segment": "Previously Active Listeners"
  },
  {
    "artistName": "Kian Soltani",
    "segment": "Previously Active Listeners"
  },
  {
    "artistName": "Michael FK",
    "segment": "Previously Active Listeners"
  },
  {
    "artistName": "Alan Menken",
    "segment": "Previously Active Listeners"
  },
  {
    "artistName": "Of Virtue",
    "segment": "Light listeners"
  },
  {
    "artistName": "Cosmo Sheldrake",
    "segment": "Light listeners"
  },
  {
    "artistName": "In Flames",
    "segment": "Light listeners"
  },
  {
    "artistName": "Spencer Chamberlain",
    "segment": "Previously Active Listeners"
  },
  {
    "artistName": "The HU",
    "segment": "Light listeners"
  },
  {
    "artistName": "updog",
    "segment": "Previously Active Listeners"
  },
  {
    "artistName": "Young Medicine",
    "segment": "Previously Active Listeners"
  },
  {
    "artistName": "The Browning",
    "segment": "Previously Active Listeners"
  },
  {
    "artistName": "Gemini Syndrome",
    "segment": "Previously Active Listeners"
  },
  {
    "artistName": "Architects",
    "segment": "Light listeners"
  },
  {
    "artistName": "Claudio Capéo",
    "segment": "Previously Active Listeners"
  },
  {
    "artistName": "Kid Kio",
    "segment": "Previously Active Listeners"
  },
  {
    "artistName": "Danzig",
    "segment": "Previously Active Listeners"
  },
  {
    "artistName": "Marty Robbins",
    "segment": "Previously Active Listeners"
  },
  {
    "artistName": "boygenius",
    "segment": "Previously Active Listeners"
  },
  {
    "artistName": "Metallica",
    "segment": "Light listeners"
  },
  {
    "artistName": "Light The Torch",
    "segment": "Previously Active Listeners"
  },
  {
    "artistName": "RŮDE",
    "segment": "Previously Active Listeners"
  },
  {
    "artistName": "Orden Ogan",
    "segment": "Previously Active Listeners"
  },
  {
    "artistName": "Lamb of God",
    "segment": "Previously Active Listeners"
  },
  {
    "artistName": "Oli Sykes",
    "segment": "Light listeners"
  },
  {
    "artistName": "Nik Nocturnal",
    "segment": "Previously Active Listeners"
  },
  {
    "artistName": "Cult To Follow",
    "segment": "Previously Active Listeners"
  },
  {
    "artistName": "Skid Row",
    "segment": "Previously Active Listeners"
  },
  {
    "artistName": "Roses & Revolutions",
    "segment": "Previously Active Listeners"
  },
  {
    "artistName": "Oceans Divide",
    "segment": "Previously Active Listeners"
  },
  {
    "artistName": "Alvan",
    "segment": "Previously Active Listeners"
  },
  {
    "artistName": "Yoshihisa Hirano",
    "segment": "Previously Active Listeners"
  },
  {
    "artistName": "Siamese",
    "segment": "Previously Active Listeners"
  },
  {
    "artistName": "Grand Corps Malade",
    "segment": "Previously Active Listeners"
  },
  {
    "artistName": "Opal In Sky",
    "segment": "Previously Active Listeners"
  },
  {
    "artistName": "Saint Chaos",
    "segment": "Previously Active Listeners"
  },
  {
    "artistName": "Hiroaki Tsutsumi",
    "segment": "Previously Active Listeners"
  },
  {
    "artistName": "Florent Mothe",
    "segment": "Previously Active Listeners"
  },
  {
    "artistName": "Tsew The Kid",
    "segment": "Previously Active Listeners"
  },
  {
    "artistName": "Kristin Naigus",
    "segment": "Previously Active Listeners"
  },
  {
    "artistName": "Testament",
    "segment": "Previously Active Listeners"
  },
  {
    "artistName": "Death Angel",
    "segment": "Previously Active Listeners"
  },
  {
    "artistName": "Famous Last Words",
    "segment": "Previously Active Listeners"
  },
  {
    "artistName": "Dustin Bates",
    "segment": "Previously Active Listeners"
  },
  {
    "artistName": "We Came As Romans",
    "segment": "Previously Active Listeners"
  },
  {
    "artistName": "Nuit Incolore",
    "segment": "Previously Active Listeners"
  },
  {
    "artistName": "Sleep Token",
    "segment": "Light listeners"
  },
  {
    "artistName": "Brandon Fiechter",
    "segment": "Moderate listeners"
  },
  {
    "artistName": "Connor Price",
    "segment": "Previously Active Listeners"
  },
  {
    "artistName": "ALESTI",
    "segment": "Light listeners"
  },
  {
    "artistName": "STARSET",
    "segment": "Light listeners"
  },
  {
    "artistName": "Bring Me The Horizon",
    "segment": "Moderate listeners"
  },
  {
    "artistName": "Conquer Divide",
    "segment": "Light listeners"
  },
  {
    "artistName": "VOILÀ",
    "segment": "Previously Active Listeners"
  },
  {
    "artistName": "Alex Terrible",
    "segment": "Previously Active Listeners"
  },
  {
    "artistName": "Versus Me",
    "segment": "Previously Active Listeners"
  },
  {
    "artistName": "Dream Theater",
    "segment": "Previously Active Listeners"
  },
  {
    "artistName": "Prismo",
    "segment": "Previously Active Listeners"
  },
  {
    "artistName": "System Of A Down",
    "segment": "Previously Active Listeners"
  },
  {
    "artistName": "Bullet For My Valentine",
    "segment": "Previously Active Listeners"
  },
  {
    "artistName": "Villain of the Story",
    "segment": "Light listeners"
  },
  {
    "artistName": "Motionless In White",
    "segment": "Light listeners"
  },
  {
    "artistName": "Bad Omens",
    "segment": "Light listeners"
  },
  {
    "artistName": "Eto",
    "segment": "Previously Active Listeners"
  },
  {
    "artistName": "Sufjan Stevens",
    "segment": "Light listeners"
  },
  {
    "artistName": "Wage War",
    "segment": "Previously Active Listeners"
  },
  {
    "artistName": "Leader",
    "segment": "Previously Active Listeners"
  },
  {
    "artistName": "Sunday Scaries",
    "segment": "Previously Active Listeners"
  },
  {
    "artistName": "Korn",
    "segment": "Previously Active Listeners"
  },
  {
    "artistName": "Shiro SAGISU",
    "segment": "Previously Active Listeners"
  },
  {
    "artistName": "ichigo from 岸田教団&THE明星ロケッツ",
    "segment": "Previously Active Listeners"
  },
  {
    "artistName": "Faodail",
    "segment": "Previously Active Listeners"
  },
  {
    "artistName": "Andrea Vargas",
    "segment": "Previously Active Listeners"
  },
  {
    "artistName": "The Ghost Inside",
    "segment": "Previously Active Listeners"
  },
  {
    "artistName": "ENMY",
    "segment": "Previously Active Listeners"
  },
  {
    "artistName": "Wind Walkers",
    "segment": "Previously Active Listeners"
  },
  {
    "artistName": "Straumr",
    "segment": "Previously Active Listeners"
  },
  {
    "artistName": "Trivium",
    "segment": "Previously Active Listeners"
  },
  {
    "artistName": "Antonín Dvořák",
    "segment": "Previously Active Listeners"
  },
  {
    "artistName": "Glaceo",
    "segment": "Previously Active Listeners"
  },
  {
    "artistName": "Facading",
    "segment": "Previously Active Listeners"
  },
  {
    "artistName": "Unlike Pluto",
    "segment": "Previously Active Listeners"
  },
  {
    "artistName": "Gabry Ponte",
    "segment": "Previously Active Listeners"
  },
  {
    "artistName": "Madalen Duke",
    "segment": "Light listeners"
  },
  {
    "artistName": "RudyWade",
    "segment": "Previously Active Listeners"
  },
  {
    "artistName": "Lø Spirit",
    "segment": "Previously Active Listeners"
  },
  {
    "artistName": "10 Years",
    "segment": "Previously Active Listeners"
  },
  {
    "artistName": "Alice In Chains",
    "segment": "Previously Active Listeners"
  },
  {
    "artistName": "Termina",
    "segment": "Previously Active Listeners"
  },
  {
    "artistName": "Nova Twins",
    "segment": "Previously Active Listeners"
  },
  {
    "artistName": "Arrested Youth",
    "segment": "Light listeners"
  },
  {
    "artistName": "Fish in a Birdcage",
    "segment": "Previously Active Listeners"
  },
  {
    "artistName": "Icon For Hire",
    "segment": "Previously Active Listeners"
  },
  {
    "artistName": "Lorne Balfe",
    "segment": "Light listeners"
  },
  {
    "artistName": "Stileto",
    "segment": "Light listeners"
  },
  {
    "artistName": "Sleep Theory",
    "segment": "Light listeners"
  },
  {
    "artistName": "AHEE",
    "segment": "Previously Active Listeners"
  },
  {
    "artistName": "Breaking Benjamin",
    "segment": "Previously Active Listeners"
  },
  {
    "artistName": "Indila",
    "segment": "Previously Active Listeners"
  },
  {
    "artistName": "Tech N9ne",
    "segment": "Previously Active Listeners"
  },
  {
    "artistName": "Powerwolf",
    "segment": "Previously Active Listeners"
  },
  {
    "artistName": "Machine Head",
    "segment": "Previously Active Listeners"
  },
  {
    "artistName": "The Score",
    "segment": "Previously Active Listeners"
  },
  {
    "artistName": "Christopher Larkin",
    "segment": "Moderate listeners"
  },
  {
    "artistName": "Akihiko Narita",
    "segment": "Previously Active Listeners"
  },
  {
    "artistName": "Future Palace",
    "segment": "Previously Active Listeners"
  },
  {
    "artistName": "Jagwar Twin",
    "segment": "Previously Active Listeners"
  },
  {
    "artistName": "Memory of a Melody",
    "segment": "Previously Active Listeners"
  },
  {
    "artistName": "OneRepublic",
    "segment": "Previously Active Listeners"
  },
  {
    "artistName": "anatu",
    "segment": "Previously Active Listeners"
  },
  {
    "artistName": "SKÁLD",
    "segment": "Previously Active Listeners"
  },
  {
    "artistName": "Cymek",
    "segment": "Previously Active Listeners"
  },
  {
    "artistName": "Tarn Travers",
    "segment": "Previously Active Listeners"
  },
  {
    "artistName": "mood.",
    "segment": "Previously Active Listeners"
  },
  {
    "artistName": "Stain the Canvas",
    "segment": "Previously Active Listeners"
  },
  {
    "artistName": "Egypt Central",
    "segment": "Light listeners"
  },
  {
    "artistName": "Mujo",
    "segment": "Light listeners"
  },
  {
    "artistName": "Le rouge et le noir",
    "segment": "Previously Active Listeners"
  },
  {
    "artistName": "照井順政",
    "segment": "Previously Active Listeners"
  },
  {
    "artistName": "Chalmeris",
    "segment": "Light listeners"
  },
  {
    "artistName": "DEATHPHONK",
    "segment": "Previously Active Listeners"
  },
  {
    "artistName": "Being As An Ocean",
    "segment": "Previously Active Listeners"
  },
  {
    "artistName": "Catch Your Breath",
    "segment": "Light listeners"
  },
  {
    "artistName": "Pop Evil",
    "segment": "Previously Active Listeners"
  },
  {
    "artistName": "New Medicine",
    "segment": "Previously Active Listeners"
  },
  {
    "artistName": "NOVELISTS",
    "segment": "Previously Active Listeners"
  }
]