{
  "playlists": [
    {
      "name": "Sad for thoughts",
      "lastModifiedDate": "2024-07-27",
      "items": [
        {
          "track": {
            "trackName": "Fourth of July",
            "artistName": "Sufjan Stevens",
            "albumName": "Carrie & Lowell",
            "trackUri": "spotify:track:5Qnrgqy1pAm9GyNQOgyVFz"
          },
          "episode": null,
          "audiobook": null,
          "localTrack": null,
          "addedDate": "2023-11-09"
        },
        {
          "track": {
            "trackName": "Drowning love",
            "artistName": "Eto",
            "albumName": "Drowning love",
            "trackUri": "spotify:track:35henZKLsQntr7uWGnXiAq"
          },
          "episode": null,
          "audiobook": null,
          "localTrack": null,
          "addedDate": "2023-11-09"
        },
        {
          "track": {
            "trackName": "Solas",
            "artistName": "Gibran Alcocer",
            "albumName": "Solas",
            "trackUri": "spotify:track:0yfMign5fsLtw5I4pK73ge"
          },
          "episode": null,
          "audiobook": null,
          "localTrack": null,
          "addedDate": "2023-11-09"
        },
        {
          "track": {
            "trackName": "Mais je t'aime",
            "artistName": "Grand Corps Malade",
            "albumName": "Mais je t'aime",
            "trackUri": "spotify:track:4dtG1p71E6VPt9BmVYWcY5"
          },
          "episode": null,
          "audiobook": null,
          "localTrack": null,
          "addedDate": "2023-11-09"
        },
        {
          "track": {
            "trackName": "lovely (with Khalid)",
            "artistName": "Billie Eilish",
            "albumName": "lovely (with Khalid)",
            "trackUri": "spotify:track:0u2P5u6lvoDfwTYjAADbn4"
          },
          "episode": null,
          "audiobook": null,
          "localTrack": null,
          "addedDate": "2023-11-09"
        },
        {
          "track": {
            "trackName": "Train Wreck",
            "artistName": "James Arthur",
            "albumName": "Back from the Edge",
            "trackUri": "spotify:track:55Am8neGJkdj2ADaM3aw5H"
          },
          "episode": null,
          "audiobook": null,
          "localTrack": null,
          "addedDate": "2023-11-09"
        },
        {
          "track": {
            "trackName": "The Night We Met",
            "artistName": "Lord Huron",
            "albumName": "The Night We Met",
            "trackUri": "spotify:track:2j62Uo7PsIAQlU3jnsC6ER"
          },
          "episode": null,
          "audiobook": null,
          "localTrack": null,
          "addedDate": "2023-11-09"
        },
        {
          "track": {
            "trackName": "i think i saw a ghost",
            "artistName": "One Hope",
            "albumName": "nostalgic nightmares",
            "trackUri": "spotify:track:6mJZmgCWxPkTrsErzgboWM"
          },
          "episode": null,
          "audiobook": null,
          "localTrack": null,
          "addedDate": "2024-07-27"
        },
        {
          "track": {
            "trackName": "empty crown",
            "artistName": "YAS",
            "albumName": "empty crown",
            "trackUri": "spotify:track:5j4hgym3SUadjFieaAIVw0"
          },
          "episode": null,
          "audiobook": null,
          "localTrack": null,
          "addedDate": "2024-07-27"
        }
      ],
      "description": null,
      "numberOfFollowers": 0
    },
    {
      "name": "I'm a nutcase vibe",
      "lastModifiedDate": "2024-07-27",
      "items": [
        {
          "track": {
            "trackName": "No Strings",
            "artistName": "Confetti",
            "albumName": "No Strings",
            "trackUri": "spotify:track:7ySlDUcybvNllQd4WxCvtT"
          },
          "episode": null,
          "audiobook": null,
          "localTrack": null,
          "addedDate": "2023-08-27"
        },
        {
          "track": {
            "trackName": "Are You Dead Yet?",
            "artistName": "Children Of Bodom",
            "albumName": "Are You Dead Yet?",
            "trackUri": "spotify:track:52s05aBQd2LVc6EWIQCQI1"
          },
          "episode": null,
          "audiobook": null,
          "localTrack": null,
          "addedDate": "2023-08-27"
        },
        {
          "track": {
            "trackName": "Animal in Me",
            "artistName": "Solence",
            "albumName": "Direction",
            "trackUri": "spotify:track:3exIJAnXD1W6AiPGBBdOYZ"
          },
          "episode": null,
          "audiobook": null,
          "localTrack": null,
          "addedDate": "2023-08-27"
        },
        {
          "track": {
            "trackName": "Psycho",
            "artistName": "Muse",
            "albumName": "Drones",
            "trackUri": "spotify:track:383QXk8nb2YrARMUwDdjQS"
          },
          "episode": null,
          "audiobook": null,
          "localTrack": null,
          "addedDate": "2023-08-27"
        },
        {
          "track": {
            "trackName": "Under and Over It",
            "artistName": "Five Finger Death Punch",
            "albumName": "American Capitalist",
            "trackUri": "spotify:track:3CBoWhq9cd7WGQZ9EDQVnn"
          },
          "episode": null,
          "audiobook": null,
          "localTrack": null,
          "addedDate": "2023-08-27"
        },
        {
          "track": {
            "trackName": "Violence and Spiders",
            "artistName": "SAINT PHNX",
            "albumName": "DDMN",
            "trackUri": "spotify:track:4q8uwYGBKj8Kro9e3COsvl"
          },
          "episode": null,
          "audiobook": null,
          "localTrack": null,
          "addedDate": "2023-08-27"
        },
        {
          "track": {
            "trackName": "Sticks And Stones",
            "artistName": "Cjbeards",
            "albumName": "Sticks And Stones",
            "trackUri": "spotify:track:3QkWERfEybnoHLcYgGAqGZ"
          },
          "episode": null,
          "audiobook": null,
          "localTrack": null,
          "addedDate": "2023-08-27"
        },
        {
          "track": {
            "trackName": "Hysteria",
            "artistName": "Muse",
            "albumName": "Absolution",
            "trackUri": "spotify:track:7xyYsOvq5Ec3P4fr6mM9fD"
          },
          "episode": null,
          "audiobook": null,
          "localTrack": null,
          "addedDate": "2023-08-27"
        },
        {
          "track": {
            "trackName": "Die, Die My Darling",
            "artistName": "Metallica",
            "albumName": "Garage Inc.",
            "trackUri": "spotify:track:0t7LcUic4qolMCysPrKeAd"
          },
          "episode": null,
          "audiobook": null,
          "localTrack": null,
          "addedDate": "2023-08-27"
        },
        {
          "track": {
            "trackName": "Me & My Demons",
            "artistName": "Omido",
            "albumName": "Me & My Demons",
            "trackUri": "spotify:track:5RomVF92ieFvn18E6LyaBc"
          },
          "episode": null,
          "audiobook": null,
          "localTrack": null,
          "addedDate": "2023-08-27"
        },
        {
          "track": {
            "trackName": "Neurotic (feat. Lukas Rossi)",
            "artistName": "Three Days Grace",
            "albumName": "EXPLOSIONS",
            "trackUri": "spotify:track:6JfNf81zML3XVFXZbbtyZ8"
          },
          "episode": null,
          "audiobook": null,
          "localTrack": null,
          "addedDate": "2023-08-27"
        },
        {
          "track": {
            "trackName": "Popular Monster",
            "artistName": "Falling In Reverse",
            "albumName": "Popular Monster",
            "trackUri": "spotify:track:4GssB27iJeqmfGxS94Tfij"
          },
          "episode": null,
          "audiobook": null,
          "localTrack": null,
          "addedDate": "2023-08-27"
        },
        {
          "track": {
            "trackName": "The Worst In Me",
            "artistName": "Bad Omens",
            "albumName": "Bad Omens",
            "trackUri": "spotify:track:5IsSDMqDi2YmLjfx5jGDsW"
          },
          "episode": null,
          "audiobook": null,
          "localTrack": null,
          "addedDate": "2023-08-27"
        },
        {
          "track": {
            "trackName": "Monster",
            "artistName": "Fight The Fade",
            "albumName": "APOPHYSITIS",
            "trackUri": "spotify:track:3nmvutjVzKV9i29PURzT9s"
          },
          "episode": null,
          "audiobook": null,
          "localTrack": null,
          "addedDate": "2023-08-27"
        },
        {
          "track": {
            "trackName": "Happy Face",
            "artistName": "Jagwar Twin",
            "albumName": "33",
            "trackUri": "spotify:track:4ochm99Pc9wVHnHIY3cqxb"
          },
          "episode": null,
          "audiobook": null,
          "localTrack": null,
          "addedDate": "2024-07-27"
        }
      ],
      "description": null,
      "numberOfFollowers": 0
    },
    {
      "name": "Calm and feel good",
      "lastModifiedDate": "2024-07-27",
      "items": [
        {
          "track": {
            "trackName": "gin mood",
            "artistName": "yori yoi hi",
            "albumName": "gin mood",
            "trackUri": "spotify:track:5YAr1nEOeBQLsrqntj7Nyz"
          },
          "episode": null,
          "audiobook": null,
          "localTrack": null,
          "addedDate": "2022-01-16"
        },
        {
          "track": {
            "trackName": "The Brace",
            "artistName": "ID Labs",
            "albumName": "Play How You Feel",
            "trackUri": "spotify:track:3m8nqt9hOcjayQ1dff4jgL"
          },
          "episode": null,
          "audiobook": null,
          "localTrack": null,
          "addedDate": "2022-01-16"
        },
        {
          "track": {
            "trackName": "Gray or Grey",
            "artistName": "Chillide",
            "albumName": "Gray or Grey",
            "trackUri": "spotify:track:6tLMDPDjojjIn2dv7KEXco"
          },
          "episode": null,
          "audiobook": null,
          "localTrack": null,
          "addedDate": "2022-01-16"
        },
        {
          "track": {
            "trackName": "Viking Raiders",
            "artistName": "Derek Fiechter",
            "albumName": "Ahoy Mateys!",
            "trackUri": "spotify:track:0fhArVGJv4vwneudwaxpzz"
          },
          "episode": null,
          "audiobook": null,
          "localTrack": null,
          "addedDate": "2023-05-04"
        },
        {
          "track": {
            "trackName": "Gooey",
            "artistName": "Glass Animals",
            "albumName": "ZABA",
            "trackUri": "spotify:track:1gk3FhAV07q9Jg77UxnVjX"
          },
          "episode": null,
          "audiobook": null,
          "localTrack": null,
          "addedDate": "2023-11-09"
        },
        {
          "track": {
            "trackName": "empty crown",
            "artistName": "YAS",
            "albumName": "empty crown",
            "trackUri": "spotify:track:5j4hgym3SUadjFieaAIVw0"
          },
          "episode": null,
          "audiobook": null,
          "localTrack": null,
          "addedDate": "2024-07-27"
        },
        {
          "track": {
            "trackName": "Why'd You Only Call Me When You're High?",
            "artistName": "Arctic Monkeys",
            "albumName": "AM",
            "trackUri": "spotify:track:086myS9r57YsLbJpU0TgK9"
          },
          "episode": null,
          "audiobook": null,
          "localTrack": null,
          "addedDate": "2024-07-27"
        }
      ],
      "description": null,
      "numberOfFollowers": 0
    },
    {
      "name": "Loved once",
      "lastModifiedDate": "2024-07-27",
      "items": [
        {
          "track": {
            "trackName": "The Wolf",
            "artistName": "SIAMES",
            "albumName": "BOUNCE INTO THE MUSIC",
            "trackUri": "spotify:track:1ZreCbCSHpRcvqYpXlxnYC"
          },
          "episode": null,
          "audiobook": null,
          "localTrack": null,
          "addedDate": "2021-01-25"
        },
        {
          "track": {
            "trackName": "Hellbent (feat. Snowblood)",
            "artistName": "Mystery Skulls",
            "albumName": "Forever",
            "trackUri": "spotify:track:2fR9vtB9inzLi5i54NwtSo"
          },
          "episode": null,
          "audiobook": null,
          "localTrack": null,
          "addedDate": "2021-01-25"
        },
        {
          "track": {
            "trackName": "The Search",
            "artistName": "NF",
            "albumName": "The Search",
            "trackUri": "spotify:track:2OKo7g3KfmCt3kyLvUAL0g"
          },
          "episode": null,
          "audiobook": null,
          "localTrack": null,
          "addedDate": "2021-02-23"
        },
        {
          "track": {
            "trackName": "Ghost",
            "artistName": "Mystery Skulls",
            "albumName": "Forever",
            "trackUri": "spotify:track:63TVmH2fC4DpbnH5o3p8qi"
          },
          "episode": null,
          "audiobook": null,
          "localTrack": null,
          "addedDate": "2021-02-23"
        },
        {
          "track": {
            "trackName": "Riptide",
            "artistName": "Unlike Pluto",
            "albumName": "Pluto Tapes: Volume 2",
            "trackUri": "spotify:track:2iLGveANIUf2UmYTKENlm6"
          },
          "episode": null,
          "audiobook": null,
          "localTrack": null,
          "addedDate": "2021-07-23"
        },
        {
          "track": {
            "trackName": "Summer Nights",
            "artistName": "SIAMES",
            "albumName": "HOME",
            "trackUri": "spotify:track:6zRBNkFmcNLgb3mOLmUK8i"
          },
          "episode": null,
          "audiobook": null,
          "localTrack": null,
          "addedDate": "2021-07-23"
        },
        {
          "track": {
            "trackName": "Outrunning Karma",
            "artistName": "Alec Benjamin",
            "albumName": "Narrated For You",
            "trackUri": "spotify:track:2W0AJEbIC2vdZTV2nVSAsg"
          },
          "episode": null,
          "audiobook": null,
          "localTrack": null,
          "addedDate": "2021-07-24"
        },
        {
          "track": {
            "trackName": "Pit Of Vipers",
            "artistName": "Simon Curtis",
            "albumName": "R∆",
            "trackUri": "spotify:track:0G37ZYFgookTlLOjBrLSHd"
          },
          "episode": null,
          "audiobook": null,
          "localTrack": null,
          "addedDate": "2021-07-24"
        },
        {
          "track": {
            "trackName": "Crash",
            "artistName": "Neovaii",
            "albumName": "Onward",
            "trackUri": "spotify:track:4Q7x2zwXG97jfvG7GdOsb3"
          },
          "episode": null,
          "audiobook": null,
          "localTrack": null,
          "addedDate": "2021-07-30"
        },
        {
          "track": {
            "trackName": "Money",
            "artistName": "Mystery Skulls",
            "albumName": "EP",
            "trackUri": "spotify:track:6uoccjn6gLDixD0EKYH3AY"
          },
          "episode": null,
          "audiobook": null,
          "localTrack": null,
          "addedDate": "2021-09-01"
        },
        {
          "track": {
            "trackName": "Let's Get Ridiculous",
            "artistName": "Redfoo",
            "albumName": "Let's Get Ridiculous",
            "trackUri": "spotify:track:0S5otf3yhH2NIozxJPJTeV"
          },
          "episode": null,
          "audiobook": null,
          "localTrack": null,
          "addedDate": "2021-09-02"
        },
        {
          "track": {
            "trackName": "Beautiful Mistakes (feat. Megan Thee Stallion)",
            "artistName": "Maroon 5",
            "albumName": "JORDI",
            "trackUri": "spotify:track:5zFglKYiknIxks8geR8rcL"
          },
          "episode": null,
          "audiobook": null,
          "localTrack": null,
          "addedDate": "2021-09-24"
        },
        {
          "track": {
            "trackName": "Stay And Decay",
            "artistName": "Unlike Pluto",
            "albumName": "Stay And Decay",
            "trackUri": "spotify:track:5sFeSB1BheGU1tynVYEXh0"
          },
          "episode": null,
          "audiobook": null,
          "localTrack": null,
          "addedDate": "2021-09-30"
        },
        {
          "track": {
            "trackName": "Kings",
            "artistName": "Tribe Society",
            "albumName": "Delirium Sonata",
            "trackUri": "spotify:track:1031dCHtkJhbtcxXCwKipv"
          },
          "episode": null,
          "audiobook": null,
          "localTrack": null,
          "addedDate": "2021-09-30"
        },
        {
          "track": {
            "trackName": "Fly Away",
            "artistName": "TheFatRat",
            "albumName": "Fly Away",
            "trackUri": "spotify:track:0hTrQoqDmFnA4S1PC265e1"
          },
          "episode": null,
          "audiobook": null,
          "localTrack": null,
          "addedDate": "2021-10-15"
        },
        {
          "track": {
            "trackName": "My Girlfriend's Girlfriend",
            "artistName": "Type O Negative",
            "albumName": "October Rust",
            "trackUri": "spotify:track:3yubyWatnRRLHkIsN1ZI2Q"
          },
          "episode": null,
          "audiobook": null,
          "localTrack": null,
          "addedDate": "2021-10-23"
        },
        {
          "track": {
            "trackName": "Twilight Of The Thunder God",
            "artistName": "Amon Amarth",
            "albumName": "Twilight Of The Thunder God",
            "trackUri": "spotify:track:5u3l2TONYacJgmRPQVaF9y"
          },
          "episode": null,
          "audiobook": null,
          "localTrack": null,
          "addedDate": "2021-11-23"
        },
        {
          "track": {
            "trackName": "Hail to the King",
            "artistName": "Avenged Sevenfold",
            "albumName": "Hail to the King",
            "trackUri": "spotify:track:5anCkDvJ17aznvK5TED5uo"
          },
          "episode": null,
          "audiobook": null,
          "localTrack": null,
          "addedDate": "2021-11-23"
        },
        {
          "track": {
            "trackName": "Shadowboxer",
            "artistName": "Good Charlotte",
            "albumName": "Generation Rx",
            "trackUri": "spotify:track:3yNVDeOlaPGu2Ab71gG5nP"
          },
          "episode": null,
          "audiobook": null,
          "localTrack": null,
          "addedDate": "2021-12-07"
        },
        {
          "track": {
            "trackName": "Bad Habits",
            "artistName": "Ed Sheeran",
            "albumName": "Bad Habits",
            "trackUri": "spotify:track:6PQ88X9TkUIAUIZJHW2upE"
          },
          "episode": null,
          "audiobook": null,
          "localTrack": null,
          "addedDate": "2021-12-07"
        },
        {
          "track": {
            "trackName": "Ragnarök",
            "artistName": "Peyton Parrish",
            "albumName": "Ragnarök",
            "trackUri": "spotify:track:2U127R3xDmiqSKBJ6joI7L"
          },
          "episode": null,
          "audiobook": null,
          "localTrack": null,
          "addedDate": "2021-12-09"
        },
        {
          "track": {
            "trackName": "Revenge, And a Little More",
            "artistName": "Unlike Pluto",
            "albumName": "Pluto Tapes: Volume 3",
            "trackUri": "spotify:track:2g97rxHPlXpw1nSu7yvOIp"
          },
          "episode": null,
          "audiobook": null,
          "localTrack": null,
          "addedDate": "2021-12-09"
        },
        {
          "track": {
            "trackName": "Duality",
            "artistName": "Slipknot",
            "albumName": "Vol. 3: The Subliminal Verses",
            "trackUri": "spotify:track:61mWefnWQOLf90gepjOCb3"
          },
          "episode": null,
          "audiobook": null,
          "localTrack": null,
          "addedDate": "2021-12-15"
        },
        {
          "track": {
            "trackName": "Bury Me Low",
            "artistName": "8 Graves",
            "albumName": "Black",
            "trackUri": "spotify:track:3iARls5EH6Q4fks2tWJStQ"
          },
          "episode": null,
          "audiobook": null,
          "localTrack": null,
          "addedDate": "2022-02-15"
        },
        {
          "track": {
            "trackName": "Dancing with the Devil",
            "artistName": "Alter.",
            "albumName": "Dancing with the Devil",
            "trackUri": "spotify:track:6b87rvLCHBqdl1PiM9nPDT"
          },
          "episode": null,
          "audiobook": null,
          "localTrack": null,
          "addedDate": "2022-02-25"
        },
        {
          "track": {
            "trackName": "INFERNO",
            "artistName": "Sub Urban",
            "albumName": "INFERNO",
            "trackUri": "spotify:track:7aonAWn0J0AJ47ZU9WHCXC"
          },
          "episode": null,
          "audiobook": null,
          "localTrack": null,
          "addedDate": "2022-03-18"
        },
        {
          "track": {
            "trackName": "Ani Kuni",
            "artistName": "Polo & Pan",
            "albumName": "Ani Kuni",
            "trackUri": "spotify:track:12QphPukpWDR9w1iimddfP"
          },
          "episode": null,
          "audiobook": null,
          "localTrack": null,
          "addedDate": "2022-03-18"
        },
        {
          "track": {
            "trackName": "I WANNA BE YOUR SLAVE",
            "artistName": "Måneskin",
            "albumName": "Teatro d'ira - Vol. I",
            "trackUri": "spotify:track:4pt5fDVTg5GhEvEtlz9dKk"
          },
          "episode": null,
          "audiobook": null,
          "localTrack": null,
          "addedDate": "2022-03-21"
        },
        {
          "track": {
            "trackName": "Only for the Weak",
            "artistName": "In Flames",
            "albumName": "Clayman",
            "trackUri": "spotify:track:0JBQnLKfLXmlkquabLtAgd"
          },
          "episode": null,
          "audiobook": null,
          "localTrack": null,
          "addedDate": "2022-03-28"
        },
        {
          "track": {
            "trackName": "Spectral Mornings - Remastered 2005",
            "artistName": "Steve Hackett",
            "albumName": "Spectral Mornings",
            "trackUri": "spotify:track:45c7mjTXPfjuaB1QoZfRbx"
          },
          "episode": null,
          "audiobook": null,
          "localTrack": null,
          "addedDate": "2022-06-17"
        },
        {
          "track": {
            "trackName": "Whiskey In The Jar",
            "artistName": "Metallica",
            "albumName": "Garage Inc.",
            "trackUri": "spotify:track:2R6UrJ8uWbSIiHWmvRQvN8"
          },
          "episode": null,
          "audiobook": null,
          "localTrack": null,
          "addedDate": "2022-11-02"
        },
        {
          "track": {
            "trackName": "The Trooper - 2015 Remaster",
            "artistName": "Iron Maiden",
            "albumName": "Piece of Mind",
            "trackUri": "spotify:track:4OROzZUy6gOWN4UGQVaZMF"
          },
          "episode": null,
          "audiobook": null,
          "localTrack": null,
          "addedDate": "2022-12-01"
        },
        {
          "track": {
            "trackName": "Paranoid",
            "artistName": "Black Sabbath",
            "albumName": "Paranoid",
            "trackUri": "spotify:track:1jzDzZWeSDBg5fhNc3tczV"
          },
          "episode": null,
          "audiobook": null,
          "localTrack": null,
          "addedDate": "2023-03-02"
        },
        {
          "track": {
            "trackName": "Mother",
            "artistName": "Danzig",
            "albumName": "Danzig",
            "trackUri": "spotify:track:7txxAtOMwLLnQTpKeBL6bp"
          },
          "episode": null,
          "audiobook": null,
          "localTrack": null,
          "addedDate": "2023-03-02"
        },
        {
          "track": {
            "trackName": "Rule #4 - Fish in a Birdcage",
            "artistName": "Fish in a Birdcage",
            "albumName": "Fish in a Birdcage",
            "trackUri": "spotify:track:3CwIYemTONwWpSZwMAmlu7"
          },
          "episode": null,
          "audiobook": null,
          "localTrack": null,
          "addedDate": "2023-03-13"
        },
        {
          "track": {
            "trackName": "Ancient Fairy",
            "artistName": "Invadable Harmony",
            "albumName": "Ancient Fairy",
            "trackUri": "spotify:track:5OXwpmWdVCJNFgmHY6XxbO"
          },
          "episode": null,
          "audiobook": null,
          "localTrack": null,
          "addedDate": "2023-03-16"
        },
        {
          "track": {
            "trackName": "Let the Fire Rain",
            "artistName": "Orden Ogan",
            "albumName": "Final Days",
            "trackUri": "spotify:track:4Ky544TqNBR3f0L8ZU6Xw6"
          },
          "episode": null,
          "audiobook": null,
          "localTrack": null,
          "addedDate": "2023-03-18"
        },
        {
          "track": {
            "trackName": "Vikinger",
            "artistName": "Danheim",
            "albumName": "Runagaldr",
            "trackUri": "spotify:track:5a26Wk3fWSJT3yoYUHb77h"
          },
          "episode": null,
          "audiobook": null,
          "localTrack": null,
          "addedDate": "2023-04-26"
        },
        {
          "track": {
            "trackName": "Wake the White Wolf",
            "artistName": "Miracle Of Sound",
            "albumName": "Level 5",
            "trackUri": "spotify:track:0clLkj1AMdB66TpLHZnazR"
          },
          "episode": null,
          "audiobook": null,
          "localTrack": null,
          "addedDate": "2023-04-26"
        },
        {
          "track": {
            "trackName": "To Hell and Back",
            "artistName": "Sabaton",
            "albumName": "Heroes",
            "trackUri": "spotify:track:1BrgjqSg9du0lj3TUMLluL"
          },
          "episode": null,
          "audiobook": null,
          "localTrack": null,
          "addedDate": "2023-04-26"
        },
        {
          "track": {
            "trackName": "Rún",
            "artistName": "SKÁLD",
            "albumName": "Le chant des Vikings",
            "trackUri": "spotify:track:1bwBsJsOnLDWl7BMZNtdmJ"
          },
          "episode": null,
          "audiobook": null,
          "localTrack": null,
          "addedDate": "2023-04-26"
        },
        {
          "track": {
            "trackName": "Start Again",
            "artistName": "Connor Price",
            "albumName": "Start Again",
            "trackUri": "spotify:track:4l5e4G1RzrfWWFgehoEgAH"
          },
          "episode": null,
          "audiobook": null,
          "localTrack": null,
          "addedDate": "2023-04-27"
        },
        {
          "track": {
            "trackName": "Bismarck",
            "artistName": "Sabaton",
            "albumName": "Bismarck",
            "trackUri": "spotify:track:39m87lOMd5ccENPVvAT7gH"
          },
          "episode": null,
          "audiobook": null,
          "localTrack": null,
          "addedDate": "2023-04-27"
        },
        {
          "track": {
            "trackName": "Viking Raiders",
            "artistName": "Derek Fiechter",
            "albumName": "Ahoy Mateys!",
            "trackUri": "spotify:track:0fhArVGJv4vwneudwaxpzz"
          },
          "episode": null,
          "audiobook": null,
          "localTrack": null,
          "addedDate": "2023-05-04"
        },
        {
          "track": {
            "trackName": "Dwarven Axes",
            "artistName": "Derek Fiechter",
            "albumName": "Minstrel's Tales",
            "trackUri": "spotify:track:56u70aGkGNVnMuZZXCSfGc"
          },
          "episode": null,
          "audiobook": null,
          "localTrack": null,
          "addedDate": "2023-05-19"
        },
        {
          "track": {
            "trackName": "Lady Morgana",
            "artistName": "Derek Fiechter",
            "albumName": "Gothic Night",
            "trackUri": "spotify:track:251yugLJf5ro7WzBCjiQSR"
          },
          "episode": null,
          "audiobook": null,
          "localTrack": null,
          "addedDate": "2023-05-19"
        },
        {
          "track": {
            "trackName": "A Fly on the Wall (Nobody is Home)",
            "artistName": "We Weren't Invited",
            "albumName": "Flesh Vehicle, Pt. 2",
            "trackUri": "spotify:track:6dpyMuO35p1DMpxk3GNrCV"
          },
          "episode": null,
          "audiobook": null,
          "localTrack": null,
          "addedDate": "2023-05-23"
        },
        {
          "track": {
            "trackName": "Epona",
            "artistName": "Eluveitie",
            "albumName": "Evocation II - Pantheon",
            "trackUri": "spotify:track:75fAndU7jHOc4iEFR0HcVe"
          },
          "episode": null,
          "audiobook": null,
          "localTrack": null,
          "addedDate": "2023-08-03"
        },
        {
          "track": {
            "trackName": "R U Mine?",
            "artistName": "Arctic Monkeys",
            "albumName": "AM",
            "trackUri": "spotify:track:2AT8iROs4FQueDv2c8q2KE"
          },
          "episode": null,
          "audiobook": null,
          "localTrack": null,
          "addedDate": "2024-01-30"
        },
        {
          "track": {
            "trackName": "Do I Wanna Know?",
            "artistName": "Arctic Monkeys",
            "albumName": "AM",
            "trackUri": "spotify:track:5FVd6KXrgO9B3JPmC8OPst"
          },
          "episode": null,
          "audiobook": null,
          "localTrack": null,
          "addedDate": "2024-02-02"
        },
        {
          "track": {
            "trackName": "Mais je t'aime",
            "artistName": "Grand Corps Malade",
            "albumName": "Mais je t'aime",
            "trackUri": "spotify:track:4dtG1p71E6VPt9BmVYWcY5"
          },
          "episode": null,
          "audiobook": null,
          "localTrack": null,
          "addedDate": "2024-07-27"
        },
        {
          "track": {
            "trackName": "Bark at the Moon",
            "artistName": "Ozzy Osbourne",
            "albumName": "Bark At The Moon (Expanded Edition)",
            "trackUri": "spotify:track:2E7W1X4maFFcjHrVrFA7Vs"
          },
          "episode": null,
          "audiobook": null,
          "localTrack": null,
          "addedDate": "2024-07-27"
        },
        {
          "track": {
            "trackName": "Gimme That Boom",
            "artistName": "Skindred",
            "albumName": "Gimme That Boom",
            "trackUri": "spotify:track:4QbvKaOOsRXSUT0ySto5Ks"
          },
          "episode": null,
          "audiobook": null,
          "localTrack": null,
          "addedDate": "2024-07-27"
        },
        {
          "track": {
            "trackName": "Love is a Laserquest",
            "artistName": "Arctic Monkeys",
            "albumName": "Suck It and See",
            "trackUri": "spotify:track:0S6CXA5LpRDX6b4akgrOot"
          },
          "episode": null,
          "audiobook": null,
          "localTrack": null,
          "addedDate": "2024-07-27"
        },
        {
          "track": {
            "trackName": "Old Yellow Bricks",
            "artistName": "Arctic Monkeys",
            "albumName": "Favourite Worst Nightmare",
            "trackUri": "spotify:track:5KGbRvZyVyKP2AEJMHErB4"
          },
          "episode": null,
          "audiobook": null,
          "localTrack": null,
          "addedDate": "2024-07-27"
        }
      ],
      "description": null,
      "numberOfFollowers": 0
    },
    {
      "name": "Relax",
      "lastModifiedDate": "2024-07-27",
      "items": [
        {
          "track": {
            "trackName": "Qi",
            "artistName": "Adrian Von Ziegler",
            "albumName": "Odyssey",
            "trackUri": "spotify:track:0552QXCXPaQ2nUU9qiFYPf"
          },
          "episode": null,
          "audiobook": null,
          "localTrack": null,
          "addedDate": "2020-11-29"
        },
        {
          "track": {
            "trackName": "Sleeping Sabre",
            "artistName": "Adrian Von Ziegler",
            "albumName": "Spellbound",
            "trackUri": "spotify:track:5v29kjPfObrRQDmU5fzMKS"
          },
          "episode": null,
          "audiobook": null,
          "localTrack": null,
          "addedDate": "2021-07-30"
        },
        {
          "track": {
            "trackName": "Dwarven Axes",
            "artistName": "Derek Fiechter",
            "albumName": "Minstrel's Tales",
            "trackUri": "spotify:track:56u70aGkGNVnMuZZXCSfGc"
          },
          "episode": null,
          "audiobook": null,
          "localTrack": null,
          "addedDate": "2021-09-28"
        },
        {
          "track": {
            "trackName": "Dawn of Wonders",
            "artistName": "Adrian Von Ziegler",
            "albumName": "Odyssey",
            "trackUri": "spotify:track:6DRcSzVuCdF6xL1BYtNiAZ"
          },
          "episode": null,
          "audiobook": null,
          "localTrack": null,
          "addedDate": "2022-03-02"
        },
        {
          "track": {
            "trackName": "Into Solitude",
            "artistName": "Adrian Von Ziegler",
            "albumName": "Odyssey",
            "trackUri": "spotify:track:2wFdtGZ4lJ25Mph2S4zW6V"
          },
          "episode": null,
          "audiobook": null,
          "localTrack": null,
          "addedDate": "2022-03-03"
        },
        {
          "track": {
            "trackName": "Ancient Fairy",
            "artistName": "Invadable Harmony",
            "albumName": "Ancient Fairy",
            "trackUri": "spotify:track:5OXwpmWdVCJNFgmHY6XxbO"
          },
          "episode": null,
          "audiobook": null,
          "localTrack": null,
          "addedDate": "2022-03-07"
        },
        {
          "track": {
            "trackName": "The Eternal Forest",
            "artistName": "BrunuhVille",
            "albumName": "The Eternal Forest",
            "trackUri": "spotify:track:7JGJHhJJCUorJdZZK6T3o4"
          },
          "episode": null,
          "audiobook": null,
          "localTrack": null,
          "addedDate": "2022-03-07"
        },
        {
          "track": {
            "trackName": "Lamia",
            "artistName": "Chalmeris",
            "albumName": "Lamia",
            "trackUri": "spotify:track:57ccJTSEfJjE87NadwxWyO"
          },
          "episode": null,
          "audiobook": null,
          "localTrack": null,
          "addedDate": "2022-03-07"
        },
        {
          "track": {
            "trackName": "Mea Requies",
            "artistName": "Adrian Von Ziegler",
            "albumName": "Lifeclock",
            "trackUri": "spotify:track:7cIASIeI4mUviOWVWgwEvi"
          },
          "episode": null,
          "audiobook": null,
          "localTrack": null,
          "addedDate": "2022-03-10"
        },
        {
          "track": {
            "trackName": "Innocence",
            "artistName": "Lorne Balfe",
            "albumName": "The Wheel of Time: Season 1, Vol. 1 (Amazon Original Series Soundtrack)",
            "trackUri": "spotify:track:3G3baQxDCbuFDyYuzO0qJu"
          },
          "episode": null,
          "audiobook": null,
          "localTrack": null,
          "addedDate": "2022-03-11"
        },
        {
          "track": {
            "trackName": "Janvier, puits et vent",
            "artistName": "Uèle Lamore",
            "albumName": "Janvier, puits et vent",
            "trackUri": "spotify:track:3M6zU4G4tFcB709QEiFlfv"
          },
          "episode": null,
          "audiobook": null,
          "localTrack": null,
          "addedDate": "2022-03-18"
        },
        {
          "track": {
            "trackName": "Ancient Fairy",
            "artistName": "Invadable Harmony",
            "albumName": "Ancient Fairy",
            "trackUri": "spotify:track:5OXwpmWdVCJNFgmHY6XxbO"
          },
          "episode": null,
          "audiobook": null,
          "localTrack": null,
          "addedDate": "2022-03-22"
        },
        {
          "track": {
            "trackName": "Torii Road",
            "artistName": "Tenno",
            "albumName": "Legends of the Past",
            "trackUri": "spotify:track:6U4InR48CmnV8jhCCx9JNN"
          },
          "episode": null,
          "audiobook": null,
          "localTrack": null,
          "addedDate": "2022-03-22"
        },
        {
          "track": {
            "trackName": "Yamashita Castle",
            "artistName": "Mujo",
            "albumName": "Izanami",
            "trackUri": "spotify:track:5tbUln2Ak0U4mkPQq5daKl"
          },
          "episode": null,
          "audiobook": null,
          "localTrack": null,
          "addedDate": "2022-03-23"
        },
        {
          "track": {
            "trackName": "Dragon's Lair",
            "artistName": "Brandon Fiechter",
            "albumName": "Magical Creatures",
            "trackUri": "spotify:track:7BOtINVZcq70VdKvQOOf86"
          },
          "episode": null,
          "audiobook": null,
          "localTrack": null,
          "addedDate": "2023-04-26"
        },
        {
          "track": {
            "trackName": "Poison Elves",
            "artistName": "Brandon Fiechter",
            "albumName": "Elven Throne",
            "trackUri": "spotify:track:58ntrgINjzbx39ZFMXYm1E"
          },
          "episode": null,
          "audiobook": null,
          "localTrack": null,
          "addedDate": "2023-08-08"
        },
        {
          "track": {
            "trackName": "A Time to Wait",
            "artistName": "Alicks",
            "albumName": "Help Me Out",
            "trackUri": "spotify:track:5KXdGGSVtKLinb8NCPUb0X"
          },
          "episode": null,
          "audiobook": null,
          "localTrack": null,
          "addedDate": "2023-10-13"
        },
        {
          "track": {
            "trackName": "empty crown",
            "artistName": "YAS",
            "albumName": "empty crown",
            "trackUri": "spotify:track:5j4hgym3SUadjFieaAIVw0"
          },
          "episode": null,
          "audiobook": null,
          "localTrack": null,
          "addedDate": "2024-07-27"
        }
      ],
      "description": null,
      "numberOfFollowers": 0
    },
    {
      "name": "Rock & Métal",
      "lastModifiedDate": "2023-09-22",
      "items": [
        {
          "track": {
            "trackName": "Smells Like Teen Spirit",
            "artistName": "Nirvana",
            "albumName": "Nevermind",
            "trackUri": "spotify:track:1f3yAtsJtY87CTmM8RLnxf"
          },
          "episode": null,
          "audiobook": null,
          "localTrack": null,
          "addedDate": "2020-10-24"
        },
        {
          "track": {
            "trackName": "Let the Fire Rain",
            "artistName": "Orden Ogan",
            "albumName": "Final Days",
            "trackUri": "spotify:track:4Ky544TqNBR3f0L8ZU6Xw6"
          },
          "episode": null,
          "audiobook": null,
          "localTrack": null,
          "addedDate": "2022-02-28"
        },
        {
          "track": {
            "trackName": "Stålfågel",
            "artistName": "Soilwork",
            "albumName": "Verkligheten",
            "trackUri": "spotify:track:4HOVQhtjFCRGY9PnsLoR86"
          },
          "episode": null,
          "audiobook": null,
          "localTrack": null,
          "addedDate": "2022-02-28"
        },
        {
          "track": {
            "trackName": "Silverseal",
            "artistName": "Elvenking",
            "albumName": "Reader of the Runes - Divination",
            "trackUri": "spotify:track:4OYKwmJzQxgbJ4JlcqBmF0"
          },
          "episode": null,
          "audiobook": null,
          "localTrack": null,
          "addedDate": "2022-02-28"
        },
        {
          "track": {
            "trackName": "A Statue of the King",
            "artistName": "Avatar",
            "albumName": "Avatar Country",
            "trackUri": "spotify:track:6onJXFCCG302XlD7j0puR8"
          },
          "episode": null,
          "audiobook": null,
          "localTrack": null,
          "addedDate": "2022-02-28"
        },
        {
          "track": {
            "trackName": "Unbreakable - Remastered",
            "artistName": "Stratovarius",
            "albumName": "Nemesis",
            "trackUri": "spotify:track:1IaQLINjiOCSv4INrrv0aS"
          },
          "episode": null,
          "audiobook": null,
          "localTrack": null,
          "addedDate": "2022-02-28"
        },
        {
          "track": {
            "trackName": "Thunder",
            "artistName": "Gabry Ponte",
            "albumName": "Thunder",
            "trackUri": "spotify:track:2USlegnFJLrVLpoVfPimKB"
          },
          "episode": null,
          "audiobook": null,
          "localTrack": null,
          "addedDate": "2022-02-28"
        },
        {
          "track": {
            "trackName": "Snap Your Fingers, Snap Your Neck",
            "artistName": "Prong",
            "albumName": "Cleansing",
            "trackUri": "spotify:track:7hgtn706RqLE5q1mWe8aQx"
          },
          "episode": null,
          "audiobook": null,
          "localTrack": null,
          "addedDate": "2022-03-22"
        },
        {
          "track": {
            "trackName": "Echolalia",
            "artistName": "Faetooth",
            "albumName": "Remnants of the Vessel",
            "trackUri": "spotify:track:0cXHEFaNtrgXuoBtOiaZDo"
          },
          "episode": null,
          "audiobook": null,
          "localTrack": null,
          "addedDate": "2023-09-22"
        }
      ],
      "description": null,
      "numberOfFollowers": 0
    },
    {
      "name": "School playlist",
      "lastModifiedDate": "2021-07-23",
      "items": [
        {
          "track": {
            "trackName": "Devil's Den",
            "artistName": "DEELYLE",
            "albumName": "ERA",
            "trackUri": "spotify:track:3q9SmDZalBsaaqc5tTFLNC"
          },
          "episode": null,
          "audiobook": null,
          "localTrack": null,
          "addedDate": "2020-10-20"
        },
        {
          "track": {
            "trackName": "Lion",
            "artistName": "Hearts & Colors",
            "albumName": "Lion",
            "trackUri": "spotify:track:6GWNh4A7t4UHtUupgL5Evj"
          },
          "episode": null,
          "audiobook": null,
          "localTrack": null,
          "addedDate": "2020-10-20"
        },
        {
          "track": {
            "trackName": "Coyote",
            "artistName": "Mako",
            "albumName": "Coyote",
            "trackUri": "spotify:track:7Bgli0yPH0aFzuXMa7BnJE"
          },
          "episode": null,
          "audiobook": null,
          "localTrack": null,
          "addedDate": "2020-11-03"
        },
        {
          "track": {
            "trackName": "Revenge, And a Little More",
            "artistName": "Unlike Pluto",
            "albumName": "Pluto Tapes: Volume 3",
            "trackUri": "spotify:track:2g97rxHPlXpw1nSu7yvOIp"
          },
          "episode": null,
          "audiobook": null,
          "localTrack": null,
          "addedDate": "2021-02-23"
        },
        {
          "track": {
            "trackName": "Stay And Decay",
            "artistName": "Unlike Pluto",
            "albumName": "Stay And Decay",
            "trackUri": "spotify:track:5sFeSB1BheGU1tynVYEXh0"
          },
          "episode": null,
          "audiobook": null,
          "localTrack": null,
          "addedDate": "2021-02-23"
        },
        {
          "track": {
            "trackName": "Riptide",
            "artistName": "Unlike Pluto",
            "albumName": "Pluto Tapes: Volume 2",
            "trackUri": "spotify:track:2iLGveANIUf2UmYTKENlm6"
          },
          "episode": null,
          "audiobook": null,
          "localTrack": null,
          "addedDate": "2021-03-03"
        },
        {
          "track": {
            "trackName": "Faster Car",
            "artistName": "Loving Caliber",
            "albumName": "Faster Car",
            "trackUri": "spotify:track:0c7o0AEDnXKGZto2FVuyGG"
          },
          "episode": null,
          "audiobook": null,
          "localTrack": null,
          "addedDate": "2021-04-04"
        },
        {
          "track": {
            "trackName": "Heaven",
            "artistName": "Julia Michaels",
            "albumName": "Fifty Shades Freed",
            "trackUri": "spotify:track:1T575AhHueYinKSDflEsGK"
          },
          "episode": null,
          "audiobook": null,
          "localTrack": null,
          "addedDate": "2021-04-25"
        },
        {
          "track": {
            "trackName": "Powersnake",
            "artistName": "Brothers of Metal",
            "albumName": "Emblas Saga",
            "trackUri": "spotify:track:6FUXgvzbMrMCzAuYGIiGIl"
          },
          "episode": null,
          "audiobook": null,
          "localTrack": null,
          "addedDate": "2021-07-23"
        }
      ],
      "description": null,
      "numberOfFollowers": 0
    }
  ]
}