[
  {
    "platform" : "ANDROID",
    "searchTime" : "2024-10-11T15:37:18.760Z[UTC]",
    "searchQuery" : "cold ",
    "searchInteractionURIs" : [
      "spotify:search:coldplay"
    ]
  },
  {
    "platform" : "",
    "searchTime" : "2024-10-11T15:37:18.768Z[UTC]",
    "searchQuery" : "col",
    "searchInteractionURIs" : [
    ]
  },
  {
    "platform" : "",
    "searchTime" : "2024-10-11T15:37:18.808Z[UTC]",
    "searchQuery" : "cold",
    "searchInteractionURIs" : [
    ]
  },
  {
    "platform" : "",
    "searchTime" : "2024-10-11T15:37:18.849Z[UTC]",
    "searchQuery" : "col",
    "searchInteractionURIs" : [
    ]
  },
  {
    "platform" : "",
    "searchTime" : "2024-10-11T15:37:18.851Z[UTC]",
    "searchQuery" : "cold",
    "searchInteractionURIs" : [
    ]
  },
  {
    "platform" : "",
    "searchTime" : "2024-10-11T15:37:19.225Z[UTC]",
    "searchQuery" : "cold",
    "searchInteractionURIs" : [
    ]
  },
  {
    "platform" : "",
    "searchTime" : "2024-10-11T15:37:19.351Z[UTC]",
    "searchQuery" : "cold",
    "searchInteractionURIs" : [
    ]
  },
  {
    "platform" : "",
    "searchTime" : "2024-10-11T15:37:20.481Z[UTC]",
    "searchQuery" : "cold",
    "searchInteractionURIs" : [
    ]
  },
  {
    "platform" : "",
    "searchTime" : "2024-10-11T15:37:20.542Z[UTC]",
    "searchQuery" : "cold",
    "searchInteractionURIs" : [
    ]
  },
  {
    "platform" : "ANDROID",
    "searchTime" : "2024-10-11T15:37:21.610Z[UTC]",
    "searchQuery" : "coldplay",
    "searchInteractionURIs" : [
      "spotify:track:3RiPr603aXAoi4GHyXx0uy"
    ]
  },
  {
    "platform" : "",
    "searchTime" : "2024-10-11T15:37:26.684Z[UTC]",
    "searchQuery" : "coldplay",
    "searchInteractionURIs" : [
    ]
  },
  {
    "platform" : "",
    "searchTime" : "2024-12-01T11:32:57.195Z[UTC]",
    "searchQuery" : "mythe",
    "searchInteractionURIs" : [
    ]
  },
  {
    "platform" : "",
    "searchTime" : "2024-12-01T11:32:57.264Z[UTC]",
    "searchQuery" : "mythe",
    "searchInteractionURIs" : [
    ]
  },
  {
    "platform" : "ANDROID",
    "searchTime" : "2024-12-01T11:32:58.173Z[UTC]",
    "searchQuery" : "mythe ",
    "searchInteractionURIs" : [
      "spotify:search:mythes+et+l%C3%A9gendes"
    ]
  },
  {
    "platform" : "ANDROID",
    "searchTime" : "2024-12-01T11:33:01.117Z[UTC]",
    "searchQuery" : "mythes et légendes",
    "searchInteractionURIs" : [
      "spotify:show:145gf6QoEMM5e7RxaT3Msn",
      "spotify:playlist:3Sv44PsWS69jALnkqZqeiQ"
    ]
  },
  {
    "platform" : "",
    "searchTime" : "2024-12-01T11:33:52.261Z[UTC]",
    "searchQuery" : "mythes et légendes",
    "searchInteractionURIs" : [
    ]
  }
]