{
  "topArtists": {
    "numUniqueArtists": 755,
    "topArtists": [
      {
        "artistUri": "spotify:artist:39VNwvlQTqE9SvgPjjnMpc",
        "monthlyStreams": [
          {
            "month": 5,
            "biweeklyStreams": [
              {
                "period": 2,
                "numStreams": 9
              },
              {
                "period": 1,
                "numStreams": 29
              }
            ]
          },
          {
            "month": 10,
            "biweeklyStreams": [
              {
                "period": 1,
                "numStreams": 6
              },
              {
                "period": 2,
                "numStreams": 34
              }
            ]
          },
          {
            "month": 1,
            "biweeklyStreams": [
              {
                "period": 1,
                "numStreams": 15
              },
              {
                "period": 2,
                "numStreams": 23
              }
            ]
          },
          {
            "month": 6,
            "biweeklyStreams": [
              {
                "period": 1,
                "numStreams": 18
              },
              {
                "period": 2,
                "numStreams": 17
              }
            ]
          },
          {
            "month": 9,
            "biweeklyStreams": [
              {
                "period": 1,
                "numStreams": 36
              },
              {
                "period": 2,
                "numStreams": 6
              }
            ]
          },
          {
            "month": 2,
            "biweeklyStreams": [
              {
                "period": 2,
                "numStreams": 30
              },
              {
                "period": 1,
                "numStreams": 12
              }
            ]
          },
          {
            "month": 7,
            "biweeklyStreams": [
              {
                "period": 1,
                "numStreams": 5
              },
              {
                "period": 2,
                "numStreams": 26
              }
            ]
          },
          {
            "month": 3,
            "biweeklyStreams": [
              {
                "period": 1,
                "numStreams": 70
              },
              {
                "period": 2,
                "numStreams": 50
              }
            ]
          },
          {
            "month": 11,
            "biweeklyStreams": [
              {
                "period": 1,
                "numStreams": 22
              }
            ]
          },
          {
            "month": 8,
            "biweeklyStreams": [
              {
                "period": 1,
                "numStreams": 58
              },
              {
                "period": 2,
                "numStreams": 30
              }
            ]
          },
          {
            "month": 4,
            "biweeklyStreams": [
              {
                "period": 1,
                "numStreams": 30
              },
              {
                "period": 2,
                "numStreams": 27
              }
            ]
          }
        ]
      },
      {
        "artistUri": "spotify:artist:2ye2Wgw4gimLv2eAKyk1NB",
        "monthlyStreams": [
          {
            "month": 5,
            "biweeklyStreams": [
              {
                "period": 2,
                "numStreams": 13
              },
              {
                "period": 1,
                "numStreams": 35
              }
            ]
          },
          {
            "month": 10,
            "biweeklyStreams": [
              {
                "period": 1,
                "numStreams": 11
              },
              {
                "period": 2,
                "numStreams": 26
              }
            ]
          },
          {
            "month": 1,
            "biweeklyStreams": [
              {
                "period": 1,
                "numStreams": 4
              },
              {
                "period": 2,
                "numStreams": 9
              }
            ]
          },
          {
            "month": 6,
            "biweeklyStreams": [
              {
                "period": 1,
                "numStreams": 23
              },
              {
                "period": 2,
                "numStreams": 23
              }
            ]
          },
          {
            "month": 9,
            "biweeklyStreams": [
              {
                "period": 1,
                "numStreams": 35
              },
              {
                "period": 2,
                "numStreams": 21
              }
            ]
          },
          {
            "month": 2,
            "biweeklyStreams": [
              {
                "period": 2,
                "numStreams": 12
              },
              {
                "period": 1,
                "numStreams": 8
              }
            ]
          },
          {
            "month": 7,
            "biweeklyStreams": [
              {
                "period": 1,
                "numStreams": 8
              },
              {
                "period": 2,
                "numStreams": 32
              }
            ]
          },
          {
            "month": 3,
            "biweeklyStreams": [
              {
                "period": 1,
                "numStreams": 31
              },
              {
                "period": 2,
                "numStreams": 11
              }
            ]
          },
          {
            "month": 11,
            "biweeklyStreams": [
              {
                "period": 1,
                "numStreams": 35
              }
            ]
          },
          {
            "month": 8,
            "biweeklyStreams": [
              {
                "period": 1,
                "numStreams": 69
              },
              {
                "period": 2,
                "numStreams": 53
              }
            ]
          },
          {
            "month": 4,
            "biweeklyStreams": [
              {
                "period": 1,
                "numStreams": 5
              },
              {
                "period": 2,
                "numStreams": 79
              }
            ]
          }
        ]
      },
      {
        "artistUri": "spotify:artist:13kMpt8IdcHcdxPLcJrgU2",
        "monthlyStreams": [
          {
            "month": 5,
            "biweeklyStreams": [
              {
                "period": 2,
                "numStreams": 9
              },
              {
                "period": 1,
                "numStreams": 28
              }
            ]
          },
          {
            "month": 10,
            "biweeklyStreams": [
              {
                "period": 1,
                "numStreams": 8
              },
              {
                "period": 2,
                "numStreams": 25
              }
            ]
          },
          {
            "month": 1,
            "biweeklyStreams": [
              {
                "period": 1,
                "numStreams": 8
              },
              {
                "period": 2,
                "numStreams": 27
              }
            ]
          },
          {
            "month": 6,
            "biweeklyStreams": [
              {
                "period": 1,
                "numStreams": 20
              },
              {
                "period": 2,
                "numStreams": 9
              }
            ]
          },
          {
            "month": 9,
            "biweeklyStreams": [
              {
                "period": 1,
                "numStreams": 10
              },
              {
                "period": 2,
                "numStreams": 3
              }
            ]
          },
          {
            "month": 2,
            "biweeklyStreams": [
              {
                "period": 2,
                "numStreams": 36
              },
              {
                "period": 1,
                "numStreams": 4
              }
            ]
          },
          {
            "month": 7,
            "biweeklyStreams": [
              {
                "period": 1,
                "numStreams": 11
              },
              {
                "period": 2,
                "numStreams": 17
              }
            ]
          },
          {
            "month": 3,
            "biweeklyStreams": [
              {
                "period": 1,
                "numStreams": 76
              },
              {
                "period": 2,
                "numStreams": 35
              }
            ]
          },
          {
            "month": 11,
            "biweeklyStreams": [
              {
                "period": 1,
                "numStreams": 24
              }
            ]
          },
          {
            "month": 8,
            "biweeklyStreams": [
              {
                "period": 1,
                "numStreams": 55
              },
              {
                "period": 2,
                "numStreams": 31
              }
            ]
          },
          {
            "month": 4,
            "biweeklyStreams": [
              {
                "period": 1,
                "numStreams": 10
              },
              {
                "period": 2,
                "numStreams": 13
              }
            ]
          }
        ]
      },
      {
        "artistUri": "spotify:artist:1Qp56T7n950O3EGMsSl81D",
        "monthlyStreams": [
          {
            "month": 5,
            "biweeklyStreams": [
              {
                "period": 2,
                "numStreams": 5
              },
              {
                "period": 1,
                "numStreams": 23
              }
            ]
          },
          {
            "month": 10,
            "biweeklyStreams": [
              {
                "period": 1,
                "numStreams": 2
              },
              {
                "period": 2,
                "numStreams": 32
              }
            ]
          },
          {
            "month": 1,
            "biweeklyStreams": [
              {
                "period": 1,
                "numStreams": 5
              },
              {
                "period": 2,
                "numStreams": 14
              }
            ]
          },
          {
            "month": 6,
            "biweeklyStreams": [
              {
                "period": 1,
                "numStreams": 13
              },
              {
                "period": 2,
                "numStreams": 10
              }
            ]
          },
          {
            "month": 9,
            "biweeklyStreams": [
              {
                "period": 1,
                "numStreams": 23
              },
              {
                "period": 2,
                "numStreams": 19
              }
            ]
          },
          {
            "month": 2,
            "biweeklyStreams": [
              {
                "period": 2,
                "numStreams": 24
              },
              {
                "period": 1,
                "numStreams": 8
              }
            ]
          },
          {
            "month": 7,
            "biweeklyStreams": [
              {
                "period": 1,
                "numStreams": 3
              },
              {
                "period": 2,
                "numStreams": 17
              }
            ]
          },
          {
            "month": 3,
            "biweeklyStreams": [
              {
                "period": 1,
                "numStreams": 47
              },
              {
                "period": 2,
                "numStreams": 29
              }
            ]
          },
          {
            "month": 11,
            "biweeklyStreams": [
              {
                "period": 1,
                "numStreams": 22
              }
            ]
          },
          {
            "month": 8,
            "biweeklyStreams": [
              {
                "period": 1,
                "numStreams": 40
              },
              {
                "period": 2,
                "numStreams": 31
              }
            ]
          },
          {
            "month": 4,
            "biweeklyStreams": [
              {
                "period": 1,
                "numStreams": 13
              },
              {
                "period": 2,
                "numStreams": 12
              }
            ]
          }
        ]
      },
      {
        "artistUri": "spotify:artist:5yw4tA8D5uG7tT3NaDvq10",
        "monthlyStreams": [
          {
            "month": 5,
            "biweeklyStreams": [
              {
                "period": 2,
                "numStreams": 1
              },
              {
                "period": 1,
                "numStreams": 11
              }
            ]
          },
          {
            "month": 10,
            "biweeklyStreams": [
              {
                "period": 1,
                "numStreams": 3
              },
              {
                "period": 2,
                "numStreams": 10
              }
            ]
          },
          {
            "month": 6,
            "biweeklyStreams": [
              {
                "period": 1,
                "numStreams": 7
              },
              {
                "period": 2,
                "numStreams": 4
              }
            ]
          },
          {
            "month": 9,
            "biweeklyStreams": [
              {
                "period": 1,
                "numStreams": 8
              },
              {
                "period": 2,
                "numStreams": 1
              }
            ]
          },
          {
            "month": 7,
            "biweeklyStreams": [
              {
                "period": 1,
                "numStreams": 4
              },
              {
                "period": 2,
                "numStreams": 10
              }
            ]
          },
          {
            "month": 3,
            "biweeklyStreams": [
              {
                "period": 1,
                "numStreams": 40
              },
              {
                "period": 2,
                "numStreams": 45
              }
            ]
          },
          {
            "month": 11,
            "biweeklyStreams": [
              {
                "period": 1,
                "numStreams": 16
              }
            ]
          },
          {
            "month": 8,
            "biweeklyStreams": [
              {
                "period": 1,
                "numStreams": 24
              },
              {
                "period": 2,
                "numStreams": 11
              }
            ]
          },
          {
            "month": 4,
            "biweeklyStreams": [
              {
                "period": 1,
                "numStreams": 43
              },
              {
                "period": 2,
                "numStreams": 11
              }
            ]
          }
        ]
      }
    ],
    "topArtistMilliseconds": 134276232,
    "topArtistFanPercentage": 0.0017415097
  },
  "topGenres": {
    "topGenres": [
      "alternative metal",
      "metalcore",
      "metal",
      "dark r&b",
      "pop"
    ],
    "numberGenres": 40
  },
  "topTracks": {
    "topTracks": [
      "spotify:track:1g5Jqwo02PuitYfv19B6Jn",
      "spotify:track:4rm1If4bXjLVO5zmex660Z",
      "spotify:track:54yLLvpezvPO1lA3GspiZj",
      "spotify:track:31iAZuJu1Obz239eDpMfee",
      "spotify:track:0kDHRQ7rvuzWN11nB9Qx1Y"
    ],
    "topTrackPlayCount": 44,
    "topTrackFirstPlayedDate": "2023-02-10",
    "distinctTracksPlayed": 1659
  },
  "yearlyMetrics": {
    "totalMsListened": 2041397662,
    "mostListenedDay": "2023-05-15",
    "mostListenedDayMinutes": 550.30273,
    "percentGreaterThanWorldwideUsers": 90.868965
  },
  "darkMode": {
    "creatureOfHabit": "DARKSOUND"
  }
}