[
  {
    "platform" : "ANDROID_ARM",
    "searchTime" : "2024-09-10T09:32:41.505Z[UTC]",
    "searchQuery" : "w",
    "searchInteractionURIs" : [
    ]
  },
  {
    "platform" : "ANDROID",
    "searchTime" : "2024-09-10T09:32:42.947Z[UTC]",
    "searchQuery" : "waterbi",
    "searchInteractionURIs" : [
      "spotify:track:1OVZmkFD1hxPFvXedJ1QtS"
    ]
  },
  {
    "platform" : "ANDROID_ARM",
    "searchTime" : "2024-09-10T13:21:19.132Z[UTC]",
    "searchQuery" : "om",
    "searchInteractionURIs" : [
    ]
  },
  {
    "platform" : "ANDROID_ARM",
    "searchTime" : "2024-09-10T13:21:19.327Z[UTC]",
    "searchQuery" : "omo",
    "searchInteractionURIs" : [
    ]
  },
  {
    "platform" : "ANDROID",
    "searchTime" : "2024-09-10T13:21:20.478Z[UTC]",
    "searchQuery" : "omoin",
    "searchInteractionURIs" : [
      "spotify:artist:63ylN6WBUUxxMsySiDmr0B"
    ]
  },
  {
    "platform" : "ANDROID_ARM",
    "searchTime" : "2024-09-10T18:37:47.025Z[UTC]",
    "searchQuery" : "deja ",
    "searchInteractionURIs" : [
    ]
  },
  {
    "platform" : "ANDROID",
    "searchTime" : "2024-09-10T18:38:00.921Z[UTC]",
    "searchQuery" : "dejavue",
    "searchInteractionURIs" : [
      "spotify:search:dejavue"
    ]
  },
  {
    "platform" : "ANDROID",
    "searchTime" : "2024-09-10T18:42:16.756Z[UTC]",
    "searchQuery" : "cheltrail",
    "searchInteractionURIs" : [
      "spotify:episode:1zJ21lOTSg3lUTikqBLSXN",
      "spotify:playlist:4GOk8ei3x5d01Eqq2HOykh"
    ]
  },
  {
    "platform" : "ANDROID_ARM",
    "searchTime" : "2024-09-11T08:27:49.047Z[UTC]",
    "searchQuery" : "strangerlov",
    "searchInteractionURIs" : [
    ]
  },
  {
    "platform" : "ANDROID",
    "searchTime" : "2024-09-11T08:27:50.737Z[UTC]",
    "searchQuery" : "strangerlove",
    "searchInteractionURIs" : [
      "spotify:track:6ZCyDN2ArlWB4GKAj644Cd"
    ]
  },
  {
    "platform" : "ANDROID_ARM",
    "searchTime" : "2024-09-11T10:11:32.535Z[UTC]",
    "searchQuery" : "c",
    "searchInteractionURIs" : [
    ]
  },
  {
    "platform" : "ANDROID",
    "searchTime" : "2024-09-11T10:11:34.774Z[UTC]",
    "searchQuery" : "coal",
    "searchInteractionURIs" : [
      "spotify:search:coaltar+of+the+deepers"
    ]
  },
  {
    "platform" : "ANDROID",
    "searchTime" : "2024-09-11T10:11:36.060Z[UTC]",
    "searchQuery" : "coaltar of the deepers",
    "searchInteractionURIs" : [
      "spotify:track:6j3NqHXDqYVryZqmxI58Er"
    ]
  },
  {
    "platform" : "ANDROID",
    "searchTime" : "2024-09-11T16:46:51.874Z[UTC]",
    "searchQuery" : "barso ",
    "searchInteractionURIs" : [
      "spotify:track:32DWojMZeZebVrfBkhAkKy"
    ]
  },
  {
    "platform" : "ANDROID",
    "searchTime" : "2024-09-11T19:33:50.279Z[UTC]",
    "searchQuery" : "yama",
    "searchInteractionURIs" : [
      "spotify:artist:7kOrrFIBIBc8uCu2zbxbLv"
    ]
  },
  {
    "platform" : "ANDROID_ARM",
    "searchTime" : "2024-09-15T08:19:59.669Z[UTC]",
    "searchQuery" : "dear",
    "searchInteractionURIs" : [
    ]
  },
  {
    "platform" : "ANDROID_ARM",
    "searchTime" : "2024-09-15T08:20:00.628Z[UTC]",
    "searchQuery" : "dear c",
    "searchInteractionURIs" : [
    ]
  },
  {
    "platform" : "ANDROID",
    "searchTime" : "2024-09-15T08:20:02.630Z[UTC]",
    "searchQuery" : "dear cup",
    "searchInteractionURIs" : [
      "spotify:search:dear+cupid+ive"
    ]
  },
  {
    "platform" : "ANDROID_ARM",
    "searchTime" : "2024-09-15T12:53:04.612Z[UTC]",
    "searchQuery" : "ch",
    "searchInteractionURIs" : [
    ]
  },
  {
    "platform" : "ANDROID",
    "searchTime" : "2024-09-15T12:53:07.345Z[UTC]",
    "searchQuery" : "chelly",
    "searchInteractionURIs" : [
      "spotify:playlist:7cFweTFpg54O1XgegvUPLh",
      "spotify:playlist:7cFweTFpg54O1XgegvUPLh"
    ]
  },
  {
    "platform" : "ANDROID",
    "searchTime" : "2024-09-15T13:02:44.540Z[UTC]",
    "searchQuery" : "tengiu tenge",
    "searchInteractionURIs" : [
    ]
  },
  {
    "platform" : "ANDROID_ARM",
    "searchTime" : "2024-09-15T13:02:46.470Z[UTC]",
    "searchQuery" : "tetenge",
    "searchInteractionURIs" : [
    ]
  },
  {
    "platform" : "ANDROID_ARM",
    "searchTime" : "2024-09-15T13:23:03.389Z[UTC]",
    "searchQuery" : "t",
    "searchInteractionURIs" : [
    ]
  },
  {
    "platform" : "ANDROID_ARM",
    "searchTime" : "2024-09-15T13:23:03.644Z[UTC]",
    "searchQuery" : "ten",
    "searchInteractionURIs" : [
    ]
  },
  {
    "platform" : "ANDROID",
    "searchTime" : "2024-09-15T13:23:10.643Z[UTC]",
    "searchQuery" : "tengo tenge",
    "searchInteractionURIs" : [
    ]
  },
  {
    "platform" : "ANDROID_ARM",
    "searchTime" : "2024-09-15T13:23:34.313Z[UTC]",
    "searchQuery" : "tame",
    "searchInteractionURIs" : [
    ]
  },
  {
    "platform" : "ANDROID",
    "searchTime" : "2024-09-15T13:23:37.549Z[UTC]",
    "searchQuery" : "tamengue",
    "searchInteractionURIs" : [
    ]
  },
  {
    "platform" : "ANDROID_ARM",
    "searchTime" : "2024-09-15T13:23:38.875Z[UTC]",
    "searchQuery" : "tengu",
    "searchInteractionURIs" : [
    ]
  },
  {
    "platform" : "ANDROID_ARM",
    "searchTime" : "2024-09-15T13:23:57.922Z[UTC]",
    "searchQuery" : "bla",
    "searchInteractionURIs" : [
    ]
  },
  {
    "platform" : "ANDROID",
    "searchTime" : "2024-09-15T13:24:07.684Z[UTC]",
    "searchQuery" : "Black clover end",
    "searchInteractionURIs" : [
      "spotify:search:black+clover+endings+1-13"
    ]
  },
  {
    "platform" : "ANDROID",
    "searchTime" : "2024-09-15T13:24:09.052Z[UTC]",
    "searchQuery" : "black clover endings 1-13",
    "searchInteractionURIs" : [
      "spotify:playlist:0eJ1Z4F51BzzOhiEhw7jXE",
      "spotify:playlist:3FGp5mJ42aCn4A9zCKfyLb"
    ]
  },
  {
    "platform" : "ANDROID_ARM",
    "searchTime" : "2024-09-15T13:40:05.450Z[UTC]",
    "searchQuery" : "3h3",
    "searchInteractionURIs" : [
    ]
  },
  {
    "platform" : "ANDROID",
    "searchTime" : "2024-09-15T13:40:07.592Z[UTC]",
    "searchQuery" : "3h33",
    "searchInteractionURIs" : [
      "spotify:track:6uCZeG3bsfr9h9eFbKipGX"
    ]
  },
  {
    "platform" : "ANDROID",
    "searchTime" : "2024-09-16T09:45:36.706Z[UTC]",
    "searchQuery" : "forever ",
    "searchInteractionURIs" : [
      "spotify:track:0Md02V4hwKO5Vu5B7GD8tQ"
    ]
  },
  {
    "platform" : "ANDROID_ARM",
    "searchTime" : "2024-09-18T19:48:13.886Z[UTC]",
    "searchQuery" : "ava",
    "searchInteractionURIs" : [
    ]
  },
  {
    "platform" : "ANDROID",
    "searchTime" : "2024-09-18T19:48:17.780Z[UTC]",
    "searchQuery" : "avara",
    "searchInteractionURIs" : [
      "spotify:artist:63PeJBCkvzMDtyfc0krQyd"
    ]
  },
  {
    "platform" : "ANDROID",
    "searchTime" : "2024-09-19T11:16:24.751Z[UTC]",
    "searchQuery" : "yeo",
    "searchInteractionURIs" : [
      "spotify:search:yeonjun"
    ]
  },
  {
    "platform" : "ANDROID",
    "searchTime" : "2024-09-19T11:16:26.079Z[UTC]",
    "searchQuery" : "yeonjun",
    "searchInteractionURIs" : [
      "spotify:artist:2Mo2yHjmrDRZW7yRuJwR2w"
    ]
  },
  {
    "platform" : "ANDROID",
    "searchTime" : "2024-09-20T08:46:35.987Z[UTC]",
    "searchQuery" : "gg",
    "searchInteractionURIs" : [
    ]
  },
  {
    "platform" : "ANDROID",
    "searchTime" : "2024-09-21T17:34:27.821Z[UTC]",
    "searchQuery" : "360 slo",
    "searchInteractionURIs" : [
      "spotify:track:38LKVw9OP6niABi8GRfNZU",
      "spotify:track:4w2GLmK2wnioVnb5CPQeex",
      "spotify:track:1brzzi8GQJVZcZZXlx2MsP"
    ]
  },
  {
    "platform" : "ANDROID",
    "searchTime" : "2024-09-21T17:34:49.919Z[UTC]",
    "searchQuery" : "365 slo",
    "searchInteractionURIs" : [
      "spotify:track:5h68SoVFGleijCtjEja3xG"
    ]
  },
  {
    "platform" : "ANDROID_ARM",
    "searchTime" : "2024-09-21T18:38:41.056Z[UTC]",
    "searchQuery" : "ye",
    "searchInteractionURIs" : [
    ]
  },
  {
    "platform" : "ANDROID",
    "searchTime" : "2024-09-21T18:38:43.613Z[UTC]",
    "searchQuery" : "yello",
    "searchInteractionURIs" : [
      "spotify:track:6oLejuhWNQf76ydBbtLrT9"
    ]
  },
  {
    "platform" : "ANDROID_ARM",
    "searchTime" : "2024-09-22T10:32:55.692Z[UTC]",
    "searchQuery" : "my wa",
    "searchInteractionURIs" : [
    ]
  },
  {
    "platform" : "ANDROID",
    "searchTime" : "2024-09-22T10:32:55.746Z[UTC]",
    "searchQuery" : "my war",
    "searchInteractionURIs" : [
      "spotify:track:3KhwEuqLNjHfsKaBDo1yVh",
      "spotify:track:0GWNtMohuYUEHVZ40tcnHF"
    ]
  },
  {
    "platform" : "ANDROID",
    "searchTime" : "2024-09-23T09:44:11.297Z[UTC]",
    "searchQuery" : "ggu",
    "searchInteractionURIs" : [
      "spotify:track:1QPV3QoWw3rRKPeYoX8kO8"
    ]
  },
  {
    "platform" : "ANDROID",
    "searchTime" : "2024-09-23T12:38:04.407Z[UTC]",
    "searchQuery" : "dea",
    "searchInteractionURIs" : [
    ]
  },
  {
    "platform" : "ANDROID",
    "searchTime" : "2024-09-23T12:38:10.911Z[UTC]",
    "searchQuery" : "dpr",
    "searchInteractionURIs" : [
      "spotify:artist:2o8gT0fQmFxGNbowbdgeZe"
    ]
  },
  {
    "platform" : "ANDROID",
    "searchTime" : "2024-09-24T13:07:25.053Z[UTC]",
    "searchQuery" : "comme ils",
    "searchInteractionURIs" : [
      "spotify:search:comme+ils+disent"
    ]
  },
  {
    "platform" : "ANDROID",
    "searchTime" : "2024-09-24T13:07:25.870Z[UTC]",
    "searchQuery" : "comme ils disent",
    "searchInteractionURIs" : [
      "spotify:track:4Dnm41TOkYQhgciEVqAQlb"
    ]
  },
  {
    "platform" : "ANDROID",
    "searchTime" : "2024-09-25T13:22:41.859Z[UTC]",
    "searchQuery" : "dpr",
    "searchInteractionURIs" : [
      "spotify:search:dpr+ian"
    ]
  },
  {
    "platform" : "ANDROID",
    "searchTime" : "2024-09-25T13:22:42.783Z[UTC]",
    "searchQuery" : "dpr ian",
    "searchInteractionURIs" : [
      "spotify:artist:2o8gT0fQmFxGNbowbdgeZe"
    ]
  },
  {
    "platform" : "ANDROID",
    "searchTime" : "2024-09-26T13:53:29.640Z[UTC]",
    "searchQuery" : "absa",
    "searchInteractionURIs" : [
      "spotify:track:57L1woSNTIkHp8PVuHs2SE"
    ]
  },
  {
    "platform" : "ANDROID",
    "searchTime" : "2024-09-26T13:53:44.708Z[UTC]",
    "searchQuery" : "absalom",
    "searchInteractionURIs" : [
      "spotify:search:absalom%2C+my+son"
    ]
  },
  {
    "platform" : "ANDROID",
    "searchTime" : "2024-09-26T13:53:47.811Z[UTC]",
    "searchQuery" : "absalom, my son",
    "searchInteractionURIs" : [
      "spotify:track:7ocSlrG7fW8cfXkx4EyUSM",
      "spotify:track:5IWOhA7CGuJkG6dwJdKqNc",
      "spotify:track:1AEzqcXmFpAhnNsZGyizsk",
      "spotify:playlist:2xfKTEnjQHbi2yW4NiiZDF"
    ]
  },
  {
    "platform" : "",
    "searchTime" : "2024-09-26T13:54:17.859Z[UTC]",
    "searchQuery" : "absalom, my son",
    "searchInteractionURIs" : [
    ]
  },
  {
    "platform" : "ANDROID",
    "searchTime" : "2024-09-26T14:02:19.428Z[UTC]",
    "searchQuery" : "choir",
    "searchInteractionURIs" : [
      "spotify:playlist:5CO9oLt8EwezJmpwl54guw",
      "spotify:playlist:4lZKjmgMzm4Br0flHtyfWA",
      "spotify:playlist:0Kyv1abMI9mrR1FeesBpyO",
      "spotify:playlist:5tN2UjJDji1zv37Cey3ijt"
    ]
  },
  {
    "platform" : "ANDROID",
    "searchTime" : "2024-09-26T14:03:41.321Z[UTC]",
    "searchQuery" : "choir game",
    "searchInteractionURIs" : [
      "spotify:playlist:11J5LxhgUvUB5rRkyOokGL"
    ]
  },
  {
    "platform" : "",
    "searchTime" : "2024-09-26T14:03:44.664Z[UTC]",
    "searchQuery" : "choir game",
    "searchInteractionURIs" : [
    ]
  },
  {
    "platform" : "",
    "searchTime" : "2024-09-26T18:55:13.907Z[UTC]",
    "searchQuery" : "choir ga",
    "searchInteractionURIs" : [
    ]
  },
  {
    "platform" : "",
    "searchTime" : "2024-09-26T18:55:13.931Z[UTC]",
    "searchQuery" : "choir ga",
    "searchInteractionURIs" : [
    ]
  },
  {
    "platform" : "ANDROID",
    "searchTime" : "2024-09-26T18:55:14.861Z[UTC]",
    "searchQuery" : "choir game",
    "searchInteractionURIs" : [
      "spotify:playlist:3SvTV6w9wwiQOcpNK0q3mm",
      "spotify:album:3bBCofH4VxHokZ6fRCgbGx",
      "spotify:playlist:3SvTV6w9wwiQOcpNK0q3mm"
    ]
  },
  {
    "platform" : "",
    "searchTime" : "2024-09-26T18:56:16.143Z[UTC]",
    "searchQuery" : "el",
    "searchInteractionURIs" : [
    ]
  },
  {
    "platform" : "",
    "searchTime" : "2024-09-26T18:56:16.163Z[UTC]",
    "searchQuery" : "e",
    "searchInteractionURIs" : [
    ]
  },
  {
    "platform" : "",
    "searchTime" : "2024-09-26T18:56:16.220Z[UTC]",
    "searchQuery" : "e",
    "searchInteractionURIs" : [
    ]
  },
  {
    "platform" : "",
    "searchTime" : "2024-09-26T18:56:16.230Z[UTC]",
    "searchQuery" : "el",
    "searchInteractionURIs" : [
    ]
  },
  {
    "platform" : "",
    "searchTime" : "2024-09-26T18:56:16.410Z[UTC]",
    "searchQuery" : "elden r",
    "searchInteractionURIs" : [
    ]
  },
  {
    "platform" : "",
    "searchTime" : "2024-09-26T18:56:16.414Z[UTC]",
    "searchQuery" : "elden ",
    "searchInteractionURIs" : [
    ]
  },
  {
    "platform" : "",
    "searchTime" : "2024-09-26T18:56:16.414Z[UTC]",
    "searchQuery" : "elde",
    "searchInteractionURIs" : [
    ]
  },
  {
    "platform" : "",
    "searchTime" : "2024-09-26T18:56:16.453Z[UTC]",
    "searchQuery" : "elde",
    "searchInteractionURIs" : [
    ]
  },
  {
    "platform" : "",
    "searchTime" : "2024-09-26T18:56:16.454Z[UTC]",
    "searchQuery" : "elden ",
    "searchInteractionURIs" : [
    ]
  },
  {
    "platform" : "",
    "searchTime" : "2024-09-26T18:56:16.488Z[UTC]",
    "searchQuery" : "elden r",
    "searchInteractionURIs" : [
    ]
  },
  {
    "platform" : "ANDROID",
    "searchTime" : "2024-09-26T18:56:17.379Z[UTC]",
    "searchQuery" : "elden ring",
    "searchInteractionURIs" : [
      "spotify:album:2gCFzRRO5acruR4y4QhIuI",
      "spotify:playlist:7xJw8SCtITm64xepFi6yof"
    ]
  },
  {
    "platform" : "ANDROID",
    "searchTime" : "2024-09-26T20:02:28.296Z[UTC]",
    "searchQuery" : "out of wpac",
    "searchInteractionURIs" : [
      "spotify:track:37m2khXl5lnBzicq1mGoZG",
      "spotify:track:7a7W0Ki2ulwA0CNbTxJWZG"
    ]
  },
  {
    "platform" : "ANDROID",
    "searchTime" : "2024-09-27T20:59:41.308Z[UTC]",
    "searchQuery" : "vill",
    "searchInteractionURIs" : [
      "spotify:track:6adPuBjUw3Zh6wK27d8Rgv"
    ]
  },
  {
    "platform" : "ANDROID",
    "searchTime" : "2024-09-27T20:59:57.806Z[UTC]",
    "searchQuery" : "villain gg",
    "searchInteractionURIs" : [
      "spotify:track:3FuL8QGYM7NWj9YWFCEc5W"
    ]
  },
  {
    "platform" : "ANDROID",
    "searchTime" : "2024-09-27T21:06:10.831Z[UTC]",
    "searchQuery" : "huolu",
    "searchInteractionURIs" : [
    ]
  },
  {
    "platform" : "ANDROID",
    "searchTime" : "2024-09-27T21:06:22.179Z[UTC]",
    "searchQuery" : "hikku",
    "searchInteractionURIs" : [
    ]
  },
  {
    "platform" : "ANDROID",
    "searchTime" : "2024-09-27T21:06:24.492Z[UTC]",
    "searchQuery" : "hikk",
    "searchInteractionURIs" : [
      "spotify:track:0ElXYsrJvTnUDyDpwVeEP3"
    ]
  },
  {
    "platform" : "ANDROID",
    "searchTime" : "2024-09-27T21:06:36.519Z[UTC]",
    "searchQuery" : "soso",
    "searchInteractionURIs" : [
      "spotify:search:soso",
      "spotify:track:3SSvulbo5beqzHl0cBsD5O",
      "spotify:track:3SSvulbo5beqzHl0cBsD5O"
    ]
  },
  {
    "platform" : "",
    "searchTime" : "2024-09-29T18:59:16.834Z[UTC]",
    "searchQuery" : "e",
    "searchInteractionURIs" : [
    ]
  },
  {
    "platform" : "",
    "searchTime" : "2024-09-29T18:59:16.884Z[UTC]",
    "searchQuery" : "e",
    "searchInteractionURIs" : [
    ]
  },
  {
    "platform" : "",
    "searchTime" : "2024-09-29T18:59:17.042Z[UTC]",
    "searchQuery" : "el",
    "searchInteractionURIs" : [
    ]
  },
  {
    "platform" : "",
    "searchTime" : "2024-09-29T18:59:17.102Z[UTC]",
    "searchQuery" : "el",
    "searchInteractionURIs" : [
    ]
  },
  {
    "platform" : "",
    "searchTime" : "2024-09-29T18:59:17.161Z[UTC]",
    "searchQuery" : "ele",
    "searchInteractionURIs" : [
    ]
  },
  {
    "platform" : "",
    "searchTime" : "2024-09-29T18:59:17.212Z[UTC]",
    "searchQuery" : "ele",
    "searchInteractionURIs" : [
    ]
  },
  {
    "platform" : "",
    "searchTime" : "2024-09-29T18:59:17.356Z[UTC]",
    "searchQuery" : "elev",
    "searchInteractionURIs" : [
    ]
  },
  {
    "platform" : "",
    "searchTime" : "2024-09-29T18:59:17.413Z[UTC]",
    "searchQuery" : "elev",
    "searchInteractionURIs" : [
    ]
  },
  {
    "platform" : "",
    "searchTime" : "2024-09-29T18:59:17.568Z[UTC]",
    "searchQuery" : "eleva",
    "searchInteractionURIs" : [
    ]
  },
  {
    "platform" : "",
    "searchTime" : "2024-09-29T18:59:17.611Z[UTC]",
    "searchQuery" : "eleva",
    "searchInteractionURIs" : [
    ]
  },
  {
    "platform" : "",
    "searchTime" : "2024-09-29T18:59:17.688Z[UTC]",
    "searchQuery" : "elevat",
    "searchInteractionURIs" : [
    ]
  },
  {
    "platform" : "",
    "searchTime" : "2024-09-29T18:59:17.720Z[UTC]",
    "searchQuery" : "elevat",
    "searchInteractionURIs" : [
    ]
  },
  {
    "platform" : "",
    "searchTime" : "2024-09-29T18:59:17.939Z[UTC]",
    "searchQuery" : "elevato",
    "searchInteractionURIs" : [
    ]
  },
  {
    "platform" : "",
    "searchTime" : "2024-09-29T18:59:17.973Z[UTC]",
    "searchQuery" : "elevato",
    "searchInteractionURIs" : [
    ]
  },
  {
    "platform" : "",
    "searchTime" : "2024-09-29T18:59:18.109Z[UTC]",
    "searchQuery" : "elevator",
    "searchInteractionURIs" : [
    ]
  },
  {
    "platform" : "",
    "searchTime" : "2024-09-29T18:59:18.142Z[UTC]",
    "searchQuery" : "elevator",
    "searchInteractionURIs" : [
    ]
  },
  {
    "platform" : "",
    "searchTime" : "2024-09-29T18:59:18.292Z[UTC]",
    "searchQuery" : "elevator ",
    "searchInteractionURIs" : [
    ]
  },
  {
    "platform" : "",
    "searchTime" : "2024-09-29T18:59:18.327Z[UTC]",
    "searchQuery" : "elevator ",
    "searchInteractionURIs" : [
    ]
  },
  {
    "platform" : "",
    "searchTime" : "2024-09-29T18:59:18.530Z[UTC]",
    "searchQuery" : "elevator m",
    "searchInteractionURIs" : [
    ]
  },
  {
    "platform" : "",
    "searchTime" : "2024-09-29T18:59:18.547Z[UTC]",
    "searchQuery" : "elevator m",
    "searchInteractionURIs" : [
    ]
  },
  {
    "platform" : "",
    "searchTime" : "2024-09-29T18:59:18.708Z[UTC]",
    "searchQuery" : "elevator ma",
    "searchInteractionURIs" : [
    ]
  },
  {
    "platform" : "",
    "searchTime" : "2024-09-29T18:59:18.761Z[UTC]",
    "searchQuery" : "elevator ma",
    "searchInteractionURIs" : [
    ]
  },
  {
    "platform" : "",
    "searchTime" : "2024-09-29T18:59:19.069Z[UTC]",
    "searchQuery" : "elevator man",
    "searchInteractionURIs" : [
    ]
  },
  {
    "platform" : "",
    "searchTime" : "2024-09-29T18:59:19.089Z[UTC]",
    "searchQuery" : "elevator man",
    "searchInteractionURIs" : [
    ]
  },
  {
    "platform" : "ANDROID",
    "searchTime" : "2024-09-30T18:45:05.116Z[UTC]",
    "searchQuery" : "itoke",
    "searchInteractionURIs" : [
      "spotify:track:6scErVzEb9MrpaMQCeTFld"
    ]
  },
  {
    "platform" : "",
    "searchTime" : "2024-10-01T18:41:24.520Z[UTC]",
    "searchQuery" : "n",
    "searchInteractionURIs" : [
    ]
  },
  {
    "platform" : "",
    "searchTime" : "2024-10-01T18:41:24.557Z[UTC]",
    "searchQuery" : "n",
    "searchInteractionURIs" : [
    ]
  },
  {
    "platform" : "",
    "searchTime" : "2024-10-01T18:41:25.718Z[UTC]",
    "searchQuery" : "nise",
    "searchInteractionURIs" : [
    ]
  },
  {
    "platform" : "",
    "searchTime" : "2024-10-01T18:41:25.791Z[UTC]",
    "searchQuery" : "nise",
    "searchInteractionURIs" : [
    ]
  },
  {
    "platform" : "ANDROID",
    "searchTime" : "2024-10-01T18:41:28.706Z[UTC]",
    "searchQuery" : "nisek",
    "searchInteractionURIs" : [
      "spotify:track:1CuCtAmIi4Gjk3q9wkWOKw"
    ]
  },
  {
    "platform" : "ANDROID_ARM",
    "searchTime" : "2024-10-02T21:01:51.366Z[UTC]",
    "searchQuery" : "ver",
    "searchInteractionURIs" : [
    ]
  },
  {
    "platform" : "ANDROID",
    "searchTime" : "2024-10-02T21:01:53.162Z[UTC]",
    "searchQuery" : "vergess",
    "searchInteractionURIs" : [
      "spotify:track:30HaVPu7OH8dL9TFUD4WQa"
    ]
  },
  {
    "platform" : "ANDROID",
    "searchTime" : "2024-10-04T05:44:32.319Z[UTC]",
    "searchQuery" : "ajugetsu",
    "searchInteractionURIs" : [
      "spotify:artist:5lMia1loNJEa8ofqQkKFAp",
      "spotify:track:0Jbn3kpwZDsDU1jliYkb4o",
      "spotify:track:70vupbab98AoIaYXCAe3IT",
      "spotify:track:5ble36zeL8dRLXuI2EhMPc",
      "spotify:episode:2mLS4TahIMCf7TeAuUaLdi"
    ]
  },
  {
    "platform" : "ANDROID",
    "searchTime" : "2024-10-04T14:32:54.797Z[UTC]",
    "searchQuery" : "akugetsu",
    "searchInteractionURIs" : [
      "spotify:track:70vupbab98AoIaYXCAe3IT"
    ]
  },
  {
    "platform" : "ANDROID",
    "searchTime" : "2024-10-04T16:36:04.065Z[UTC]",
    "searchQuery" : "akugetsu",
    "searchInteractionURIs" : [
      "spotify:artist:5lMia1loNJEa8ofqQkKFAp",
      "spotify:playlist:2Qh5b9hd3cCal6GDsa4FHl"
    ]
  },
  {
    "platform" : "ANDROID",
    "searchTime" : "2024-10-04T17:34:51.683Z[UTC]",
    "searchQuery" : "akugetsu",
    "searchInteractionURIs" : [
      "spotify:track:2ltpz0N6g4A7TwwLFk9biF",
      "spotify:playlist:3eE7auEhxOAGwNnW2h26WU",
      "spotify:track:70vupbab98AoIaYXCAe3IT"
    ]
  },
  {
    "platform" : "",
    "searchTime" : "2024-10-05T22:12:55.402Z[UTC]",
    "searchQuery" : "i",
    "searchInteractionURIs" : [
    ]
  },
  {
    "platform" : "",
    "searchTime" : "2024-10-05T22:12:55.459Z[UTC]",
    "searchQuery" : "i",
    "searchInteractionURIs" : [
    ]
  },
  {
    "platform" : "ANDROID_ARM",
    "searchTime" : "2024-10-05T22:12:55.883Z[UTC]",
    "searchQuery" : "ib",
    "searchInteractionURIs" : [
    ]
  },
  {
    "platform" : "",
    "searchTime" : "2024-10-05T22:12:55.895Z[UTC]",
    "searchQuery" : "ibe",
    "searchInteractionURIs" : [
    ]
  },
  {
    "platform" : "",
    "searchTime" : "2024-10-05T22:12:55.933Z[UTC]",
    "searchQuery" : "ibe",
    "searchInteractionURIs" : [
    ]
  },
  {
    "platform" : "",
    "searchTime" : "2024-10-05T22:12:56.161Z[UTC]",
    "searchQuery" : "iber",
    "searchInteractionURIs" : [
    ]
  },
  {
    "platform" : "",
    "searchTime" : "2024-10-05T22:12:56.314Z[UTC]",
    "searchQuery" : "iber",
    "searchInteractionURIs" : [
    ]
  },
  {
    "platform" : "",
    "searchTime" : "2024-10-05T22:12:56.355Z[UTC]",
    "searchQuery" : "ibers",
    "searchInteractionURIs" : [
    ]
  },
  {
    "platform" : "",
    "searchTime" : "2024-10-05T22:12:56.419Z[UTC]",
    "searchQuery" : "ibers",
    "searchInteractionURIs" : [
    ]
  },
  {
    "platform" : "",
    "searchTime" : "2024-10-05T22:12:56.852Z[UTC]",
    "searchQuery" : "iberso",
    "searchInteractionURIs" : [
    ]
  },
  {
    "platform" : "",
    "searchTime" : "2024-10-05T22:12:56.877Z[UTC]",
    "searchQuery" : "iberso",
    "searchInteractionURIs" : [
    ]
  },
  {
    "platform" : "",
    "searchTime" : "2024-10-05T22:12:56.879Z[UTC]",
    "searchQuery" : "iverso",
    "searchInteractionURIs" : [
    ]
  },
  {
    "platform" : "",
    "searchTime" : "2024-10-05T22:12:57.015Z[UTC]",
    "searchQuery" : "ibersod",
    "searchInteractionURIs" : [
    ]
  },
  {
    "platform" : "",
    "searchTime" : "2024-10-05T22:12:57.019Z[UTC]",
    "searchQuery" : "ibersod",
    "searchInteractionURIs" : [
    ]
  },
  {
    "platform" : "",
    "searchTime" : "2024-10-05T22:12:57.236Z[UTC]",
    "searchQuery" : "ibersode",
    "searchInteractionURIs" : [
    ]
  },
  {
    "platform" : "",
    "searchTime" : "2024-10-05T22:12:57.243Z[UTC]",
    "searchQuery" : "ibersode",
    "searchInteractionURIs" : [
    ]
  },
  {
    "platform" : "",
    "searchTime" : "2024-10-05T22:12:59.374Z[UTC]",
    "searchQuery" : "overdose ",
    "searchInteractionURIs" : [
    ]
  },
  {
    "platform" : "",
    "searchTime" : "2024-10-05T22:12:59.408Z[UTC]",
    "searchQuery" : "overdose ",
    "searchInteractionURIs" : [
    ]
  },
  {
    "platform" : "ANDROID",
    "searchTime" : "2024-10-06T09:44:40.857Z[UTC]",
    "searchQuery" : "one ok",
    "searchInteractionURIs" : [
      "spotify:artist:7k73EtZwoPs516ZxE72KsO"
    ]
  },
  {
    "platform" : "",
    "searchTime" : "2024-10-06T18:09:36.054Z[UTC]",
    "searchQuery" : "un",
    "searchInteractionURIs" : [
    ]
  },
  {
    "platform" : "",
    "searchTime" : "2024-10-06T18:09:36.059Z[UTC]",
    "searchQuery" : "u",
    "searchInteractionURIs" : [
    ]
  },
  {
    "platform" : "",
    "searchTime" : "2024-10-06T18:09:36.128Z[UTC]",
    "searchQuery" : "un",
    "searchInteractionURIs" : [
    ]
  },
  {
    "platform" : "",
    "searchTime" : "2024-10-06T18:09:36.147Z[UTC]",
    "searchQuery" : "u",
    "searchInteractionURIs" : [
    ]
  },
  {
    "platform" : "ANDROID",
    "searchTime" : "2024-10-06T18:09:37.323Z[UTC]",
    "searchQuery" : "uno",
    "searchInteractionURIs" : [
      "spotify:track:5WWqFzCfyRzT8lwIGhgEMI"
    ]
  },
  {
    "platform" : "ANDROID",
    "searchTime" : "2024-10-06T18:18:00.099Z[UTC]",
    "searchQuery" : "sleep",
    "searchInteractionURIs" : [
      "spotify:artist:2n2RSaZqBuUUukhbLlpnE6"
    ]
  },
  {
    "platform" : "",
    "searchTime" : "2024-10-07T06:18:36.117Z[UTC]",
    "searchQuery" : "alien stag",
    "searchInteractionURIs" : [
    ]
  },
  {
    "platform" : "",
    "searchTime" : "2024-10-07T06:18:36.133Z[UTC]",
    "searchQuery" : "alien stag",
    "searchInteractionURIs" : [
    ]
  },
  {
    "platform" : "ANDROID",
    "searchTime" : "2024-10-07T06:18:40.072Z[UTC]",
    "searchQuery" : "alien stage cove",
    "searchInteractionURIs" : [
    ]
  },
  {
    "platform" : "",
    "searchTime" : "2024-10-07T06:18:40.146Z[UTC]",
    "searchQuery" : "alien stage co",
    "searchInteractionURIs" : [
    ]
  },
  {
    "platform" : "",
    "searchTime" : "2024-10-07T06:18:40.182Z[UTC]",
    "searchQuery" : "alien stage co",
    "searchInteractionURIs" : [
    ]
  },
  {
    "platform" : "ANDROID",
    "searchTime" : "2024-10-09T16:45:11.706Z[UTC]",
    "searchQuery" : "vertigo",
    "searchInteractionURIs" : [
      "spotify:search:vertigo+vinyl"
    ]
  },
  {
    "platform" : "ANDROID",
    "searchTime" : "2024-10-09T16:45:13.722Z[UTC]",
    "searchQuery" : "vertigo vinyl",
    "searchInteractionURIs" : [
      "spotify:user:31pvjtvgxtz7nbcszyn73x5eui6i"
    ]
  },
  {
    "platform" : "ANDROID",
    "searchTime" : "2024-10-09T21:04:35.282Z[UTC]",
    "searchQuery" : "akug",
    "searchInteractionURIs" : [
      "spotify:search:akugetsu"
    ]
  },
  {
    "platform" : "ANDROID",
    "searchTime" : "2024-10-09T21:04:36.221Z[UTC]",
    "searchQuery" : "akugetsu",
    "searchInteractionURIs" : [
      "spotify:artist:5lMia1loNJEa8ofqQkKFAp",
      "spotify:artist:5lMia1loNJEa8ofqQkKFAp"
    ]
  },
  {
    "platform" : "ANDROID",
    "searchTime" : "2024-10-09T21:29:01.121Z[UTC]",
    "searchQuery" : "alien",
    "searchInteractionURIs" : [
      "spotify:search:alien+stage"
    ]
  },
  {
    "platform" : "ANDROID",
    "searchTime" : "2024-10-09T21:29:02.459Z[UTC]",
    "searchQuery" : "alien stage",
    "searchInteractionURIs" : [
      "spotify:playlist:2wyNqBiemh8qUTl2ZAIixj"
    ]
  },
  {
    "platform" : "",
    "searchTime" : "2024-10-11T07:45:45.305Z[UTC]",
    "searchQuery" : "sch",
    "searchInteractionURIs" : [
    ]
  },
  {
    "platform" : "",
    "searchTime" : "2024-10-11T07:45:45.306Z[UTC]",
    "searchQuery" : "sc",
    "searchInteractionURIs" : [
    ]
  },
  {
    "platform" : "",
    "searchTime" : "2024-10-11T07:45:45.307Z[UTC]",
    "searchQuery" : "s",
    "searchInteractionURIs" : [
    ]
  },
  {
    "platform" : "",
    "searchTime" : "2024-10-11T07:45:45.348Z[UTC]",
    "searchQuery" : "sc",
    "searchInteractionURIs" : [
    ]
  },
  {
    "platform" : "",
    "searchTime" : "2024-10-11T07:45:45.355Z[UTC]",
    "searchQuery" : "sch",
    "searchInteractionURIs" : [
    ]
  },
  {
    "platform" : "",
    "searchTime" : "2024-10-11T07:45:45.391Z[UTC]",
    "searchQuery" : "s",
    "searchInteractionURIs" : [
    ]
  },
  {
    "platform" : "",
    "searchTime" : "2024-10-11T07:45:50.166Z[UTC]",
    "searchQuery" : "school ",
    "searchInteractionURIs" : [
    ]
  },
  {
    "platform" : "",
    "searchTime" : "2024-10-11T07:45:50.205Z[UTC]",
    "searchQuery" : "school ",
    "searchInteractionURIs" : [
    ]
  },
  {
    "platform" : "ANDROID_ARM",
    "searchTime" : "2024-10-11T07:45:50.427Z[UTC]",
    "searchQuery" : "school c",
    "searchInteractionURIs" : [
    ]
  },
  {
    "platform" : "",
    "searchTime" : "2024-10-11T07:45:51.290Z[UTC]",
    "searchQuery" : "school clu",
    "searchInteractionURIs" : [
    ]
  },
  {
    "platform" : "",
    "searchTime" : "2024-10-11T07:45:51.325Z[UTC]",
    "searchQuery" : "school clu",
    "searchInteractionURIs" : [
    ]
  },
  {
    "platform" : "ANDROID",
    "searchTime" : "2024-10-11T07:45:56.102Z[UTC]",
    "searchQuery" : "school club",
    "searchInteractionURIs" : [
    ]
  },
  {
    "platform" : "",
    "searchTime" : "2024-10-11T08:56:37.381Z[UTC]",
    "searchQuery" : "f",
    "searchInteractionURIs" : [
    ]
  },
  {
    "platform" : "",
    "searchTime" : "2024-10-11T08:56:37.431Z[UTC]",
    "searchQuery" : "f",
    "searchInteractionURIs" : [
    ]
  },
  {
    "platform" : "",
    "searchTime" : "2024-10-11T08:56:37.601Z[UTC]",
    "searchQuery" : "fm",
    "searchInteractionURIs" : [
    ]
  },
  {
    "platform" : "",
    "searchTime" : "2024-10-11T08:56:37.642Z[UTC]",
    "searchQuery" : "fm",
    "searchInteractionURIs" : [
    ]
  },
  {
    "platform" : "ANDROID",
    "searchTime" : "2024-10-11T08:56:40.062Z[UTC]",
    "searchQuery" : "fma",
    "searchInteractionURIs" : [
      "spotify:search:fma+brotherhood"
    ]
  },
  {
    "platform" : "ANDROID",
    "searchTime" : "2024-10-11T08:56:45.714Z[UTC]",
    "searchQuery" : "fma",
    "searchInteractionURIs" : [
      "spotify:playlist:2BCu1s6qUau0LN1iRDK0GW"
    ]
  },
  {
    "platform" : "ANDROID",
    "searchTime" : "2024-10-11T09:54:03.609Z[UTC]",
    "searchQuery" : "chap",
    "searchInteractionURIs" : [
      "spotify:search:chappell+roan"
    ]
  },
  {
    "platform" : "ANDROID",
    "searchTime" : "2024-10-11T09:54:04.629Z[UTC]",
    "searchQuery" : "chappell roan",
    "searchInteractionURIs" : [
      "spotify:artist:7GlBOeep6PqTfFi59PTUUN"
    ]
  },
  {
    "platform" : "ANDROID",
    "searchTime" : "2024-10-11T10:08:02.604Z[UTC]",
    "searchQuery" : "36",
    "searchInteractionURIs" : [
      "spotify:track:5h68SoVFGleijCtjEja3xG"
    ]
  },
  {
    "platform" : "",
    "searchTime" : "2024-10-13T17:58:26.812Z[UTC]",
    "searchQuery" : "sle",
    "searchInteractionURIs" : [
    ]
  },
  {
    "platform" : "",
    "searchTime" : "2024-10-13T17:58:26.874Z[UTC]",
    "searchQuery" : "sle",
    "searchInteractionURIs" : [
    ]
  },
  {
    "platform" : "ANDROID",
    "searchTime" : "2024-10-13T17:58:28.197Z[UTC]",
    "searchQuery" : "sleep",
    "searchInteractionURIs" : [
      "spotify:artist:2n2RSaZqBuUUukhbLlpnE6"
    ]
  },
  {
    "platform" : "",
    "searchTime" : "2024-10-16T17:02:15.472Z[UTC]",
    "searchQuery" : "yo",
    "searchInteractionURIs" : [
    ]
  },
  {
    "platform" : "",
    "searchTime" : "2024-10-16T17:02:15.563Z[UTC]",
    "searchQuery" : "yo",
    "searchInteractionURIs" : [
    ]
  },
  {
    "platform" : "",
    "searchTime" : "2024-10-16T17:02:15.781Z[UTC]",
    "searchQuery" : "y",
    "searchInteractionURIs" : [
    ]
  },
  {
    "platform" : "",
    "searchTime" : "2024-10-16T17:02:15.864Z[UTC]",
    "searchQuery" : "y",
    "searchInteractionURIs" : [
    ]
  },
  {
    "platform" : "",
    "searchTime" : "2024-10-16T17:02:18.434Z[UTC]",
    "searchQuery" : "o",
    "searchInteractionURIs" : [
    ]
  },
  {
    "platform" : "",
    "searchTime" : "2024-10-16T17:02:18.510Z[UTC]",
    "searchQuery" : "o",
    "searchInteractionURIs" : [
    ]
  },
  {
    "platform" : "ANDROID_ARM",
    "searchTime" : "2024-10-16T17:02:18.628Z[UTC]",
    "searchQuery" : "oo",
    "searchInteractionURIs" : [
    ]
  },
  {
    "platform" : "ANDROID",
    "searchTime" : "2024-10-16T17:02:23.248Z[UTC]",
    "searchQuery" : "lous",
    "searchInteractionURIs" : [
      "spotify:search:lous+and+the+yakuza"
    ]
  },
  {
    "platform" : "ANDROID",
    "searchTime" : "2024-10-16T17:02:32.753Z[UTC]",
    "searchQuery" : "lous and the yakuza",
    "searchInteractionURIs" : [
      "spotify:artist:2HPiMwJktBXqakN0hnON2R"
    ]
  },
  {
    "platform" : "ANDROID",
    "searchTime" : "2024-10-19T09:53:12.359Z[UTC]",
    "searchQuery" : "kent wata",
    "searchInteractionURIs" : [
      "spotify:track:76ocuQolXhJ8bqWnAXOW9b",
      "spotify:track:2jjyBiCUi4ahwWEK0st0dA"
    ]
  },
  {
    "platform" : "",
    "searchTime" : "2024-10-19T18:57:44.090Z[UTC]",
    "searchQuery" : "q",
    "searchInteractionURIs" : [
    ]
  },
  {
    "platform" : "",
    "searchTime" : "2024-10-19T18:57:44.159Z[UTC]",
    "searchQuery" : "q",
    "searchInteractionURIs" : [
    ]
  },
  {
    "platform" : "ANDROID",
    "searchTime" : "2024-10-19T18:57:46.855Z[UTC]",
    "searchQuery" : "armag",
    "searchInteractionURIs" : [
      "spotify:search:armageddon"
    ]
  },
  {
    "platform" : "ANDROID",
    "searchTime" : "2024-10-19T18:57:47.635Z[UTC]",
    "searchQuery" : "armageddon",
    "searchInteractionURIs" : [
      "spotify:track:6i8MbzVn4nzyjUcSoVcz7B"
    ]
  },
  {
    "platform" : "",
    "searchTime" : "2024-10-19T19:01:01.565Z[UTC]",
    "searchQuery" : "armageddon",
    "searchInteractionURIs" : [
    ]
  },
  {
    "platform" : "",
    "searchTime" : "2024-10-19T19:04:46.366Z[UTC]",
    "searchQuery" : "armageddon",
    "searchInteractionURIs" : [
    ]
  },
  {
    "platform" : "ANDROID",
    "searchTime" : "2024-10-19T19:04:55.582Z[UTC]",
    "searchQuery" : "tech",
    "searchInteractionURIs" : [
      "spotify:playlist:5DutDksCDPMirP40odZ0gf",
      "spotify:playlist:0CEjGvODnAADd5GxhoJGE8",
      "spotify:playlist:37i9dQZF1EIeKh45OZ1ylm",
      "spotify:playlist:5DutDksCDPMirP40odZ0gf"
    ]
  },
  {
    "platform" : "ANDROID",
    "searchTime" : "2024-10-19T19:23:12.097Z[UTC]",
    "searchQuery" : "tech opera",
    "searchInteractionURIs" : [
      "spotify:playlist:37i9dQZF1EIhJZZFBMT3kf",
      "spotify:playlist:5CACkAOiOeHJlEIaJk6PmE"
    ]
  },
  {
    "platform" : "ANDROID",
    "searchTime" : "2024-10-19T19:24:37.760Z[UTC]",
    "searchQuery" : "corpse",
    "searchInteractionURIs" : [
      "spotify:search:corpse"
    ]
  },
  {
    "platform" : "ANDROID",
    "searchTime" : "2024-10-19T19:24:39.157Z[UTC]",
    "searchQuery" : "corpse",
    "searchInteractionURIs" : [
      "spotify:artist:7yntSJ6uojO3z6GFUVwhAW"
    ]
  },
  {
    "platform" : "ANDROID",
    "searchTime" : "2024-10-20T14:05:39.077Z[UTC]",
    "searchQuery" : "ako",
    "searchInteractionURIs" : [
      "spotify:artist:4ckGkK52pqm5j41Voz7lg4"
    ]
  },
  {
    "platform" : "",
    "searchTime" : "2024-10-20T16:23:46.537Z[UTC]",
    "searchQuery" : "do",
    "searchInteractionURIs" : [
    ]
  },
  {
    "platform" : "",
    "searchTime" : "2024-10-20T16:23:46.612Z[UTC]",
    "searchQuery" : "do",
    "searchInteractionURIs" : [
    ]
  },
  {
    "platform" : "ANDROID",
    "searchTime" : "2024-10-20T16:23:49.856Z[UTC]",
    "searchQuery" : "dpr",
    "searchInteractionURIs" : [
      "spotify:playlist:37i9dQZF1DZ06evO1mEDe0"
    ]
  },
  {
    "platform" : "ANDROID",
    "searchTime" : "2024-10-20T16:49:12.299Z[UTC]",
    "searchQuery" : "who's your ",
    "searchInteractionURIs" : [
      "spotify:track:3tn5eJxxrG6RmKQcxRaCXG",
      "spotify:track:3tn5eJxxrG6RmKQcxRaCXG",
      "spotify:track:3kwFQTlQEbGgrrx69rS072"
    ]
  },
  {
    "platform" : "ANDROID",
    "searchTime" : "2024-10-20T17:44:54.798Z[UTC]",
    "searchQuery" : "jln",
    "searchInteractionURIs" : [
    ]
  },
  {
    "platform" : "ANDROID",
    "searchTime" : "2024-10-20T17:44:58.207Z[UTC]",
    "searchQuery" : "jms",
    "searchInteractionURIs" : [
      "spotify:artist:6HCkJzbswOIc7Qc5TJ1n5l"
    ]
  },
  {
    "platform" : "ANDROID",
    "searchTime" : "2024-10-21T05:29:03.174Z[UTC]",
    "searchQuery" : "apt",
    "searchInteractionURIs" : [
      "spotify:track:5vNRhkKd0yEAg8suGBpjeY"
    ]
  },
  {
    "platform" : "ANDROID",
    "searchTime" : "2024-10-21T10:02:15.773Z[UTC]",
    "searchQuery" : "jenni",
    "searchInteractionURIs" : [
      "spotify:track:2CspwnypzT7rcWI9RfsoSb",
      "spotify:artist:250b0Wlc5Vk0CoUsaCY84M"
    ]
  },
  {
    "platform" : "ANDROID",
    "searchTime" : "2024-10-21T10:49:13.965Z[UTC]",
    "searchQuery" : "aespa",
    "searchInteractionURIs" : [
      "spotify:artist:6YVMFz59CuY7ngCxTxjpxE"
    ]
  },
  {
    "platform" : "",
    "searchTime" : "2024-10-21T19:05:54.495Z[UTC]",
    "searchQuery" : "d",
    "searchInteractionURIs" : [
    ]
  },
  {
    "platform" : "",
    "searchTime" : "2024-10-21T19:05:54.591Z[UTC]",
    "searchQuery" : "d",
    "searchInteractionURIs" : [
    ]
  },
  {
    "platform" : "",
    "searchTime" : "2024-10-21T19:05:55.299Z[UTC]",
    "searchQuery" : "f",
    "searchInteractionURIs" : [
    ]
  },
  {
    "platform" : "",
    "searchTime" : "2024-10-21T19:05:55.411Z[UTC]",
    "searchQuery" : "f",
    "searchInteractionURIs" : [
    ]
  },
  {
    "platform" : "",
    "searchTime" : "2024-10-21T19:05:55.473Z[UTC]",
    "searchQuery" : "fe",
    "searchInteractionURIs" : [
    ]
  },
  {
    "platform" : "",
    "searchTime" : "2024-10-21T19:05:55.530Z[UTC]",
    "searchQuery" : "feo",
    "searchInteractionURIs" : [
    ]
  },
  {
    "platform" : "",
    "searchTime" : "2024-10-21T19:05:55.558Z[UTC]",
    "searchQuery" : "fe",
    "searchInteractionURIs" : [
    ]
  },
  {
    "platform" : "",
    "searchTime" : "2024-10-21T19:05:55.594Z[UTC]",
    "searchQuery" : "feo",
    "searchInteractionURIs" : [
    ]
  },
  {
    "platform" : "",
    "searchTime" : "2024-10-21T19:05:55.754Z[UTC]",
    "searchQuery" : "feom",
    "searchInteractionURIs" : [
    ]
  },
  {
    "platform" : "",
    "searchTime" : "2024-10-21T19:05:55.811Z[UTC]",
    "searchQuery" : "feom",
    "searchInteractionURIs" : [
    ]
  },
  {
    "platform" : "",
    "searchTime" : "2024-10-21T19:05:55.979Z[UTC]",
    "searchQuery" : "feomi",
    "searchInteractionURIs" : [
    ]
  },
  {
    "platform" : "",
    "searchTime" : "2024-10-21T19:05:56.011Z[UTC]",
    "searchQuery" : "feomi",
    "searchInteractionURIs" : [
    ]
  },
  {
    "platform" : "",
    "searchTime" : "2024-10-21T19:05:56.134Z[UTC]",
    "searchQuery" : "feomis",
    "searchInteractionURIs" : [
    ]
  },
  {
    "platform" : "",
    "searchTime" : "2024-10-21T19:05:56.158Z[UTC]",
    "searchQuery" : "feomis",
    "searchInteractionURIs" : [
    ]
  },
  {
    "platform" : "",
    "searchTime" : "2024-10-21T19:05:56.195Z[UTC]",
    "searchQuery" : "fromis",
    "searchInteractionURIs" : [
    ]
  },
  {
    "platform" : "",
    "searchTime" : "2024-10-21T19:05:57.650Z[UTC]",
    "searchQuery" : "feomi",
    "searchInteractionURIs" : [
    ]
  },
  {
    "platform" : "",
    "searchTime" : "2024-10-21T19:05:57.687Z[UTC]",
    "searchQuery" : "feomi",
    "searchInteractionURIs" : [
    ]
  },
  {
    "platform" : "ANDROID_ARM",
    "searchTime" : "2024-10-21T19:05:59.341Z[UTC]",
    "searchQuery" : "fromis_9",
    "searchInteractionURIs" : [
    ]
  },
  {
    "platform" : "",
    "searchTime" : "2024-10-22T15:18:02.992Z[UTC]",
    "searchQuery" : "a",
    "searchInteractionURIs" : [
    ]
  },
  {
    "platform" : "",
    "searchTime" : "2024-10-22T15:18:03.067Z[UTC]",
    "searchQuery" : "a",
    "searchInteractionURIs" : [
    ]
  },
  {
    "platform" : "",
    "searchTime" : "2024-10-22T15:18:04.169Z[UTC]",
    "searchQuery" : "an",
    "searchInteractionURIs" : [
    ]
  },
  {
    "platform" : "",
    "searchTime" : "2024-10-22T15:18:04.223Z[UTC]",
    "searchQuery" : "an",
    "searchInteractionURIs" : [
    ]
  },
  {
    "platform" : "",
    "searchTime" : "2024-10-22T15:18:04.226Z[UTC]",
    "searchQuery" : "a",
    "searchInteractionURIs" : [
    ]
  },
  {
    "platform" : "",
    "searchTime" : "2024-10-22T15:18:04.289Z[UTC]",
    "searchQuery" : "a",
    "searchInteractionURIs" : [
    ]
  },
  {
    "platform" : "ANDROID",
    "searchTime" : "2024-10-22T15:18:04.653Z[UTC]",
    "searchQuery" : "and",
    "searchInteractionURIs" : [
    ]
  },
  {
    "platform" : "ANDROID",
    "searchTime" : "2024-10-22T15:18:06.856Z[UTC]",
    "searchQuery" : "team",
    "searchInteractionURIs" : [
      "spotify:artist:2xfxRiKxoHl5tI0MKyvqV7"
    ]
  },
  {
    "platform" : "",
    "searchTime" : "2024-10-23T18:36:05.483Z[UTC]",
    "searchQuery" : "i",
    "searchInteractionURIs" : [
    ]
  },
  {
    "platform" : "",
    "searchTime" : "2024-10-23T18:36:05.562Z[UTC]",
    "searchQuery" : "i",
    "searchInteractionURIs" : [
    ]
  },
  {
    "platform" : "",
    "searchTime" : "2024-10-23T18:36:05.766Z[UTC]",
    "searchQuery" : "im",
    "searchInteractionURIs" : [
    ]
  },
  {
    "platform" : "",
    "searchTime" : "2024-10-23T18:36:05.839Z[UTC]",
    "searchQuery" : "im",
    "searchInteractionURIs" : [
    ]
  },
  {
    "platform" : "",
    "searchTime" : "2024-10-23T18:36:06.020Z[UTC]",
    "searchQuery" : "imo",
    "searchInteractionURIs" : [
    ]
  },
  {
    "platform" : "",
    "searchTime" : "2024-10-23T18:36:06.071Z[UTC]",
    "searchQuery" : "imo",
    "searchInteractionURIs" : [
    ]
  },
  {
    "platform" : "",
    "searchTime" : "2024-10-23T18:36:07.024Z[UTC]",
    "searchQuery" : "imog",
    "searchInteractionURIs" : [
    ]
  },
  {
    "platform" : "",
    "searchTime" : "2024-10-23T18:36:07.081Z[UTC]",
    "searchQuery" : "imog",
    "searchInteractionURIs" : [
    ]
  },
  {
    "platform" : "",
    "searchTime" : "2024-10-23T18:36:07.213Z[UTC]",
    "searchQuery" : "imoge",
    "searchInteractionURIs" : [
    ]
  },
  {
    "platform" : "",
    "searchTime" : "2024-10-23T18:36:07.266Z[UTC]",
    "searchQuery" : "imoge",
    "searchInteractionURIs" : [
    ]
  },
  {
    "platform" : "",
    "searchTime" : "2024-10-23T18:36:07.373Z[UTC]",
    "searchQuery" : "imogen",
    "searchInteractionURIs" : [
    ]
  },
  {
    "platform" : "",
    "searchTime" : "2024-10-23T18:36:07.413Z[UTC]",
    "searchQuery" : "imogen",
    "searchInteractionURIs" : [
    ]
  },
  {
    "platform" : "",
    "searchTime" : "2024-10-23T18:36:07.566Z[UTC]",
    "searchQuery" : "imogen ",
    "searchInteractionURIs" : [
    ]
  },
  {
    "platform" : "",
    "searchTime" : "2024-10-23T18:36:07.612Z[UTC]",
    "searchQuery" : "imogen ",
    "searchInteractionURIs" : [
    ]
  },
  {
    "platform" : "",
    "searchTime" : "2024-10-23T18:36:07.856Z[UTC]",
    "searchQuery" : "imogen h",
    "searchInteractionURIs" : [
    ]
  },
  {
    "platform" : "",
    "searchTime" : "2024-10-23T18:36:07.917Z[UTC]",
    "searchQuery" : "imogen h",
    "searchInteractionURIs" : [
    ]
  },
  {
    "platform" : "ANDROID",
    "searchTime" : "2024-10-24T09:18:20.591Z[UTC]",
    "searchQuery" : "natori",
    "searchInteractionURIs" : [
      "spotify:artist:6WmXWHmfBMhupyIs8MSqtu",
      "spotify:track:389rEslJY9vh7TZemIA4y7"
    ]
  },
  {
    "platform" : "ANDROID",
    "searchTime" : "2024-10-25T09:44:41.419Z[UTC]",
    "searchQuery" : "my lay exo",
    "searchInteractionURIs" : [
      "spotify:track:1WAtCRhWvN7iR8rKyWEE3y",
      "spotify:track:7fK0csBoqbcgUuWGV0cpoD"
    ]
  },
  {
    "platform" : "ANDROID",
    "searchTime" : "2024-10-25T09:45:00.080Z[UTC]",
    "searchQuery" : "foower",
    "searchInteractionURIs" : [
      "spotify:track:7polyembHZBHwSveAXE4cX"
    ]
  },
  {
    "platform" : "",
    "searchTime" : "2024-10-25T13:25:00.971Z[UTC]",
    "searchQuery" : "a",
    "searchInteractionURIs" : [
    ]
  },
  {
    "platform" : "",
    "searchTime" : "2024-10-25T13:25:01.041Z[UTC]",
    "searchQuery" : "a",
    "searchInteractionURIs" : [
    ]
  },
  {
    "platform" : "ANDROID",
    "searchTime" : "2024-10-25T13:25:02.729Z[UTC]",
    "searchQuery" : "amien",
    "searchInteractionURIs" : [
      "spotify:playlist:2wyNqBiemh8qUTl2ZAIixj"
    ]
  },
  {
    "platform" : "ANDROID",
    "searchTime" : "2024-10-25T14:43:56.497Z[UTC]",
    "searchQuery" : "cistus",
    "searchInteractionURIs" : [
      "spotify:track:70vupbab98AoIaYXCAe3IT",
      "spotify:album:1Xe2umuhWw497NJtU6QiXA"
    ]
  },
  {
    "platform" : "ANDROID",
    "searchTime" : "2024-10-26T08:21:16.482Z[UTC]",
    "searchQuery" : "char",
    "searchInteractionURIs" : [
      "spotify:search:charli+xcx"
    ]
  },
  {
    "platform" : "ANDROID",
    "searchTime" : "2024-10-26T08:21:18.873Z[UTC]",
    "searchQuery" : "charli xcx",
    "searchInteractionURIs" : [
      "spotify:track:5h68SoVFGleijCtjEja3xG",
      "spotify:artist:25uiPmTg16RbhZWAqwLBy5"
    ]
  },
  {
    "platform" : "ANDROID",
    "searchTime" : "2024-10-26T09:22:53.653Z[UTC]",
    "searchQuery" : "chinese rnv",
    "searchInteractionURIs" : [
      "spotify:playlist:37i9dQZF1EIetCR3yOKQRA"
    ]
  },
  {
    "platform" : "",
    "searchTime" : "2024-10-26T09:24:20.124Z[UTC]",
    "searchQuery" : "r and b français",
    "searchInteractionURIs" : [
    ]
  },
  {
    "platform" : "",
    "searchTime" : "2024-10-26T09:24:20.125Z[UTC]",
    "searchQuery" : "r and b français",
    "searchInteractionURIs" : [
    ]
  },
  {
    "platform" : "ANDROID",
    "searchTime" : "2024-10-26T09:24:23.103Z[UTC]",
    "searchQuery" : "r and b français",
    "searchInteractionURIs" : [
      "spotify:playlist:4TyIK0EMh6L4Dn3N3zp5pf"
    ]
  },
  {
    "platform" : "",
    "searchTime" : "2024-10-26T09:25:45.137Z[UTC]",
    "searchQuery" : "r and b français",
    "searchInteractionURIs" : [
    ]
  },
  {
    "platform" : "",
    "searchTime" : "2024-10-26T09:25:55.784Z[UTC]",
    "searchQuery" : "r an b français",
    "searchInteractionURIs" : [
    ]
  },
  {
    "platform" : "",
    "searchTime" : "2024-10-26T09:25:55.786Z[UTC]",
    "searchQuery" : "r an b français",
    "searchInteractionURIs" : [
    ]
  },
  {
    "platform" : "",
    "searchTime" : "2024-10-26T09:25:55.926Z[UTC]",
    "searchQuery" : "r a b français",
    "searchInteractionURIs" : [
    ]
  },
  {
    "platform" : "",
    "searchTime" : "2024-10-26T09:25:55.932Z[UTC]",
    "searchQuery" : "r a b français",
    "searchInteractionURIs" : [
    ]
  },
  {
    "platform" : "ANDROID",
    "searchTime" : "2024-10-26T09:25:59.948Z[UTC]",
    "searchQuery" : "r n b français",
    "searchInteractionURIs" : [
      "spotify:playlist:3a9yodm1vqcU6JULLBeZeA"
    ]
  },
  {
    "platform" : "",
    "searchTime" : "2024-10-26T09:26:10.921Z[UTC]",
    "searchQuery" : "r n b français",
    "searchInteractionURIs" : [
    ]
  },
  {
    "platform" : "",
    "searchTime" : "2024-10-26T09:26:14.452Z[UTC]",
    "searchQuery" : "r n b français",
    "searchInteractionURIs" : [
    ]
  },
  {
    "platform" : "ANDROID_ARM",
    "searchTime" : "2024-10-26T09:26:18.474Z[UTC]",
    "searchQuery" : "japan",
    "searchInteractionURIs" : [
    ]
  },
  {
    "platform" : "ANDROID",
    "searchTime" : "2024-10-26T09:26:22.222Z[UTC]",
    "searchQuery" : "Japanese french ",
    "searchInteractionURIs" : [
      "spotify:playlist:4ASOgLkiSKKHz23vPR05je",
      "spotify:artist:6bDWAcdtVR3WHz2xtiIPUi"
    ]
  },
  {
    "platform" : "ANDROID",
    "searchTime" : "2024-10-27T09:37:28.281Z[UTC]",
    "searchQuery" : "mili",
    "searchInteractionURIs" : [
      "spotify:artist:0K05TDnN7xPwIHDOwD2YYs"
    ]
  },
  {
    "platform" : "ANDROID",
    "searchTime" : "2024-10-27T11:33:04.398Z[UTC]",
    "searchQuery" : "dreamer",
    "searchInteractionURIs" : [
      "spotify:track:59ScHwQ4PP0TRTJgG07PAW"
    ]
  },
  {
    "platform" : "ANDROID",
    "searchTime" : "2024-10-27T11:43:36.539Z[UTC]",
    "searchQuery" : "flo",
    "searchInteractionURIs" : [
      "spotify:track:7polyembHZBHwSveAXE4cX"
    ]
  },
  {
    "platform" : "ANDROID",
    "searchTime" : "2024-10-27T11:43:40.063Z[UTC]",
    "searchQuery" : "flo",
    "searchInteractionURIs" : [
      "spotify:track:7polyembHZBHwSveAXE4cX"
    ]
  },
  {
    "platform" : "ANDROID",
    "searchTime" : "2024-10-29T16:50:18.224Z[UTC]",
    "searchQuery" : "cult of ve",
    "searchInteractionURIs" : [
      "spotify:artist:2gBkcjCYEKisBVDaWyWY1W"
    ]
  },
  {
    "platform" : "ANDROID",
    "searchTime" : "2024-10-29T20:06:00.587Z[UTC]",
    "searchQuery" : "cult of veokk",
    "searchInteractionURIs" : [
    ]
  },
  {
    "platform" : "ANDROID",
    "searchTime" : "2024-10-29T20:06:04.990Z[UTC]",
    "searchQuery" : "dpr tou",
    "searchInteractionURIs" : [
      "spotify:playlist:0eqnJAzQZLWdezZsIxgpYJ",
      "spotify:playlist:2nFY5Ca0XnG8x1IsR7eKd1"
    ]
  },
  {
    "platform" : "ANDROID",
    "searchTime" : "2024-10-30T09:35:14.524Z[UTC]",
    "searchQuery" : "amar",
    "searchInteractionURIs" : [
      "spotify:search:amaranthe"
    ]
  },
  {
    "platform" : "ANDROID",
    "searchTime" : "2024-10-30T09:35:17.024Z[UTC]",
    "searchQuery" : "amaranthe",
    "searchInteractionURIs" : [
      "spotify:artist:2KaW48xlLnXC2v8tvyhWsa"
    ]
  },
  {
    "platform" : "ANDROID",
    "searchTime" : "2024-10-30T09:35:23.851Z[UTC]",
    "searchQuery" : "amara",
    "searchInteractionURIs" : [
      "spotify:album:2HyBkSZKcwqlBzpIIXrVPn"
    ]
  },
  {
    "platform" : "ANDROID",
    "searchTime" : "2024-10-30T10:44:15.163Z[UTC]",
    "searchQuery" : "sweet",
    "searchInteractionURIs" : [
      "spotify:search:sweet+dreams"
    ]
  },
  {
    "platform" : "",
    "searchTime" : "2024-10-30T10:44:16.312Z[UTC]",
    "searchQuery" : "sweet dreams",
    "searchInteractionURIs" : [
    ]
  },
  {
    "platform" : "",
    "searchTime" : "2024-10-30T10:44:19.025Z[UTC]",
    "searchQuery" : "sweet dreams a",
    "searchInteractionURIs" : [
    ]
  },
  {
    "platform" : "",
    "searchTime" : "2024-10-30T10:44:19.325Z[UTC]",
    "searchQuery" : "sweet dreams a",
    "searchInteractionURIs" : [
    ]
  },
  {
    "platform" : "ANDROID",
    "searchTime" : "2024-10-30T10:44:20.955Z[UTC]",
    "searchQuery" : "sweet dreams alien",
    "searchInteractionURIs" : [
      "spotify:playlist:2wyNqBiemh8qUTl2ZAIixj"
    ]
  },
  {
    "platform" : "ANDROID",
    "searchTime" : "2024-10-30T16:26:38.766Z[UTC]",
    "searchQuery" : "next level i",
    "searchInteractionURIs" : [
      "spotify:track:1OscRS80PF5n0hDkI9S1F2"
    ]
  },
  {
    "platform" : "ANDROID",
    "searchTime" : "2024-10-30T16:30:23.417Z[UTC]",
    "searchQuery" : "4 wa",
    "searchInteractionURIs" : [
      "spotify:track:2YkjXEab4USTV9uuAgC90E"
    ]
  },
  {
    "platform" : "ANDROID",
    "searchTime" : "2024-10-30T21:08:54.808Z[UTC]",
    "searchQuery" : "girly",
    "searchInteractionURIs" : [
      "spotify:artist:2lltcTYhaxOXcz3kbXgFB9"
    ]
  },
  {
    "platform" : "ANDROID",
    "searchTime" : "2024-10-30T22:56:41.562Z[UTC]",
    "searchQuery" : "te hn",
    "searchInteractionURIs" : [
      "spotify:search:techno"
    ]
  },
  {
    "platform" : "ANDROID",
    "searchTime" : "2024-10-30T22:56:43.647Z[UTC]",
    "searchQuery" : "techno",
    "searchInteractionURIs" : [
      "spotify:playlist:37i9dQZF1EIeKh45OZ1ylm"
    ]
  },
  {
    "platform" : "ANDROID",
    "searchTime" : "2024-11-02T09:19:28.833Z[UTC]",
    "searchQuery" : "achilles",
    "searchInteractionURIs" : [
      "spotify:track:22TntnVO3lQNDR5nsvxGRs"
    ]
  },
  {
    "platform" : "",
    "searchTime" : "2024-11-02T09:19:43.141Z[UTC]",
    "searchQuery" : "endbof",
    "searchInteractionURIs" : [
    ]
  },
  {
    "platform" : "",
    "searchTime" : "2024-11-02T09:19:43.193Z[UTC]",
    "searchQuery" : "endbof",
    "searchInteractionURIs" : [
    ]
  },
  {
    "platform" : "",
    "searchTime" : "2024-11-02T09:19:43.209Z[UTC]",
    "searchQuery" : "end of",
    "searchInteractionURIs" : [
    ]
  },
  {
    "platform" : "",
    "searchTime" : "2024-11-02T09:19:50.936Z[UTC]",
    "searchQuery" : "end of fra",
    "searchInteractionURIs" : [
    ]
  },
  {
    "platform" : "",
    "searchTime" : "2024-11-02T09:19:50.972Z[UTC]",
    "searchQuery" : "end of fra",
    "searchInteractionURIs" : [
    ]
  },
  {
    "platform" : "ANDROID",
    "searchTime" : "2024-11-02T09:19:59.761Z[UTC]",
    "searchQuery" : "end of francesca hozier",
    "searchInteractionURIs" : [
      "spotify:track:6bueV7zlPwN6eyhSan67Wb"
    ]
  },
  {
    "platform" : "ANDROID",
    "searchTime" : "2024-11-02T09:22:54.858Z[UTC]",
    "searchQuery" : "francesca ",
    "searchInteractionURIs" : [
      "spotify:track:6bueV7zlPwN6eyhSan67Wb"
    ]
  },
  {
    "platform" : "ANDROID",
    "searchTime" : "2024-11-02T09:26:40.407Z[UTC]",
    "searchQuery" : "dpr",
    "searchInteractionURIs" : [
      "spotify:artist:2o8gT0fQmFxGNbowbdgeZe",
      "spotify:playlist:2nFY5Ca0XnG8x1IsR7eKd1"
    ]
  },
  {
    "platform" : "ANDROID",
    "searchTime" : "2024-11-03T21:43:31.004Z[UTC]",
    "searchQuery" : "hi phop",
    "searchInteractionURIs" : [
      "spotify:track:4c9XojqJDu7KNCh8GmNbj5"
    ]
  },
  {
    "platform" : "",
    "searchTime" : "2024-11-03T21:43:41.619Z[UTC]",
    "searchQuery" : "tomo",
    "searchInteractionURIs" : [
    ]
  },
  {
    "platform" : "",
    "searchTime" : "2024-11-03T21:43:41.669Z[UTC]",
    "searchQuery" : "tomo",
    "searchInteractionURIs" : [
    ]
  },
  {
    "platform" : "ANDROID",
    "searchTime" : "2024-11-03T21:43:47.451Z[UTC]",
    "searchQuery" : "tomorrow bts",
    "searchInteractionURIs" : [
      "spotify:track:0JkTVcN5kilfMztDb3bKZk",
      "spotify:track:0JkTVcN5kilfMztDb3bKZk"
    ]
  },
  {
    "platform" : "",
    "searchTime" : "2024-11-03T21:44:03.629Z[UTC]",
    "searchQuery" : "10 bt",
    "searchInteractionURIs" : [
    ]
  },
  {
    "platform" : "",
    "searchTime" : "2024-11-03T21:44:03.656Z[UTC]",
    "searchQuery" : "10 bt",
    "searchInteractionURIs" : [
    ]
  },
  {
    "platform" : "",
    "searchTime" : "2024-11-03T21:44:03.688Z[UTC]",
    "searchQuery" : "10 ",
    "searchInteractionURIs" : [
    ]
  },
  {
    "platform" : "",
    "searchTime" : "2024-11-03T21:44:03.700Z[UTC]",
    "searchQuery" : "10 b",
    "searchInteractionURIs" : [
    ]
  },
  {
    "platform" : "",
    "searchTime" : "2024-11-03T21:44:03.733Z[UTC]",
    "searchQuery" : "10 b",
    "searchInteractionURIs" : [
    ]
  },
  {
    "platform" : "",
    "searchTime" : "2024-11-03T21:44:03.736Z[UTC]",
    "searchQuery" : "10",
    "searchInteractionURIs" : [
    ]
  },
  {
    "platform" : "",
    "searchTime" : "2024-11-03T21:44:03.748Z[UTC]",
    "searchQuery" : "10 ",
    "searchInteractionURIs" : [
    ]
  },
  {
    "platform" : "",
    "searchTime" : "2024-11-03T21:44:03.786Z[UTC]",
    "searchQuery" : "10",
    "searchInteractionURIs" : [
    ]
  },
  {
    "platform" : "",
    "searchTime" : "2024-11-03T21:44:03.792Z[UTC]",
    "searchQuery" : "1",
    "searchInteractionURIs" : [
    ]
  },
  {
    "platform" : "",
    "searchTime" : "2024-11-03T21:44:03.859Z[UTC]",
    "searchQuery" : "1",
    "searchInteractionURIs" : [
    ]
  },
  {
    "platform" : "",
    "searchTime" : "2024-11-03T21:44:05.134Z[UTC]",
    "searchQuery" : "plu",
    "searchInteractionURIs" : [
    ]
  },
  {
    "platform" : "",
    "searchTime" : "2024-11-03T21:44:05.173Z[UTC]",
    "searchQuery" : "plu",
    "searchInteractionURIs" : [
    ]
  },
  {
    "platform" : "",
    "searchTime" : "2024-11-03T21:44:05.638Z[UTC]",
    "searchQuery" : "pluto ",
    "searchInteractionURIs" : [
    ]
  },
  {
    "platform" : "",
    "searchTime" : "2024-11-03T21:44:05.677Z[UTC]",
    "searchQuery" : "pluto ",
    "searchInteractionURIs" : [
    ]
  },
  {
    "platform" : "",
    "searchTime" : "2024-11-03T21:44:06.056Z[UTC]",
    "searchQuery" : "pluto bt",
    "searchInteractionURIs" : [
    ]
  },
  {
    "platform" : "ANDROID_ARM",
    "searchTime" : "2024-11-03T21:44:06.058Z[UTC]",
    "searchQuery" : "pluto b",
    "searchInteractionURIs" : [
    ]
  },
  {
    "platform" : "",
    "searchTime" : "2024-11-03T21:44:06.075Z[UTC]",
    "searchQuery" : "pluto bt",
    "searchInteractionURIs" : [
    ]
  },
  {
    "platform" : "",
    "searchTime" : "2024-11-03T21:44:11.948Z[UTC]",
    "searchQuery" : "plut bts",
    "searchInteractionURIs" : [
    ]
  },
  {
    "platform" : "",
    "searchTime" : "2024-11-03T21:44:11.959Z[UTC]",
    "searchQuery" : "plut bts",
    "searchInteractionURIs" : [
    ]
  },
  {
    "platform" : "",
    "searchTime" : "2024-11-03T21:44:11.987Z[UTC]",
    "searchQuery" : "plu bts",
    "searchInteractionURIs" : [
    ]
  },
  {
    "platform" : "",
    "searchTime" : "2024-11-03T21:44:11.992Z[UTC]",
    "searchQuery" : "plu bts",
    "searchInteractionURIs" : [
    ]
  },
  {
    "platform" : "",
    "searchTime" : "2024-11-03T21:44:12.036Z[UTC]",
    "searchQuery" : "pl bts",
    "searchInteractionURIs" : [
    ]
  },
  {
    "platform" : "",
    "searchTime" : "2024-11-03T21:44:12.040Z[UTC]",
    "searchQuery" : "pl bts",
    "searchInteractionURIs" : [
    ]
  },
  {
    "platform" : "",
    "searchTime" : "2024-11-03T21:44:12.112Z[UTC]",
    "searchQuery" : "p bts",
    "searchInteractionURIs" : [
    ]
  },
  {
    "platform" : "",
    "searchTime" : "2024-11-03T21:44:12.205Z[UTC]",
    "searchQuery" : "p bts",
    "searchInteractionURIs" : [
    ]
  },
  {
    "platform" : "ANDROID",
    "searchTime" : "2024-11-03T21:44:16.435Z[UTC]",
    "searchQuery" : " bts 1",
    "searchInteractionURIs" : [
      "spotify:track:1MX0g22bQkr9HDVe37fLnN"
    ]
  },
  {
    "platform" : "ANDROID",
    "searchTime" : "2024-11-04T06:48:10.317Z[UTC]",
    "searchQuery" : "tomorrow bts",
    "searchInteractionURIs" : [
      "spotify:track:0JkTVcN5kilfMztDb3bKZk",
      "spotify:track:0JkTVcN5kilfMztDb3bKZk"
    ]
  },
  {
    "platform" : "ANDROID_ARM",
    "searchTime" : "2024-11-04T11:44:09.634Z[UTC]",
    "searchQuery" : "tomot",
    "searchInteractionURIs" : [
    ]
  },
  {
    "platform" : "ANDROID",
    "searchTime" : "2024-11-04T11:44:12.641Z[UTC]",
    "searchQuery" : "tomorrow bt",
    "searchInteractionURIs" : [
      "spotify:track:0JkTVcN5kilfMztDb3bKZk"
    ]
  },
  {
    "platform" : "ANDROID",
    "searchTime" : "2024-11-05T08:20:56.355Z[UTC]",
    "searchQuery" : "yxt",
    "searchInteractionURIs" : [
      "spotify:artist:0ghlgldX5Dd6720Q3qFyQB"
    ]
  },
  {
    "platform" : "ANDROID",
    "searchTime" : "2024-11-05T19:42:10.652Z[UTC]",
    "searchQuery" : "whip",
    "searchInteractionURIs" : [
      "spotify:track:3coRPMnFg2dJcPu5RMloa9",
      "spotify:artist:6YVMFz59CuY7ngCxTxjpxE"
    ]
  },
  {
    "platform" : "ANDROID",
    "searchTime" : "2024-11-05T21:06:30.939Z[UTC]",
    "searchQuery" : "ian",
    "searchInteractionURIs" : [
      "spotify:artist:2o8gT0fQmFxGNbowbdgeZe"
    ]
  },
  {
    "platform" : "ANDROID",
    "searchTime" : "2024-11-06T21:10:20.302Z[UTC]",
    "searchQuery" : "elij",
    "searchInteractionURIs" : [
      "spotify:artist:4Rus30xX4FOv2cyeFI79Qh",
      "spotify:search:elijah+fox"
    ]
  },
  {
    "platform" : "",
    "searchTime" : "2024-11-06T21:10:55.466Z[UTC]",
    "searchQuery" : "elijah fox b",
    "searchInteractionURIs" : [
    ]
  },
  {
    "platform" : "",
    "searchTime" : "2024-11-06T21:10:55.520Z[UTC]",
    "searchQuery" : "elijah fox b",
    "searchInteractionURIs" : [
    ]
  },
  {
    "platform" : "ANDROID",
    "searchTime" : "2024-11-06T21:15:13.061Z[UTC]",
    "searchQuery" : "wildflo",
    "searchInteractionURIs" : [
      "spotify:track:3QaPy1KgI7nu9FJEQUgn6h",
      "spotify:track:7BRD7x5pt8Lqa1eGYC4dzj"
    ]
  },
  {
    "platform" : "",
    "searchTime" : "2024-11-07T09:51:10.202Z[UTC]",
    "searchQuery" : "pin",
    "searchInteractionURIs" : [
    ]
  },
  {
    "platform" : "",
    "searchTime" : "2024-11-07T09:51:10.212Z[UTC]",
    "searchQuery" : "p",
    "searchInteractionURIs" : [
    ]
  },
  {
    "platform" : "",
    "searchTime" : "2024-11-07T09:51:10.241Z[UTC]",
    "searchQuery" : "pi",
    "searchInteractionURIs" : [
    ]
  },
  {
    "platform" : "",
    "searchTime" : "2024-11-07T09:51:10.254Z[UTC]",
    "searchQuery" : "pin",
    "searchInteractionURIs" : [
    ]
  },
  {
    "platform" : "",
    "searchTime" : "2024-11-07T09:51:10.275Z[UTC]",
    "searchQuery" : "p",
    "searchInteractionURIs" : [
    ]
  },
  {
    "platform" : "",
    "searchTime" : "2024-11-07T09:51:10.293Z[UTC]",
    "searchQuery" : "pi",
    "searchInteractionURIs" : [
    ]
  },
  {
    "platform" : "ANDROID",
    "searchTime" : "2024-11-07T09:51:10.603Z[UTC]",
    "searchQuery" : "pink",
    "searchInteractionURIs" : [
      "spotify:track:1k2pQc5i348DCHwbn5KTdc"
    ]
  },
  {
    "platform" : "",
    "searchTime" : "2024-11-07T15:24:54.001Z[UTC]",
    "searchQuery" : "s",
    "searchInteractionURIs" : [
    ]
  },
  {
    "platform" : "",
    "searchTime" : "2024-11-07T15:24:54.117Z[UTC]",
    "searchQuery" : "s",
    "searchInteractionURIs" : [
    ]
  },
  {
    "platform" : "",
    "searchTime" : "2024-11-07T15:24:55.083Z[UTC]",
    "searchQuery" : "slee",
    "searchInteractionURIs" : [
    ]
  },
  {
    "platform" : "",
    "searchTime" : "2024-11-07T15:24:55.084Z[UTC]",
    "searchQuery" : "sl",
    "searchInteractionURIs" : [
    ]
  },
  {
    "platform" : "",
    "searchTime" : "2024-11-07T15:24:55.088Z[UTC]",
    "searchQuery" : "sle",
    "searchInteractionURIs" : [
    ]
  },
  {
    "platform" : "",
    "searchTime" : "2024-11-07T15:24:55.152Z[UTC]",
    "searchQuery" : "sle",
    "searchInteractionURIs" : [
    ]
  },
  {
    "platform" : "",
    "searchTime" : "2024-11-07T15:24:55.157Z[UTC]",
    "searchQuery" : "sl",
    "searchInteractionURIs" : [
    ]
  },
  {
    "platform" : "",
    "searchTime" : "2024-11-07T15:24:55.182Z[UTC]",
    "searchQuery" : "slee",
    "searchInteractionURIs" : [
    ]
  },
  {
    "platform" : "ANDROID",
    "searchTime" : "2024-11-07T15:24:56.913Z[UTC]",
    "searchQuery" : "sleep",
    "searchInteractionURIs" : [
      "spotify:artist:2n2RSaZqBuUUukhbLlpnE6"
    ]
  },
  {
    "platform" : "ANDROID",
    "searchTime" : "2024-11-07T16:29:07.360Z[UTC]",
    "searchQuery" : "txt",
    "searchInteractionURIs" : [
      "spotify:artist:0ghlgldX5Dd6720Q3qFyQB"
    ]
  },
  {
    "platform" : "",
    "searchTime" : "2024-11-07T16:29:18.169Z[UTC]",
    "searchQuery" : "tx",
    "searchInteractionURIs" : [
    ]
  },
  {
    "platform" : "",
    "searchTime" : "2024-11-07T16:29:18.228Z[UTC]",
    "searchQuery" : "tx",
    "searchInteractionURIs" : [
    ]
  },
  {
    "platform" : "",
    "searchTime" : "2024-11-07T16:29:18.349Z[UTC]",
    "searchQuery" : "t",
    "searchInteractionURIs" : [
    ]
  },
  {
    "platform" : "",
    "searchTime" : "2024-11-07T16:29:18.416Z[UTC]",
    "searchQuery" : "t",
    "searchInteractionURIs" : [
    ]
  },
  {
    "platform" : "ANDROID",
    "searchTime" : "2024-11-07T16:29:30.764Z[UTC]",
    "searchQuery" : "war snk",
    "searchInteractionURIs" : [
      "spotify:track:3jWNreHk8zyP5KUHyuoXf1",
      "spotify:playlist:1SGY9ieIMbREq5l0tZVrPL",
      "spotify:playlist:1SGY9ieIMbREq5l0tZVrPL"
    ]
  },
  {
    "platform" : "ANDROID",
    "searchTime" : "2024-11-08T07:47:33.658Z[UTC]",
    "searchQuery" : "txt",
    "searchInteractionURIs" : [
      "spotify:artist:0ghlgldX5Dd6720Q3qFyQB"
    ]
  },
  {
    "platform" : "ANDROID",
    "searchTime" : "2024-11-09T12:53:12.821Z[UTC]",
    "searchQuery" : "sleep token ",
    "searchInteractionURIs" : [
      "spotify:search:sleep+token+setlist+2024"
    ]
  },
  {
    "platform" : "ANDROID",
    "searchTime" : "2024-11-09T12:53:14.592Z[UTC]",
    "searchQuery" : "sleep token setlist 2024",
    "searchInteractionURIs" : [
      "spotify:playlist:3O69StylHJKGm9vGl9MMeI"
    ]
  },
  {
    "platform" : "ANDROID",
    "searchTime" : "2024-11-09T20:05:52.869Z[UTC]",
    "searchQuery" : "blood soo",
    "searchInteractionURIs" : [
      "spotify:track:30uhVtb7vfBoUkyGpcvYGJ"
    ]
  },
  {
    "platform" : "ANDROID",
    "searchTime" : "2024-11-11T13:21:05.670Z[UTC]",
    "searchQuery" : "wood",
    "searchInteractionURIs" : [
      "spotify:artist:44TGR1CzjKBxSHsSEy7bi9"
    ]
  },
  {
    "platform" : "ANDROID_ARM",
    "searchTime" : "2024-11-12T08:53:21.041Z[UTC]",
    "searchQuery" : "jin",
    "searchInteractionURIs" : [
    ]
  },
  {
    "platform" : "ANDROID",
    "searchTime" : "2024-11-12T08:53:22.516Z[UTC]",
    "searchQuery" : "jinx",
    "searchInteractionURIs" : [
      "spotify:track:0WpRF4X2LyMTZnqqrXX19U",
      "spotify:album:6Db8Sq5w6Brg7lkpg7Y9ls"
    ]
  },
  {
    "platform" : "ANDROID",
    "searchTime" : "2024-11-12T16:17:40.011Z[UTC]",
    "searchQuery" : "brat",
    "searchInteractionURIs" : [
      "spotify:album:2lIZef4lzdvZkiiCzvPKj7"
    ]
  },
  {
    "platform" : "ANDROID",
    "searchTime" : "2024-11-13T14:13:24.883Z[UTC]",
    "searchQuery" : "cha",
    "searchInteractionURIs" : [
      "spotify:artist:7GlBOeep6PqTfFi59PTUUN"
    ]
  },
  {
    "platform" : "ANDROID",
    "searchTime" : "2024-11-13T14:37:09.255Z[UTC]",
    "searchQuery" : "ars",
    "searchInteractionURIs" : [
      "spotify:artist:6YVMFz59CuY7ngCxTxjpxE"
    ]
  },
  {
    "platform" : "ANDROID",
    "searchTime" : "2024-11-16T10:09:57.460Z[UTC]",
    "searchQuery" : "yndi",
    "searchInteractionURIs" : [
      "spotify:artist:31yVSehp4XZiCSlb1sOSpq",
      "spotify:artist:31yVSehp4XZiCSlb1sOSpq"
    ]
  },
  {
    "platform" : "ANDROID",
    "searchTime" : "2024-11-16T10:10:33.183Z[UTC]",
    "searchQuery" : "txt",
    "searchInteractionURIs" : [
      "spotify:artist:0ghlgldX5Dd6720Q3qFyQB"
    ]
  },
  {
    "platform" : "ANDROID",
    "searchTime" : "2024-11-17T11:55:22.854Z[UTC]",
    "searchQuery" : "alu",
    "searchInteractionURIs" : [
    ]
  },
  {
    "platform" : "ANDROID",
    "searchTime" : "2024-11-17T12:21:14.738Z[UTC]",
    "searchQuery" : "dyna",
    "searchInteractionURIs" : [
      "spotify:track:0aJNOA7ycPQJKADfmGqzz7"
    ]
  },
  {
    "platform" : "",
    "searchTime" : "2024-11-17T15:37:52.878Z[UTC]",
    "searchQuery" : "wo",
    "searchInteractionURIs" : [
    ]
  },
  {
    "platform" : "",
    "searchTime" : "2024-11-17T15:37:52.960Z[UTC]",
    "searchQuery" : "wo",
    "searchInteractionURIs" : [
    ]
  },
  {
    "platform" : "ANDROID",
    "searchTime" : "2024-11-17T15:37:54.241Z[UTC]",
    "searchQuery" : "woo",
    "searchInteractionURIs" : [
      "spotify:track:1clsf1YjKNHVUonDva4fnk",
      "spotify:track:7fotwkvGTsn0N6KSia3TGW"
    ]
  },
  {
    "platform" : "",
    "searchTime" : "2024-11-17T16:45:27.936Z[UTC]",
    "searchQuery" : "ak",
    "searchInteractionURIs" : [
    ]
  },
  {
    "platform" : "",
    "searchTime" : "2024-11-17T16:45:28.037Z[UTC]",
    "searchQuery" : "ak",
    "searchInteractionURIs" : [
    ]
  },
  {
    "platform" : "ANDROID",
    "searchTime" : "2024-11-17T16:45:32.561Z[UTC]",
    "searchQuery" : "Akugetsu ",
    "searchInteractionURIs" : [
      "spotify:track:70vupbab98AoIaYXCAe3IT"
    ]
  },
  {
    "platform" : "ANDROID",
    "searchTime" : "2024-11-19T16:16:38.808Z[UTC]",
    "searchQuery" : "got",
    "searchInteractionURIs" : [
      "spotify:artist:6nfDaffa50mKtEOwR8g4df"
    ]
  },
  {
    "platform" : "",
    "searchTime" : "2024-11-19T16:16:55.136Z[UTC]",
    "searchQuery" : "gitl on ",
    "searchInteractionURIs" : [
    ]
  },
  {
    "platform" : "",
    "searchTime" : "2024-11-19T16:16:55.171Z[UTC]",
    "searchQuery" : "gitl on ",
    "searchInteractionURIs" : [
    ]
  },
  {
    "platform" : "",
    "searchTime" : "2024-11-19T16:16:55.206Z[UTC]",
    "searchQuery" : "girl on ",
    "searchInteractionURIs" : [
    ]
  },
  {
    "platform" : "",
    "searchTime" : "2024-11-19T16:16:55.216Z[UTC]",
    "searchQuery" : "gitl on",
    "searchInteractionURIs" : [
    ]
  },
  {
    "platform" : "",
    "searchTime" : "2024-11-19T16:16:55.234Z[UTC]",
    "searchQuery" : "gitl o",
    "searchInteractionURIs" : [
    ]
  },
  {
    "platform" : "",
    "searchTime" : "2024-11-19T16:16:55.247Z[UTC]",
    "searchQuery" : "gitl on",
    "searchInteractionURIs" : [
    ]
  },
  {
    "platform" : "",
    "searchTime" : "2024-11-19T16:16:55.274Z[UTC]",
    "searchQuery" : "gitl o",
    "searchInteractionURIs" : [
    ]
  },
  {
    "platform" : "",
    "searchTime" : "2024-11-19T16:16:55.277Z[UTC]",
    "searchQuery" : "girl on",
    "searchInteractionURIs" : [
    ]
  },
  {
    "platform" : "",
    "searchTime" : "2024-11-19T16:16:55.288Z[UTC]",
    "searchQuery" : "gitl ",
    "searchInteractionURIs" : [
    ]
  },
  {
    "platform" : "",
    "searchTime" : "2024-11-19T16:16:55.305Z[UTC]",
    "searchQuery" : "girl o",
    "searchInteractionURIs" : [
    ]
  },
  {
    "platform" : "",
    "searchTime" : "2024-11-19T16:16:55.359Z[UTC]",
    "searchQuery" : "gitl ",
    "searchInteractionURIs" : [
    ]
  },
  {
    "platform" : "",
    "searchTime" : "2024-11-19T16:16:55.364Z[UTC]",
    "searchQuery" : "gitl",
    "searchInteractionURIs" : [
    ]
  },
  {
    "platform" : "",
    "searchTime" : "2024-11-19T16:16:55.373Z[UTC]",
    "searchQuery" : "girl ",
    "searchInteractionURIs" : [
    ]
  },
  {
    "platform" : "",
    "searchTime" : "2024-11-19T16:16:55.404Z[UTC]",
    "searchQuery" : "git",
    "searchInteractionURIs" : [
    ]
  },
  {
    "platform" : "",
    "searchTime" : "2024-11-19T16:16:55.408Z[UTC]",
    "searchQuery" : "gitl",
    "searchInteractionURIs" : [
    ]
  },
  {
    "platform" : "",
    "searchTime" : "2024-11-19T16:16:55.446Z[UTC]",
    "searchQuery" : "gi",
    "searchInteractionURIs" : [
    ]
  },
  {
    "platform" : "",
    "searchTime" : "2024-11-19T16:16:55.467Z[UTC]",
    "searchQuery" : "git",
    "searchInteractionURIs" : [
    ]
  },
  {
    "platform" : "",
    "searchTime" : "2024-11-19T16:16:55.520Z[UTC]",
    "searchQuery" : "g",
    "searchInteractionURIs" : [
    ]
  },
  {
    "platform" : "",
    "searchTime" : "2024-11-19T16:16:55.531Z[UTC]",
    "searchQuery" : "gi",
    "searchInteractionURIs" : [
    ]
  },
  {
    "platform" : "",
    "searchTime" : "2024-11-19T16:16:55.611Z[UTC]",
    "searchQuery" : "g",
    "searchInteractionURIs" : [
    ]
  },
  {
    "platform" : "",
    "searchTime" : "2024-11-19T16:17:21.109Z[UTC]",
    "searchQuery" : "roses girl on to",
    "searchInteractionURIs" : [
    ]
  },
  {
    "platform" : "",
    "searchTime" : "2024-11-19T16:17:21.133Z[UTC]",
    "searchQuery" : "roses girl on to",
    "searchInteractionURIs" : [
    ]
  },
  {
    "platform" : "",
    "searchTime" : "2024-11-19T16:17:21.178Z[UTC]",
    "searchQuery" : "roses girl on",
    "searchInteractionURIs" : [
    ]
  },
  {
    "platform" : "",
    "searchTime" : "2024-11-19T16:17:21.197Z[UTC]",
    "searchQuery" : "roses girl on",
    "searchInteractionURIs" : [
    ]
  },
  {
    "platform" : "",
    "searchTime" : "2024-11-19T16:17:21.544Z[UTC]",
    "searchQuery" : "roses g",
    "searchInteractionURIs" : [
    ]
  },
  {
    "platform" : "",
    "searchTime" : "2024-11-19T16:17:21.588Z[UTC]",
    "searchQuery" : "roses ",
    "searchInteractionURIs" : [
    ]
  },
  {
    "platform" : "",
    "searchTime" : "2024-11-19T16:17:21.610Z[UTC]",
    "searchQuery" : "roses g",
    "searchInteractionURIs" : [
    ]
  },
  {
    "platform" : "",
    "searchTime" : "2024-11-19T16:17:21.637Z[UTC]",
    "searchQuery" : "roses",
    "searchInteractionURIs" : [
    ]
  },
  {
    "platform" : "",
    "searchTime" : "2024-11-19T16:17:21.663Z[UTC]",
    "searchQuery" : "roses ",
    "searchInteractionURIs" : [
    ]
  },
  {
    "platform" : "",
    "searchTime" : "2024-11-19T16:17:21.665Z[UTC]",
    "searchQuery" : "rose",
    "searchInteractionURIs" : [
    ]
  },
  {
    "platform" : "",
    "searchTime" : "2024-11-19T16:17:21.707Z[UTC]",
    "searchQuery" : "roses",
    "searchInteractionURIs" : [
    ]
  },
  {
    "platform" : "",
    "searchTime" : "2024-11-19T16:17:21.743Z[UTC]",
    "searchQuery" : "rose",
    "searchInteractionURIs" : [
    ]
  },
  {
    "platform" : "",
    "searchTime" : "2024-11-19T16:17:21.759Z[UTC]",
    "searchQuery" : "ros",
    "searchInteractionURIs" : [
    ]
  },
  {
    "platform" : "",
    "searchTime" : "2024-11-19T16:17:21.807Z[UTC]",
    "searchQuery" : "ro",
    "searchInteractionURIs" : [
    ]
  },
  {
    "platform" : "",
    "searchTime" : "2024-11-19T16:17:21.825Z[UTC]",
    "searchQuery" : "r",
    "searchInteractionURIs" : [
    ]
  },
  {
    "platform" : "",
    "searchTime" : "2024-11-19T16:17:21.832Z[UTC]",
    "searchQuery" : "ros",
    "searchInteractionURIs" : [
    ]
  },
  {
    "platform" : "",
    "searchTime" : "2024-11-19T16:17:21.933Z[UTC]",
    "searchQuery" : "r",
    "searchInteractionURIs" : [
    ]
  },
  {
    "platform" : "",
    "searchTime" : "2024-11-19T16:17:21.936Z[UTC]",
    "searchQuery" : "ro",
    "searchInteractionURIs" : [
    ]
  },
  {
    "platform" : "ANDROID",
    "searchTime" : "2024-11-19T16:17:28.643Z[UTC]",
    "searchQuery" : "got the",
    "searchInteractionURIs" : [
      "spotify:artist:6uNxlIP5lzPFf0BHuELOuX"
    ]
  },
  {
    "platform" : "",
    "searchTime" : "2024-11-19T20:47:17.133Z[UTC]",
    "searchQuery" : "Giang Hao Nam - melatonin",
    "searchInteractionURIs" : [
    ]
  },
  {
    "platform" : "",
    "searchTime" : "2024-11-19T20:47:17.156Z[UTC]",
    "searchQuery" : "Giang Hao Nam - melatonin",
    "searchInteractionURIs" : [
    ]
  },
  {
    "platform" : "",
    "searchTime" : "2024-11-19T21:17:22.494Z[UTC]",
    "searchQuery" : "Giang Hao Nam - melatonin",
    "searchInteractionURIs" : [
    ]
  },
  {
    "platform" : "",
    "searchTime" : "2024-11-19T21:17:22.518Z[UTC]",
    "searchQuery" : "Giang Hao Nam - melatonin",
    "searchInteractionURIs" : [
    ]
  },
  {
    "platform" : "",
    "searchTime" : "2024-11-19T21:17:24.232Z[UTC]",
    "searchQuery" : "t",
    "searchInteractionURIs" : [
    ]
  },
  {
    "platform" : "",
    "searchTime" : "2024-11-19T21:17:24.324Z[UTC]",
    "searchQuery" : "t",
    "searchInteractionURIs" : [
    ]
  },
  {
    "platform" : "",
    "searchTime" : "2024-11-19T21:17:24.427Z[UTC]",
    "searchQuery" : "th",
    "searchInteractionURIs" : [
    ]
  },
  {
    "platform" : "",
    "searchTime" : "2024-11-19T21:17:24.513Z[UTC]",
    "searchQuery" : "th",
    "searchInteractionURIs" : [
    ]
  },
  {
    "platform" : "",
    "searchTime" : "2024-11-19T21:17:24.706Z[UTC]",
    "searchQuery" : "the",
    "searchInteractionURIs" : [
    ]
  },
  {
    "platform" : "",
    "searchTime" : "2024-11-19T21:17:24.778Z[UTC]",
    "searchQuery" : "the",
    "searchInteractionURIs" : [
    ]
  },
  {
    "platform" : "",
    "searchTime" : "2024-11-19T21:17:24.794Z[UTC]",
    "searchQuery" : "the ",
    "searchInteractionURIs" : [
    ]
  },
  {
    "platform" : "",
    "searchTime" : "2024-11-19T21:17:24.866Z[UTC]",
    "searchQuery" : "the ",
    "searchInteractionURIs" : [
    ]
  },
  {
    "platform" : "",
    "searchTime" : "2024-11-19T21:17:25.038Z[UTC]",
    "searchQuery" : "the h",
    "searchInteractionURIs" : [
    ]
  },
  {
    "platform" : "",
    "searchTime" : "2024-11-19T21:17:25.131Z[UTC]",
    "searchQuery" : "the h",
    "searchInteractionURIs" : [
    ]
  },
  {
    "platform" : "",
    "searchTime" : "2024-11-19T21:17:25.251Z[UTC]",
    "searchQuery" : "the hu",
    "searchInteractionURIs" : [
    ]
  },
  {
    "platform" : "",
    "searchTime" : "2024-11-19T21:17:25.336Z[UTC]",
    "searchQuery" : "the hu",
    "searchInteractionURIs" : [
    ]
  },
  {
    "platform" : "",
    "searchTime" : "2024-11-19T21:17:25.459Z[UTC]",
    "searchQuery" : "the hun",
    "searchInteractionURIs" : [
    ]
  },
  {
    "platform" : "",
    "searchTime" : "2024-11-19T21:17:25.520Z[UTC]",
    "searchQuery" : "the hun",
    "searchInteractionURIs" : [
    ]
  },
  {
    "platform" : "",
    "searchTime" : "2024-11-19T21:17:25.732Z[UTC]",
    "searchQuery" : "the huny",
    "searchInteractionURIs" : [
    ]
  },
  {
    "platform" : "",
    "searchTime" : "2024-11-19T21:17:25.784Z[UTC]",
    "searchQuery" : "the hunt",
    "searchInteractionURIs" : [
    ]
  },
  {
    "platform" : "",
    "searchTime" : "2024-11-19T21:17:25.789Z[UTC]",
    "searchQuery" : "the huny",
    "searchInteractionURIs" : [
    ]
  },
  {
    "platform" : "",
    "searchTime" : "2024-11-19T21:17:26.008Z[UTC]",
    "searchQuery" : "the hunyt",
    "searchInteractionURIs" : [
    ]
  },
  {
    "platform" : "",
    "searchTime" : "2024-11-19T21:17:26.053Z[UTC]",
    "searchQuery" : "the hunyt",
    "searchInteractionURIs" : [
    ]
  },
  {
    "platform" : "",
    "searchTime" : "2024-11-19T21:17:26.065Z[UTC]",
    "searchQuery" : "the hunt",
    "searchInteractionURIs" : [
    ]
  },
  {
    "platform" : "",
    "searchTime" : "2024-11-19T21:17:39.821Z[UTC]",
    "searchQuery" : "w",
    "searchInteractionURIs" : [
    ]
  },
  {
    "platform" : "",
    "searchTime" : "2024-11-19T21:17:39.902Z[UTC]",
    "searchQuery" : "w",
    "searchInteractionURIs" : [
    ]
  },
  {
    "platform" : "",
    "searchTime" : "2024-11-19T21:17:40.039Z[UTC]",
    "searchQuery" : "wi",
    "searchInteractionURIs" : [
    ]
  },
  {
    "platform" : "",
    "searchTime" : "2024-11-19T21:17:40.107Z[UTC]",
    "searchQuery" : "wi",
    "searchInteractionURIs" : [
    ]
  },
  {
    "platform" : "",
    "searchTime" : "2024-11-19T21:17:40.336Z[UTC]",
    "searchQuery" : "wil",
    "searchInteractionURIs" : [
    ]
  },
  {
    "platform" : "",
    "searchTime" : "2024-11-19T21:17:40.416Z[UTC]",
    "searchQuery" : "wil",
    "searchInteractionURIs" : [
    ]
  },
  {
    "platform" : "",
    "searchTime" : "2024-11-19T21:17:40.509Z[UTC]",
    "searchQuery" : "wild",
    "searchInteractionURIs" : [
    ]
  },
  {
    "platform" : "",
    "searchTime" : "2024-11-19T21:17:40.579Z[UTC]",
    "searchQuery" : "wild",
    "searchInteractionURIs" : [
    ]
  },
  {
    "platform" : "",
    "searchTime" : "2024-11-19T21:17:40.757Z[UTC]",
    "searchQuery" : "wildf",
    "searchInteractionURIs" : [
    ]
  },
  {
    "platform" : "",
    "searchTime" : "2024-11-19T21:17:40.817Z[UTC]",
    "searchQuery" : "wildf",
    "searchInteractionURIs" : [
    ]
  },
  {
    "platform" : "ANDROID",
    "searchTime" : "2024-11-21T08:40:17.658Z[UTC]",
    "searchQuery" : "dan",
    "searchInteractionURIs" : [
      "spotify:playlist:6iHyFQDsrsgxUNRoksYbOj"
    ]
  },
  {
    "platform" : "",
    "searchTime" : "2024-11-22T07:57:42.772Z[UTC]",
    "searchQuery" : "dir",
    "searchInteractionURIs" : [
    ]
  },
  {
    "platform" : "",
    "searchTime" : "2024-11-22T07:57:42.843Z[UTC]",
    "searchQuery" : "dir",
    "searchInteractionURIs" : [
    ]
  },
  {
    "platform" : "ANDROID",
    "searchTime" : "2024-11-22T07:57:44.738Z[UTC]",
    "searchQuery" : "dito",
    "searchInteractionURIs" : [
      "spotify:track:3r8RuvgbX9s7ammBn07D3W",
      "spotify:track:3r8RuvgbX9s7ammBn07D3W"
    ]
  },
  {
    "platform" : "ANDROID",
    "searchTime" : "2024-11-22T17:14:35.262Z[UTC]",
    "searchQuery" : "eden",
    "searchInteractionURIs" : [
      "spotify:track:2Gt7fjNlx901pPRkvBiNBZ"
    ]
  },
  {
    "platform" : "ANDROID",
    "searchTime" : "2024-11-23T07:48:59.519Z[UTC]",
    "searchQuery" : "klo",
    "searchInteractionURIs" : [
      "spotify:artist:7vYe47XsRmlUuaA9ZSC9fi"
    ]
  },
  {
    "platform" : "ANDROID",
    "searchTime" : "2024-11-23T10:52:47.140Z[UTC]",
    "searchQuery" : "diina",
    "searchInteractionURIs" : [
      "spotify:artist:0shR2PS00avJ6Wp3npUBwS"
    ]
  },
  {
    "platform" : "ANDROID",
    "searchTime" : "2024-11-23T10:56:19.229Z[UTC]",
    "searchQuery" : "c!el",
    "searchInteractionURIs" : [
      "spotify:artist:3gkiiv2JGIy7vqYjS9Ua79"
    ]
  },
  {
    "platform" : "ANDROID",
    "searchTime" : "2024-11-23T16:21:38.356Z[UTC]",
    "searchQuery" : "steo",
    "searchInteractionURIs" : [
      "spotify:artist:5j4HeCoUlzhfWtjAfM1acR"
    ]
  },
  {
    "platform" : "ANDROID",
    "searchTime" : "2024-11-23T21:15:44.796Z[UTC]",
    "searchQuery" : "sleep",
    "searchInteractionURIs" : [
      "spotify:genre:0JQ5DAqbMKFCuoRTxhYWow",
      "spotify:artist:2n2RSaZqBuUUukhbLlpnE6"
    ]
  },
  {
    "platform" : "",
    "searchTime" : "2024-11-26T10:29:32.303Z[UTC]",
    "searchQuery" : "twe",
    "searchInteractionURIs" : [
    ]
  },
  {
    "platform" : "",
    "searchTime" : "2024-11-26T10:29:32.395Z[UTC]",
    "searchQuery" : "twe",
    "searchInteractionURIs" : [
    ]
  },
  {
    "platform" : "ANDROID",
    "searchTime" : "2024-11-26T10:29:34.882Z[UTC]",
    "searchQuery" : "twenty",
    "searchInteractionURIs" : [
      "spotify:artist:3YQKmKGau1PzlVlkL1iodx"
    ]
  },
  {
    "platform" : "",
    "searchTime" : "2024-11-28T08:05:33.240Z[UTC]",
    "searchQuery" : "k",
    "searchInteractionURIs" : [
    ]
  },
  {
    "platform" : "",
    "searchTime" : "2024-11-28T08:05:33.326Z[UTC]",
    "searchQuery" : "k",
    "searchInteractionURIs" : [
    ]
  },
  {
    "platform" : "",
    "searchTime" : "2024-11-28T08:05:33.447Z[UTC]",
    "searchQuery" : "kan",
    "searchInteractionURIs" : [
    ]
  },
  {
    "platform" : "",
    "searchTime" : "2024-11-28T08:05:33.517Z[UTC]",
    "searchQuery" : "kan",
    "searchInteractionURIs" : [
    ]
  },
  {
    "platform" : "ANDROID",
    "searchTime" : "2024-11-28T08:05:35.715Z[UTC]",
    "searchQuery" : "kanye",
    "searchInteractionURIs" : [
      "spotify:artist:5K4W6rqBFWDnAN6FQUkS6x"
    ]
  },
  {
    "platform" : "ANDROID_ARM",
    "searchTime" : "2024-11-28T13:02:00.460Z[UTC]",
    "searchQuery" : "forwat",
    "searchInteractionURIs" : [
    ]
  },
  {
    "platform" : "ANDROID",
    "searchTime" : "2024-11-28T13:02:01.715Z[UTC]",
    "searchQuery" : "forward ",
    "searchInteractionURIs" : [
      "spotify:track:6PBanBy8L1K2Ry4UN186XH"
    ]
  },
  {
    "platform" : "ANDROID",
    "searchTime" : "2024-12-01T12:20:41.847Z[UTC]",
    "searchQuery" : "vivid",
    "searchInteractionURIs" : [
      "spotify:track:4R6yPy83vDEZtwJsBavUfo"
    ]
  },
  {
    "platform" : "ANDROID",
    "searchTime" : "2024-12-01T12:20:51.012Z[UTC]",
    "searchQuery" : "eve",
    "searchInteractionURIs" : [
      "spotify:artist:58oPVy7oihAEXE0Ott6JOf"
    ]
  },
  {
    "platform" : "",
    "searchTime" : "2024-12-01T12:23:36.338Z[UTC]",
    "searchQuery" : "v",
    "searchInteractionURIs" : [
    ]
  },
  {
    "platform" : "",
    "searchTime" : "2024-12-01T12:23:36.427Z[UTC]",
    "searchQuery" : "v",
    "searchInteractionURIs" : [
    ]
  },
  {
    "platform" : "ANDROID",
    "searchTime" : "2024-12-01T12:23:38.372Z[UTC]",
    "searchQuery" : "von",
    "searchInteractionURIs" : [
      "spotify:track:3Y1EvIgEVw51XtgNEgpz5c"
    ]
  },
  {
    "platform" : "ANDROID",
    "searchTime" : "2024-12-01T14:11:41.342Z[UTC]",
    "searchQuery" : "boy ",
    "searchInteractionURIs" : [
      "spotify:artist:4hnHLgMSOiqERWBL4jINP1"
    ]
  },
  {
    "platform" : "ANDROID",
    "searchTime" : "2024-12-01T14:29:30.697Z[UTC]",
    "searchQuery" : "obs",
    "searchInteractionURIs" : [
      "spotify:track:7fK0csBoqbcgUuWGV0cpoD"
    ]
  },
  {
    "platform" : "ANDROID",
    "searchTime" : "2024-12-01T14:31:45.495Z[UTC]",
    "searchQuery" : "tempi",
    "searchInteractionURIs" : [
      "spotify:track:4EjUFjzi4ErWjklOA3Aslu",
      "spotify:artist:13rF01aOogvnkuQXOlgTW8"
    ]
  },
  {
    "platform" : "ANDROID",
    "searchTime" : "2024-12-01T16:55:23.249Z[UTC]",
    "searchQuery" : "mz faded blessings ",
    "searchInteractionURIs" : [
    ]
  },
  {
    "platform" : "ANDROID",
    "searchTime" : "2024-12-04T12:45:51.808Z[UTC]",
    "searchQuery" : "the8",
    "searchInteractionURIs" : [
      "spotify:artist:4DqFd6XE3dX4LWXHJVVpLk"
    ]
  },
  {
    "platform" : "",
    "searchTime" : "2024-12-04T16:04:53.306Z[UTC]",
    "searchQuery" : "e",
    "searchInteractionURIs" : [
    ]
  },
  {
    "platform" : "",
    "searchTime" : "2024-12-04T16:04:53.385Z[UTC]",
    "searchQuery" : "e",
    "searchInteractionURIs" : [
    ]
  },
  {
    "platform" : "ANDROID",
    "searchTime" : "2024-12-04T16:04:56.455Z[UTC]",
    "searchQuery" : "envy",
    "searchInteractionURIs" : [
      "spotify:artist:3V8sGWr3KUanz1VJyaCngm"
    ]
  },
  {
    "platform" : "ANDROID",
    "searchTime" : "2024-12-04T16:12:56.275Z[UTC]",
    "searchQuery" : "ci",
    "searchInteractionURIs" : [
      "spotify:track:70vupbab98AoIaYXCAe3IT",
      "spotify:track:1xk2Z84gbcn4tPXiiutxzS",
      "spotify:track:1xk2Z84gbcn4tPXiiutxzS"
    ]
  },
  {
    "platform" : "ANDROID",
    "searchTime" : "2024-12-04T16:27:58.680Z[UTC]",
    "searchQuery" : "ryuch",
    "searchInteractionURIs" : [
      "spotify:track:5VuwAhMCz9EMg3RHL1KUEr",
      "spotify:artist:1tcgfoMTT1szjUeaikxRjA"
    ]
  },
  {
    "platform" : "ANDROID",
    "searchTime" : "2024-12-04T16:31:38.298Z[UTC]",
    "searchQuery" : "cistus",
    "searchInteractionURIs" : [
      "spotify:track:70vupbab98AoIaYXCAe3IT"
    ]
  },
  {
    "platform" : "ANDROID",
    "searchTime" : "2024-12-04T16:39:08.274Z[UTC]",
    "searchQuery" : "j ",
    "searchInteractionURIs" : [
      "spotify:playlist:37i9dQZF1DXdbRLJPSmnyq"
    ]
  },
  {
    "platform" : "ANDROID",
    "searchTime" : "2024-12-04T17:48:53.177Z[UTC]",
    "searchQuery" : "aqu",
    "searchInteractionURIs" : [
      "spotify:track:5ub6Cb5yKmgGGwjvqZM1gI"
    ]
  },
  {
    "platform" : "ANDROID",
    "searchTime" : "2024-12-06T20:32:17.808Z[UTC]",
    "searchQuery" : "armag",
    "searchInteractionURIs" : [
      "spotify:track:6i8MbzVn4nzyjUcSoVcz7B",
      "spotify:track:5XWlyfo0kZ8LF7VSyfS4Ew",
      "spotify:artist:6YVMFz59CuY7ngCxTxjpxE"
    ]
  }
]