[
  {
    "endTime" : "2023-12-14 16:17",
    "podcastName" : "unreleased/misc kpop",
    "episodeName" : "F2020 – TXT",
    "msPlayed" : 180767
  },
  {
    "endTime" : "2023-12-14 16:20",
    "podcastName" : "unreleased/misc kpop",
    "episodeName" : "Sweet Dreams – TXT",
    "msPlayed" : 184293
  },
  {
    "endTime" : "2023-12-14 16:20",
    "podcastName" : "unreleased/misc kpop",
    "episodeName" : "lomls",
    "msPlayed" : 8908
  },
  {
    "endTime" : "2023-12-14 16:23",
    "podcastName" : "unreleased/misc kpop",
    "episodeName" : "stanlist (or wtv) pt. 2 🕺‼️",
    "msPlayed" : 5934
  },
  {
    "endTime" : "2023-12-14 16:23",
    "podcastName" : "unreleased/misc kpop",
    "episodeName" : "Sweet Dreams – TXT",
    "msPlayed" : 184293
  },
  {
    "endTime" : "2023-12-14 16:26",
    "podcastName" : "unreleased/misc kpop",
    "episodeName" : "Sweet Dreams – TXT",
    "msPlayed" : 184293
  },
  {
    "endTime" : "2023-12-14 16:29",
    "podcastName" : "unreleased/misc kpop",
    "episodeName" : "Sweet Dreams – TXT",
    "msPlayed" : 184293
  },
  {
    "endTime" : "2023-12-14 16:29",
    "podcastName" : "unreleased/misc kpop",
    "episodeName" : "Sweet Dreams – TXT",
    "msPlayed" : 2041
  },
  {
    "endTime" : "2023-12-14 16:32",
    "podcastName" : "unreleased/misc kpop",
    "episodeName" : "F2020 – TXT",
    "msPlayed" : 180767
  },
  {
    "endTime" : "2023-12-14 16:36",
    "podcastName" : "unreleased/misc kpop",
    "episodeName" : "Sweet Dreams – TXT",
    "msPlayed" : 2996
  },
  {
    "endTime" : "2023-12-14 16:36",
    "podcastName" : "unreleased/misc kpop",
    "episodeName" : "Sweet Dreams – TXT",
    "msPlayed" : 182293
  },
  {
    "endTime" : "2023-12-14 16:41",
    "podcastName" : "unreleased/misc kpop",
    "episodeName" : "F2020 – TXT",
    "msPlayed" : 335050
  },
  {
    "endTime" : "2023-12-14 16:41",
    "podcastName" : "unreleased/misc kpop",
    "episodeName" : "lomls",
    "msPlayed" : 6250
  },
  {
    "endTime" : "2023-12-14 16:46",
    "podcastName" : "unreleased/misc kpop",
    "episodeName" : "F2020 – TXT",
    "msPlayed" : 131970
  },
  {
    "endTime" : "2023-12-29 14:15",
    "podcastName" : "La vie est une vague",
    "episodeName" : "Écrire un livre, c'est pas si compliqué",
    "msPlayed" : 619172
  },
  {
    "endTime" : "2023-12-29 14:30",
    "podcastName" : "Devenir écrivain",
    "episodeName" : "Ep #39 - 10 étapes pour écrire un excellent roman",
    "msPlayed" : 325400
  },
  {
    "endTime" : "2024-06-30 17:52",
    "podcastName" : "Help.",
    "episodeName" : "All 2 u (The Motherfucker)",
    "msPlayed" : 171920
  },
  {
    "endTime" : "2024-08-01 12:20",
    "podcastName" : "unreleased/misc kpop",
    "episodeName" : "F2020 – TXT",
    "msPlayed" : 8965
  },
  {
    "endTime" : "2024-09-10 18:42",
    "podcastName" : "Spilled Pancake Batter",
    "episodeName" : "｡𖦹 Chemtrails Over The Country Club Sped Up",
    "msPlayed" : 3670
  },
  {
    "endTime" : "2024-09-14 09:45",
    "podcastName" : "feel your feelings with Ethan Jewell",
    "episodeName" : "reasons to live",
    "msPlayed" : 1877
  },
  {
    "endTime" : "2024-09-14 09:45",
    "podcastName" : "My rapidly deteriorating mental health",
    "episodeName" : "It Might Be Painful, But I Still Love It",
    "msPlayed" : 9559
  },
  {
    "endTime" : "2024-09-14 09:46",
    "podcastName" : "The Psychology of your 20s",
    "episodeName" : "229. 4 ways to make your anxiety work for you",
    "msPlayed" : 1801440
  },
  {
    "endTime" : "2024-10-04 14:32",
    "podcastName" : "Alien stage",
    "episodeName" : "All-in (Till ver.)",
    "msPlayed" : 6227
  },
  {
    "endTime" : "2024-10-04 17:53",
    "podcastName" : "RANDOM THINGS!",
    "episodeName" : "ALL IN Till Version",
    "msPlayed" : 192614
  },
  {
    "endTime" : "2024-10-04 19:09",
    "podcastName" : "unreleased/misc kpop",
    "episodeName" : "F2020 – TXT",
    "msPlayed" : 27767
  },
  {
    "endTime" : "2024-10-04 19:12",
    "podcastName" : "unreleased/misc kpop",
    "episodeName" : "F2020 – TXT",
    "msPlayed" : 180767
  },
  {
    "endTime" : "2024-10-14 13:27",
    "podcastName" : "The Psychology of your 20s",
    "episodeName" : "236. How to make hard decisions",
    "msPlayed" : 11505
  },
  {
    "endTime" : "2024-10-14 13:41",
    "podcastName" : "The Psychology of your 20s",
    "episodeName" : "236. How to make hard decisions",
    "msPlayed" : 228060
  },
  {
    "endTime" : "2024-10-19 12:22",
    "podcastName" : "Philosophize This!",
    "episodeName" : "Episode #213 ... Deleuze Interprets Nietzsche (Difference, Joy, Affirmation)",
    "msPlayed" : 21
  }
]