{
  "topArtists": {
    "numUniqueArtists": 1732,
    "topArtists": [
      {
        "artistUri": "spotify:artist:0ghlgldX5Dd6720Q3qFyQB",
        "monthlyStreams": [
          {
            "month": 5,
            "biweeklyStreams": [
              {
                "period": 2,
                "numStreams": 21
              },
              {
                "period": 1,
                "numStreams": 16
              }
            ]
          },
          {
            "month": 10,
            "biweeklyStreams": [
              {
                "period": 1,
                "numStreams": 100
              },
              {
                "period": 2,
                "numStreams": 154
              }
            ]
          },
          {
            "month": 1,
            "biweeklyStreams": [
              {
                "period": 1,
                "numStreams": 9
              },
              {
                "period": 2,
                "numStreams": 89
              }
            ]
          },
          {
            "month": 6,
            "biweeklyStreams": [
              {
                "period": 1,
                "numStreams": 10
              },
              {
                "period": 2,
                "numStreams": 2
              }
            ]
          },
          {
            "month": 9,
            "biweeklyStreams": [
              {
                "period": 1,
                "numStreams": 14
              },
              {
                "period": 2,
                "numStreams": 27
              }
            ]
          },
          {
            "month": 2,
            "biweeklyStreams": [
              {
                "period": 2,
                "numStreams": 5
              },
              {
                "period": 1,
                "numStreams": 43
              }
            ]
          },
          {
            "month": 7,
            "biweeklyStreams": [
              {
                "period": 1,
                "numStreams": 19
              },
              {
                "period": 2,
                "numStreams": 28
              }
            ]
          },
          {
            "month": 3,
            "biweeklyStreams": [
              {
                "period": 1,
                "numStreams": 5
              },
              {
                "period": 2,
                "numStreams": 1
              }
            ]
          },
          {
            "month": 11,
            "biweeklyStreams": [
              {
                "period": 1,
                "numStreams": 40
              }
            ]
          },
          {
            "month": 8,
            "biweeklyStreams": [
              {
                "period": 1,
                "numStreams": 37
              },
              {
                "period": 2,
                "numStreams": 34
              }
            ]
          },
          {
            "month": 4,
            "biweeklyStreams": [
              {
                "period": 1,
                "numStreams": 3
              },
              {
                "period": 2,
                "numStreams": 3
              }
            ]
          }
        ]
      },
      {
        "artistUri": "spotify:artist:6HvZYsbFfjnjFrWF950C9d",
        "monthlyStreams": [
          {
            "month": 5,
            "biweeklyStreams": [
              {
                "period": 2,
                "numStreams": 1
              },
              {
                "period": 1,
                "numStreams": 1
              }
            ]
          },
          {
            "month": 10,
            "biweeklyStreams": [
              {
                "period": 1,
                "numStreams": 4
              },
              {
                "period": 2,
                "numStreams": 4
              }
            ]
          },
          {
            "month": 1,
            "biweeklyStreams": [
              {
                "period": 1,
                "numStreams": 63
              },
              {
                "period": 2,
                "numStreams": 1
              }
            ]
          },
          {
            "month": 6,
            "biweeklyStreams": [
              {
                "period": 2,
                "numStreams": 1
              }
            ]
          },
          {
            "month": 9,
            "biweeklyStreams": [
              {
                "period": 1,
                "numStreams": 5
              }
            ]
          },
          {
            "month": 2,
            "biweeklyStreams": [
              {
                "period": 1,
                "numStreams": 1
              }
            ]
          },
          {
            "month": 7,
            "biweeklyStreams": [
              {
                "period": 1,
                "numStreams": 55
              },
              {
                "period": 2,
                "numStreams": 108
              }
            ]
          },
          {
            "month": 3,
            "biweeklyStreams": [
              {
                "period": 1,
                "numStreams": 4
              },
              {
                "period": 2,
                "numStreams": 5
              }
            ]
          },
          {
            "month": 11,
            "biweeklyStreams": [
              {
                "period": 1,
                "numStreams": 1
              }
            ]
          },
          {
            "month": 8,
            "biweeklyStreams": [
              {
                "period": 1,
                "numStreams": 5
              },
              {
                "period": 2,
                "numStreams": 30
              }
            ]
          },
          {
            "month": 4,
            "biweeklyStreams": [
              {
                "period": 2,
                "numStreams": 2
              }
            ]
          }
        ]
      },
      {
        "artistUri": "spotify:artist:1Urg6a4MvccwltzRKTwtgv",
        "monthlyStreams": [
          {
            "month": 5,
            "biweeklyStreams": [
              {
                "period": 2,
                "numStreams": 12
              },
              {
                "period": 1,
                "numStreams": 6
              }
            ]
          },
          {
            "month": 10,
            "biweeklyStreams": [
              {
                "period": 1,
                "numStreams": 7
              },
              {
                "period": 2,
                "numStreams": 10
              }
            ]
          },
          {
            "month": 6,
            "biweeklyStreams": [
              {
                "period": 1,
                "numStreams": 3
              },
              {
                "period": 2,
                "numStreams": 1
              }
            ]
          },
          {
            "month": 9,
            "biweeklyStreams": [
              {
                "period": 1,
                "numStreams": 2
              },
              {
                "period": 2,
                "numStreams": 5
              }
            ]
          },
          {
            "month": 2,
            "biweeklyStreams": [
              {
                "period": 2,
                "numStreams": 2
              }
            ]
          },
          {
            "month": 7,
            "biweeklyStreams": [
              {
                "period": 1,
                "numStreams": 8
              },
              {
                "period": 2,
                "numStreams": 39
              }
            ]
          },
          {
            "month": 11,
            "biweeklyStreams": [
              {
                "period": 1,
                "numStreams": 152
              }
            ]
          },
          {
            "month": 8,
            "biweeklyStreams": [
              {
                "period": 1,
                "numStreams": 25
              },
              {
                "period": 2,
                "numStreams": 19
              }
            ]
          },
          {
            "month": 4,
            "biweeklyStreams": [
              {
                "period": 1,
                "numStreams": 2
              },
              {
                "period": 2,
                "numStreams": 3
              }
            ]
          }
        ]
      },
      {
        "artistUri": "spotify:artist:2o8gT0fQmFxGNbowbdgeZe",
        "monthlyStreams": [
          {
            "month": 5,
            "biweeklyStreams": [
              {
                "period": 1,
                "numStreams": 1
              }
            ]
          },
          {
            "month": 10,
            "biweeklyStreams": [
              {
                "period": 1,
                "numStreams": 7
              },
              {
                "period": 2,
                "numStreams": 195
              }
            ]
          },
          {
            "month": 1,
            "biweeklyStreams": [
              {
                "period": 2,
                "numStreams": 2
              }
            ]
          },
          {
            "month": 6,
            "biweeklyStreams": [
              {
                "period": 2,
                "numStreams": 1
              }
            ]
          },
          {
            "month": 9,
            "biweeklyStreams": [
              {
                "period": 2,
                "numStreams": 4
              }
            ]
          },
          {
            "month": 2,
            "biweeklyStreams": [
              {
                "period": 2,
                "numStreams": 1
              }
            ]
          },
          {
            "month": 3,
            "biweeklyStreams": [
              {
                "period": 1,
                "numStreams": 2
              },
              {
                "period": 2,
                "numStreams": 2
              }
            ]
          },
          {
            "month": 11,
            "biweeklyStreams": [
              {
                "period": 1,
                "numStreams": 32
              }
            ]
          },
          {
            "month": 8,
            "biweeklyStreams": [
              {
                "period": 1,
                "numStreams": 1
              }
            ]
          },
          {
            "month": 4,
            "biweeklyStreams": [
              {
                "period": 1,
                "numStreams": 1
              },
              {
                "period": 2,
                "numStreams": 3
              }
            ]
          }
        ]
      },
      {
        "artistUri": "spotify:artist:6YVMFz59CuY7ngCxTxjpxE",
        "monthlyStreams": [
          {
            "month": 5,
            "biweeklyStreams": [
              {
                "period": 2,
                "numStreams": 2
              },
              {
                "period": 1,
                "numStreams": 80
              }
            ]
          },
          {
            "month": 10,
            "biweeklyStreams": [
              {
                "period": 1,
                "numStreams": 6
              },
              {
                "period": 2,
                "numStreams": 8
              }
            ]
          },
          {
            "month": 6,
            "biweeklyStreams": [
              {
                "period": 2,
                "numStreams": 2
              }
            ]
          },
          {
            "month": 9,
            "biweeklyStreams": [
              {
                "period": 1,
                "numStreams": 1
              },
              {
                "period": 2,
                "numStreams": 7
              }
            ]
          },
          {
            "month": 7,
            "biweeklyStreams": [
              {
                "period": 2,
                "numStreams": 12
              }
            ]
          },
          {
            "month": 3,
            "biweeklyStreams": [
              {
                "period": 1,
                "numStreams": 3
              }
            ]
          },
          {
            "month": 11,
            "biweeklyStreams": [
              {
                "period": 1,
                "numStreams": 49
              }
            ]
          },
          {
            "month": 8,
            "biweeklyStreams": [
              {
                "period": 1,
                "numStreams": 8
              },
              {
                "period": 2,
                "numStreams": 55
              }
            ]
          },
          {
            "month": 4,
            "biweeklyStreams": [
              {
                "period": 1,
                "numStreams": 18
              }
            ]
          }
        ]
      }
    ],
    "topArtistMilliseconds": 113321216,
    "topArtistFanPercentage": 0.006960588
  },
  "topGenres": {
    "topGenres": [
      "anime",
      "japanese vgm",
      "k-pop",
      "j-rock",
      "vocaloid"
    ],
    "numberGenres": 40
  },
  "topPodcasts": {
    "topPodcastsUri": [
      "spotify:show:0ZARzVCRfJZDCyeKjvIEfE",
      "spotify:show:3ADR5uUnnYwSoIMVCL7SrE"
    ],
    "topPodcastMilliseconds": 53811117,
    "topPodcastPercentage": 0.05908033,
    "totalPodcastMilliseconds": 68370078
  },
  "topTracks": {
    "topTracks": [
      "spotify:track:59ScHwQ4PP0TRTJgG07PAW",
      "spotify:track:5YSkDxmHvzSDWTu4MaEtfa",
      "spotify:track:6qVqWJxIpsabUKBILG7d6N",
      "spotify:track:35SbrfbaSpGUBX7e5BPega",
      "spotify:track:3Z0qLOS0cqWKPHXkbTXmNF"
    ],
    "topTrackPlayCount": 89,
    "topTrackFirstPlayedDate": "2023-10-13",
    "distinctTracksPlayed": 3032
  },
  "yearlyMetrics": {
    "totalMsListened": 1853882709,
    "mostListenedDay": "2023-11-01",
    "mostListenedDayMinutes": 604.8559,
    "percentGreaterThanWorldwideUsers": 89.39626
  },
  "darkMode": {
    "creatureOfHabit": "ALBUM"
  }
}