[
  {
    "message_previous_connected_device_id": "74b54c57-103e-49bd-9fa8-d8f0ff089be7_amzn_1",
    "timestamp_utc": "2024-11-28T18:04:33.967Z",
    "context_application_version": "8.9.94.418",
    "context_conn_country": "DE",
    "context_device_manufacturer": "apple",
    "context_device_model": "iPhone15,2",
    "context_device_type": "mobile",
    "context_os_name": "ios",
    "context_os_version": "18.0",
    "context_receiver_service_timestamp": 1732817081707,
    "context_time": 1732817073967,
    "message_accessory_type": "bluetooth",
    "message_app_state": "background",
    "message_playback_state": "playing"
  },
  {
    "message_previous_connected_device_id": "a7d4648f-6357-47ae-88ef-3b52d59aea74_amzn_1",
    "timestamp_utc": "2024-11-01T10:40:32.674Z",
    "context_application_version": "8.9.84.543",
    "context_conn_country": "DE",
    "context_device_manufacturer": "apple",
    "context_device_model": "iPhone15,2",
    "context_device_type": "mobile",
    "context_os_name": "ios",
    "context_os_version": "18.0",
    "context_receiver_service_timestamp": 1730459580063,
    "context_time": 1730457632674,
    "message_accessory_type": "bluetooth",
    "message_app_state": "background",
    "message_playback_state": "playing"
  },
  {
    "message_previous_connected_device_id": "74b54c57-103e-49bd-9fa8-d8f0ff089be7_amzn_1",
    "timestamp_utc": "2024-11-27T15:06:14.230Z",
    "context_application_version": "8.9.94.418",
    "context_conn_country": "DE",
    "context_device_manufacturer": "apple",
    "context_device_model": "iPhone15,2",
    "context_device_type": "mobile",
    "context_os_name": "ios",
    "context_os_version": "18.0",
    "context_receiver_service_timestamp": 1732719975484,
    "context_time": 1732719974230,
    "message_accessory_type": "bluetooth",
    "message_app_state": "background",
    "message_playback_state": "playing"
  },
  {
    "message_previous_connected_device_id": "74b54c57-103e-49bd-9fa8-d8f0ff089be7_amzn_1",
    "timestamp_utc": "2024-11-29T16:42:43.885Z",
    "context_application_version": "8.9.94.418",
    "context_conn_country": "DE",
    "context_device_manufacturer": "apple",
    "context_device_model": "iPhone15,2",
    "context_device_type": "mobile",
    "context_os_name": "ios",
    "context_os_version": "18.0",
    "context_receiver_service_timestamp": 1732898571584,
    "context_time": 1732898563885,
    "message_accessory_type": "bluetooth",
    "message_app_state": "background",
    "message_playback_state": "playing"
  },
  {
    "message_previous_connected_device_id": "e57a93fe-754d-4002-92d1-137ce95254c9_amzn_1",
    "timestamp_utc": "2024-10-14T06:31:46.041Z",
    "context_application_version": "8.9.82.628",
    "context_conn_country": "DE",
    "context_device_manufacturer": "apple",
    "context_device_model": "iPhone15,2",
    "context_device_type": "mobile",
    "context_os_name": "ios",
    "context_os_version": "18.0",
    "context_receiver_service_timestamp": 1728887518875,
    "context_time": 1728887506041,
    "message_accessory_type": "bluetooth",
    "message_app_state": "foreground",
    "message_playback_state": "playing"
  },
  {
    "message_previous_connected_device_id": "74b54c57-103e-49bd-9fa8-d8f0ff089be7_amzn_1",
    "timestamp_utc": "2024-11-29T10:57:56.903Z",
    "context_application_version": "8.9.94.418",
    "context_conn_country": "DE",
    "context_device_manufacturer": "apple",
    "context_device_model": "iPhone15,2",
    "context_device_type": "mobile",
    "context_os_name": "ios",
    "context_os_version": "18.0",
    "context_receiver_service_timestamp": 1732877904874,
    "context_time": 1732877876903,
    "message_accessory_type": "bluetooth",
    "message_app_state": "background",
    "message_playback_state": "playing"
  },
  {
    "message_previous_connected_device_id": "70576d60b38ac3dd2afbdce2d982b78ee452830d",
    "timestamp_utc": "2024-09-24T18:40:37.427Z",
    "context_application_version": "8.9.74.535",
    "context_conn_country": "FR",
    "context_device_manufacturer": "apple",
    "context_device_model": "iPhone14,5",
    "context_device_type": "mobile",
    "context_os_name": "ios",
    "context_os_version": "17.6.1",
    "context_receiver_service_timestamp": 1727203261129,
    "context_time": 1727203237427,
    "message_accessory_type": "bluetooth",
    "message_app_state": "foreground",
    "message_playback_state": "playing"
  },
  {
    "message_previous_connected_device_id": "74b54c57-103e-49bd-9fa8-d8f0ff089be7_amzn_1",
    "timestamp_utc": "2024-11-29T10:57:49.689Z",
    "context_application_version": "8.9.94.418",
    "context_conn_country": "DE",
    "context_device_manufacturer": "apple",
    "context_device_model": "iPhone15,2",
    "context_device_type": "mobile",
    "context_os_name": "ios",
    "context_os_version": "18.0",
    "context_receiver_service_timestamp": 1732877872632,
    "context_time": 1732877869689,
    "message_accessory_type": "bluetooth",
    "message_app_state": "background",
    "message_playback_state": "playing"
  },
  {
    "message_previous_connected_device_id": "871c400842b3ea2d19f5d82c00ffaf4229f372ad",
    "timestamp_utc": "2024-10-03T12:37:46.198Z",
    "context_application_version": "8.9.78.513",
    "context_conn_country": "DE",
    "context_device_manufacturer": "samsung",
    "context_device_model": "SM-A725F",
    "context_device_type": "mobile",
    "context_os_name": "android",
    "context_os_version": "14",
    "context_receiver_service_timestamp": 1727959088646,
    "context_time": 1727959066198,
    "message_accessory_type": "bluetooth",
    "message_app_state": "foreground",
    "message_playback_state": "playing"
  },
  {
    "message_previous_connected_device_id": "74b54c57-103e-49bd-9fa8-d8f0ff089be7_amzn_1",
    "timestamp_utc": "2024-11-29T11:29:50.803Z",
    "context_application_version": "8.9.94.418",
    "context_conn_country": "DE",
    "context_device_manufacturer": "apple",
    "context_device_model": "iPhone15,2",
    "context_device_type": "mobile",
    "context_os_name": "ios",
    "context_os_version": "18.0",
    "context_receiver_service_timestamp": 1732879810458,
    "context_time": 1732879790803,
    "message_accessory_type": "bluetooth",
    "message_app_state": "background",
    "message_playback_state": "playing"
  },
  {
    "message_previous_connected_device_id": "70576d60b38ac3dd2afbdce2d982b78ee452830d",
    "timestamp_utc": "2024-11-03T14:38:14.801Z",
    "context_application_version": "8.9.84.543",
    "context_conn_country": "DE",
    "context_device_manufacturer": "apple",
    "context_device_model": "iPhone15,2",
    "context_device_type": "mobile",
    "context_os_name": "ios",
    "context_os_version": "18.0",
    "context_receiver_service_timestamp": 1730644705033,
    "context_time": 1730644694801,
    "message_accessory_type": "bluetooth",
    "message_app_state": "foreground",
    "message_playback_state": "playing"
  },
  {
    "message_previous_connected_device_id": "e57a93fe-754d-4002-92d1-137ce95254c9_amzn_1",
    "timestamp_utc": "2024-10-13T14:51:04.951Z",
    "context_application_version": "8.9.82.628",
    "context_conn_country": "DE",
    "context_device_manufacturer": "apple",
    "context_device_model": "iPhone15,2",
    "context_device_type": "mobile",
    "context_os_name": "ios",
    "context_os_version": "18.0",
    "context_receiver_service_timestamp": 1728831065623,
    "context_time": 1728831064951,
    "message_accessory_type": "wired",
    "message_app_state": "foreground",
    "message_playback_state": "playing"
  },
  {
    "message_previous_connected_device_id": "51ae8d46-ef8c-4c95-a952-19ccb70c8dd4_amzn_1",
    "timestamp_utc": "2024-09-09T19:28:08.542Z",
    "context_application_version": "8.9.70.592",
    "context_conn_country": "DE",
    "context_device_manufacturer": "apple",
    "context_device_model": "iPhone15,2",
    "context_device_type": "mobile",
    "context_os_name": "ios",
    "context_os_version": "17.5.1",
    "context_receiver_service_timestamp": 1725910089002,
    "context_time": 1725910088542,
    "message_accessory_type": "bluetooth",
    "message_app_state": "foreground",
    "message_playback_state": "playing"
  },
  {
    "message_previous_connected_device_id": "74b54c57-103e-49bd-9fa8-d8f0ff089be7_amzn_1",
    "timestamp_utc": "2024-11-29T13:31:51.422Z",
    "context_application_version": "8.9.94.418",
    "context_conn_country": "DE",
    "context_device_manufacturer": "apple",
    "context_device_model": "iPhone15,2",
    "context_device_type": "mobile",
    "context_os_name": "ios",
    "context_os_version": "18.0",
    "context_receiver_service_timestamp": 1732887119924,
    "context_time": 1732887111422,
    "message_accessory_type": "bluetooth",
    "message_app_state": "background",
    "message_playback_state": "playing"
  },
  {
    "message_previous_connected_device_id": "a7d4648f-6357-47ae-88ef-3b52d59aea74_amzn_1",
    "timestamp_utc": "2024-10-30T12:42:10.242Z",
    "context_application_version": "8.9.84.543",
    "context_conn_country": "DE",
    "context_device_manufacturer": "apple",
    "context_device_model": "iPhone15,2",
    "context_device_type": "mobile",
    "context_os_name": "ios",
    "context_os_version": "18.0",
    "context_receiver_service_timestamp": 1730302421419,
    "context_time": 1730292130242,
    "message_accessory_type": "bluetooth",
    "message_app_state": "foreground",
    "message_playback_state": "playing"
  },
  {
    "message_previous_connected_device_id": "70576d60b38ac3dd2afbdce2d982b78ee452830d",
    "timestamp_utc": "2024-09-22T20:35:56.435Z",
    "context_application_version": "8.9.76.516",
    "context_conn_country": "IT",
    "context_device_manufacturer": "apple",
    "context_device_model": "iPhone15,2",
    "context_device_type": "mobile",
    "context_os_name": "ios",
    "context_os_version": "17.5.1",
    "context_receiver_service_timestamp": 1727037370421,
    "context_time": 1727037356435,
    "message_accessory_type": "wired",
    "message_app_state": "foreground",
    "message_playback_state": "playing"
  }
]