[
  {
    "timestamp_utc": "2024-12-04T12:44:17.141Z",
    "context_time": 1733316257141,
    "message_displayed_hero_type": "premium",
    "message_market": "fr"
  },
  {
    "timestamp_utc": "2024-12-03T09:40:35.020Z",
    "context_time": 1733218835020,
    "message_displayed_hero_type": "premium",
    "message_market": "fr"
  },
  {
    "timestamp_utc": "2024-12-03T09:41:13.995Z",
    "context_time": 1733218873995,
    "message_displayed_hero_type": "premium",
    "message_market": "fr"
  },
  {
    "timestamp_utc": "2024-12-03T09:41:41.003Z",
    "context_time": 1733218901003,
    "message_displayed_hero_type": "premium",
    "message_market": "fr"
  },
  {
    "timestamp_utc": "2024-12-03T09:44:04.664Z",
    "context_time": 1733219044664,
    "message_displayed_hero_type": "premium",
    "message_market": "fr"
  },
  {
    "timestamp_utc": "2024-12-03T09:43:49.237Z",
    "context_time": 1733219029237,
    "message_displayed_hero_type": "premium",
    "message_market": "fr"
  },
  {
    "timestamp_utc": "2024-12-04T12:42:07.510Z",
    "context_time": 1733316127510,
    "message_displayed_hero_type": "premium",
    "message_market": "fr"
  },
  {
    "timestamp_utc": "2024-12-04T12:42:19.553Z",
    "context_time": 1733316139553,
    "message_displayed_hero_type": "premium",
    "message_market": "fr"
  }
]