[
  {
    "timestamp_utc": "2024-09-26T23:01:53.191Z",
    "context_time": 1727391713191,
    "message_client_platform": 36,
    "message_item_uri": "spotify:track:503KhMir9bV6kGqQj9arkv",
    "message_item_uri_kind": "track",
    "message_playlist_uri": "spotify:playlist:4XlSeenN34nEeV86ZuDOA1"
  },
  {
    "timestamp_utc": "2024-08-14T08:17:57.988Z",
    "context_time": 1723623477988,
    "message_client_platform": 6,
    "message_item_uri": "spotify:track:076HUj0TPUnBidZdy9PEyx",
    "message_item_uri_kind": "track",
    "message_playlist_uri": "spotify:playlist:0tJcVULNzIS6oiODD53hfF"
  },
  {
    "timestamp_utc": "2024-08-28T17:27:02.603Z",
    "context_time": 1724866022603,
    "message_client_platform": 6,
    "message_item_uri": "spotify:track:53A95mGzwiRKw61TOI7VEW",
    "message_item_uri_kind": "track",
    "message_playlist_uri": "spotify:playlist:4SpZAqhCELEKz8h1u1GLYj"
  },
  {
    "timestamp_utc": "2024-08-14T08:18:01.939Z",
    "context_time": 1723623481939,
    "message_client_platform": 6,
    "message_item_uri": "spotify:track:3RTIYfHCoHIukOD5qMgGwY",
    "message_item_uri_kind": "track",
    "message_playlist_uri": "spotify:playlist:0tJcVULNzIS6oiODD53hfF"
  },
  {
    "timestamp_utc": "2024-09-26T11:26:50.538Z",
    "context_time": 1727350010538,
    "message_client_platform": 36,
    "message_item_uri": "spotify:track:2xtnnO9bHKXEmsfetO3ldK",
    "message_item_uri_kind": "track",
    "message_playlist_uri": "spotify:playlist:0I5kIwSV2TnlaSbt6gVCit"
  }
]