[
  {
    "timestamp_utc": "2024-10-05T19:44:58.972Z",
    "context_time": 1728157498972,
    "message_item_uri": "spotify:track:3PrmY8JuHtBYSTmu72c2NL",
    "message_set": "collection"
  },
  {
    "timestamp_utc": "2024-11-27T19:36:02.327Z",
    "context_time": 1732736162327,
    "message_item_uri": "spotify:track:6CcJMwBtXByIz4zQLzFkKc",
    "message_set": "collection"
  },
  {
    "timestamp_utc": "2024-09-09T12:21:02.272Z",
    "context_time": 1725884462272,
    "message_item_uri": "spotify:track:2Ck6gblyk3UFCVPTh8o3TN",
    "message_set": "collection"
  },
  {
    "timestamp_utc": "2024-12-03T10:07:00.687Z",
    "context_time": 1733220420687,
    "message_item_uri": "spotify:episode:5oZWaa0Q966LTMQhEeGX0n",
    "message_set": "listenlater"
  },
  {
    "timestamp_utc": "2024-09-07T18:44:08.548Z",
    "context_time": 1725734648548,
    "message_item_uri": "spotify:track:4wG82w1L31yQhgGiWt6gIb",
    "message_set": "collection"
  },
  {
    "timestamp_utc": "2024-09-10T21:54:15.172Z",
    "context_time": 1726005255172,
    "message_item_uri": "spotify:artist:2FXC3k01G6Gw61bmprjgqS",
    "message_set": "artist"
  },
  {
    "timestamp_utc": "2024-09-04T19:15:51.521Z",
    "context_time": 1725477351521,
    "message_item_uri": "spotify:track:2L9N0zZnd37dwF0clgxMGI",
    "message_set": "collection"
  },
  {
    "timestamp_utc": "2024-11-27T17:18:00.068Z",
    "context_time": 1732727880068,
    "message_item_uri": "spotify:track:1AsQCN1yTGH8zNUaN9jrHn",
    "message_set": "collection"
  },
  {
    "timestamp_utc": "2024-09-04T19:10:13.747Z",
    "context_time": 1725477013747,
    "message_item_uri": "spotify:track:2psRActEWsTlYYd7EDoyVR",
    "message_set": "collection"
  },
  {
    "timestamp_utc": "2024-11-27T18:11:56.158Z",
    "context_time": 1732731116158,
    "message_item_uri": "spotify:track:2qxmye6gAegTMjLKEBoR3d",
    "message_set": "collection"
  },
  {
    "timestamp_utc": "2024-10-05T20:17:48.351Z",
    "context_time": 1728159468351,
    "message_item_uri": "spotify:track:5N0w2n2B3OzvBZv4WjcVyA",
    "message_set": "collection"
  },
  {
    "timestamp_utc": "2024-10-12T21:02:13.677Z",
    "context_time": 1728766933677,
    "message_item_uri": "spotify:artist:5FXMkwsloHI5c05GIkWpuK",
    "message_set": "artist"
  },
  {
    "timestamp_utc": "2024-12-03T10:07:15.844Z",
    "context_time": 1733220435844,
    "message_item_uri": "spotify:episode:2S6RVELVgqsJhYDizRXSBY",
    "message_set": "listenlater"
  },
  {
    "timestamp_utc": "2024-09-07T18:48:22.110Z",
    "context_time": 1725734902110,
    "message_item_uri": "spotify:track:1jUkHIMc7UaJQuzWe5Iop2",
    "message_set": "collection"
  },
  {
    "timestamp_utc": "2024-10-27T11:14:08.734Z",
    "context_time": 1730027648734,
    "message_item_uri": "spotify:track:14yzB8XBIIgmQcvHUGk3Mv",
    "message_set": "collection"
  },
  {
    "timestamp_utc": "2024-11-27T19:34:23.305Z",
    "context_time": 1732736063305,
    "message_item_uri": "spotify:track:6fPan2saHdFaIHuTSatORv",
    "message_set": "collection"
  },
  {
    "timestamp_utc": "2024-12-03T10:06:57.516Z",
    "context_time": 1733220417516,
    "message_item_uri": "spotify:episode:4kvb0IqT7b89QgqO2FfqVf",
    "message_set": "listenlater"
  },
  {
    "timestamp_utc": "2024-09-16T18:30:22.198Z",
    "context_time": 1726511422198,
    "message_item_uri": "spotify:track:1myEOhXztRxUVfaAEQiKkU",
    "message_set": "collection"
  },
  {
    "timestamp_utc": "2024-08-21T20:56:42.019Z",
    "context_time": 1724273802019,
    "message_item_uri": "spotify:track:5147DzKnamWyQdZwsYLHEJ",
    "message_set": "collection"
  },
  {
    "timestamp_utc": "2024-12-03T10:05:04.556Z",
    "context_time": 1733220304556,
    "message_item_uri": "spotify:episode:4O1tvJQhgVJGV0pwT975Ks",
    "message_set": "listenlater"
  },
  {
    "timestamp_utc": "2024-11-26T21:24:27.114Z",
    "context_time": 1732656267114,
    "message_item_uri": "spotify:track:6RRNNciQGZEXnqk8SQ9yv5",
    "message_set": "collection"
  },
  {
    "timestamp_utc": "2024-09-23T10:04:04.719Z",
    "context_time": 1727085844719,
    "message_item_uri": "spotify:track:5GZupy8zByqFmXvpwZ4JOC",
    "message_set": "collection"
  },
  {
    "timestamp_utc": "2024-11-28T19:04:15.329Z",
    "context_time": 1732820655329,
    "message_item_uri": "spotify:track:0PLhwCmQ7cC3ThRGPn3HxF",
    "message_set": "collection"
  },
  {
    "timestamp_utc": "2024-11-27T16:32:26.118Z",
    "context_time": 1732725146118,
    "message_item_uri": "spotify:track:19XpFsce28aByvCC4g89tJ",
    "message_set": "collection"
  },
  {
    "timestamp_utc": "2024-09-07T14:41:40.572Z",
    "context_time": 1725720100572,
    "message_item_uri": "spotify:track:2eF2x1BkgilhaZ2AipRY8j",
    "message_set": "collection"
  },
  {
    "timestamp_utc": "2024-11-12T16:42:53.063Z",
    "context_time": 1731429773063,
    "message_item_uri": "spotify:track:0EDXlYMKYOIYbkyn5K4C6o",
    "message_set": "collection"
  },
  {
    "timestamp_utc": "2024-09-23T10:03:26.986Z",
    "context_time": 1727085806986,
    "message_item_uri": "spotify:track:2rMhztfOqEt00j47vpCfKl",
    "message_set": "collection"
  },
  {
    "timestamp_utc": "2024-12-03T10:08:39.812Z",
    "context_time": 1733220519812,
    "message_item_uri": "spotify:episode:0I7JxOjkeTODbFlFvo2dhB",
    "message_set": "listenlater"
  },
  {
    "timestamp_utc": "2024-10-30T22:01:39.012Z",
    "context_time": 1730325699012,
    "message_item_uri": "spotify:track:6hRSA7yZ3TZCCd8W77UmBB",
    "message_set": "collection"
  },
  {
    "timestamp_utc": "2024-08-31T15:07:05.029Z",
    "context_time": 1725116825029,
    "message_item_uri": "spotify:track:7sblk55X2EWiKFQuq1ZJD7",
    "message_set": "collection"
  },
  {
    "timestamp_utc": "2024-12-03T10:06:44.720Z",
    "context_time": 1733220404720,
    "message_item_uri": "spotify:episode:2P3ZuLWH8YhBlohrk910jz",
    "message_set": "listenlater"
  },
  {
    "timestamp_utc": "2024-08-31T19:31:17.411Z",
    "context_time": 1725132677411,
    "message_item_uri": "spotify:track:2DRMuw0U0QbkVQxWxdJV3M",
    "message_set": "collection"
  },
  {
    "timestamp_utc": "2024-11-27T07:53:37.046Z",
    "context_time": 1732694017046,
    "message_item_uri": "spotify:artist:06HL4z0CvFAxyc27GXpf02",
    "message_set": "artist"
  },
  {
    "timestamp_utc": "2024-11-06T21:31:08.445Z",
    "context_time": 1730928668445,
    "message_item_uri": "spotify:episode:3vIukcwgEiABqvaLKIvzP1",
    "message_set": "listenlater"
  },
  {
    "timestamp_utc": "2024-10-01T20:18:21.566Z",
    "context_time": 1727813901566,
    "message_item_uri": "spotify:track:6nxQV4fJgfvyfZRPPJm1mO",
    "message_set": "collection"
  },
  {
    "timestamp_utc": "2024-08-17T00:37:37.620Z",
    "context_time": 1723855057620,
    "message_item_uri": "spotify:track:5PuJtgZFBzZ98GIWDpS2sF",
    "message_set": "collection"
  },
  {
    "timestamp_utc": "2024-10-05T20:01:15.981Z",
    "context_time": 1728158475981,
    "message_item_uri": "spotify:track:6fmzc3jaO7T6Rbj6VQJCzS",
    "message_set": "collection"
  },
  {
    "timestamp_utc": "2024-08-10T20:38:41.558Z",
    "context_time": 1723322321558,
    "message_item_uri": "spotify:track:2jWCLuhLinumCeHiCGONu3",
    "message_set": "collection"
  },
  {
    "timestamp_utc": "2024-09-07T19:03:31.413Z",
    "context_time": 1725735811413,
    "message_item_uri": "spotify:track:31ABtQJdfloNaGz7ZhXaN5",
    "message_set": "collection"
  },
  {
    "timestamp_utc": "2024-09-04T19:11:49.470Z",
    "context_time": 1725477109470,
    "message_item_uri": "spotify:track:5XeFesFbtLpXzIVDNQP22n",
    "message_set": "collection"
  },
  {
    "timestamp_utc": "2024-11-29T10:43:47.683Z",
    "context_time": 1732877027683,
    "message_item_uri": "spotify:track:3Y7fpFZbHLpAvWJJYGehz0",
    "message_set": "collection"
  },
  {
    "timestamp_utc": "2024-09-04T18:51:06.040Z",
    "context_time": 1725475866040,
    "message_item_uri": "spotify:artist:1QAJqy2dA3ihHBFIHRphZj",
    "message_set": "artist"
  },
  {
    "timestamp_utc": "2024-08-21T20:01:01.514Z",
    "context_time": 1724270461514,
    "message_item_uri": "spotify:track:5uu2OCGGrTRS1sIvlMgKwe",
    "message_set": "collection"
  },
  {
    "timestamp_utc": "2024-12-03T11:59:53.888Z",
    "context_time": 1733227193888,
    "message_item_uri": "spotify:episode:7wZGLhpHK1gLEAuqWkI7T1",
    "message_set": "listenlater"
  },
  {
    "timestamp_utc": "2024-11-28T21:52:52.803Z",
    "context_time": 1732830772803,
    "message_item_uri": "spotify:track:6GGtHZgBycCgGBUhZo81xe",
    "message_set": "collection"
  },
  {
    "timestamp_utc": "2024-10-27T11:14:08.734Z",
    "context_time": 1730027648734,
    "message_item_uri": "spotify:track:4hyp3I8v4647kPKyKsxP8U",
    "message_set": "collection"
  },
  {
    "timestamp_utc": "2024-10-30T21:54:11.753Z",
    "context_time": 1730325251753,
    "message_item_uri": "spotify:track:2PPN1HFpVotjq7oJIqQbnx",
    "message_set": "collection"
  },
  {
    "timestamp_utc": "2024-12-03T10:05:18.392Z",
    "context_time": 1733220318392,
    "message_item_uri": "spotify:episode:2BSLJX20xjUWb0MgjNOpat",
    "message_set": "listenlater"
  },
  {
    "timestamp_utc": "2024-09-04T19:04:53.831Z",
    "context_time": 1725476693831,
    "message_item_uri": "spotify:track:3QhfFRPkhPCR1RMJWV1gde",
    "message_set": "collection"
  },
  {
    "timestamp_utc": "2024-12-03T10:08:51.691Z",
    "context_time": 1733220531691,
    "message_item_uri": "spotify:episode:5AfDRZSRFaHcfZMlGPGOUp",
    "message_set": "listenlater"
  },
  {
    "timestamp_utc": "2024-10-05T20:09:29.321Z",
    "context_time": 1728158969321,
    "message_item_uri": "spotify:track:21b4ZOvOvcmoUCGR4uFbrb",
    "message_set": "collection"
  },
  {
    "timestamp_utc": "2024-12-03T10:05:13.988Z",
    "context_time": 1733220313988,
    "message_item_uri": "spotify:episode:4shBcbBYkyDiNV7OI5UBlP",
    "message_set": "listenlater"
  },
  {
    "timestamp_utc": "2024-08-10T20:42:12.711Z",
    "context_time": 1723322532711,
    "message_item_uri": "spotify:track:1RcWWgnw5fVm3wcNq11zBu",
    "message_set": "collection"
  },
  {
    "timestamp_utc": "2024-11-27T18:26:54.548Z",
    "context_time": 1732732014548,
    "message_item_uri": "spotify:track:1qrpoAMXodY6895hGKoUpA",
    "message_set": "collection"
  },
  {
    "timestamp_utc": "2024-12-03T09:59:54.487Z",
    "context_time": 1733219994487,
    "message_item_uri": "spotify:track:1Ty11iX5DIhZRRD9zCHP3l",
    "message_set": "collection"
  },
  {
    "timestamp_utc": "2024-08-17T00:37:28.626Z",
    "context_time": 1723855048626,
    "message_item_uri": "spotify:track:4YoGMmUJJ9dZpQ2CLOmPl2",
    "message_set": "collection"
  },
  {
    "timestamp_utc": "2024-09-04T20:43:30.024Z",
    "context_time": 1725482610024,
    "message_item_uri": "spotify:artist:5SHgclK1ZpTdfdAmXW7J6s",
    "message_set": "artist"
  },
  {
    "timestamp_utc": "2024-11-06T20:51:28.804Z",
    "context_time": 1730926288804,
    "message_item_uri": "spotify:track:2kJwzbxV2ppxnQoYw4GLBZ",
    "message_set": "collection"
  },
  {
    "timestamp_utc": "2024-12-03T10:04:52.894Z",
    "context_time": 1733220292894,
    "message_item_uri": "spotify:episode:1PSL1iXqcqrwRzjGpD2lrg",
    "message_set": "listenlater"
  },
  {
    "timestamp_utc": "2024-12-03T10:06:27.099Z",
    "context_time": 1733220387099,
    "message_item_uri": "spotify:episode:7I7GxTtoFNO4tkHRyJRQMo",
    "message_set": "listenlater"
  },
  {
    "timestamp_utc": "2024-09-07T19:06:06.349Z",
    "context_time": 1725735966349,
    "message_item_uri": "spotify:track:5FVd6KXrgO9B3JPmC8OPst",
    "message_set": "collection"
  },
  {
    "timestamp_utc": "2024-08-22T18:59:48.695Z",
    "context_time": 1724353188695,
    "message_item_uri": "spotify:track:4xqrdfXkTW4T0RauPLv3WA",
    "message_set": "collection"
  },
  {
    "timestamp_utc": "2024-08-08T20:42:19.367Z",
    "context_time": 1723149739367,
    "message_item_uri": "spotify:track:0go61rSKO7VYJWADAOpoZZ",
    "message_set": "collection"
  },
  {
    "timestamp_utc": "2024-12-03T10:05:07.431Z",
    "context_time": 1733220307431,
    "message_item_uri": "spotify:episode:39yLaowMnBG0a8CbqQbnIw",
    "message_set": "listenlater"
  },
  {
    "timestamp_utc": "2024-12-03T10:06:37.627Z",
    "context_time": 1733220397627,
    "message_item_uri": "spotify:episode:4xUYMEuKfqZfbdLz4DglWR",
    "message_set": "listenlater"
  },
  {
    "timestamp_utc": "2024-12-03T10:04:35.464Z",
    "context_time": 1733220275464,
    "message_item_uri": "spotify:episode:0PHLvuasXA47DVqX6p5DGf",
    "message_set": "listenlater"
  },
  {
    "timestamp_utc": "2024-12-03T10:05:09.584Z",
    "context_time": 1733220309584,
    "message_item_uri": "spotify:episode:1cFUKRCAQr9XVdFcKYHNTT",
    "message_set": "listenlater"
  },
  {
    "timestamp_utc": "2024-08-17T00:37:41.001Z",
    "context_time": 1723855061001,
    "message_item_uri": "spotify:track:3cCPT7eJhpYXXlH2pbWhfP",
    "message_set": "collection"
  },
  {
    "timestamp_utc": "2024-12-03T11:59:55.326Z",
    "context_time": 1733227195326,
    "message_item_uri": "spotify:episode:4NLNzc73FuHAu0ZcFjEK7C",
    "message_set": "listenlater"
  },
  {
    "timestamp_utc": "2024-12-03T10:08:30.186Z",
    "context_time": 1733220510186,
    "message_item_uri": "spotify:episode:0BAyKt9LUpeUS8kQ198bP4",
    "message_set": "listenlater"
  },
  {
    "timestamp_utc": "2024-09-07T17:35:49.173Z",
    "context_time": 1725730549173,
    "message_item_uri": "spotify:track:6EzSy7WxNCazx3csu7lxdV",
    "message_set": "collection"
  },
  {
    "timestamp_utc": "2024-11-27T19:35:19.720Z",
    "context_time": 1732736119720,
    "message_item_uri": "spotify:track:3ZCTVFBt2Brf31RLEnCkWJ",
    "message_set": "collection"
  },
  {
    "timestamp_utc": "2024-08-21T20:49:22.491Z",
    "context_time": 1724273362491,
    "message_item_uri": "spotify:track:7clUVcSOtkNWa58Gw5RfD4",
    "message_set": "collection"
  },
  {
    "timestamp_utc": "2024-10-27T11:14:08.734Z",
    "context_time": 1730027648734,
    "message_item_uri": "spotify:track:5W8yG6w1iWnRF93Wce1V22",
    "message_set": "collection"
  },
  {
    "timestamp_utc": "2024-11-27T18:52:21.811Z",
    "context_time": 1732733541811,
    "message_item_uri": "spotify:track:7KokYm8cMIXCsGVmUvKtqf",
    "message_set": "collection"
  },
  {
    "timestamp_utc": "2024-10-05T19:39:10.831Z",
    "context_time": 1728157150831,
    "message_item_uri": "spotify:track:3bISYorQwMHFlDaAhNyWd8",
    "message_set": "collection"
  },
  {
    "timestamp_utc": "2024-10-12T21:33:55.595Z",
    "context_time": 1728768835595,
    "message_item_uri": "spotify:track:0pGrdk2i6IUeUlTTgfDgRa",
    "message_set": "collection"
  },
  {
    "timestamp_utc": "2024-10-03T12:37:50.906Z",
    "context_time": 1727959070906,
    "message_item_uri": "spotify:album:7h5YXGDPG5nC2yNfRe5lLp",
    "message_set": "collection"
  },
  {
    "timestamp_utc": "2024-10-30T22:09:55.778Z",
    "context_time": 1730326195778,
    "message_item_uri": "spotify:track:2QhURnm7mQDxBb5jWkbDug",
    "message_set": "collection"
  },
  {
    "timestamp_utc": "2024-12-03T10:04:56.678Z",
    "context_time": 1733220296678,
    "message_item_uri": "spotify:episode:6SuYWNbWrh3Tm6V1NddfPp",
    "message_set": "listenlater"
  },
  {
    "timestamp_utc": "2024-08-21T20:08:14.766Z",
    "context_time": 1724270894766,
    "message_item_uri": "spotify:track:1HMQmOWrkieKYWlFsjUP3D",
    "message_set": "collection"
  },
  {
    "timestamp_utc": "2024-08-21T20:45:20.458Z",
    "context_time": 1724273120458,
    "message_item_uri": "spotify:track:4wzt5Rrk3W98pHXAqutuJw",
    "message_set": "collection"
  },
  {
    "timestamp_utc": "2024-11-27T18:24:01.342Z",
    "context_time": 1732731841342,
    "message_item_uri": "spotify:track:1zB4vmk8tFRmM9UULNzbLB",
    "message_set": "collection"
  },
  {
    "timestamp_utc": "2024-12-03T10:08:46.163Z",
    "context_time": 1733220526163,
    "message_item_uri": "spotify:episode:4BIbTUjHSJdKxzQqPRfQ0f",
    "message_set": "listenlater"
  },
  {
    "timestamp_utc": "2024-08-14T15:45:14.855Z",
    "context_time": 1723650314855,
    "message_item_uri": "spotify:track:6nfgWKfyDfFglNd8zn7gxq",
    "message_set": "collection"
  },
  {
    "timestamp_utc": "2024-12-03T10:04:29.542Z",
    "context_time": 1733220269542,
    "message_item_uri": "spotify:episode:1XHqvcTwtlIHy5QhJwsMen",
    "message_set": "listenlater"
  },
  {
    "timestamp_utc": "2024-12-03T10:04:55.041Z",
    "context_time": 1733220295041,
    "message_item_uri": "spotify:episode:4wERGXNw7UFq5CQxV0joR2",
    "message_set": "listenlater"
  },
  {
    "timestamp_utc": "2024-10-27T11:14:08.734Z",
    "context_time": 1730027648734,
    "message_item_uri": "spotify:artist:5eXMksdGn9wHWqYwCx16Tl",
    "message_set": "artist"
  },
  {
    "timestamp_utc": "2024-09-04T20:43:25.498Z",
    "context_time": 1725482605498,
    "message_item_uri": "spotify:track:3p84R45PM75ngq8XRoe45o",
    "message_set": "collection"
  },
  {
    "timestamp_utc": "2024-09-23T10:03:42.460Z",
    "context_time": 1727085822460,
    "message_item_uri": "spotify:track:5uQ7de4EWjb3rkcFxyEOpu",
    "message_set": "collection"
  },
  {
    "timestamp_utc": "2024-09-07T18:42:09.705Z",
    "context_time": 1725734529705,
    "message_item_uri": "spotify:track:3WD91HQDBIavSapet3ZpjG",
    "message_set": "collection"
  },
  {
    "timestamp_utc": "2024-10-30T21:27:05.586Z",
    "context_time": 1730323625586,
    "message_item_uri": "spotify:track:10ImcQk9tihY1EKMDIbvXJ",
    "message_set": "collection"
  },
  {
    "timestamp_utc": "2024-12-03T10:06:21.671Z",
    "context_time": 1733220381671,
    "message_item_uri": "spotify:episode:7Itn5nX7vpCtgwKmGteEik",
    "message_set": "listenlater"
  },
  {
    "timestamp_utc": "2024-12-03T10:07:47.496Z",
    "context_time": 1733220467496,
    "message_item_uri": "spotify:episode:27QAG3ziBWsIe0idYyMdq2",
    "message_set": "listenlater"
  },
  {
    "timestamp_utc": "2024-10-30T22:12:37.727Z",
    "context_time": 1730326357727,
    "message_item_uri": "spotify:track:0qksx8mV28lztYIZ1om8ml",
    "message_set": "collection"
  },
  {
    "timestamp_utc": "2024-12-03T10:07:34.073Z",
    "context_time": 1733220454073,
    "message_item_uri": "spotify:episode:0h19q1eyAGE7K8qgoCdK1S",
    "message_set": "listenlater"
  },
  {
    "timestamp_utc": "2024-10-05T20:15:45.461Z",
    "context_time": 1728159345461,
    "message_item_uri": "spotify:track:7shHcGL1DRyUaKHn85ojZF",
    "message_set": "collection"
  },
  {
    "timestamp_utc": "2024-09-16T18:28:52.556Z",
    "context_time": 1726511332556,
    "message_item_uri": "spotify:artist:1moxjboGR7GNWYIMWsRjgG",
    "message_set": "artist"
  },
  {
    "timestamp_utc": "2024-10-30T22:38:26.816Z",
    "context_time": 1730327906816,
    "message_item_uri": "spotify:track:2U8g9wVcUu9wsg6i7sFSv8",
    "message_set": "collection"
  },
  {
    "timestamp_utc": "2024-11-10T23:42:33.745Z",
    "context_time": 1731282153745,
    "message_item_uri": "spotify:episode:2UjXwwKoZjTsguAhO89Mz8",
    "message_set": "listenlater"
  },
  {
    "timestamp_utc": "2024-11-15T22:45:31.621Z",
    "context_time": 1731710731621,
    "message_item_uri": "spotify:track:3Pbp7cUCx4d3OAkZSCoNvn",
    "message_set": "collection"
  },
  {
    "timestamp_utc": "2024-08-31T19:31:21.961Z",
    "context_time": 1725132681961,
    "message_item_uri": "spotify:track:2qBmtZnPSQouvADmqaHKxk",
    "message_set": "collection"
  },
  {
    "timestamp_utc": "2024-09-16T18:29:50.108Z",
    "context_time": 1726511390108,
    "message_item_uri": "spotify:artist:0IROOdQ2fQUcoaEPqt1Isg",
    "message_set": "artist"
  },
  {
    "timestamp_utc": "2024-08-17T00:36:51.865Z",
    "context_time": 1723855011865,
    "message_item_uri": "spotify:track:5W63Zcirj6bvnTxhVIKTSK",
    "message_set": "collection"
  },
  {
    "timestamp_utc": "2024-09-26T12:19:22.592Z",
    "context_time": 1727353162592,
    "message_item_uri": "spotify:track:003vvx7Niy0yvhvHt4a68B",
    "message_set": "collection"
  },
  {
    "timestamp_utc": "2024-09-07T18:48:59.576Z",
    "context_time": 1725734939576,
    "message_item_uri": "spotify:track:3zEN0ii6s4DHHBpnTp3RP7",
    "message_set": "collection"
  },
  {
    "timestamp_utc": "2024-11-27T19:35:11.990Z",
    "context_time": 1732736111990,
    "message_item_uri": "spotify:track:7hDVYcQq6MxkdJGweuCtl9",
    "message_set": "collection"
  },
  {
    "timestamp_utc": "2024-08-21T20:33:21.534Z",
    "context_time": 1724272401534,
    "message_item_uri": "spotify:track:6Kkt27YmFyIFrcX3QXFi2o",
    "message_set": "collection"
  },
  {
    "timestamp_utc": "2024-08-17T00:36:27.483Z",
    "context_time": 1723854987483,
    "message_item_uri": "spotify:track:0AIg5cvStl9diIJ7qXQsqc",
    "message_set": "collection"
  },
  {
    "timestamp_utc": "2024-11-06T20:44:02.545Z",
    "context_time": 1730925842545,
    "message_item_uri": "spotify:track:5oO3drDxtziYU2H1X23ZIp",
    "message_set": "collection"
  },
  {
    "timestamp_utc": "2024-10-30T21:53:46.751Z",
    "context_time": 1730325226751,
    "message_item_uri": "spotify:track:4OSBTYWVwsQhGLF9NHvIbR",
    "message_set": "collection"
  },
  {
    "timestamp_utc": "2024-11-30T11:39:59.941Z",
    "context_time": 1732966799941,
    "message_item_uri": "spotify:track:7MjKAV0mFiEID9WhDSSzaW",
    "message_set": "collection"
  },
  {
    "timestamp_utc": "2024-12-03T10:08:54.668Z",
    "context_time": 1733220534668,
    "message_item_uri": "spotify:episode:0CfGi3IV0dMfo6i0GNnpCn",
    "message_set": "listenlater"
  },
  {
    "timestamp_utc": "2024-09-09T07:11:03.685Z",
    "context_time": 1725865863685,
    "message_item_uri": "spotify:track:0iMt8ZMe2BsNvsF9LFDOAn",
    "message_set": "collection"
  },
  {
    "timestamp_utc": "2024-12-03T10:05:48.677Z",
    "context_time": 1733220348677,
    "message_item_uri": "spotify:episode:4FT38MLFXOCIFZkhOFFA53",
    "message_set": "listenlater"
  },
  {
    "timestamp_utc": "2024-10-30T15:39:56.688Z",
    "context_time": 1730302796688,
    "message_item_uri": "spotify:track:1D4XFKolp63mNqqMXJJL1V",
    "message_set": "collection"
  },
  {
    "timestamp_utc": "2024-11-27T19:09:23.539Z",
    "context_time": 1732734563539,
    "message_item_uri": "spotify:track:2Rk4JlNc2TPmZe2af99d45",
    "message_set": "collection"
  },
  {
    "timestamp_utc": "2024-10-30T22:19:56.509Z",
    "context_time": 1730326796509,
    "message_item_uri": "spotify:track:7D0RhFcb3CrfPuTJ0obrod",
    "message_set": "collection"
  },
  {
    "timestamp_utc": "2024-08-31T19:31:12.607Z",
    "context_time": 1725132672607,
    "message_item_uri": "spotify:track:1Yk0cQdMLx5RzzFTYwmuld",
    "message_set": "collection"
  },
  {
    "timestamp_utc": "2024-12-03T10:07:04.463Z",
    "context_time": 1733220424463,
    "message_item_uri": "spotify:episode:3oBO79EuffsbkVYap4JARY",
    "message_set": "listenlater"
  },
  {
    "timestamp_utc": "2024-10-12T19:33:00.376Z",
    "context_time": 1728761580376,
    "message_item_uri": "spotify:track:4VPFqsVwI6z0sNTOGuakqH",
    "message_set": "collection"
  },
  {
    "timestamp_utc": "2024-12-03T21:56:28.816Z",
    "context_time": 1733262988816,
    "message_item_uri": "spotify:track:0yvcSDx1WMdxnUHhqG7PEh",
    "message_set": "collection"
  },
  {
    "timestamp_utc": "2024-12-03T10:06:10.923Z",
    "context_time": 1733220370923,
    "message_item_uri": "spotify:episode:7MgMorrxS3ga7LWHJ4ZDT3",
    "message_set": "listenlater"
  },
  {
    "timestamp_utc": "2024-08-08T20:38:07.144Z",
    "context_time": 1723149487144,
    "message_item_uri": "spotify:track:2PeVNJ5DsYROysyjlp4zeP",
    "message_set": "collection"
  },
  {
    "timestamp_utc": "2024-10-30T15:33:46.453Z",
    "context_time": 1730302426453,
    "message_item_uri": "spotify:artist:4dpARuHxo51G3z768sgnrY",
    "message_set": "artist"
  },
  {
    "timestamp_utc": "2024-10-05T20:03:13.212Z",
    "context_time": 1728158593212,
    "message_item_uri": "spotify:track:1mYjTbdPb5zjMKElGWapqv",
    "message_set": "collection"
  },
  {
    "timestamp_utc": "2024-08-14T11:27:08.749Z",
    "context_time": 1723634828749,
    "message_item_uri": "spotify:episode:1R4ZGher3dnksf2lqYXAAO",
    "message_set": "listenlater"
  },
  {
    "timestamp_utc": "2024-10-27T11:14:08.734Z",
    "context_time": 1730027648734,
    "message_item_uri": "spotify:artist:0ONd0hW45xLiCtv6PgVbV8",
    "message_set": "artist"
  },
  {
    "timestamp_utc": "2024-10-17T16:55:27.614Z",
    "context_time": 1729184127614,
    "message_item_uri": "spotify:track:2CTgoOTPl94mzkUvnYLzcf",
    "message_set": "collection"
  },
  {
    "timestamp_utc": "2024-08-14T07:12:04.581Z",
    "context_time": 1723619524581,
    "message_item_uri": "spotify:track:563SfWAHJs4FBZMkRN0IFN",
    "message_set": "collection"
  },
  {
    "timestamp_utc": "2024-12-03T10:04:38.021Z",
    "context_time": 1733220278021,
    "message_item_uri": "spotify:episode:5Rqhy2WWhuF1gJwaJo2sFa",
    "message_set": "listenlater"
  },
  {
    "timestamp_utc": "2024-10-30T22:41:20.978Z",
    "context_time": 1730328080978,
    "message_item_uri": "spotify:track:65OR4ywy8Cgs3FDHK82Idl",
    "message_set": "collection"
  },
  {
    "timestamp_utc": "2024-12-03T10:04:31.802Z",
    "context_time": 1733220271802,
    "message_item_uri": "spotify:episode:6evXnkadXvpn9hSZ4XvnF3",
    "message_set": "listenlater"
  },
  {
    "timestamp_utc": "2024-08-29T12:32:31.973Z",
    "context_time": 1724934751973,
    "message_item_uri": "spotify:track:7canmDPx5S09PR8SDpUvUs",
    "message_set": "collection"
  },
  {
    "timestamp_utc": "2024-10-30T21:45:47.835Z",
    "context_time": 1730324747835,
    "message_item_uri": "spotify:track:1zZh6zTXcDgvN0C6S1G4gU",
    "message_set": "collection"
  },
  {
    "timestamp_utc": "2024-08-21T19:43:21.140Z",
    "context_time": 1724269401140,
    "message_item_uri": "spotify:track:0otRX6Z89qKkHkQ9OqJpKt",
    "message_set": "collection"
  },
  {
    "timestamp_utc": "2024-11-27T18:32:42.182Z",
    "context_time": 1732732362182,
    "message_item_uri": "spotify:track:7DFSnCBYlus7i4U9KKlbdU",
    "message_set": "collection"
  },
  {
    "timestamp_utc": "2024-08-10T20:43:13.391Z",
    "context_time": 1723322593391,
    "message_item_uri": "spotify:track:39shmbIHICJ2Wxnk1fPSdz",
    "message_set": "collection"
  },
  {
    "timestamp_utc": "2024-08-21T19:57:53.453Z",
    "context_time": 1724270273453,
    "message_item_uri": "spotify:track:6uHvbKL0Yi37AuvNRmUfMw",
    "message_set": "collection"
  },
  {
    "timestamp_utc": "2024-12-03T10:04:40.272Z",
    "context_time": 1733220280272,
    "message_item_uri": "spotify:episode:1Gds51Px5kLFpEesJ8N7IM",
    "message_set": "listenlater"
  },
  {
    "timestamp_utc": "2024-10-30T22:36:33.581Z",
    "context_time": 1730327793581,
    "message_item_uri": "spotify:track:7LVHVU3tWfcxj5aiPFEW4Q",
    "message_set": "collection"
  },
  {
    "timestamp_utc": "2024-08-21T20:57:27.922Z",
    "context_time": 1724273847922,
    "message_item_uri": "spotify:track:2nvC4i2aMo4CzRjRflysah",
    "message_set": "collection"
  },
  {
    "timestamp_utc": "2024-09-20T13:31:00.863Z",
    "context_time": 1726839060863,
    "message_item_uri": "spotify:track:6J2LdBN97cDWn0MLxYh9HB",
    "message_set": "collection"
  },
  {
    "timestamp_utc": "2024-12-03T10:04:46.553Z",
    "context_time": 1733220286553,
    "message_item_uri": "spotify:episode:3oqSM6qU6DbKSCYwOjwUkp",
    "message_set": "listenlater"
  },
  {
    "timestamp_utc": "2024-12-03T10:04:50.643Z",
    "context_time": 1733220290643,
    "message_item_uri": "spotify:episode:595ljPFppvUk8U3gDGuG4R",
    "message_set": "listenlater"
  },
  {
    "timestamp_utc": "2024-09-22T20:36:22.433Z",
    "context_time": 1727037382433,
    "message_item_uri": "spotify:track:0HpKuz1HfXxRzNnUqfwzgF",
    "message_set": "collection"
  },
  {
    "timestamp_utc": "2024-11-27T19:35:50.302Z",
    "context_time": 1732736150302,
    "message_item_uri": "spotify:track:73SpzrcaHk0RQPFP73vqVR",
    "message_set": "collection"
  },
  {
    "timestamp_utc": "2024-12-03T10:07:06.006Z",
    "context_time": 1733220426006,
    "message_item_uri": "spotify:episode:6G3xviVy0nQvqTbCoobC1y",
    "message_set": "listenlater"
  },
  {
    "timestamp_utc": "2024-10-25T22:28:46.006Z",
    "context_time": 1729895326006,
    "message_item_uri": "spotify:track:4UnwMblsNQVbAB6t5BMBam",
    "message_set": "collection"
  },
  {
    "timestamp_utc": "2024-12-03T10:07:31.205Z",
    "context_time": 1733220451205,
    "message_item_uri": "spotify:episode:2mLxZBWnQlqKC58tT8SmcG",
    "message_set": "listenlater"
  },
  {
    "timestamp_utc": "2024-09-07T18:39:28.449Z",
    "context_time": 1725734368449,
    "message_item_uri": "spotify:track:77xZFu9TwwYnX7JNWfbavn",
    "message_set": "collection"
  },
  {
    "timestamp_utc": "2024-10-30T21:53:15.704Z",
    "context_time": 1730325195704,
    "message_item_uri": "spotify:track:6bGMSP3H9YqkmaLnaJTIoF",
    "message_set": "collection"
  },
  {
    "timestamp_utc": "2024-11-30T13:21:11.731Z",
    "context_time": 1732972871731,
    "message_item_uri": "spotify:track:205HNJ73cgpC0LAOnuQiWT",
    "message_set": "collection"
  },
  {
    "timestamp_utc": "2024-12-03T10:07:42.369Z",
    "context_time": 1733220462369,
    "message_item_uri": "spotify:episode:0BrTklBUReVyNlnHgKLRcT",
    "message_set": "listenlater"
  },
  {
    "timestamp_utc": "2024-12-03T10:08:43.090Z",
    "context_time": 1733220523090,
    "message_item_uri": "spotify:episode:71cYdUePFeoEoac84ntBdq",
    "message_set": "listenlater"
  },
  {
    "timestamp_utc": "2024-08-08T16:51:10.615Z",
    "context_time": 1723135870615,
    "message_item_uri": "spotify:track:7MXlTgQeo3IVlMpLnZuhxc",
    "message_set": "collection"
  },
  {
    "timestamp_utc": "2024-09-04T19:51:18.723Z",
    "context_time": 1725479478723,
    "message_item_uri": "spotify:track:3qhlB30KknSejmIvZZLjOD",
    "message_set": "collection"
  },
  {
    "timestamp_utc": "2024-10-05T20:26:46.821Z",
    "context_time": 1728160006821,
    "message_item_uri": "spotify:track:1EBmjew9K69csBqRxI8BeO",
    "message_set": "collection"
  },
  {
    "timestamp_utc": "2024-12-03T10:07:44.625Z",
    "context_time": 1733220464625,
    "message_item_uri": "spotify:episode:7nmG8DWTPOFMGOVdUTTrpF",
    "message_set": "listenlater"
  },
  {
    "timestamp_utc": "2024-12-03T10:06:54.643Z",
    "context_time": 1733220414643,
    "message_item_uri": "spotify:episode:5VR3Gf3kPu0UFoTV1vCsLS",
    "message_set": "listenlater"
  },
  {
    "timestamp_utc": "2024-11-27T19:33:42.121Z",
    "context_time": 1732736022121,
    "message_item_uri": "spotify:track:3QaPy1KgI7nu9FJEQUgn6h",
    "message_set": "collection"
  },
  {
    "timestamp_utc": "2024-09-22T20:06:17.607Z",
    "context_time": 1727035577607,
    "message_item_uri": "spotify:track:6gG5KFelSmKSUqXDDQg9sy",
    "message_set": "collection"
  },
  {
    "timestamp_utc": "2024-10-27T11:14:08.734Z",
    "context_time": 1730027648734,
    "message_item_uri": "spotify:artist:2R02K2zNtTSnvXDnvYMBCv",
    "message_set": "artist"
  },
  {
    "timestamp_utc": "2024-12-03T10:08:49.138Z",
    "context_time": 1733220529138,
    "message_item_uri": "spotify:episode:4avY0L8KV84mLcoL5QNO2z",
    "message_set": "listenlater"
  },
  {
    "timestamp_utc": "2024-12-03T10:07:27.310Z",
    "context_time": 1733220447310,
    "message_item_uri": "spotify:episode:0ExBhOLepV7D4zgDizZGrs",
    "message_set": "listenlater"
  },
  {
    "timestamp_utc": "2024-08-21T20:02:52.659Z",
    "context_time": 1724270572659,
    "message_item_uri": "spotify:track:43zdsphuZLzwA9k4DJhU0I",
    "message_set": "collection"
  },
  {
    "timestamp_utc": "2024-12-03T10:04:43.781Z",
    "context_time": 1733220283781,
    "message_item_uri": "spotify:episode:5beapZ88l33x8egVMcuCzD",
    "message_set": "listenlater"
  },
  {
    "timestamp_utc": "2024-09-09T07:00:46.029Z",
    "context_time": 1725865246029,
    "message_item_uri": "spotify:track:4RvW5ggYKC7bCDX4UUSSDc",
    "message_set": "collection"
  },
  {
    "timestamp_utc": "2024-11-14T17:11:03.754Z",
    "context_time": 1731604263754,
    "message_item_uri": "spotify:track:2XC48DHMqONzAC8qEuq7sN",
    "message_set": "collection"
  },
  {
    "timestamp_utc": "2024-10-30T22:38:04.518Z",
    "context_time": 1730327884518,
    "message_item_uri": "spotify:track:6WF4hzdGXvXd1joERSXJjm",
    "message_set": "collection"
  },
  {
    "timestamp_utc": "2024-08-29T14:54:17.303Z",
    "context_time": 1724943257303,
    "message_item_uri": "spotify:track:6TYFcqqQVQPb3YsgfRhvqs",
    "message_set": "collection"
  },
  {
    "timestamp_utc": "2024-10-30T21:53:40.201Z",
    "context_time": 1730325220201,
    "message_item_uri": "spotify:track:3di5hcvxxciiqwMH1jarhY",
    "message_set": "collection"
  },
  {
    "timestamp_utc": "2024-12-03T10:04:48.693Z",
    "context_time": 1733220288693,
    "message_item_uri": "spotify:episode:4p6zMW4OeVzPuu61jLuOTR",
    "message_set": "listenlater"
  },
  {
    "timestamp_utc": "2024-11-12T16:38:59.061Z",
    "context_time": 1731429539061,
    "message_item_uri": "spotify:track:33dFGr73wtbB6OZLvTG9z0",
    "message_set": "collection"
  },
  {
    "timestamp_utc": "2024-09-07T18:37:05.832Z",
    "context_time": 1725734225832,
    "message_item_uri": "spotify:track:7EkWXAI1wn8Ii883ecd9xr",
    "message_set": "collection"
  },
  {
    "timestamp_utc": "2024-08-21T19:44:58.915Z",
    "context_time": 1724269498915,
    "message_item_uri": "spotify:track:5e0b9LgOfi3aJSKXFcOWRe",
    "message_set": "collection"
  },
  {
    "timestamp_utc": "2024-10-30T22:35:11.837Z",
    "context_time": 1730327711837,
    "message_item_uri": "spotify:track:75JFxkI2RXiU7L9VXzMkle",
    "message_set": "collection"
  },
  {
    "timestamp_utc": "2024-10-30T21:59:59.827Z",
    "context_time": 1730325599827,
    "message_item_uri": "spotify:track:13CVSGLSFl4UxpDVR6u3dq",
    "message_set": "collection"
  }
]