[
  {
    "timestamp_utc": "2024-12-03T13:03:16.849Z",
    "context_time": 1733230996849,
    "message_client_platform": 6,
    "message_item_uri": "spotify:playlist:37i9dQZF1EIYP0IVq0iwUk",
    "message_item_uri_kind": "playlist_v2"
  },
  {
    "timestamp_utc": "2024-09-12T11:55:38.293Z",
    "context_time": 1726142138293,
    "message_client_platform": 6,
    "message_item_uri": "spotify:playlist:37i9dQZF1E4xm408gWagjM",
    "message_item_uri_kind": "playlist_v2"
  },
  {
    "timestamp_utc": "2024-09-26T23:01:53.098Z",
    "context_time": 1727391713098,
    "message_client_platform": 36,
    "message_item_uri": "spotify:playlist:4XlSeenN34nEeV86ZuDOA1",
    "message_item_uri_kind": "playlist_v2"
  }
]