[
  {
    "message_playlist_uri": "spotify:playlist:4XlSeenN34nEeV86ZuDOA1",
    "message_source_context_uri": "spotify:now-playing",
    "message_source_view_uri": "spotify:now-playing",
    "timestamp_utc": "2024-09-26T23:01:52.970Z",
    "context_application_version": "8.9.74.535",
    "context_conn_country": "FR",
    "context_device_manufacturer": "apple",
    "context_device_model": "iPhone14,5",
    "context_device_type": "mobile",
    "context_os_name": "ios",
    "context_os_version": "17.6.1",
    "context_receiver_service_timestamp": 1727417754426,
    "context_time": 1727391712970,
    "message_item_uris": [
      "spotify:track:503KhMir9bV6kGqQj9arkv"
    ],
    "message_new_playlist": null
  },
  {
    "message_playlist_uri": "spotify:playlist:0I5kIwSV2TnlaSbt6gVCit",
    "message_source_context_uri": null,
    "message_source_view_uri": "playlist/addtoplaylist",
    "timestamp_utc": "2024-09-26T11:26:49.603Z",
    "context_application_version": "8.9.76.516",
    "context_conn_country": "DE",
    "context_device_manufacturer": "apple",
    "context_device_model": "iPhone15,2",
    "context_device_type": "mobile",
    "context_os_name": "ios",
    "context_os_version": "17.5.1",
    "context_receiver_service_timestamp": 1727350025966,
    "context_time": 1727350009603,
    "message_item_uris": [
      "spotify:track:2xtnnO9bHKXEmsfetO3ldK"
    ],
    "message_new_playlist": null
  }
]