[
  {
    "timestamp_utc": "2024-09-23T10:04:02.780Z",
    "context_application_version": "8.9.76.516",
    "context_conn_country": "IT",
    "context_device_manufacturer": "apple",
    "context_device_model": "iPhone15,2",
    "context_device_type": "mobile",
    "context_os_name": "ios",
    "context_os_version": "17.5.1",
    "context_receiver_service_timestamp": 1727085846350,
    "context_time": 1727085842780,
    "message_new_default_destination_uri": "spotify:collection:tracks",
    "message_old_default_destination_uri": "spotify:collection:tracks",
    "message_track_uri": "spotify:track:5GZupy8zByqFmXvpwZ4JOC"
  },
  {
    "timestamp_utc": "2024-10-05T12:26:58.618Z",
    "context_application_version": "8.9.76.516",
    "context_conn_country": "DE",
    "context_device_manufacturer": "apple",
    "context_device_model": "iPhone15,2",
    "context_device_type": "mobile",
    "context_os_name": "ios",
    "context_os_version": "18.0",
    "context_receiver_service_timestamp": 1728131222676,
    "context_time": 1728131218618,
    "message_new_default_destination_uri": "spotify:collection:tracks",
    "message_old_default_destination_uri": "spotify:collection:tracks",
    "message_track_uri": "spotify:track:7sXTcibuNYugjjYNfgf2kY"
  },
  {
    "timestamp_utc": "2024-09-26T23:00:49.188Z",
    "context_application_version": "8.9.74.535",
    "context_conn_country": "FR",
    "context_device_manufacturer": "apple",
    "context_device_model": "iPhone14,5",
    "context_device_type": "mobile",
    "context_os_name": "ios",
    "context_os_version": "17.6.1",
    "context_receiver_service_timestamp": 1727391658906,
    "context_time": 1727391649188,
    "message_new_default_destination_uri": "spotify:collection:tracks",
    "message_old_default_destination_uri": "spotify:collection:tracks",
    "message_track_uri": "spotify:track:503KhMir9bV6kGqQj9arkv"
  },
  {
    "timestamp_utc": "2024-10-01T20:18:19.491Z",
    "context_application_version": "8.9.76.516",
    "context_conn_country": "IT",
    "context_device_manufacturer": "apple",
    "context_device_model": "iPhone15,2",
    "context_device_type": "mobile",
    "context_os_name": "ios",
    "context_os_version": "17.5.1",
    "context_receiver_service_timestamp": 1727813903767,
    "context_time": 1727813899491,
    "message_new_default_destination_uri": "spotify:collection:tracks",
    "message_old_default_destination_uri": "spotify:collection:tracks",
    "message_track_uri": "spotify:track:6nxQV4fJgfvyfZRPPJm1mO"
  },
  {
    "timestamp_utc": "2024-09-26T12:19:19.782Z",
    "context_application_version": "8.9.76.516",
    "context_conn_country": "DE",
    "context_device_manufacturer": "apple",
    "context_device_model": "iPhone15,2",
    "context_device_type": "mobile",
    "context_os_name": "ios",
    "context_os_version": "17.5.1",
    "context_receiver_service_timestamp": 1727353173527,
    "context_time": 1727353159782,
    "message_new_default_destination_uri": "spotify:collection:tracks",
    "message_old_default_destination_uri": "spotify:collection:tracks",
    "message_track_uri": "spotify:track:003vvx7Niy0yvhvHt4a68B"
  },
  {
    "timestamp_utc": "2024-09-07T14:41:38.095Z",
    "context_application_version": "8.9.68.490",
    "context_conn_country": "DE",
    "context_device_manufacturer": "apple",
    "context_device_model": "iPhone15,2",
    "context_device_type": "mobile",
    "context_os_name": "ios",
    "context_os_version": "17.5.1",
    "context_receiver_service_timestamp": 1725720099318,
    "context_time": 1725720098095,
    "message_new_default_destination_uri": "spotify:collection:tracks",
    "message_old_default_destination_uri": "spotify:collection:tracks",
    "message_track_uri": "spotify:track:2eF2x1BkgilhaZ2AipRY8j"
  },
  {
    "timestamp_utc": "2024-11-27T07:52:13.125Z",
    "context_application_version": "8.9.94.418",
    "context_conn_country": "DE",
    "context_device_manufacturer": "apple",
    "context_device_model": "iPhone15,2",
    "context_device_type": "mobile",
    "context_os_name": "ios",
    "context_os_version": "18.0",
    "context_receiver_service_timestamp": 1732693940230,
    "context_time": 1732693933125,
    "message_new_default_destination_uri": "spotify:collection:tracks",
    "message_old_default_destination_uri": "spotify:collection:tracks",
    "message_track_uri": "spotify:track:1BxfuPKGuaTgP7aM0Bbdwr"
  },
  {
    "timestamp_utc": "2024-09-23T10:03:24.975Z",
    "context_application_version": "8.9.76.516",
    "context_conn_country": "IT",
    "context_device_manufacturer": "apple",
    "context_device_model": "iPhone15,2",
    "context_device_type": "mobile",
    "context_os_name": "ios",
    "context_os_version": "17.5.1",
    "context_receiver_service_timestamp": 1727085823842,
    "context_time": 1727085804975,
    "message_new_default_destination_uri": "spotify:collection:tracks",
    "message_old_default_destination_uri": "spotify:collection:tracks",
    "message_track_uri": "spotify:track:2rMhztfOqEt00j47vpCfKl"
  },
  {
    "timestamp_utc": "2024-09-23T10:03:40.374Z",
    "context_application_version": "8.9.76.516",
    "context_conn_country": "IT",
    "context_device_manufacturer": "apple",
    "context_device_model": "iPhone15,2",
    "context_device_type": "mobile",
    "context_os_name": "ios",
    "context_os_version": "17.5.1",
    "context_receiver_service_timestamp": 1727085824090,
    "context_time": 1727085820374,
    "message_new_default_destination_uri": "spotify:collection:tracks",
    "message_old_default_destination_uri": "spotify:collection:tracks",
    "message_track_uri": "spotify:track:5uQ7de4EWjb3rkcFxyEOpu"
  },
  {
    "timestamp_utc": "2024-12-02T17:03:17.415Z",
    "context_application_version": "8.9.94.418",
    "context_conn_country": "FR",
    "context_device_manufacturer": "apple",
    "context_device_model": "iPhone14,5",
    "context_device_type": "mobile",
    "context_os_name": "ios",
    "context_os_version": "18.1.1",
    "context_receiver_service_timestamp": 1733159007474,
    "context_time": 1733158997415,
    "message_new_default_destination_uri": "spotify:collection:tracks",
    "message_old_default_destination_uri": "spotify:collection:tracks",
    "message_track_uri": "spotify:track:7kuOhBGsXjpwvLRQCDAPAJ"
  },
  {
    "timestamp_utc": "2024-09-20T13:28:22.022Z",
    "context_application_version": "8.9.74.535",
    "context_conn_country": "DE",
    "context_device_manufacturer": "apple",
    "context_device_model": "iPhone15,2",
    "context_device_type": "mobile",
    "context_os_name": "ios",
    "context_os_version": "17.5.1",
    "context_receiver_service_timestamp": 1726838931743,
    "context_time": 1726838902022,
    "message_new_default_destination_uri": "spotify:collection:tracks",
    "message_old_default_destination_uri": "spotify:collection:tracks",
    "message_track_uri": "spotify:track:2lnzGkdtDj5mtlcOW2yRtG"
  },
  {
    "timestamp_utc": "2024-09-22T20:06:15.251Z",
    "context_application_version": "8.9.76.516",
    "context_conn_country": "IT",
    "context_device_manufacturer": "apple",
    "context_device_model": "iPhone15,2",
    "context_device_type": "mobile",
    "context_os_name": "ios",
    "context_os_version": "17.5.1",
    "context_receiver_service_timestamp": 1727035578310,
    "context_time": 1727035575251,
    "message_new_default_destination_uri": "spotify:collection:tracks",
    "message_old_default_destination_uri": "spotify:collection:tracks",
    "message_track_uri": "spotify:track:6gG5KFelSmKSUqXDDQg9sy"
  },
  {
    "timestamp_utc": "2024-11-30T11:52:23.346Z",
    "context_application_version": "8.9.94.418",
    "context_conn_country": "DE",
    "context_device_manufacturer": "apple",
    "context_device_model": "iPhone15,2",
    "context_device_type": "mobile",
    "context_os_name": "ios",
    "context_os_version": "18.0",
    "context_receiver_service_timestamp": 1732967544505,
    "context_time": 1732967543346,
    "message_new_default_destination_uri": "spotify:collection:tracks",
    "message_old_default_destination_uri": "spotify:collection:tracks",
    "message_track_uri": "spotify:track:4wH4dJgrsxONID6KS2tDQM"
  },
  {
    "timestamp_utc": "2024-10-05T20:03:08.763Z",
    "context_application_version": "8.9.76.516",
    "context_conn_country": "AT",
    "context_device_manufacturer": "apple",
    "context_device_model": "iPhone15,2",
    "context_device_type": "mobile",
    "context_os_name": "ios",
    "context_os_version": "18.0",
    "context_receiver_service_timestamp": 1728158618092,
    "context_time": 1728158588763,
    "message_new_default_destination_uri": "spotify:collection:tracks",
    "message_old_default_destination_uri": "spotify:collection:tracks",
    "message_track_uri": "spotify:track:1mYjTbdPb5zjMKElGWapqv"
  },
  {
    "timestamp_utc": "2024-09-26T23:01:32.013Z",
    "context_application_version": "8.9.74.535",
    "context_conn_country": "FR",
    "context_device_manufacturer": "apple",
    "context_device_model": "iPhone14,5",
    "context_device_type": "mobile",
    "context_os_name": "ios",
    "context_os_version": "17.6.1",
    "context_receiver_service_timestamp": 1727391704184,
    "context_time": 1727391692013,
    "message_new_default_destination_uri": "spotify:collection:tracks",
    "message_old_default_destination_uri": "spotify:collection:tracks",
    "message_track_uri": "spotify:track:503KhMir9bV6kGqQj9arkv"
  },
  {
    "timestamp_utc": "2024-10-05T19:44:43.760Z",
    "context_application_version": "8.9.76.516",
    "context_conn_country": "AT",
    "context_device_manufacturer": "apple",
    "context_device_model": "iPhone15,2",
    "context_device_type": "mobile",
    "context_os_name": "ios",
    "context_os_version": "18.0",
    "context_receiver_service_timestamp": 1728157492981,
    "context_time": 1728157483760,
    "message_new_default_destination_uri": "spotify:collection:tracks",
    "message_old_default_destination_uri": "spotify:collection:tracks",
    "message_track_uri": "spotify:track:1dVGCdJ4SibwgThXlUBU0l"
  },
  {
    "timestamp_utc": "2024-10-05T20:01:13.259Z",
    "context_application_version": "8.9.76.516",
    "context_conn_country": "AT",
    "context_device_manufacturer": "apple",
    "context_device_model": "iPhone15,2",
    "context_device_type": "mobile",
    "context_os_name": "ios",
    "context_os_version": "18.0",
    "context_receiver_service_timestamp": 1728158476669,
    "context_time": 1728158473259,
    "message_new_default_destination_uri": "spotify:collection:tracks",
    "message_old_default_destination_uri": "spotify:collection:tracks",
    "message_track_uri": "spotify:track:6fmzc3jaO7T6Rbj6VQJCzS"
  },
  {
    "timestamp_utc": "2024-09-08T08:18:47.504Z",
    "context_application_version": "8.9.68.490",
    "context_conn_country": "FR",
    "context_device_manufacturer": "apple",
    "context_device_model": "iPhone14,5",
    "context_device_type": "mobile",
    "context_os_name": "ios",
    "context_os_version": "17.5.1",
    "context_receiver_service_timestamp": 1725798767279,
    "context_time": 1725783527504,
    "message_new_default_destination_uri": "spotify:collection:tracks",
    "message_old_default_destination_uri": "spotify:collection:tracks",
    "message_track_uri": "spotify:track:6dGnYIeXmHdcikdzNNDMm2"
  }
]