[
  {
    "timestamp_utc": "2024-09-16T13:21:19.813Z",
    "context_application_version": "8.9.74.568",
    "context_conn_country": "DE",
    "context_device_manufacturer": "samsung",
    "context_device_model": "SM-A725F",
    "context_device_type": "mobile",
    "context_os_name": "android",
    "context_os_version": "14",
    "context_receiver_service_timestamp": 1727959046808,
    "context_time": 1726492879813,
    "message_bt_permission_status": "granted"
  },
  {
    "timestamp_utc": "2024-10-10T12:04:58.612Z",
    "context_application_version": "8.9.78.513",
    "context_conn_country": "DE",
    "context_device_manufacturer": "samsung",
    "context_device_model": "SM-A725F",
    "context_device_type": "mobile",
    "context_os_name": "android",
    "context_os_version": "14",
    "context_receiver_service_timestamp": 1733220059507,
    "context_time": 1728561898612,
    "message_bt_permission_status": "granted"
  },
  {
    "timestamp_utc": "2024-09-19T23:59:24.800Z",
    "context_application_version": "8.9.74.568",
    "context_conn_country": "DE",
    "context_device_manufacturer": "samsung",
    "context_device_model": "SM-A725F",
    "context_device_type": "mobile",
    "context_os_name": "android",
    "context_os_version": "14",
    "context_receiver_service_timestamp": 1727959051850,
    "context_time": 1726790364800,
    "message_bt_permission_status": "granted"
  },
  {
    "timestamp_utc": "2024-10-04T04:33:39.196Z",
    "context_application_version": "8.9.78.513",
    "context_conn_country": "DE",
    "context_device_manufacturer": "samsung",
    "context_device_model": "SM-A725F",
    "context_device_type": "mobile",
    "context_os_name": "android",
    "context_os_version": "14",
    "context_receiver_service_timestamp": 1733220017424,
    "context_time": 1728016419196,
    "message_bt_permission_status": "granted"
  },
  {
    "timestamp_utc": "2024-10-05T14:53:16.759Z",
    "context_application_version": "8.9.78.513",
    "context_conn_country": "DE",
    "context_device_manufacturer": "samsung",
    "context_device_model": "SM-A725F",
    "context_device_type": "mobile",
    "context_os_name": "android",
    "context_os_version": "14",
    "context_receiver_service_timestamp": 1733220024488,
    "context_time": 1728139996759,
    "message_bt_permission_status": "granted"
  },
  {
    "timestamp_utc": "2024-11-01T16:32:45.895Z",
    "context_application_version": "8.9.86.551",
    "context_conn_country": "DE",
    "context_device_manufacturer": "samsung",
    "context_device_model": "SM-A725F",
    "context_device_type": "mobile",
    "context_os_name": "android",
    "context_os_version": "14",
    "context_receiver_service_timestamp": 1733220164892,
    "context_time": 1730478765895,
    "message_bt_permission_status": "granted"
  },
  {
    "timestamp_utc": "2024-11-02T14:42:28.054Z",
    "context_application_version": "8.9.86.551",
    "context_conn_country": "DE",
    "context_device_manufacturer": "samsung",
    "context_device_model": "SM-A725F",
    "context_device_type": "mobile",
    "context_os_name": "android",
    "context_os_version": "14",
    "context_receiver_service_timestamp": 1733220168990,
    "context_time": 1730558548054,
    "message_bt_permission_status": "granted"
  },
  {
    "timestamp_utc": "2024-11-29T16:23:12.895Z",
    "context_application_version": "8.9.94.470",
    "context_conn_country": "DE",
    "context_device_manufacturer": "samsung",
    "context_device_model": "SM-A725F",
    "context_device_type": "mobile",
    "context_os_name": "android",
    "context_os_version": "14",
    "context_receiver_service_timestamp": 1733220254898,
    "context_time": 1732897392895,
    "message_bt_permission_status": "granted"
  },
  {
    "timestamp_utc": "2024-11-27T10:29:16.795Z",
    "context_application_version": "8.9.94.470",
    "context_conn_country": "DE",
    "context_device_manufacturer": "samsung",
    "context_device_model": "SM-A725F",
    "context_device_type": "mobile",
    "context_os_name": "android",
    "context_os_version": "14",
    "context_receiver_service_timestamp": 1733220244342,
    "context_time": 1732703356795,
    "message_bt_permission_status": "granted"
  },
  {
    "timestamp_utc": "2024-11-30T17:08:05.050Z",
    "context_application_version": "8.9.94.470",
    "context_conn_country": "DE",
    "context_device_manufacturer": "samsung",
    "context_device_model": "SM-A725F",
    "context_device_type": "mobile",
    "context_os_name": "android",
    "context_os_version": "14",
    "context_receiver_service_timestamp": 1733220263388,
    "context_time": 1732986485050,
    "message_bt_permission_status": "granted"
  },
  {
    "timestamp_utc": "2024-11-30T10:16:31.012Z",
    "context_application_version": "8.9.94.470",
    "context_conn_country": "DE",
    "context_device_manufacturer": "samsung",
    "context_device_model": "SM-A725F",
    "context_device_type": "mobile",
    "context_os_name": "android",
    "context_os_version": "14",
    "context_receiver_service_timestamp": 1733220258882,
    "context_time": 1732961791012,
    "message_bt_permission_status": "granted"
  },
  {
    "timestamp_utc": "2024-09-20T15:53:46.754Z",
    "context_application_version": "8.9.74.568",
    "context_conn_country": "DE",
    "context_device_manufacturer": "samsung",
    "context_device_model": "SM-A725F",
    "context_device_type": "mobile",
    "context_os_name": "android",
    "context_os_version": "14",
    "context_receiver_service_timestamp": 1727959052551,
    "context_time": 1726847626754,
    "message_bt_permission_status": "granted"
  },
  {
    "timestamp_utc": "2024-11-18T16:21:08.095Z",
    "context_application_version": "8.9.92.408",
    "context_conn_country": "DE",
    "context_device_manufacturer": "samsung",
    "context_device_model": "SM-A725F",
    "context_device_type": "mobile",
    "context_os_name": "android",
    "context_os_version": "14",
    "context_receiver_service_timestamp": 1733220224482,
    "context_time": 1731946868095,
    "message_bt_permission_status": "granted"
  },
  {
    "timestamp_utc": "2024-11-05T12:56:10.642Z",
    "context_application_version": "8.9.86.551",
    "context_conn_country": "DE",
    "context_device_manufacturer": "samsung",
    "context_device_model": "SM-A725F",
    "context_device_type": "mobile",
    "context_os_name": "android",
    "context_os_version": "14",
    "context_receiver_service_timestamp": 1733220186593,
    "context_time": 1730811370642,
    "message_bt_permission_status": "granted"
  },
  {
    "timestamp_utc": "2024-10-01T10:58:48.975Z",
    "context_application_version": "8.9.78.513",
    "context_conn_country": "DE",
    "context_device_manufacturer": "samsung",
    "context_device_model": "SM-A725F",
    "context_device_type": "mobile",
    "context_os_name": "android",
    "context_os_version": "14",
    "context_receiver_service_timestamp": 1727959074108,
    "context_time": 1727780328975,
    "message_bt_permission_status": "granted"
  },
  {
    "timestamp_utc": "2024-12-01T11:13:02.307Z",
    "context_application_version": "8.9.94.470",
    "context_conn_country": "DE",
    "context_device_manufacturer": "samsung",
    "context_device_model": "SM-A725F",
    "context_device_type": "mobile",
    "context_os_name": "android",
    "context_os_version": "14",
    "context_receiver_service_timestamp": 1733220268712,
    "context_time": 1733051582307,
    "message_bt_permission_status": "granted"
  },
  {
    "timestamp_utc": "2024-12-02T16:24:41.651Z",
    "context_application_version": "8.9.96.476",
    "context_conn_country": "DE",
    "context_device_manufacturer": "samsung",
    "context_device_model": "SM-A725F",
    "context_device_type": "mobile",
    "context_os_name": "android",
    "context_os_version": "14",
    "context_receiver_service_timestamp": 1733220276678,
    "context_time": 1733156681651,
    "message_bt_permission_status": "granted"
  },
  {
    "timestamp_utc": "2024-12-01T17:40:21.920Z",
    "context_application_version": "8.9.96.476",
    "context_conn_country": "DE",
    "context_device_manufacturer": "samsung",
    "context_device_model": "SM-A725F",
    "context_device_type": "mobile",
    "context_os_name": "android",
    "context_os_version": "14",
    "context_receiver_service_timestamp": 1733220271479,
    "context_time": 1733074821920,
    "message_bt_permission_status": "granted"
  },
  {
    "timestamp_utc": "2024-10-19T10:31:40.019Z",
    "context_application_version": "8.9.82.620",
    "context_conn_country": "DE",
    "context_device_manufacturer": "samsung",
    "context_device_model": "SM-A725F",
    "context_device_type": "mobile",
    "context_os_name": "android",
    "context_os_version": "14",
    "context_receiver_service_timestamp": 1733220108868,
    "context_time": 1729333900019,
    "message_bt_permission_status": "granted"
  },
  {
    "timestamp_utc": "2024-11-29T06:32:07.569Z",
    "context_application_version": "8.9.94.470",
    "context_conn_country": "DE",
    "context_device_manufacturer": "samsung",
    "context_device_model": "SM-A725F",
    "context_device_type": "mobile",
    "context_os_name": "android",
    "context_os_version": "14",
    "context_receiver_service_timestamp": 1733220253254,
    "context_time": 1732861927569,
    "message_bt_permission_status": "granted"
  },
  {
    "timestamp_utc": "2024-10-31T16:22:36.115Z",
    "context_application_version": "8.9.86.551",
    "context_conn_country": "DE",
    "context_device_manufacturer": "samsung",
    "context_device_model": "SM-A725F",
    "context_device_type": "mobile",
    "context_os_name": "android",
    "context_os_version": "14",
    "context_receiver_service_timestamp": 1733220162113,
    "context_time": 1730391756115,
    "message_bt_permission_status": "granted"
  },
  {
    "timestamp_utc": "2024-09-17T14:34:10.343Z",
    "context_application_version": "8.9.74.568",
    "context_conn_country": "DE",
    "context_device_manufacturer": "samsung",
    "context_device_model": "SM-A725F",
    "context_device_type": "mobile",
    "context_os_name": "android",
    "context_os_version": "14",
    "context_receiver_service_timestamp": 1727959048766,
    "context_time": 1726583650343,
    "message_bt_permission_status": "granted"
  },
  {
    "timestamp_utc": "2024-09-27T08:21:59.155Z",
    "context_application_version": "8.9.76.538",
    "context_conn_country": "DE",
    "context_device_manufacturer": "samsung",
    "context_device_model": "SM-A725F",
    "context_device_type": "mobile",
    "context_os_name": "android",
    "context_os_version": "14",
    "context_receiver_service_timestamp": 1727959067560,
    "context_time": 1727425319155,
    "message_bt_permission_status": "granted"
  },
  {
    "timestamp_utc": "2024-11-07T06:12:52.850Z",
    "context_application_version": "8.9.86.551",
    "context_conn_country": "DE",
    "context_device_manufacturer": "samsung",
    "context_device_model": "SM-A725F",
    "context_device_type": "mobile",
    "context_os_name": "android",
    "context_os_version": "14",
    "context_receiver_service_timestamp": 1733220196112,
    "context_time": 1730959972850,
    "message_bt_permission_status": "granted"
  },
  {
    "timestamp_utc": "2024-09-12T18:23:50.185Z",
    "context_application_version": "8.9.70.556",
    "context_conn_country": "DE",
    "context_device_manufacturer": "samsung",
    "context_device_model": "SM-A725F",
    "context_device_type": "mobile",
    "context_os_name": "android",
    "context_os_version": "14",
    "context_receiver_service_timestamp": 1727959038269,
    "context_time": 1726165430185,
    "message_bt_permission_status": "granted"
  },
  {
    "timestamp_utc": "2024-10-04T05:54:45.569Z",
    "context_application_version": "8.9.78.513",
    "context_conn_country": "DE",
    "context_device_manufacturer": "samsung",
    "context_device_model": "SM-A725F",
    "context_device_type": "mobile",
    "context_os_name": "android",
    "context_os_version": "14",
    "context_receiver_service_timestamp": 1733220018757,
    "context_time": 1728021285569,
    "message_bt_permission_status": "granted"
  },
  {
    "timestamp_utc": "2024-10-15T09:08:43.286Z",
    "context_application_version": "8.9.82.620",
    "context_conn_country": "DE",
    "context_device_manufacturer": "samsung",
    "context_device_model": "SM-A725F",
    "context_device_type": "mobile",
    "context_os_name": "android",
    "context_os_version": "14",
    "context_receiver_service_timestamp": 1733220085726,
    "context_time": 1728983323286,
    "message_bt_permission_status": "granted"
  },
  {
    "timestamp_utc": "2024-11-17T22:22:57.173Z",
    "context_application_version": "8.9.92.408",
    "context_conn_country": "DE",
    "context_device_manufacturer": "samsung",
    "context_device_model": "SM-A725F",
    "context_device_type": "mobile",
    "context_os_name": "android",
    "context_os_version": "14",
    "context_receiver_service_timestamp": 1733220224068,
    "context_time": 1731882177173,
    "message_bt_permission_status": "granted"
  },
  {
    "timestamp_utc": "2024-09-13T16:27:30.041Z",
    "context_application_version": "8.9.70.556",
    "context_conn_country": "DE",
    "context_device_manufacturer": "samsung",
    "context_device_model": "SM-A725F",
    "context_device_type": "mobile",
    "context_os_name": "android",
    "context_os_version": "14",
    "context_receiver_service_timestamp": 1727959042224,
    "context_time": 1726244850041,
    "message_bt_permission_status": "granted"
  },
  {
    "timestamp_utc": "2024-12-03T13:56:57.119Z",
    "context_application_version": "8.9.96.476",
    "context_conn_country": "DE",
    "context_device_manufacturer": "samsung",
    "context_device_model": "SM-A725F",
    "context_device_type": "mobile",
    "context_os_name": "android",
    "context_os_version": "14",
    "context_receiver_service_timestamp": 1733234190618,
    "context_time": 1733234217119,
    "message_bt_permission_status": "granted"
  },
  {
    "timestamp_utc": "2024-10-23T13:49:51.012Z",
    "context_application_version": "8.9.84.594",
    "context_conn_country": "DE",
    "context_device_manufacturer": "samsung",
    "context_device_model": "SM-A725F",
    "context_device_type": "mobile",
    "context_os_name": "android",
    "context_os_version": "14",
    "context_receiver_service_timestamp": 1733220122588,
    "context_time": 1729691391012,
    "message_bt_permission_status": "granted"
  },
  {
    "timestamp_utc": "2024-09-20T21:21:49.148Z",
    "context_application_version": "8.9.74.568",
    "context_conn_country": "DE",
    "context_device_manufacturer": "samsung",
    "context_device_model": "SM-A725F",
    "context_device_type": "mobile",
    "context_os_name": "android",
    "context_os_version": "14",
    "context_receiver_service_timestamp": 1727959054075,
    "context_time": 1726867309148,
    "message_bt_permission_status": "granted"
  },
  {
    "timestamp_utc": "2024-09-12T12:22:10.737Z",
    "context_application_version": "8.9.70.556",
    "context_conn_country": "DE",
    "context_device_manufacturer": "samsung",
    "context_device_model": "SM-A725F",
    "context_device_type": "mobile",
    "context_os_name": "android",
    "context_os_version": "14",
    "context_receiver_service_timestamp": 1727959029442,
    "context_time": 1726143730737,
    "message_bt_permission_status": "granted"
  },
  {
    "timestamp_utc": "2024-09-03T15:35:34.346Z",
    "context_application_version": "8.9.68.456",
    "context_conn_country": "DE",
    "context_device_manufacturer": "samsung",
    "context_device_model": "SM-A725F",
    "context_device_type": "mobile",
    "context_os_name": "android",
    "context_os_version": "14",
    "context_receiver_service_timestamp": 1726142096576,
    "context_time": 1725377734346,
    "message_bt_permission_status": "granted"
  },
  {
    "timestamp_utc": "2024-10-22T15:51:23.458Z",
    "context_application_version": "8.9.84.594",
    "context_conn_country": "DE",
    "context_device_manufacturer": "samsung",
    "context_device_model": "SM-A725F",
    "context_device_type": "mobile",
    "context_os_name": "android",
    "context_os_version": "14",
    "context_receiver_service_timestamp": 1733220114599,
    "context_time": 1729612283458,
    "message_bt_permission_status": "granted"
  },
  {
    "timestamp_utc": "2024-10-27T10:49:54.497Z",
    "context_application_version": "8.9.84.594",
    "context_conn_country": "DE",
    "context_device_manufacturer": "samsung",
    "context_device_model": "SM-A725F",
    "context_device_type": "mobile",
    "context_os_name": "android",
    "context_os_version": "14",
    "context_receiver_service_timestamp": 1733220142672,
    "context_time": 1730026194497,
    "message_bt_permission_status": "granted"
  },
  {
    "timestamp_utc": "2024-11-10T22:42:51.662Z",
    "context_application_version": "8.9.86.551",
    "context_conn_country": "DE",
    "context_device_manufacturer": "samsung",
    "context_device_model": "SM-A725F",
    "context_device_type": "mobile",
    "context_os_name": "android",
    "context_os_version": "14",
    "context_receiver_service_timestamp": 1733220204620,
    "context_time": 1731278571662,
    "message_bt_permission_status": "granted"
  },
  {
    "timestamp_utc": "2024-11-25T10:28:25.480Z",
    "context_application_version": "8.9.94.470",
    "context_conn_country": "DE",
    "context_device_manufacturer": "samsung",
    "context_device_model": "SM-A725F",
    "context_device_type": "mobile",
    "context_os_name": "android",
    "context_os_version": "14",
    "context_receiver_service_timestamp": 1733220236455,
    "context_time": 1732530505480,
    "message_bt_permission_status": "granted"
  },
  {
    "timestamp_utc": "2024-11-26T08:08:40.012Z",
    "context_application_version": "8.9.94.470",
    "context_conn_country": "DE",
    "context_device_manufacturer": "samsung",
    "context_device_model": "SM-A725F",
    "context_device_type": "mobile",
    "context_os_name": "android",
    "context_os_version": "14",
    "context_receiver_service_timestamp": 1733220239528,
    "context_time": 1732608520012,
    "message_bt_permission_status": "granted"
  },
  {
    "timestamp_utc": "2024-11-15T08:33:36.028Z",
    "context_application_version": "8.9.90.127",
    "context_conn_country": "DE",
    "context_device_manufacturer": "samsung",
    "context_device_model": "SM-A725F",
    "context_device_type": "mobile",
    "context_os_name": "android",
    "context_os_version": "14",
    "context_receiver_service_timestamp": 1733220218333,
    "context_time": 1731659616028,
    "message_bt_permission_status": "granted"
  },
  {
    "timestamp_utc": "2024-10-09T08:14:55.344Z",
    "context_application_version": "8.9.78.513",
    "context_conn_country": "DE",
    "context_device_manufacturer": "samsung",
    "context_device_model": "SM-A725F",
    "context_device_type": "mobile",
    "context_os_name": "android",
    "context_os_version": "14",
    "context_receiver_service_timestamp": 1733220046706,
    "context_time": 1728461695344,
    "message_bt_permission_status": "granted"
  },
  {
    "timestamp_utc": "2024-09-13T13:16:55.115Z",
    "context_application_version": "8.9.70.556",
    "context_conn_country": "DE",
    "context_device_manufacturer": "samsung",
    "context_device_model": "SM-A725F",
    "context_device_type": "mobile",
    "context_os_name": "android",
    "context_os_version": "14",
    "context_receiver_service_timestamp": 1727959038915,
    "context_time": 1726233415115,
    "message_bt_permission_status": "granted"
  },
  {
    "timestamp_utc": "2024-11-05T10:38:42.733Z",
    "context_application_version": "8.9.86.551",
    "context_conn_country": "DE",
    "context_device_manufacturer": "samsung",
    "context_device_model": "SM-A725F",
    "context_device_type": "mobile",
    "context_os_name": "android",
    "context_os_version": "14",
    "context_receiver_service_timestamp": 1733220184440,
    "context_time": 1730803122733,
    "message_bt_permission_status": "granted"
  },
  {
    "timestamp_utc": "2024-10-13T17:38:05.607Z",
    "context_application_version": "8.9.80.581",
    "context_conn_country": "DE",
    "context_device_manufacturer": "samsung",
    "context_device_model": "SM-A725F",
    "context_device_type": "mobile",
    "context_os_name": "android",
    "context_os_version": "14",
    "context_receiver_service_timestamp": 1733220077840,
    "context_time": 1728841085607,
    "message_bt_permission_status": "granted"
  },
  {
    "timestamp_utc": "2024-10-15T15:16:32.110Z",
    "context_application_version": "8.9.82.620",
    "context_conn_country": "DE",
    "context_device_manufacturer": "samsung",
    "context_device_model": "SM-A725F",
    "context_device_type": "mobile",
    "context_os_name": "android",
    "context_os_version": "14",
    "context_receiver_service_timestamp": 1733220090435,
    "context_time": 1729005392110,
    "message_bt_permission_status": "granted"
  },
  {
    "timestamp_utc": "2024-10-16T09:25:36.800Z",
    "context_application_version": "8.9.82.620",
    "context_conn_country": "DE",
    "context_device_manufacturer": "samsung",
    "context_device_model": "SM-A725F",
    "context_device_type": "mobile",
    "context_os_name": "android",
    "context_os_version": "14",
    "context_receiver_service_timestamp": 1733220093608,
    "context_time": 1729070736800,
    "message_bt_permission_status": "granted"
  },
  {
    "timestamp_utc": "2024-11-11T17:41:16.741Z",
    "context_application_version": "8.9.86.551",
    "context_conn_country": "DE",
    "context_device_manufacturer": "samsung",
    "context_device_model": "SM-A725F",
    "context_device_type": "mobile",
    "context_os_name": "android",
    "context_os_version": "14",
    "context_receiver_service_timestamp": 1733220206352,
    "context_time": 1731346876741,
    "message_bt_permission_status": "granted"
  },
  {
    "timestamp_utc": "2024-11-30T11:38:40.240Z",
    "context_application_version": "8.9.94.470",
    "context_conn_country": "DE",
    "context_device_manufacturer": "samsung",
    "context_device_model": "SM-A725F",
    "context_device_type": "mobile",
    "context_os_name": "android",
    "context_os_version": "14",
    "context_receiver_service_timestamp": 1733220262069,
    "context_time": 1732966720240,
    "message_bt_permission_status": "granted"
  },
  {
    "timestamp_utc": "2024-12-03T10:00:33.194Z",
    "context_application_version": "8.9.96.476",
    "context_conn_country": "DE",
    "context_device_manufacturer": "samsung",
    "context_device_model": "SM-A725F",
    "context_device_type": "mobile",
    "context_os_name": "android",
    "context_os_version": "14",
    "context_receiver_service_timestamp": 1733220284382,
    "context_time": 1733220033194,
    "message_bt_permission_status": "granted"
  },
  {
    "timestamp_utc": "2024-10-29T16:31:17.379Z",
    "context_application_version": "8.9.86.551",
    "context_conn_country": "DE",
    "context_device_manufacturer": "samsung",
    "context_device_model": "SM-A725F",
    "context_device_type": "mobile",
    "context_os_name": "android",
    "context_os_version": "14",
    "context_receiver_service_timestamp": 1733220150542,
    "context_time": 1730219477379,
    "message_bt_permission_status": "granted"
  },
  {
    "timestamp_utc": "2024-10-30T10:56:50.183Z",
    "context_application_version": "8.9.86.551",
    "context_conn_country": "DE",
    "context_device_manufacturer": "samsung",
    "context_device_model": "SM-A725F",
    "context_device_type": "mobile",
    "context_os_name": "android",
    "context_os_version": "14",
    "context_receiver_service_timestamp": 1733220154030,
    "context_time": 1730285810183,
    "message_bt_permission_status": "granted"
  },
  {
    "timestamp_utc": "2024-10-28T08:35:24.719Z",
    "context_application_version": "8.9.86.551",
    "context_conn_country": "DE",
    "context_device_manufacturer": "samsung",
    "context_device_model": "SM-A725F",
    "context_device_type": "mobile",
    "context_os_name": "android",
    "context_os_version": "14",
    "context_receiver_service_timestamp": 1733220145123,
    "context_time": 1730104524719,
    "message_bt_permission_status": "granted"
  },
  {
    "timestamp_utc": "2024-11-19T17:25:33.011Z",
    "context_application_version": "8.9.92.408",
    "context_conn_country": "DE",
    "context_device_manufacturer": "samsung",
    "context_device_model": "SM-A725F",
    "context_device_type": "mobile",
    "context_os_name": "android",
    "context_os_version": "14",
    "context_receiver_service_timestamp": 1733220227646,
    "context_time": 1732037133011,
    "message_bt_permission_status": "granted"
  },
  {
    "timestamp_utc": "2024-09-26T11:30:47.903Z",
    "context_application_version": "8.9.76.538",
    "context_conn_country": "DE",
    "context_device_manufacturer": "samsung",
    "context_device_model": "SM-A725F",
    "context_device_type": "mobile",
    "context_os_name": "android",
    "context_os_version": "14",
    "context_receiver_service_timestamp": 1727959062773,
    "context_time": 1727350247903,
    "message_bt_permission_status": "granted"
  },
  {
    "timestamp_utc": "2024-09-12T14:57:59.453Z",
    "context_application_version": "8.9.70.556",
    "context_conn_country": "DE",
    "context_device_manufacturer": "samsung",
    "context_device_model": "SM-A725F",
    "context_device_type": "mobile",
    "context_os_name": "android",
    "context_os_version": "14",
    "context_receiver_service_timestamp": 1727959034073,
    "context_time": 1726153079453,
    "message_bt_permission_status": "granted"
  },
  {
    "timestamp_utc": "2024-09-12T16:42:14.490Z",
    "context_application_version": "8.9.70.556",
    "context_conn_country": "DE",
    "context_device_manufacturer": "samsung",
    "context_device_model": "SM-A725F",
    "context_device_type": "mobile",
    "context_os_name": "android",
    "context_os_version": "14",
    "context_receiver_service_timestamp": 1727959036707,
    "context_time": 1726159334490,
    "message_bt_permission_status": "granted"
  },
  {
    "timestamp_utc": "2024-10-11T04:18:59.685Z",
    "context_application_version": "8.9.80.581",
    "context_conn_country": "DE",
    "context_device_manufacturer": "samsung",
    "context_device_model": "SM-A725F",
    "context_device_type": "mobile",
    "context_os_name": "android",
    "context_os_version": "14",
    "context_receiver_service_timestamp": 1733220062275,
    "context_time": 1728620339685,
    "message_bt_permission_status": "granted"
  },
  {
    "timestamp_utc": "2024-10-18T16:24:11.429Z",
    "context_application_version": "8.9.82.620",
    "context_conn_country": "DE",
    "context_device_manufacturer": "samsung",
    "context_device_model": "SM-A725F",
    "context_device_type": "mobile",
    "context_os_name": "android",
    "context_os_version": "14",
    "context_receiver_service_timestamp": 1733220106312,
    "context_time": 1729268651429,
    "message_bt_permission_status": "granted"
  },
  {
    "timestamp_utc": "2024-09-19T16:22:15.316Z",
    "context_application_version": "8.9.74.568",
    "context_conn_country": "DE",
    "context_device_manufacturer": "samsung",
    "context_device_model": "SM-A725F",
    "context_device_type": "mobile",
    "context_os_name": "android",
    "context_os_version": "14",
    "context_receiver_service_timestamp": 1727959051716,
    "context_time": 1726762935316,
    "message_bt_permission_status": "granted"
  },
  {
    "timestamp_utc": "2024-10-14T05:30:46.424Z",
    "context_application_version": "8.9.82.620",
    "context_conn_country": "DE",
    "context_device_manufacturer": "samsung",
    "context_device_model": "SM-A725F",
    "context_device_type": "mobile",
    "context_os_name": "android",
    "context_os_version": "14",
    "context_receiver_service_timestamp": 1733220081733,
    "context_time": 1728883846424,
    "message_bt_permission_status": "granted"
  },
  {
    "timestamp_utc": "2024-10-18T05:38:53.734Z",
    "context_application_version": "8.9.82.620",
    "context_conn_country": "DE",
    "context_device_manufacturer": "samsung",
    "context_device_model": "SM-A725F",
    "context_device_type": "mobile",
    "context_os_name": "android",
    "context_os_version": "14",
    "context_receiver_service_timestamp": 1733220102620,
    "context_time": 1729229933734,
    "message_bt_permission_status": "granted"
  },
  {
    "timestamp_utc": "2024-12-03T08:46:42.673Z",
    "context_application_version": "8.9.96.476",
    "context_conn_country": "DE",
    "context_device_manufacturer": "samsung",
    "context_device_model": "SM-A725F",
    "context_device_type": "mobile",
    "context_os_name": "android",
    "context_os_version": "14",
    "context_receiver_service_timestamp": 1733220281801,
    "context_time": 1733215602673,
    "message_bt_permission_status": "granted"
  },
  {
    "timestamp_utc": "2024-09-30T12:05:38.197Z",
    "context_application_version": "8.9.78.513",
    "context_conn_country": "DE",
    "context_device_manufacturer": "samsung",
    "context_device_model": "SM-A725F",
    "context_device_type": "mobile",
    "context_os_name": "android",
    "context_os_version": "14",
    "context_receiver_service_timestamp": 1727959072229,
    "context_time": 1727697938197,
    "message_bt_permission_status": "granted"
  },
  {
    "timestamp_utc": "2024-11-26T22:20:57.534Z",
    "context_application_version": "8.9.94.470",
    "context_conn_country": "DE",
    "context_device_manufacturer": "samsung",
    "context_device_model": "SM-A725F",
    "context_device_type": "mobile",
    "context_os_name": "android",
    "context_os_version": "14",
    "context_receiver_service_timestamp": 1733220242498,
    "context_time": 1732659657534,
    "message_bt_permission_status": "granted"
  },
  {
    "timestamp_utc": "2024-09-12T18:56:10.538Z",
    "context_application_version": "8.9.70.556",
    "context_conn_country": "DE",
    "context_device_manufacturer": "samsung",
    "context_device_model": "SM-A725F",
    "context_device_type": "mobile",
    "context_os_name": "android",
    "context_os_version": "14",
    "context_receiver_service_timestamp": 1727959038608,
    "context_time": 1726167370538,
    "message_bt_permission_status": "granted"
  },
  {
    "timestamp_utc": "2024-10-07T04:19:23.728Z",
    "context_application_version": "8.9.78.513",
    "context_conn_country": "DE",
    "context_device_manufacturer": "samsung",
    "context_device_model": "SM-A725F",
    "context_device_type": "mobile",
    "context_os_name": "android",
    "context_os_version": "14",
    "context_receiver_service_timestamp": 1733220030623,
    "context_time": 1728274763728,
    "message_bt_permission_status": "granted"
  },
  {
    "timestamp_utc": "2024-10-25T09:40:40.997Z",
    "context_application_version": "8.9.84.594",
    "context_conn_country": "DE",
    "context_device_manufacturer": "samsung",
    "context_device_model": "SM-A725F",
    "context_device_type": "mobile",
    "context_os_name": "android",
    "context_os_version": "14",
    "context_receiver_service_timestamp": 1733220134689,
    "context_time": 1729849240997,
    "message_bt_permission_status": "granted"
  },
  {
    "timestamp_utc": "2024-09-12T11:54:04.063Z",
    "context_application_version": "8.9.70.556",
    "context_conn_country": "DE",
    "context_device_manufacturer": "samsung",
    "context_device_model": "SM-A725F",
    "context_device_type": "mobile",
    "context_os_name": "android",
    "context_os_version": "14",
    "context_receiver_service_timestamp": 1726142103282,
    "context_time": 1726142044063,
    "message_bt_permission_status": "granted"
  },
  {
    "timestamp_utc": "2024-11-06T15:27:21.552Z",
    "context_application_version": "8.9.86.551",
    "context_conn_country": "DE",
    "context_device_manufacturer": "samsung",
    "context_device_model": "SM-A725F",
    "context_device_type": "mobile",
    "context_os_name": "android",
    "context_os_version": "14",
    "context_receiver_service_timestamp": 1733220193963,
    "context_time": 1730906841552,
    "message_bt_permission_status": "granted"
  },
  {
    "timestamp_utc": "2024-11-24T11:07:51.742Z",
    "context_application_version": "8.9.94.470",
    "context_conn_country": "DE",
    "context_device_manufacturer": "samsung",
    "context_device_model": "SM-A725F",
    "context_device_type": "mobile",
    "context_os_name": "android",
    "context_os_version": "14",
    "context_receiver_service_timestamp": 1733220233493,
    "context_time": 1732446471742,
    "message_bt_permission_status": "granted"
  },
  {
    "timestamp_utc": "2024-11-28T19:45:59.876Z",
    "context_application_version": "8.9.94.470",
    "context_conn_country": "DE",
    "context_device_manufacturer": "samsung",
    "context_device_model": "SM-A725F",
    "context_device_type": "mobile",
    "context_os_name": "android",
    "context_os_version": "14",
    "context_receiver_service_timestamp": 1733220250812,
    "context_time": 1732823159876,
    "message_bt_permission_status": "granted"
  },
  {
    "timestamp_utc": "2024-09-27T13:33:12.822Z",
    "context_application_version": "8.9.76.538",
    "context_conn_country": "DE",
    "context_device_manufacturer": "samsung",
    "context_device_model": "SM-A725F",
    "context_device_type": "mobile",
    "context_os_name": "android",
    "context_os_version": "14",
    "context_receiver_service_timestamp": 1727959070242,
    "context_time": 1727443992822,
    "message_bt_permission_status": "granted"
  },
  {
    "timestamp_utc": "2024-10-04T04:32:33.611Z",
    "context_application_version": "8.9.78.513",
    "context_conn_country": "DE",
    "context_device_manufacturer": "samsung",
    "context_device_model": "SM-A725F",
    "context_device_type": "mobile",
    "context_os_name": "android",
    "context_os_version": "14",
    "context_receiver_service_timestamp": 1733220016607,
    "context_time": 1728016353611,
    "message_bt_permission_status": "granted"
  },
  {
    "timestamp_utc": "2024-10-13T13:39:08.972Z",
    "context_application_version": "8.9.80.581",
    "context_conn_country": "DE",
    "context_device_manufacturer": "samsung",
    "context_device_model": "SM-A725F",
    "context_device_type": "mobile",
    "context_os_name": "android",
    "context_os_version": "14",
    "context_receiver_service_timestamp": 1733220072827,
    "context_time": 1728826748972,
    "message_bt_permission_status": "granted"
  },
  {
    "timestamp_utc": "2024-10-24T07:31:11.023Z",
    "context_application_version": "8.9.84.594",
    "context_conn_country": "DE",
    "context_device_manufacturer": "samsung",
    "context_device_model": "SM-A725F",
    "context_device_type": "mobile",
    "context_os_name": "android",
    "context_os_version": "14",
    "context_receiver_service_timestamp": 1733220126067,
    "context_time": 1729755071023,
    "message_bt_permission_status": "granted"
  },
  {
    "timestamp_utc": "2024-11-04T17:48:46.289Z",
    "context_application_version": "8.9.86.551",
    "context_conn_country": "DE",
    "context_device_manufacturer": "samsung",
    "context_device_model": "SM-A725F",
    "context_device_type": "mobile",
    "context_os_name": "android",
    "context_os_version": "14",
    "context_receiver_service_timestamp": 1733220180341,
    "context_time": 1730742526289,
    "message_bt_permission_status": "granted"
  },
  {
    "timestamp_utc": "2024-11-25T21:54:53.314Z",
    "context_application_version": "8.9.94.470",
    "context_conn_country": "DE",
    "context_device_manufacturer": "samsung",
    "context_device_model": "SM-A725F",
    "context_device_type": "mobile",
    "context_os_name": "android",
    "context_os_version": "14",
    "context_receiver_service_timestamp": 1733220237804,
    "context_time": 1732571693314,
    "message_bt_permission_status": "granted"
  },
  {
    "timestamp_utc": "2024-09-06T16:27:39.893Z",
    "context_application_version": "8.9.70.556",
    "context_conn_country": "DE",
    "context_device_manufacturer": "samsung",
    "context_device_model": "SM-A725F",
    "context_device_type": "mobile",
    "context_os_name": "android",
    "context_os_version": "14",
    "context_receiver_service_timestamp": 1726142099551,
    "context_time": 1725640059893,
    "message_bt_permission_status": "granted"
  },
  {
    "timestamp_utc": "2024-09-21T06:30:11.134Z",
    "context_application_version": "8.9.74.568",
    "context_conn_country": "DE",
    "context_device_manufacturer": "samsung",
    "context_device_model": "SM-A725F",
    "context_device_type": "mobile",
    "context_os_name": "android",
    "context_os_version": "14",
    "context_receiver_service_timestamp": 1727959054411,
    "context_time": 1726900211134,
    "message_bt_permission_status": "granted"
  },
  {
    "timestamp_utc": "2024-10-12T16:10:13.723Z",
    "context_application_version": "8.9.80.581",
    "context_conn_country": "DE",
    "context_device_manufacturer": "samsung",
    "context_device_model": "SM-A725F",
    "context_device_type": "mobile",
    "context_os_name": "android",
    "context_os_version": "14",
    "context_receiver_service_timestamp": 1733220068024,
    "context_time": 1728749413723,
    "message_bt_permission_status": "granted"
  },
  {
    "timestamp_utc": "2024-09-12T15:53:25.363Z",
    "context_application_version": "8.9.70.556",
    "context_conn_country": "DE",
    "context_device_manufacturer": "samsung",
    "context_device_model": "SM-A725F",
    "context_device_type": "mobile",
    "context_os_name": "android",
    "context_os_version": "14",
    "context_receiver_service_timestamp": 1727959036068,
    "context_time": 1726156405363,
    "message_bt_permission_status": "granted"
  },
  {
    "timestamp_utc": "2024-09-26T10:26:06.173Z",
    "context_application_version": "8.9.76.538",
    "context_conn_country": "DE",
    "context_device_manufacturer": "samsung",
    "context_device_model": "SM-A725F",
    "context_device_type": "mobile",
    "context_os_name": "android",
    "context_os_version": "14",
    "context_receiver_service_timestamp": 1727959061388,
    "context_time": 1727346366173,
    "message_bt_permission_status": "granted"
  },
  {
    "timestamp_utc": "2024-11-12T17:18:05.210Z",
    "context_application_version": "8.9.90.127",
    "context_conn_country": "DE",
    "context_device_manufacturer": "samsung",
    "context_device_model": "SM-A725F",
    "context_device_type": "mobile",
    "context_os_name": "android",
    "context_os_version": "14",
    "context_receiver_service_timestamp": 1733220208608,
    "context_time": 1731431885210,
    "message_bt_permission_status": "granted"
  },
  {
    "timestamp_utc": "2024-10-17T11:04:02.942Z",
    "context_application_version": "8.9.82.620",
    "context_conn_country": "DE",
    "context_device_manufacturer": "samsung",
    "context_device_model": "SM-A725F",
    "context_device_type": "mobile",
    "context_os_name": "android",
    "context_os_version": "14",
    "context_receiver_service_timestamp": 1733220098633,
    "context_time": 1729163042942,
    "message_bt_permission_status": "granted"
  },
  {
    "timestamp_utc": "2024-09-03T15:35:25.990Z",
    "context_application_version": "8.9.68.456",
    "context_conn_country": "DE",
    "context_device_manufacturer": "samsung",
    "context_device_model": "SM-A725F",
    "context_device_type": "mobile",
    "context_os_name": "android",
    "context_os_version": "14",
    "context_receiver_service_timestamp": 1726142096455,
    "context_time": 1725377725990,
    "message_bt_permission_status": "granted"
  },
  {
    "timestamp_utc": "2024-11-30T10:20:15.869Z",
    "context_application_version": "8.9.94.470",
    "context_conn_country": "DE",
    "context_device_manufacturer": "samsung",
    "context_device_model": "SM-A725F",
    "context_device_type": "mobile",
    "context_os_name": "android",
    "context_os_version": "14",
    "context_receiver_service_timestamp": 1733220259910,
    "context_time": 1732962015869,
    "message_bt_permission_status": "granted"
  },
  {
    "timestamp_utc": "2024-11-06T08:36:26.639Z",
    "context_application_version": "8.9.86.551",
    "context_conn_country": "DE",
    "context_device_manufacturer": "samsung",
    "context_device_model": "SM-A725F",
    "context_device_type": "mobile",
    "context_os_name": "android",
    "context_os_version": "14",
    "context_receiver_service_timestamp": 1733220191727,
    "context_time": 1730882186639,
    "message_bt_permission_status": "granted"
  },
  {
    "timestamp_utc": "2024-11-07T12:42:21.776Z",
    "context_application_version": "8.9.86.551",
    "context_conn_country": "DE",
    "context_device_manufacturer": "samsung",
    "context_device_model": "SM-A725F",
    "context_device_type": "mobile",
    "context_os_name": "android",
    "context_os_version": "14",
    "context_receiver_service_timestamp": 1733220196735,
    "context_time": 1730983341776,
    "message_bt_permission_status": "granted"
  },
  {
    "timestamp_utc": "2024-11-05T16:36:26.561Z",
    "context_application_version": "8.9.86.551",
    "context_conn_country": "DE",
    "context_device_manufacturer": "samsung",
    "context_device_model": "SM-A725F",
    "context_device_type": "mobile",
    "context_os_name": "android",
    "context_os_version": "14",
    "context_receiver_service_timestamp": 1733220188942,
    "context_time": 1730824586561,
    "message_bt_permission_status": "granted"
  },
  {
    "timestamp_utc": "2024-09-26T12:19:19.611Z",
    "context_application_version": "8.9.76.538",
    "context_conn_country": "DE",
    "context_device_manufacturer": "samsung",
    "context_device_model": "SM-A725F",
    "context_device_type": "mobile",
    "context_os_name": "android",
    "context_os_version": "14",
    "context_receiver_service_timestamp": 1727959063752,
    "context_time": 1727353159611,
    "message_bt_permission_status": "granted"
  },
  {
    "timestamp_utc": "2024-10-21T16:39:43.789Z",
    "context_application_version": "8.9.84.594",
    "context_conn_country": "DE",
    "context_device_manufacturer": "samsung",
    "context_device_model": "SM-A725F",
    "context_device_type": "mobile",
    "context_os_name": "android",
    "context_os_version": "14",
    "context_receiver_service_timestamp": 1733220112251,
    "context_time": 1729528783789,
    "message_bt_permission_status": "granted"
  },
  {
    "timestamp_utc": "2024-10-03T12:38:11.510Z",
    "context_application_version": "8.9.78.513",
    "context_conn_country": "DE",
    "context_device_manufacturer": "samsung",
    "context_device_model": "SM-A725F",
    "context_device_type": "mobile",
    "context_os_name": "android",
    "context_os_version": "14",
    "context_receiver_service_timestamp": 1733220007285,
    "context_time": 1727959091510,
    "message_bt_permission_status": "granted"
  },
  {
    "timestamp_utc": "2024-12-03T12:00:26.724Z",
    "context_application_version": "8.9.96.476",
    "context_conn_country": "DE",
    "context_device_manufacturer": "samsung",
    "context_device_model": "SM-A725F",
    "context_device_type": "mobile",
    "context_os_name": "android",
    "context_os_version": "14",
    "context_receiver_service_timestamp": 1733227200422,
    "context_time": 1733227226724,
    "message_bt_permission_status": "granted"
  },
  {
    "timestamp_utc": "2024-10-30T20:01:52.862Z",
    "context_application_version": "8.9.86.551",
    "context_conn_country": "DE",
    "context_device_manufacturer": "samsung",
    "context_device_model": "SM-A725F",
    "context_device_type": "mobile",
    "context_os_name": "android",
    "context_os_version": "14",
    "context_receiver_service_timestamp": 1733220158532,
    "context_time": 1730318512862,
    "message_bt_permission_status": "granted"
  },
  {
    "timestamp_utc": "2024-12-02T08:26:21.200Z",
    "context_application_version": "8.9.96.476",
    "context_conn_country": "DE",
    "context_device_manufacturer": "samsung",
    "context_device_model": "SM-A725F",
    "context_device_type": "mobile",
    "context_os_name": "android",
    "context_os_version": "14",
    "context_receiver_service_timestamp": 1733220272696,
    "context_time": 1733127981200,
    "message_bt_permission_status": "granted"
  },
  {
    "timestamp_utc": "2024-10-02T08:02:24.382Z",
    "context_application_version": "8.9.78.513",
    "context_conn_country": "DE",
    "context_device_manufacturer": "samsung",
    "context_device_model": "SM-A725F",
    "context_device_type": "mobile",
    "context_os_name": "android",
    "context_os_version": "14",
    "context_receiver_service_timestamp": 1727959077685,
    "context_time": 1727856144382,
    "message_bt_permission_status": "granted"
  },
  {
    "timestamp_utc": "2024-10-10T04:50:02.530Z",
    "context_application_version": "8.9.78.513",
    "context_conn_country": "DE",
    "context_device_manufacturer": "samsung",
    "context_device_model": "SM-A725F",
    "context_device_type": "mobile",
    "context_os_name": "android",
    "context_os_version": "14",
    "context_receiver_service_timestamp": 1733220056534,
    "context_time": 1728535802530,
    "message_bt_permission_status": "granted"
  },
  {
    "timestamp_utc": "2024-10-15T09:55:52.880Z",
    "context_application_version": "8.9.82.620",
    "context_conn_country": "DE",
    "context_device_manufacturer": "samsung",
    "context_device_model": "SM-A725F",
    "context_device_type": "mobile",
    "context_os_name": "android",
    "context_os_version": "14",
    "context_receiver_service_timestamp": 1733220086969,
    "context_time": 1728986152880,
    "message_bt_permission_status": "granted"
  },
  {
    "timestamp_utc": "2024-10-01T13:49:00.699Z",
    "context_application_version": "8.9.78.513",
    "context_conn_country": "DE",
    "context_device_manufacturer": "samsung",
    "context_device_model": "SM-A725F",
    "context_device_type": "mobile",
    "context_os_name": "android",
    "context_os_version": "14",
    "context_receiver_service_timestamp": 1727959075012,
    "context_time": 1727790540699,
    "message_bt_permission_status": "granted"
  },
  {
    "timestamp_utc": "2024-09-17T16:47:51.350Z",
    "context_application_version": "8.9.74.568",
    "context_conn_country": "DE",
    "context_device_manufacturer": "samsung",
    "context_device_model": "SM-A725F",
    "context_device_type": "mobile",
    "context_os_name": "android",
    "context_os_version": "14",
    "context_receiver_service_timestamp": 1727959049290,
    "context_time": 1726591671350,
    "message_bt_permission_status": "granted"
  },
  {
    "timestamp_utc": "2024-10-11T04:19:53.762Z",
    "context_application_version": "8.9.80.581",
    "context_conn_country": "DE",
    "context_device_manufacturer": "samsung",
    "context_device_model": "SM-A725F",
    "context_device_type": "mobile",
    "context_os_name": "android",
    "context_os_version": "14",
    "context_receiver_service_timestamp": 1733220063298,
    "context_time": 1728620393762,
    "message_bt_permission_status": "granted"
  },
  {
    "timestamp_utc": "2024-09-21T06:59:21.092Z",
    "context_application_version": "8.9.74.568",
    "context_conn_country": "DE",
    "context_device_manufacturer": "samsung",
    "context_device_model": "SM-A725F",
    "context_device_type": "mobile",
    "context_os_name": "android",
    "context_os_version": "14",
    "context_receiver_service_timestamp": 1727959054772,
    "context_time": 1726901961092,
    "message_bt_permission_status": "granted"
  },
  {
    "timestamp_utc": "2024-10-10T11:34:00.512Z",
    "context_application_version": "8.9.78.513",
    "context_conn_country": "DE",
    "context_device_manufacturer": "samsung",
    "context_device_model": "SM-A725F",
    "context_device_type": "mobile",
    "context_os_name": "android",
    "context_os_version": "14",
    "context_receiver_service_timestamp": 1733220058282,
    "context_time": 1728560040512,
    "message_bt_permission_status": "granted"
  },
  {
    "timestamp_utc": "2024-10-11T07:50:37.537Z",
    "context_application_version": "8.9.80.581",
    "context_conn_country": "DE",
    "context_device_manufacturer": "samsung",
    "context_device_model": "SM-A725F",
    "context_device_type": "mobile",
    "context_os_name": "android",
    "context_os_version": "14",
    "context_receiver_service_timestamp": 1733220065554,
    "context_time": 1728633037537,
    "message_bt_permission_status": "granted"
  },
  {
    "timestamp_utc": "2024-11-16T14:39:32.536Z",
    "context_application_version": "8.9.92.408",
    "context_conn_country": "DE",
    "context_device_manufacturer": "samsung",
    "context_device_model": "SM-A725F",
    "context_device_type": "mobile",
    "context_os_name": "android",
    "context_os_version": "14",
    "context_receiver_service_timestamp": 1733220220485,
    "context_time": 1731767972536,
    "message_bt_permission_status": "granted"
  },
  {
    "timestamp_utc": "2024-09-06T16:45:06.613Z",
    "context_application_version": "8.9.70.556",
    "context_conn_country": "DE",
    "context_device_manufacturer": "samsung",
    "context_device_model": "SM-A725F",
    "context_device_type": "mobile",
    "context_os_name": "android",
    "context_os_version": "14",
    "context_receiver_service_timestamp": 1726142099729,
    "context_time": 1725641106613,
    "message_bt_permission_status": "granted"
  },
  {
    "timestamp_utc": "2024-11-27T16:38:43.238Z",
    "context_application_version": "8.9.94.470",
    "context_conn_country": "DE",
    "context_device_manufacturer": "samsung",
    "context_device_model": "SM-A725F",
    "context_device_type": "mobile",
    "context_os_name": "android",
    "context_os_version": "14",
    "context_receiver_service_timestamp": 1733220246394,
    "context_time": 1732725523238,
    "message_bt_permission_status": "granted"
  },
  {
    "timestamp_utc": "2024-10-22T11:19:30.337Z",
    "context_application_version": "8.9.84.594",
    "context_conn_country": "DE",
    "context_device_manufacturer": "samsung",
    "context_device_model": "SM-A725F",
    "context_device_type": "mobile",
    "context_os_name": "android",
    "context_os_version": "14",
    "context_receiver_service_timestamp": 1733220113685,
    "context_time": 1729595970337,
    "message_bt_permission_status": "granted"
  },
  {
    "timestamp_utc": "2024-09-27T15:57:47.822Z",
    "context_application_version": "8.9.76.538",
    "context_conn_country": "DE",
    "context_device_manufacturer": "samsung",
    "context_device_model": "SM-A725F",
    "context_device_type": "mobile",
    "context_os_name": "android",
    "context_os_version": "14",
    "context_receiver_service_timestamp": 1727959070568,
    "context_time": 1727452667822,
    "message_bt_permission_status": "granted"
  },
  {
    "timestamp_utc": "2024-11-24T11:26:01.580Z",
    "context_application_version": "8.9.94.470",
    "context_conn_country": "DE",
    "context_device_manufacturer": "samsung",
    "context_device_model": "SM-A725F",
    "context_device_type": "mobile",
    "context_os_name": "android",
    "context_os_version": "14",
    "context_receiver_service_timestamp": 1733220234407,
    "context_time": 1732447561580,
    "message_bt_permission_status": "granted"
  },
  {
    "timestamp_utc": "2024-09-28T10:22:00.300Z",
    "context_application_version": "8.9.76.538",
    "context_conn_country": "DE",
    "context_device_manufacturer": "samsung",
    "context_device_model": "SM-A725F",
    "context_device_type": "mobile",
    "context_os_name": "android",
    "context_os_version": "14",
    "context_receiver_service_timestamp": 1727959071341,
    "context_time": 1727518920300,
    "message_bt_permission_status": "granted"
  },
  {
    "timestamp_utc": "2024-10-07T15:48:09.278Z",
    "context_application_version": "8.9.78.513",
    "context_conn_country": "DE",
    "context_device_manufacturer": "samsung",
    "context_device_model": "SM-A725F",
    "context_device_type": "mobile",
    "context_os_name": "android",
    "context_os_version": "14",
    "context_receiver_service_timestamp": 1733220034731,
    "context_time": 1728316089278,
    "message_bt_permission_status": "granted"
  },
  {
    "timestamp_utc": "2024-09-13T19:10:22.829Z",
    "context_application_version": "8.9.70.556",
    "context_conn_country": "DE",
    "context_device_manufacturer": "samsung",
    "context_device_model": "SM-A725F",
    "context_device_type": "mobile",
    "context_os_name": "android",
    "context_os_version": "14",
    "context_receiver_service_timestamp": 1727959045902,
    "context_time": 1726254622829,
    "message_bt_permission_status": "granted"
  },
  {
    "timestamp_utc": "2024-10-04T11:44:07.259Z",
    "context_application_version": "8.9.78.513",
    "context_conn_country": "DE",
    "context_device_manufacturer": "samsung",
    "context_device_model": "SM-A725F",
    "context_device_type": "mobile",
    "context_os_name": "android",
    "context_os_version": "14",
    "context_receiver_service_timestamp": 1733220019274,
    "context_time": 1728042247259,
    "message_bt_permission_status": "granted"
  },
  {
    "timestamp_utc": "2024-10-18T12:24:23.116Z",
    "context_application_version": "8.9.82.620",
    "context_conn_country": "DE",
    "context_device_manufacturer": "samsung",
    "context_device_model": "SM-A725F",
    "context_device_type": "mobile",
    "context_os_name": "android",
    "context_os_version": "14",
    "context_receiver_service_timestamp": 1733220104160,
    "context_time": 1729254263116,
    "message_bt_permission_status": "granted"
  },
  {
    "timestamp_utc": "2024-11-07T13:20:48.426Z",
    "context_application_version": "8.9.86.551",
    "context_conn_country": "DE",
    "context_device_manufacturer": "samsung",
    "context_device_model": "SM-A725F",
    "context_device_type": "mobile",
    "context_os_name": "android",
    "context_os_version": "14",
    "context_receiver_service_timestamp": 1733220198881,
    "context_time": 1730985648426,
    "message_bt_permission_status": "granted"
  },
  {
    "timestamp_utc": "2024-09-12T12:22:33.837Z",
    "context_application_version": "8.9.70.556",
    "context_conn_country": "DE",
    "context_device_manufacturer": "samsung",
    "context_device_model": "SM-A725F",
    "context_device_type": "mobile",
    "context_os_name": "android",
    "context_os_version": "14",
    "context_receiver_service_timestamp": 1727959029676,
    "context_time": 1726143753837,
    "message_bt_permission_status": "granted"
  },
  {
    "timestamp_utc": "2024-10-24T11:01:13.942Z",
    "context_application_version": "8.9.84.594",
    "context_conn_country": "DE",
    "context_device_manufacturer": "samsung",
    "context_device_model": "SM-A725F",
    "context_device_type": "mobile",
    "context_os_name": "android",
    "context_os_version": "14",
    "context_receiver_service_timestamp": 1733220128124,
    "context_time": 1729767673942,
    "message_bt_permission_status": "granted"
  },
  {
    "timestamp_utc": "2024-10-15T19:33:28.255Z",
    "context_application_version": "8.9.82.620",
    "context_conn_country": "DE",
    "context_device_manufacturer": "samsung",
    "context_device_model": "SM-A725F",
    "context_device_type": "mobile",
    "context_os_name": "android",
    "context_os_version": "14",
    "context_receiver_service_timestamp": 1733220093405,
    "context_time": 1729020808255,
    "message_bt_permission_status": "granted"
  },
  {
    "timestamp_utc": "2024-10-28T17:51:16.195Z",
    "context_application_version": "8.9.86.551",
    "context_conn_country": "DE",
    "context_device_manufacturer": "samsung",
    "context_device_model": "SM-A725F",
    "context_device_type": "mobile",
    "context_os_name": "android",
    "context_os_version": "14",
    "context_receiver_service_timestamp": 1733220147367,
    "context_time": 1730137876195,
    "message_bt_permission_status": "granted"
  },
  {
    "timestamp_utc": "2024-09-13T17:27:36.388Z",
    "context_application_version": "8.9.70.556",
    "context_conn_country": "DE",
    "context_device_manufacturer": "samsung",
    "context_device_model": "SM-A725F",
    "context_device_type": "mobile",
    "context_os_name": "android",
    "context_os_version": "14",
    "context_receiver_service_timestamp": 1727959043398,
    "context_time": 1726248456388,
    "message_bt_permission_status": "granted"
  },
  {
    "timestamp_utc": "2024-11-08T06:44:57.292Z",
    "context_application_version": "8.9.86.551",
    "context_conn_country": "DE",
    "context_device_manufacturer": "samsung",
    "context_device_model": "SM-A725F",
    "context_device_type": "mobile",
    "context_os_name": "android",
    "context_os_version": "14",
    "context_receiver_service_timestamp": 1733220201132,
    "context_time": 1731048297292,
    "message_bt_permission_status": "granted"
  },
  {
    "timestamp_utc": "2024-11-13T14:58:38.990Z",
    "context_application_version": "8.9.90.127",
    "context_conn_country": "DE",
    "context_device_manufacturer": "samsung",
    "context_device_model": "SM-A725F",
    "context_device_type": "mobile",
    "context_os_name": "android",
    "context_os_version": "14",
    "context_receiver_service_timestamp": 1733220211987,
    "context_time": 1731509918990,
    "message_bt_permission_status": "granted"
  },
  {
    "timestamp_utc": "2024-11-30T20:55:32.405Z",
    "context_application_version": "8.9.94.470",
    "context_conn_country": "DE",
    "context_device_manufacturer": "samsung",
    "context_device_model": "SM-A725F",
    "context_device_type": "mobile",
    "context_os_name": "android",
    "context_os_version": "14",
    "context_receiver_service_timestamp": 1733220265859,
    "context_time": 1733000132405,
    "message_bt_permission_status": "granted"
  },
  {
    "timestamp_utc": "2024-10-03T12:36:18.526Z",
    "context_application_version": "8.9.78.513",
    "context_conn_country": "DE",
    "context_device_manufacturer": "samsung",
    "context_device_model": "SM-A725F",
    "context_device_type": "mobile",
    "context_os_name": "android",
    "context_os_version": "14",
    "context_receiver_service_timestamp": 1727959081692,
    "context_time": 1727958978526,
    "message_bt_permission_status": "granted"
  },
  {
    "timestamp_utc": "2024-10-11T05:32:08.902Z",
    "context_application_version": "8.9.80.581",
    "context_conn_country": "DE",
    "context_device_manufacturer": "samsung",
    "context_device_model": "SM-A725F",
    "context_device_type": "mobile",
    "context_os_name": "android",
    "context_os_version": "14",
    "context_receiver_service_timestamp": 1733220064529,
    "context_time": 1728624728902,
    "message_bt_permission_status": "granted"
  },
  {
    "timestamp_utc": "2024-10-16T14:41:06.707Z",
    "context_application_version": "8.9.82.620",
    "context_conn_country": "DE",
    "context_device_manufacturer": "samsung",
    "context_device_model": "SM-A725F",
    "context_device_type": "mobile",
    "context_os_name": "android",
    "context_os_version": "14",
    "context_receiver_service_timestamp": 1733220094947,
    "context_time": 1729089666707,
    "message_bt_permission_status": "granted"
  },
  {
    "timestamp_utc": "2024-11-04T08:42:58.216Z",
    "context_application_version": "8.9.86.551",
    "context_conn_country": "DE",
    "context_device_manufacturer": "samsung",
    "context_device_model": "SM-A725F",
    "context_device_type": "mobile",
    "context_os_name": "android",
    "context_os_version": "14",
    "context_receiver_service_timestamp": 1733220177989,
    "context_time": 1730709778216,
    "message_bt_permission_status": "granted"
  },
  {
    "timestamp_utc": "2024-11-13T13:53:19.876Z",
    "context_application_version": "8.9.90.127",
    "context_conn_country": "DE",
    "context_device_manufacturer": "samsung",
    "context_device_model": "SM-A725F",
    "context_device_type": "mobile",
    "context_os_name": "android",
    "context_os_version": "14",
    "context_receiver_service_timestamp": 1733220211574,
    "context_time": 1731505999876,
    "message_bt_permission_status": "granted"
  },
  {
    "timestamp_utc": "2024-09-25T20:36:45.747Z",
    "context_application_version": "8.9.76.538",
    "context_conn_country": "DE",
    "context_device_manufacturer": "samsung",
    "context_device_model": "SM-A725F",
    "context_device_type": "mobile",
    "context_os_name": "android",
    "context_os_version": "14",
    "context_receiver_service_timestamp": 1727959060979,
    "context_time": 1727296605747,
    "message_bt_permission_status": "granted"
  },
  {
    "timestamp_utc": "2024-10-14T04:31:55.321Z",
    "context_application_version": "8.9.82.620",
    "context_conn_country": "DE",
    "context_device_manufacturer": "samsung",
    "context_device_model": "SM-A725F",
    "context_device_type": "mobile",
    "context_os_name": "android",
    "context_os_version": "14",
    "context_receiver_service_timestamp": 1733220081016,
    "context_time": 1728880315321,
    "message_bt_permission_status": "granted"
  },
  {
    "timestamp_utc": "2024-10-26T16:12:01.426Z",
    "context_application_version": "8.9.84.594",
    "context_conn_country": "DE",
    "context_device_manufacturer": "samsung",
    "context_device_model": "SM-A725F",
    "context_device_type": "mobile",
    "context_os_name": "android",
    "context_os_version": "14",
    "context_receiver_service_timestamp": 1733220141222,
    "context_time": 1729959121426,
    "message_bt_permission_status": "granted"
  },
  {
    "timestamp_utc": "2024-10-26T15:15:51.094Z",
    "context_application_version": "8.9.84.594",
    "context_conn_country": "DE",
    "context_device_manufacturer": "samsung",
    "context_device_model": "SM-A725F",
    "context_device_type": "mobile",
    "context_os_name": "android",
    "context_os_version": "14",
    "context_receiver_service_timestamp": 1733220138576,
    "context_time": 1729955751094,
    "message_bt_permission_status": "granted"
  },
  {
    "timestamp_utc": "2024-10-31T10:35:46.989Z",
    "context_application_version": "8.9.86.551",
    "context_conn_country": "DE",
    "context_device_manufacturer": "samsung",
    "context_device_model": "SM-A725F",
    "context_device_type": "mobile",
    "context_os_name": "android",
    "context_os_version": "14",
    "context_receiver_service_timestamp": 1733220160276,
    "context_time": 1730370946989,
    "message_bt_permission_status": "granted"
  },
  {
    "timestamp_utc": "2024-11-14T17:33:48.915Z",
    "context_application_version": "8.9.90.127",
    "context_conn_country": "DE",
    "context_device_manufacturer": "samsung",
    "context_device_model": "SM-A725F",
    "context_device_type": "mobile",
    "context_os_name": "android",
    "context_os_version": "14",
    "context_receiver_service_timestamp": 1733220214957,
    "context_time": 1731605628915,
    "message_bt_permission_status": "granted"
  },
  {
    "timestamp_utc": "2024-10-23T09:32:43.919Z",
    "context_application_version": "8.9.84.594",
    "context_conn_country": "DE",
    "context_device_manufacturer": "samsung",
    "context_device_model": "SM-A725F",
    "context_device_type": "mobile",
    "context_os_name": "android",
    "context_os_version": "14",
    "context_receiver_service_timestamp": 1733220119728,
    "context_time": 1729675963919,
    "message_bt_permission_status": "granted"
  },
  {
    "timestamp_utc": "2024-10-17T05:40:24.111Z",
    "context_application_version": "8.9.82.620",
    "context_conn_country": "DE",
    "context_device_manufacturer": "samsung",
    "context_device_model": "SM-A725F",
    "context_device_type": "mobile",
    "context_os_name": "android",
    "context_os_version": "14",
    "context_receiver_service_timestamp": 1733220096586,
    "context_time": 1729143624111,
    "message_bt_permission_status": "granted"
  },
  {
    "timestamp_utc": "2024-11-02T14:40:34.720Z",
    "context_application_version": "8.9.86.551",
    "context_conn_country": "DE",
    "context_device_manufacturer": "samsung",
    "context_device_model": "SM-A725F",
    "context_device_type": "mobile",
    "context_os_name": "android",
    "context_os_version": "14",
    "context_receiver_service_timestamp": 1733220167277,
    "context_time": 1730558434720,
    "message_bt_permission_status": "granted"
  },
  {
    "timestamp_utc": "2024-09-13T18:40:44.965Z",
    "context_application_version": "8.9.70.556",
    "context_conn_country": "DE",
    "context_device_manufacturer": "samsung",
    "context_device_model": "SM-A725F",
    "context_device_type": "mobile",
    "context_os_name": "android",
    "context_os_version": "14",
    "context_receiver_service_timestamp": 1727959045077,
    "context_time": 1726252844965,
    "message_bt_permission_status": "granted"
  },
  {
    "timestamp_utc": "2024-10-15T11:23:55.585Z",
    "context_application_version": "8.9.82.620",
    "context_conn_country": "DE",
    "context_device_manufacturer": "samsung",
    "context_device_model": "SM-A725F",
    "context_device_type": "mobile",
    "context_os_name": "android",
    "context_os_version": "14",
    "context_receiver_service_timestamp": 1733220088391,
    "context_time": 1728991435585,
    "message_bt_permission_status": "granted"
  },
  {
    "timestamp_utc": "2024-10-30T14:27:28.049Z",
    "context_application_version": "8.9.86.551",
    "context_conn_country": "DE",
    "context_device_manufacturer": "samsung",
    "context_device_model": "SM-A725F",
    "context_device_type": "mobile",
    "context_os_name": "android",
    "context_os_version": "14",
    "context_receiver_service_timestamp": 1733220156282,
    "context_time": 1730298448049,
    "message_bt_permission_status": "granted"
  },
  {
    "timestamp_utc": "2024-11-21T17:16:46.329Z",
    "context_application_version": "8.9.92.408",
    "context_conn_country": "DE",
    "context_device_manufacturer": "samsung",
    "context_device_model": "SM-A725F",
    "context_device_type": "mobile",
    "context_os_name": "android",
    "context_os_version": "14",
    "context_receiver_service_timestamp": 1733220229611,
    "context_time": 1732209406329,
    "message_bt_permission_status": "granted"
  }
]