[
  {
    "timestamp_utc": "2024-07-03T17:01:28.917Z",
    "context_application_version": "8.9.50",
    "context_conn_country": "FR",
    "context_device_manufacturer": "apple",
    "context_device_model": "Watch3,3",
    "context_device_type": "wearable",
    "context_os_name": "watchos",
    "context_os_version": "8.8.1",
    "context_receiver_service_timestamp": 1720214303805,
    "context_time": 1720026088917,
    "message_context_uri": "spotify:playlist:5VxKCjF3n4yAHASrR66rTX",
    "message_item_uri": "spotify:track:4ZtFanR9U6ndgddUvNcjcG",
    "message_previous_context_state": "downloading",
    "message_will_fail_context_download": false
  },
  {
    "timestamp_utc": "2024-07-03T16:46:25.698Z",
    "context_application_version": "8.9.50",
    "context_conn_country": "FR",
    "context_device_manufacturer": "apple",
    "context_device_model": "Watch3,3",
    "context_device_type": "wearable",
    "context_os_name": "watchos",
    "context_os_version": "8.8.1",
    "context_receiver_service_timestamp": 1720026103599,
    "context_time": 1720025185698,
    "message_context_uri": "spotify:playlist:5VxKCjF3n4yAHASrR66rTX",
    "message_item_uri": "spotify:track:0VjIjW4GlUZAMYd2vXMi3b",
    "message_previous_context_state": "downloading",
    "message_will_fail_context_download": false
  },
  {
    "timestamp_utc": "2024-07-03T17:01:28.910Z",
    "context_application_version": "8.9.50",
    "context_conn_country": "FR",
    "context_device_manufacturer": "apple",
    "context_device_model": "Watch3,3",
    "context_device_type": "wearable",
    "context_os_name": "watchos",
    "context_os_version": "8.8.1",
    "context_receiver_service_timestamp": 1720026103599,
    "context_time": 1720026088910,
    "message_context_uri": "spotify:playlist:5VxKCjF3n4yAHASrR66rTX",
    "message_item_uri": "spotify:track:4LRPiXqCikLlN15c3yImP7",
    "message_previous_context_state": "downloading",
    "message_will_fail_context_download": false
  },
  {
    "timestamp_utc": "2024-06-26T00:05:38.946Z",
    "context_application_version": "8.9.48",
    "context_conn_country": "FR",
    "context_device_manufacturer": "apple",
    "context_device_model": "Watch3,3",
    "context_device_type": "wearable",
    "context_os_name": "watchos",
    "context_os_version": "8.8.1",
    "context_receiver_service_timestamp": 1720214303805,
    "context_time": 1719360338946,
    "message_context_uri": "spotify:playlist:5VxKCjF3n4yAHASrR66rTX",
    "message_item_uri": "spotify:track:4ZtFanR9U6ndgddUvNcjcG",
    "message_previous_context_state": "downloading",
    "message_will_fail_context_download": false
  },
  {
    "timestamp_utc": "2024-07-03T16:46:25.698Z",
    "context_application_version": "8.9.50",
    "context_conn_country": "FR",
    "context_device_manufacturer": "apple",
    "context_device_model": "Watch3,3",
    "context_device_type": "wearable",
    "context_os_name": "watchos",
    "context_os_version": "8.8.1",
    "context_receiver_service_timestamp": 1720026103599,
    "context_time": 1720025185698,
    "message_context_uri": "spotify:playlist:5VxKCjF3n4yAHASrR66rTX",
    "message_item_uri": "spotify:track:4ZtFanR9U6ndgddUvNcjcG",
    "message_previous_context_state": "downloading",
    "message_will_fail_context_download": false
  },
  {
    "timestamp_utc": "2024-07-03T16:46:25.719Z",
    "context_application_version": "8.9.50",
    "context_conn_country": "FR",
    "context_device_manufacturer": "apple",
    "context_device_model": "Watch3,3",
    "context_device_type": "wearable",
    "context_os_name": "watchos",
    "context_os_version": "8.8.1",
    "context_receiver_service_timestamp": 1720026103599,
    "context_time": 1720025185719,
    "message_context_uri": "spotify:playlist:5VxKCjF3n4yAHASrR66rTX",
    "message_item_uri": "spotify:track:4LRPiXqCikLlN15c3yImP7",
    "message_previous_context_state": "downloading",
    "message_will_fail_context_download": false
  },
  {
    "timestamp_utc": "2024-07-05T21:18:24.946Z",
    "context_application_version": "8.9.50",
    "context_conn_country": "FR",
    "context_device_manufacturer": "apple",
    "context_device_model": "Watch3,3",
    "context_device_type": "wearable",
    "context_os_name": "watchos",
    "context_os_version": "8.8.1",
    "context_receiver_service_timestamp": 1720214321514,
    "context_time": 1720214304946,
    "message_context_uri": "spotify:playlist:5VxKCjF3n4yAHASrR66rTX",
    "message_item_uri": "spotify:track:4LRPiXqCikLlN15c3yImP7",
    "message_previous_context_state": "downloading",
    "message_will_fail_context_download": false
  },
  {
    "timestamp_utc": "2024-07-03T17:01:28.917Z",
    "context_application_version": "8.9.50",
    "context_conn_country": "FR",
    "context_device_manufacturer": "apple",
    "context_device_model": "Watch3,3",
    "context_device_type": "wearable",
    "context_os_name": "watchos",
    "context_os_version": "8.8.1",
    "context_receiver_service_timestamp": 1720026103599,
    "context_time": 1720026088917,
    "message_context_uri": "spotify:playlist:5VxKCjF3n4yAHASrR66rTX",
    "message_item_uri": "spotify:track:4ZtFanR9U6ndgddUvNcjcG",
    "message_previous_context_state": "downloading",
    "message_will_fail_context_download": false
  },
  {
    "timestamp_utc": "2024-06-26T00:05:38.946Z",
    "context_application_version": "8.9.48",
    "context_conn_country": "FR",
    "context_device_manufacturer": "apple",
    "context_device_model": "Watch3,3",
    "context_device_type": "wearable",
    "context_os_name": "watchos",
    "context_os_version": "8.8.1",
    "context_receiver_service_timestamp": 1720024464484,
    "context_time": 1719360338946,
    "message_context_uri": "spotify:playlist:5VxKCjF3n4yAHASrR66rTX",
    "message_item_uri": "spotify:track:4ZtFanR9U6ndgddUvNcjcG",
    "message_previous_context_state": "downloading",
    "message_will_fail_context_download": false
  },
  {
    "timestamp_utc": "2024-07-03T17:01:28.910Z",
    "context_application_version": "8.9.50",
    "context_conn_country": "FR",
    "context_device_manufacturer": "apple",
    "context_device_model": "Watch3,3",
    "context_device_type": "wearable",
    "context_os_name": "watchos",
    "context_os_version": "8.8.1",
    "context_receiver_service_timestamp": 1720214303805,
    "context_time": 1720026088910,
    "message_context_uri": "spotify:playlist:5VxKCjF3n4yAHASrR66rTX",
    "message_item_uri": "spotify:track:4LRPiXqCikLlN15c3yImP7",
    "message_previous_context_state": "downloading",
    "message_will_fail_context_download": false
  },
  {
    "timestamp_utc": "2024-07-03T16:46:25.719Z",
    "context_application_version": "8.9.50",
    "context_conn_country": "FR",
    "context_device_manufacturer": "apple",
    "context_device_model": "Watch3,3",
    "context_device_type": "wearable",
    "context_os_name": "watchos",
    "context_os_version": "8.8.1",
    "context_receiver_service_timestamp": 1720214303805,
    "context_time": 1720025185719,
    "message_context_uri": "spotify:playlist:5VxKCjF3n4yAHASrR66rTX",
    "message_item_uri": "spotify:track:4LRPiXqCikLlN15c3yImP7",
    "message_previous_context_state": "downloading",
    "message_will_fail_context_download": false
  },
  {
    "timestamp_utc": "2024-07-05T21:18:24.982Z",
    "context_application_version": "8.9.50",
    "context_conn_country": "FR",
    "context_device_manufacturer": "apple",
    "context_device_model": "Watch3,3",
    "context_device_type": "wearable",
    "context_os_name": "watchos",
    "context_os_version": "8.8.1",
    "context_receiver_service_timestamp": 1720214321514,
    "context_time": 1720214304982,
    "message_context_uri": "spotify:playlist:5VxKCjF3n4yAHASrR66rTX",
    "message_item_uri": "spotify:track:4jbmgIyjGoXjY01XxatOx6",
    "message_previous_context_state": "downloading",
    "message_will_fail_context_download": false
  },
  {
    "timestamp_utc": "2024-07-03T16:46:25.698Z",
    "context_application_version": "8.9.50",
    "context_conn_country": "FR",
    "context_device_manufacturer": "apple",
    "context_device_model": "Watch3,3",
    "context_device_type": "wearable",
    "context_os_name": "watchos",
    "context_os_version": "8.8.1",
    "context_receiver_service_timestamp": 1720214303805,
    "context_time": 1720025185698,
    "message_context_uri": "spotify:playlist:5VxKCjF3n4yAHASrR66rTX",
    "message_item_uri": "spotify:track:4ZtFanR9U6ndgddUvNcjcG",
    "message_previous_context_state": "downloading",
    "message_will_fail_context_download": false
  },
  {
    "timestamp_utc": "2024-07-03T16:46:25.698Z",
    "context_application_version": "8.9.50",
    "context_conn_country": "FR",
    "context_device_manufacturer": "apple",
    "context_device_model": "Watch3,3",
    "context_device_type": "wearable",
    "context_os_name": "watchos",
    "context_os_version": "8.8.1",
    "context_receiver_service_timestamp": 1720214303805,
    "context_time": 1720025185698,
    "message_context_uri": "spotify:playlist:5VxKCjF3n4yAHASrR66rTX",
    "message_item_uri": "spotify:track:0VjIjW4GlUZAMYd2vXMi3b",
    "message_previous_context_state": "downloading",
    "message_will_fail_context_download": false
  },
  {
    "timestamp_utc": "2024-07-05T21:18:24.951Z",
    "context_application_version": "8.9.50",
    "context_conn_country": "FR",
    "context_device_manufacturer": "apple",
    "context_device_model": "Watch3,3",
    "context_device_type": "wearable",
    "context_os_name": "watchos",
    "context_os_version": "8.8.1",
    "context_receiver_service_timestamp": 1720214321514,
    "context_time": 1720214304951,
    "message_context_uri": "spotify:playlist:5VxKCjF3n4yAHASrR66rTX",
    "message_item_uri": "spotify:track:4ZtFanR9U6ndgddUvNcjcG",
    "message_previous_context_state": "downloading",
    "message_will_fail_context_download": false
  }
]