[
  {
    "timestamp_utc": "2024-10-24T10:01:07.795Z",
    "context_application_version": "8.9.82",
    "context_conn_country": "FR",
    "context_device_manufacturer": "apple",
    "context_device_model": "Watch3,3",
    "context_device_type": "wearable",
    "context_os_name": "watchos",
    "context_os_version": "8.8.1",
    "context_receiver_service_timestamp": 1729764173410,
    "context_time": 1729764067795,
    "message_context_uri": "N/A",
    "message_item_uri": "N/A",
    "message_player_action": "unknown",
    "message_playing_offline": "true",
    "message_repeating_context": "false",
    "message_repeating_track": "false",
    "message_shuffling": "false"
  },
  {
    "timestamp_utc": "2024-10-22T11:59:29.010Z",
    "context_application_version": "8.9.82",
    "context_conn_country": "FR",
    "context_device_manufacturer": "apple",
    "context_device_model": "Watch3,3",
    "context_device_type": "wearable",
    "context_os_name": "watchos",
    "context_os_version": "8.8.1",
    "context_receiver_service_timestamp": 1729598712427,
    "context_time": 1729598369010,
    "message_context_uri": "N/A",
    "message_item_uri": "N/A",
    "message_player_action": "unknown",
    "message_playing_offline": "true",
    "message_repeating_context": "false",
    "message_repeating_track": "false",
    "message_shuffling": "false"
  },
  {
    "timestamp_utc": "2024-10-22T12:03:18.001Z",
    "context_application_version": "8.9.82",
    "context_conn_country": "FR",
    "context_device_manufacturer": "apple",
    "context_device_model": "Watch3,3",
    "context_device_type": "wearable",
    "context_os_name": "watchos",
    "context_os_version": "8.8.1",
    "context_receiver_service_timestamp": 1729598712427,
    "context_time": 1729598598001,
    "message_context_uri": "N/A",
    "message_item_uri": "N/A",
    "message_player_action": "unknown",
    "message_playing_offline": "true",
    "message_repeating_context": "false",
    "message_repeating_track": "false",
    "message_shuffling": "false"
  },
  {
    "timestamp_utc": "2024-11-18T13:25:32.609Z",
    "context_application_version": "8.9.90.84",
    "context_conn_country": "FR",
    "context_device_manufacturer": "apple",
    "context_device_model": "Watch3,3",
    "context_device_type": "wearable",
    "context_os_name": "watchos",
    "context_os_version": "8.8.1",
    "context_receiver_service_timestamp": 1731945944538,
    "context_time": 1731936332609,
    "message_context_uri": "N/A",
    "message_item_uri": "N/A",
    "message_player_action": "unknown",
    "message_playing_offline": "true",
    "message_repeating_context": "false",
    "message_repeating_track": "false",
    "message_shuffling": "false"
  },
  {
    "timestamp_utc": "2024-11-18T16:05:36.222Z",
    "context_application_version": "8.9.90.84",
    "context_conn_country": "FR",
    "context_device_manufacturer": "apple",
    "context_device_model": "Watch3,3",
    "context_device_type": "wearable",
    "context_os_name": "watchos",
    "context_os_version": "8.8.1",
    "context_receiver_service_timestamp": 1731945965069,
    "context_time": 1731945936222,
    "message_context_uri": "N/A",
    "message_item_uri": "N/A",
    "message_player_action": "unknown",
    "message_playing_offline": "true",
    "message_repeating_context": "false",
    "message_repeating_track": "false",
    "message_shuffling": "false"
  },
  {
    "timestamp_utc": "2024-11-23T11:27:09.982Z",
    "context_application_version": "8.9.94.418",
    "context_conn_country": "FR",
    "context_device_manufacturer": "apple",
    "context_device_model": "Watch3,3",
    "context_device_type": "wearable",
    "context_os_name": "watchos",
    "context_os_version": "8.8.1",
    "context_receiver_service_timestamp": 1732361262765,
    "context_time": 1732361229982,
    "message_context_uri": "N/A",
    "message_item_uri": "N/A",
    "message_player_action": "unknown",
    "message_playing_offline": "true",
    "message_repeating_context": "false",
    "message_repeating_track": "false",
    "message_shuffling": "false"
  },
  {
    "timestamp_utc": "2024-10-24T15:10:16.500Z",
    "context_application_version": "8.9.82",
    "context_conn_country": "FR",
    "context_device_manufacturer": "apple",
    "context_device_model": "Watch3,3",
    "context_device_type": "wearable",
    "context_os_name": "watchos",
    "context_os_version": "8.8.1",
    "context_receiver_service_timestamp": 1729858270895,
    "context_time": 1729782616500,
    "message_context_uri": "N/A",
    "message_item_uri": "N/A",
    "message_player_action": "unknown",
    "message_playing_offline": "true",
    "message_repeating_context": "false",
    "message_repeating_track": "false",
    "message_shuffling": "false"
  },
  {
    "timestamp_utc": "2024-11-18T13:04:07.885Z",
    "context_application_version": "8.9.90.84",
    "context_conn_country": "FR",
    "context_device_manufacturer": "apple",
    "context_device_model": "Watch3,3",
    "context_device_type": "wearable",
    "context_os_name": "watchos",
    "context_os_version": "8.8.1",
    "context_receiver_service_timestamp": 1731935123208,
    "context_time": 1731935047885,
    "message_context_uri": "N/A",
    "message_item_uri": "N/A",
    "message_player_action": "unknown",
    "message_playing_offline": "true",
    "message_repeating_context": "false",
    "message_repeating_track": "false",
    "message_shuffling": "false"
  },
  {
    "timestamp_utc": "2024-11-18T16:22:24.219Z",
    "context_application_version": "8.9.90.84",
    "context_conn_country": "FR",
    "context_device_manufacturer": "apple",
    "context_device_model": "Watch3,3",
    "context_device_type": "wearable",
    "context_os_name": "watchos",
    "context_os_version": "8.8.1",
    "context_receiver_service_timestamp": 1731947077135,
    "context_time": 1731946944219,
    "message_context_uri": "N/A",
    "message_item_uri": "N/A",
    "message_player_action": "unknown",
    "message_playing_offline": "true",
    "message_repeating_context": "false",
    "message_repeating_track": "false",
    "message_shuffling": "false"
  },
  {
    "timestamp_utc": "2024-10-24T10:32:34.568Z",
    "context_application_version": "8.9.82",
    "context_conn_country": "FR",
    "context_device_manufacturer": "apple",
    "context_device_model": "Watch3,3",
    "context_device_type": "wearable",
    "context_os_name": "watchos",
    "context_os_version": "8.8.1",
    "context_receiver_service_timestamp": 1729765987961,
    "context_time": 1729765954568,
    "message_context_uri": "N/A",
    "message_item_uri": "N/A",
    "message_player_action": "unknown",
    "message_playing_offline": "true",
    "message_repeating_context": "false",
    "message_repeating_track": "false",
    "message_shuffling": "false"
  },
  {
    "timestamp_utc": "2024-10-24T09:12:47.801Z",
    "context_application_version": "8.9.82",
    "context_conn_country": "FR",
    "context_device_manufacturer": "apple",
    "context_device_model": "Watch3,3",
    "context_device_type": "wearable",
    "context_os_name": "watchos",
    "context_os_version": "8.8.1",
    "context_receiver_service_timestamp": 1729761199415,
    "context_time": 1729761167801,
    "message_context_uri": "N/A",
    "message_item_uri": "N/A",
    "message_player_action": "unknown",
    "message_playing_offline": "true",
    "message_repeating_context": "false",
    "message_repeating_track": "false",
    "message_shuffling": "false"
  },
  {
    "timestamp_utc": "2024-10-24T09:10:23.124Z",
    "context_application_version": "8.9.82",
    "context_conn_country": "FR",
    "context_device_manufacturer": "apple",
    "context_device_model": "Watch3,3",
    "context_device_type": "wearable",
    "context_os_name": "watchos",
    "context_os_version": "8.8.1",
    "context_receiver_service_timestamp": 1729761096061,
    "context_time": 1729761023124,
    "message_context_uri": "N/A",
    "message_item_uri": "N/A",
    "message_player_action": "unknown",
    "message_playing_offline": "true",
    "message_repeating_context": "false",
    "message_repeating_track": "false",
    "message_shuffling": "false"
  },
  {
    "timestamp_utc": "2024-10-24T10:32:25.703Z",
    "context_application_version": "8.9.82",
    "context_conn_country": "FR",
    "context_device_manufacturer": "apple",
    "context_device_model": "Watch3,3",
    "context_device_type": "wearable",
    "context_os_name": "watchos",
    "context_os_version": "8.8.1",
    "context_receiver_service_timestamp": 1729765987961,
    "context_time": 1729765945703,
    "message_context_uri": "N/A",
    "message_item_uri": "N/A",
    "message_player_action": "unknown",
    "message_playing_offline": "true",
    "message_repeating_context": "false",
    "message_repeating_track": "false",
    "message_shuffling": "false"
  },
  {
    "timestamp_utc": "2024-10-24T09:12:47.538Z",
    "context_application_version": "8.9.82",
    "context_conn_country": "FR",
    "context_device_manufacturer": "apple",
    "context_device_model": "Watch3,3",
    "context_device_type": "wearable",
    "context_os_name": "watchos",
    "context_os_version": "8.8.1",
    "context_receiver_service_timestamp": 1729761199415,
    "context_time": 1729761167538,
    "message_context_uri": "N/A",
    "message_item_uri": "N/A",
    "message_player_action": "unknown",
    "message_playing_offline": "true",
    "message_repeating_context": "false",
    "message_repeating_track": "false",
    "message_shuffling": "false"
  },
  {
    "timestamp_utc": "2024-11-18T13:04:07.906Z",
    "context_application_version": "8.9.90.84",
    "context_conn_country": "FR",
    "context_device_manufacturer": "apple",
    "context_device_model": "Watch3,3",
    "context_device_type": "wearable",
    "context_os_name": "watchos",
    "context_os_version": "8.8.1",
    "context_receiver_service_timestamp": 1731935123208,
    "context_time": 1731935047906,
    "message_context_uri": "N/A",
    "message_item_uri": "N/A",
    "message_player_action": "unknown",
    "message_playing_offline": "true",
    "message_repeating_context": "false",
    "message_repeating_track": "false",
    "message_shuffling": "false"
  },
  {
    "timestamp_utc": "2024-11-18T13:05:18.742Z",
    "context_application_version": "8.9.90.84",
    "context_conn_country": "FR",
    "context_device_manufacturer": "apple",
    "context_device_model": "Watch3,3",
    "context_device_type": "wearable",
    "context_os_name": "watchos",
    "context_os_version": "8.8.1",
    "context_receiver_service_timestamp": 1731935123208,
    "context_time": 1731935118742,
    "message_context_uri": "N/A",
    "message_item_uri": "N/A",
    "message_player_action": "unknown",
    "message_playing_offline": "true",
    "message_repeating_context": "false",
    "message_repeating_track": "false",
    "message_shuffling": "false"
  },
  {
    "timestamp_utc": "2024-11-18T16:21:21.759Z",
    "context_application_version": "8.9.90.84",
    "context_conn_country": "FR",
    "context_device_manufacturer": "apple",
    "context_device_model": "Watch3,3",
    "context_device_type": "wearable",
    "context_os_name": "watchos",
    "context_os_version": "8.8.1",
    "context_receiver_service_timestamp": 1731946894177,
    "context_time": 1731946881759,
    "message_context_uri": "N/A",
    "message_item_uri": "N/A",
    "message_player_action": "unknown",
    "message_playing_offline": "true",
    "message_repeating_context": "false",
    "message_repeating_track": "false",
    "message_shuffling": "false"
  },
  {
    "timestamp_utc": "2024-10-24T10:10:59.289Z",
    "context_application_version": "8.9.82",
    "context_conn_country": "FR",
    "context_device_manufacturer": "apple",
    "context_device_model": "Watch3,3",
    "context_device_type": "wearable",
    "context_os_name": "watchos",
    "context_os_version": "8.8.1",
    "context_receiver_service_timestamp": 1729764861941,
    "context_time": 1729764659289,
    "message_context_uri": "N/A",
    "message_item_uri": "N/A",
    "message_player_action": "unknown",
    "message_playing_offline": "true",
    "message_repeating_context": "false",
    "message_repeating_track": "false",
    "message_shuffling": "false"
  },
  {
    "timestamp_utc": "2024-11-18T16:21:21.662Z",
    "context_application_version": "8.9.90.84",
    "context_conn_country": "FR",
    "context_device_manufacturer": "apple",
    "context_device_model": "Watch3,3",
    "context_device_type": "wearable",
    "context_os_name": "watchos",
    "context_os_version": "8.8.1",
    "context_receiver_service_timestamp": 1731946894177,
    "context_time": 1731946881662,
    "message_context_uri": "N/A",
    "message_item_uri": "N/A",
    "message_player_action": "unknown",
    "message_playing_offline": "true",
    "message_repeating_context": "false",
    "message_repeating_track": "false",
    "message_shuffling": "false"
  },
  {
    "timestamp_utc": "2024-10-24T15:10:16.518Z",
    "context_application_version": "8.9.82",
    "context_conn_country": "FR",
    "context_device_manufacturer": "apple",
    "context_device_model": "Watch3,3",
    "context_device_type": "wearable",
    "context_os_name": "watchos",
    "context_os_version": "8.8.1",
    "context_receiver_service_timestamp": 1729858270895,
    "context_time": 1729782616518,
    "message_context_uri": "N/A",
    "message_item_uri": "N/A",
    "message_player_action": "unknown",
    "message_playing_offline": "true",
    "message_repeating_context": "false",
    "message_repeating_track": "false",
    "message_shuffling": "false"
  },
  {
    "timestamp_utc": "2024-11-18T16:05:41.693Z",
    "context_application_version": "8.9.90.84",
    "context_conn_country": "FR",
    "context_device_manufacturer": "apple",
    "context_device_model": "Watch3,3",
    "context_device_type": "wearable",
    "context_os_name": "watchos",
    "context_os_version": "8.8.1",
    "context_receiver_service_timestamp": 1731945965069,
    "context_time": 1731945941693,
    "message_context_uri": "N/A",
    "message_item_uri": "N/A",
    "message_player_action": "unknown",
    "message_playing_offline": "true",
    "message_repeating_context": "false",
    "message_repeating_track": "false",
    "message_shuffling": "false"
  },
  {
    "timestamp_utc": "2024-11-18T16:05:36.206Z",
    "context_application_version": "8.9.90.84",
    "context_conn_country": "FR",
    "context_device_manufacturer": "apple",
    "context_device_model": "Watch3,3",
    "context_device_type": "wearable",
    "context_os_name": "watchos",
    "context_os_version": "8.8.1",
    "context_receiver_service_timestamp": 1731945965069,
    "context_time": 1731945936206,
    "message_context_uri": "N/A",
    "message_item_uri": "N/A",
    "message_player_action": "unknown",
    "message_playing_offline": "true",
    "message_repeating_context": "false",
    "message_repeating_track": "false",
    "message_shuffling": "false"
  },
  {
    "timestamp_utc": "2024-10-24T10:14:19.380Z",
    "context_application_version": "8.9.82",
    "context_conn_country": "FR",
    "context_device_manufacturer": "apple",
    "context_device_model": "Watch3,3",
    "context_device_type": "wearable",
    "context_os_name": "watchos",
    "context_os_version": "8.8.1",
    "context_receiver_service_timestamp": 1729764917906,
    "context_time": 1729764859380,
    "message_context_uri": "N/A",
    "message_item_uri": "N/A",
    "message_player_action": "unknown",
    "message_playing_offline": "true",
    "message_repeating_context": "false",
    "message_repeating_track": "false",
    "message_shuffling": "false"
  },
  {
    "timestamp_utc": "2024-11-18T13:05:17.491Z",
    "context_application_version": "8.9.90.84",
    "context_conn_country": "FR",
    "context_device_manufacturer": "apple",
    "context_device_model": "Watch3,3",
    "context_device_type": "wearable",
    "context_os_name": "watchos",
    "context_os_version": "8.8.1",
    "context_receiver_service_timestamp": 1731935123208,
    "context_time": 1731935117491,
    "message_context_uri": "N/A",
    "message_item_uri": "N/A",
    "message_player_action": "unknown",
    "message_playing_offline": "true",
    "message_repeating_context": "false",
    "message_repeating_track": "false",
    "message_shuffling": "false"
  },
  {
    "timestamp_utc": "2024-10-22T11:49:55.959Z",
    "context_application_version": "8.9.82",
    "context_conn_country": "FR",
    "context_device_manufacturer": "apple",
    "context_device_model": "Watch3,3",
    "context_device_type": "wearable",
    "context_os_name": "watchos",
    "context_os_version": "8.8.1",
    "context_receiver_service_timestamp": 1729598712427,
    "context_time": 1729597795959,
    "message_context_uri": "N/A",
    "message_item_uri": "N/A",
    "message_player_action": "unknown",
    "message_playing_offline": "true",
    "message_repeating_context": "false",
    "message_repeating_track": "false",
    "message_shuffling": "false"
  },
  {
    "timestamp_utc": "2024-10-24T11:14:28.019Z",
    "context_application_version": "8.9.82",
    "context_conn_country": "FR",
    "context_device_manufacturer": "apple",
    "context_device_model": "Watch3,3",
    "context_device_type": "wearable",
    "context_os_name": "watchos",
    "context_os_version": "8.8.1",
    "context_receiver_service_timestamp": 1729768597132,
    "context_time": 1729768468019,
    "message_context_uri": "N/A",
    "message_item_uri": "N/A",
    "message_player_action": "unknown",
    "message_playing_offline": "true",
    "message_repeating_context": "false",
    "message_repeating_track": "false",
    "message_shuffling": "false"
  },
  {
    "timestamp_utc": "2024-11-18T16:05:43.616Z",
    "context_application_version": "8.9.90.84",
    "context_conn_country": "FR",
    "context_device_manufacturer": "apple",
    "context_device_model": "Watch3,3",
    "context_device_type": "wearable",
    "context_os_name": "watchos",
    "context_os_version": "8.8.1",
    "context_receiver_service_timestamp": 1731945965069,
    "context_time": 1731945943616,
    "message_context_uri": "N/A",
    "message_item_uri": "N/A",
    "message_player_action": "unknown",
    "message_playing_offline": "true",
    "message_repeating_context": "false",
    "message_repeating_track": "false",
    "message_shuffling": "false"
  },
  {
    "timestamp_utc": "2024-11-11T19:40:31.283Z",
    "context_application_version": "8.9.90.84",
    "context_conn_country": "FR",
    "context_device_manufacturer": "apple",
    "context_device_model": "Watch3,3",
    "context_device_type": "wearable",
    "context_os_name": "watchos",
    "context_os_version": "8.8.1",
    "context_receiver_service_timestamp": 1731355196334,
    "context_time": 1731354031283,
    "message_context_uri": "N/A",
    "message_item_uri": "N/A",
    "message_player_action": "unknown",
    "message_playing_offline": "true",
    "message_repeating_context": "false",
    "message_repeating_track": "false",
    "message_shuffling": "false"
  },
  {
    "timestamp_utc": "2024-11-18T16:22:24.240Z",
    "context_application_version": "8.9.90.84",
    "context_conn_country": "FR",
    "context_device_manufacturer": "apple",
    "context_device_model": "Watch3,3",
    "context_device_type": "wearable",
    "context_os_name": "watchos",
    "context_os_version": "8.8.1",
    "context_receiver_service_timestamp": 1731947077135,
    "context_time": 1731946944240,
    "message_context_uri": "N/A",
    "message_item_uri": "N/A",
    "message_player_action": "unknown",
    "message_playing_offline": "true",
    "message_repeating_context": "false",
    "message_repeating_track": "false",
    "message_shuffling": "false"
  },
  {
    "timestamp_utc": "2024-11-18T13:05:17.465Z",
    "context_application_version": "8.9.90.84",
    "context_conn_country": "FR",
    "context_device_manufacturer": "apple",
    "context_device_model": "Watch3,3",
    "context_device_type": "wearable",
    "context_os_name": "watchos",
    "context_os_version": "8.8.1",
    "context_receiver_service_timestamp": 1731935123208,
    "context_time": 1731935117465,
    "message_context_uri": "N/A",
    "message_item_uri": "N/A",
    "message_player_action": "unknown",
    "message_playing_offline": "true",
    "message_repeating_context": "false",
    "message_repeating_track": "false",
    "message_shuffling": "false"
  },
  {
    "timestamp_utc": "2024-10-24T10:14:19.857Z",
    "context_application_version": "8.9.82",
    "context_conn_country": "FR",
    "context_device_manufacturer": "apple",
    "context_device_model": "Watch3,3",
    "context_device_type": "wearable",
    "context_os_name": "watchos",
    "context_os_version": "8.8.1",
    "context_receiver_service_timestamp": 1729764917906,
    "context_time": 1729764859857,
    "message_context_uri": "N/A",
    "message_item_uri": "N/A",
    "message_player_action": "unknown",
    "message_playing_offline": "true",
    "message_repeating_context": "false",
    "message_repeating_track": "false",
    "message_shuffling": "false"
  },
  {
    "timestamp_utc": "2024-11-18T16:21:21.695Z",
    "context_application_version": "8.9.90.84",
    "context_conn_country": "FR",
    "context_device_manufacturer": "apple",
    "context_device_model": "Watch3,3",
    "context_device_type": "wearable",
    "context_os_name": "watchos",
    "context_os_version": "8.8.1",
    "context_receiver_service_timestamp": 1731946894177,
    "context_time": 1731946881695,
    "message_context_uri": "N/A",
    "message_item_uri": "N/A",
    "message_player_action": "unknown",
    "message_playing_offline": "true",
    "message_repeating_context": "false",
    "message_repeating_track": "false",
    "message_shuffling": "false"
  },
  {
    "timestamp_utc": "2024-10-22T12:03:15.345Z",
    "context_application_version": "8.9.82",
    "context_conn_country": "FR",
    "context_device_manufacturer": "apple",
    "context_device_model": "Watch3,3",
    "context_device_type": "wearable",
    "context_os_name": "watchos",
    "context_os_version": "8.8.1",
    "context_receiver_service_timestamp": 1729598712427,
    "context_time": 1729598595345,
    "message_context_uri": "N/A",
    "message_item_uri": "N/A",
    "message_player_action": "unknown",
    "message_playing_offline": "true",
    "message_repeating_context": "false",
    "message_repeating_track": "false",
    "message_shuffling": "false"
  },
  {
    "timestamp_utc": "2024-10-24T10:08:02.530Z",
    "context_application_version": "8.9.82",
    "context_conn_country": "FR",
    "context_device_manufacturer": "apple",
    "context_device_model": "Watch3,3",
    "context_device_type": "wearable",
    "context_os_name": "watchos",
    "context_os_version": "8.8.1",
    "context_receiver_service_timestamp": 1729764509406,
    "context_time": 1729764482530,
    "message_context_uri": "N/A",
    "message_item_uri": "N/A",
    "message_player_action": "unknown",
    "message_playing_offline": "true",
    "message_repeating_context": "false",
    "message_repeating_track": "false",
    "message_shuffling": "false"
  },
  {
    "timestamp_utc": "2024-11-16T20:06:08.509Z",
    "context_application_version": "8.9.90.84",
    "context_conn_country": "FR",
    "context_device_manufacturer": "apple",
    "context_device_model": "Watch3,3",
    "context_device_type": "wearable",
    "context_os_name": "watchos",
    "context_os_version": "8.8.1",
    "context_receiver_service_timestamp": 1731787731430,
    "context_time": 1731787568509,
    "message_context_uri": "N/A",
    "message_item_uri": "N/A",
    "message_player_action": "unknown",
    "message_playing_offline": "true",
    "message_repeating_context": "false",
    "message_repeating_track": "false",
    "message_shuffling": "false"
  },
  {
    "timestamp_utc": "2024-11-18T13:14:09.805Z",
    "context_application_version": "8.9.90.84",
    "context_conn_country": "FR",
    "context_device_manufacturer": "apple",
    "context_device_model": "Watch3,3",
    "context_device_type": "wearable",
    "context_os_name": "watchos",
    "context_os_version": "8.8.1",
    "context_receiver_service_timestamp": 1731935700983,
    "context_time": 1731935649805,
    "message_context_uri": "N/A",
    "message_item_uri": "N/A",
    "message_player_action": "unknown",
    "message_playing_offline": "true",
    "message_repeating_context": "false",
    "message_repeating_track": "false",
    "message_shuffling": "false"
  },
  {
    "timestamp_utc": "2024-11-18T13:25:33.085Z",
    "context_application_version": "8.9.90.84",
    "context_conn_country": "FR",
    "context_device_manufacturer": "apple",
    "context_device_model": "Watch3,3",
    "context_device_type": "wearable",
    "context_os_name": "watchos",
    "context_os_version": "8.8.1",
    "context_receiver_service_timestamp": 1731945944538,
    "context_time": 1731936333085,
    "message_context_uri": "N/A",
    "message_item_uri": "N/A",
    "message_player_action": "unknown",
    "message_playing_offline": "true",
    "message_repeating_context": "false",
    "message_repeating_track": "false",
    "message_shuffling": "false"
  },
  {
    "timestamp_utc": "2024-11-16T20:08:46.233Z",
    "context_application_version": "8.9.90.84",
    "context_conn_country": "FR",
    "context_device_manufacturer": "apple",
    "context_device_model": "Watch3,3",
    "context_device_type": "wearable",
    "context_os_name": "watchos",
    "context_os_version": "8.8.1",
    "context_receiver_service_timestamp": 1731787731430,
    "context_time": 1731787726233,
    "message_context_uri": "N/A",
    "message_item_uri": "N/A",
    "message_player_action": "unknown",
    "message_playing_offline": "true",
    "message_repeating_context": "false",
    "message_repeating_track": "false",
    "message_shuffling": "false"
  },
  {
    "timestamp_utc": "2024-10-24T10:10:59.634Z",
    "context_application_version": "8.9.82",
    "context_conn_country": "FR",
    "context_device_manufacturer": "apple",
    "context_device_model": "Watch3,3",
    "context_device_type": "wearable",
    "context_os_name": "watchos",
    "context_os_version": "8.8.1",
    "context_receiver_service_timestamp": 1729764861941,
    "context_time": 1729764659634,
    "message_context_uri": "N/A",
    "message_item_uri": "N/A",
    "message_player_action": "unknown",
    "message_playing_offline": "true",
    "message_repeating_context": "false",
    "message_repeating_track": "false",
    "message_shuffling": "false"
  },
  {
    "timestamp_utc": "2024-12-05T13:07:39.616Z",
    "context_application_version": "8.9.94.418",
    "context_conn_country": "FR",
    "context_device_manufacturer": "apple",
    "context_device_model": "Watch3,3",
    "context_device_type": "wearable",
    "context_os_name": "watchos",
    "context_os_version": "8.8.1",
    "context_receiver_service_timestamp": 1733404114748,
    "context_time": 1733404059616,
    "message_context_uri": "N/A",
    "message_item_uri": "N/A",
    "message_player_action": "unknown",
    "message_playing_offline": "true",
    "message_repeating_context": "false",
    "message_repeating_track": "false",
    "message_shuffling": "false"
  },
  {
    "timestamp_utc": "2024-11-18T13:05:18.772Z",
    "context_application_version": "8.9.90.84",
    "context_conn_country": "FR",
    "context_device_manufacturer": "apple",
    "context_device_model": "Watch3,3",
    "context_device_type": "wearable",
    "context_os_name": "watchos",
    "context_os_version": "8.8.1",
    "context_receiver_service_timestamp": 1731935123208,
    "context_time": 1731935118772,
    "message_context_uri": "N/A",
    "message_item_uri": "N/A",
    "message_player_action": "unknown",
    "message_playing_offline": "true",
    "message_repeating_context": "false",
    "message_repeating_track": "false",
    "message_shuffling": "false"
  },
  {
    "timestamp_utc": "2024-11-18T13:03:30.748Z",
    "context_application_version": "8.9.90.84",
    "context_conn_country": "FR",
    "context_device_manufacturer": "apple",
    "context_device_model": "Watch3,3",
    "context_device_type": "wearable",
    "context_os_name": "watchos",
    "context_os_version": "8.8.1",
    "context_receiver_service_timestamp": 1731935050352,
    "context_time": 1731935010748,
    "message_context_uri": "N/A",
    "message_item_uri": "N/A",
    "message_player_action": "unknown",
    "message_playing_offline": "true",
    "message_repeating_context": "false",
    "message_repeating_track": "false",
    "message_shuffling": "false"
  },
  {
    "timestamp_utc": "2024-11-18T16:05:39.473Z",
    "context_application_version": "8.9.90.84",
    "context_conn_country": "FR",
    "context_device_manufacturer": "apple",
    "context_device_model": "Watch3,3",
    "context_device_type": "wearable",
    "context_os_name": "watchos",
    "context_os_version": "8.8.1",
    "context_receiver_service_timestamp": 1731945965069,
    "context_time": 1731945939473,
    "message_context_uri": "N/A",
    "message_item_uri": "N/A",
    "message_player_action": "unknown",
    "message_playing_offline": "true",
    "message_repeating_context": "false",
    "message_repeating_track": "false",
    "message_shuffling": "false"
  },
  {
    "timestamp_utc": "2024-11-24T20:16:37.285Z",
    "context_application_version": "8.9.94.418",
    "context_conn_country": "FR",
    "context_device_manufacturer": "apple",
    "context_device_model": "Watch3,3",
    "context_device_type": "wearable",
    "context_os_name": "watchos",
    "context_os_version": "8.8.1",
    "context_receiver_service_timestamp": 1732479835786,
    "context_time": 1732479397285,
    "message_context_uri": "N/A",
    "message_item_uri": "N/A",
    "message_player_action": "unknown",
    "message_playing_offline": "true",
    "message_repeating_context": "false",
    "message_repeating_track": "false",
    "message_shuffling": "false"
  },
  {
    "timestamp_utc": "2024-11-18T13:14:09.291Z",
    "context_application_version": "8.9.90.84",
    "context_conn_country": "FR",
    "context_device_manufacturer": "apple",
    "context_device_model": "Watch3,3",
    "context_device_type": "wearable",
    "context_os_name": "watchos",
    "context_os_version": "8.8.1",
    "context_receiver_service_timestamp": 1731935700983,
    "context_time": 1731935649291,
    "message_context_uri": "N/A",
    "message_item_uri": "N/A",
    "message_player_action": "unknown",
    "message_playing_offline": "true",
    "message_repeating_context": "false",
    "message_repeating_track": "false",
    "message_shuffling": "false"
  },
  {
    "timestamp_utc": "2024-10-24T10:10:59.273Z",
    "context_application_version": "8.9.82",
    "context_conn_country": "FR",
    "context_device_manufacturer": "apple",
    "context_device_model": "Watch3,3",
    "context_device_type": "wearable",
    "context_os_name": "watchos",
    "context_os_version": "8.8.1",
    "context_receiver_service_timestamp": 1729764861941,
    "context_time": 1729764659273,
    "message_context_uri": "N/A",
    "message_item_uri": "N/A",
    "message_player_action": "unknown",
    "message_playing_offline": "true",
    "message_repeating_context": "false",
    "message_repeating_track": "false",
    "message_shuffling": "false"
  },
  {
    "timestamp_utc": "2024-10-24T09:10:23.146Z",
    "context_application_version": "8.9.82",
    "context_conn_country": "FR",
    "context_device_manufacturer": "apple",
    "context_device_model": "Watch3,3",
    "context_device_type": "wearable",
    "context_os_name": "watchos",
    "context_os_version": "8.8.1",
    "context_receiver_service_timestamp": 1729761096061,
    "context_time": 1729761023146,
    "message_context_uri": "N/A",
    "message_item_uri": "N/A",
    "message_player_action": "unknown",
    "message_playing_offline": "true",
    "message_repeating_context": "false",
    "message_repeating_track": "false",
    "message_shuffling": "false"
  },
  {
    "timestamp_utc": "2024-11-18T13:04:07.858Z",
    "context_application_version": "8.9.90.84",
    "context_conn_country": "FR",
    "context_device_manufacturer": "apple",
    "context_device_model": "Watch3,3",
    "context_device_type": "wearable",
    "context_os_name": "watchos",
    "context_os_version": "8.8.1",
    "context_receiver_service_timestamp": 1731935123208,
    "context_time": 1731935047858,
    "message_context_uri": "N/A",
    "message_item_uri": "N/A",
    "message_player_action": "unknown",
    "message_playing_offline": "true",
    "message_repeating_context": "false",
    "message_repeating_track": "false",
    "message_shuffling": "false"
  },
  {
    "timestamp_utc": "2024-10-24T10:01:07.772Z",
    "context_application_version": "8.9.82",
    "context_conn_country": "FR",
    "context_device_manufacturer": "apple",
    "context_device_model": "Watch3,3",
    "context_device_type": "wearable",
    "context_os_name": "watchos",
    "context_os_version": "8.8.1",
    "context_receiver_service_timestamp": 1729764173410,
    "context_time": 1729764067772,
    "message_context_uri": "N/A",
    "message_item_uri": "N/A",
    "message_player_action": "unknown",
    "message_playing_offline": "true",
    "message_repeating_context": "false",
    "message_repeating_track": "false",
    "message_shuffling": "false"
  },
  {
    "timestamp_utc": "2024-11-24T20:11:42.064Z",
    "context_application_version": "8.9.94.418",
    "context_conn_country": "FR",
    "context_device_manufacturer": "apple",
    "context_device_model": "Watch3,3",
    "context_device_type": "wearable",
    "context_os_name": "watchos",
    "context_os_version": "8.8.1",
    "context_receiver_service_timestamp": 1732479835786,
    "context_time": 1732479102064,
    "message_context_uri": "N/A",
    "message_item_uri": "N/A",
    "message_player_action": "unknown",
    "message_playing_offline": "true",
    "message_repeating_context": "false",
    "message_repeating_track": "false",
    "message_shuffling": "false"
  },
  {
    "timestamp_utc": "2024-11-18T13:05:19.166Z",
    "context_application_version": "8.9.90.84",
    "context_conn_country": "FR",
    "context_device_manufacturer": "apple",
    "context_device_model": "Watch3,3",
    "context_device_type": "wearable",
    "context_os_name": "watchos",
    "context_os_version": "8.8.1",
    "context_receiver_service_timestamp": 1731935123208,
    "context_time": 1731935119166,
    "message_context_uri": "N/A",
    "message_item_uri": "N/A",
    "message_player_action": "unknown",
    "message_playing_offline": "true",
    "message_repeating_context": "false",
    "message_repeating_track": "false",
    "message_shuffling": "false"
  },
  {
    "timestamp_utc": "2024-11-18T13:03:30.793Z",
    "context_application_version": "8.9.90.84",
    "context_conn_country": "FR",
    "context_device_manufacturer": "apple",
    "context_device_model": "Watch3,3",
    "context_device_type": "wearable",
    "context_os_name": "watchos",
    "context_os_version": "8.8.1",
    "context_receiver_service_timestamp": 1731935050352,
    "context_time": 1731935010793,
    "message_context_uri": "N/A",
    "message_item_uri": "N/A",
    "message_player_action": "unknown",
    "message_playing_offline": "true",
    "message_repeating_context": "false",
    "message_repeating_track": "false",
    "message_shuffling": "false"
  },
  {
    "timestamp_utc": "2024-11-18T13:14:09.314Z",
    "context_application_version": "8.9.90.84",
    "context_conn_country": "FR",
    "context_device_manufacturer": "apple",
    "context_device_model": "Watch3,3",
    "context_device_type": "wearable",
    "context_os_name": "watchos",
    "context_os_version": "8.8.1",
    "context_receiver_service_timestamp": 1731935700983,
    "context_time": 1731935649314,
    "message_context_uri": "N/A",
    "message_item_uri": "N/A",
    "message_player_action": "unknown",
    "message_playing_offline": "true",
    "message_repeating_context": "false",
    "message_repeating_track": "false",
    "message_shuffling": "false"
  },
  {
    "timestamp_utc": "2024-10-24T10:32:34.533Z",
    "context_application_version": "8.9.82",
    "context_conn_country": "FR",
    "context_device_manufacturer": "apple",
    "context_device_model": "Watch3,3",
    "context_device_type": "wearable",
    "context_os_name": "watchos",
    "context_os_version": "8.8.1",
    "context_receiver_service_timestamp": 1729765987961,
    "context_time": 1729765954533,
    "message_context_uri": "N/A",
    "message_item_uri": "N/A",
    "message_player_action": "unknown",
    "message_playing_offline": "true",
    "message_repeating_context": "false",
    "message_repeating_track": "false",
    "message_shuffling": "false"
  },
  {
    "timestamp_utc": "2024-11-18T17:33:00.575Z",
    "context_application_version": "8.9.90.84",
    "context_conn_country": "FR",
    "context_device_manufacturer": "apple",
    "context_device_model": "Watch3,3",
    "context_device_type": "wearable",
    "context_os_name": "watchos",
    "context_os_version": "8.8.1",
    "context_receiver_service_timestamp": 1731951331117,
    "context_time": 1731951180575,
    "message_context_uri": "N/A",
    "message_item_uri": "N/A",
    "message_player_action": "unknown",
    "message_playing_offline": "true",
    "message_repeating_context": "false",
    "message_repeating_track": "false",
    "message_shuffling": "false"
  },
  {
    "timestamp_utc": "2024-11-18T16:05:43.647Z",
    "context_application_version": "8.9.90.84",
    "context_conn_country": "FR",
    "context_device_manufacturer": "apple",
    "context_device_model": "Watch3,3",
    "context_device_type": "wearable",
    "context_os_name": "watchos",
    "context_os_version": "8.8.1",
    "context_receiver_service_timestamp": 1731945965069,
    "context_time": 1731945943647,
    "message_context_uri": "N/A",
    "message_item_uri": "N/A",
    "message_player_action": "unknown",
    "message_playing_offline": "true",
    "message_repeating_context": "false",
    "message_repeating_track": "false",
    "message_shuffling": "false"
  },
  {
    "timestamp_utc": "2024-10-24T09:13:17.275Z",
    "context_application_version": "8.9.82",
    "context_conn_country": "FR",
    "context_device_manufacturer": "apple",
    "context_device_model": "Watch3,3",
    "context_device_type": "wearable",
    "context_os_name": "watchos",
    "context_os_version": "8.8.1",
    "context_receiver_service_timestamp": 1729761221430,
    "context_time": 1729761197275,
    "message_context_uri": "N/A",
    "message_item_uri": "N/A",
    "message_player_action": "unknown",
    "message_playing_offline": "true",
    "message_repeating_context": "false",
    "message_repeating_track": "false",
    "message_shuffling": "false"
  },
  {
    "timestamp_utc": "2024-11-18T17:33:00.593Z",
    "context_application_version": "8.9.90.84",
    "context_conn_country": "FR",
    "context_device_manufacturer": "apple",
    "context_device_model": "Watch3,3",
    "context_device_type": "wearable",
    "context_os_name": "watchos",
    "context_os_version": "8.8.1",
    "context_receiver_service_timestamp": 1731951331117,
    "context_time": 1731951180593,
    "message_context_uri": "N/A",
    "message_item_uri": "N/A",
    "message_player_action": "unknown",
    "message_playing_offline": "true",
    "message_repeating_context": "false",
    "message_repeating_track": "false",
    "message_shuffling": "false"
  },
  {
    "timestamp_utc": "2024-10-24T09:12:47.508Z",
    "context_application_version": "8.9.82",
    "context_conn_country": "FR",
    "context_device_manufacturer": "apple",
    "context_device_model": "Watch3,3",
    "context_device_type": "wearable",
    "context_os_name": "watchos",
    "context_os_version": "8.8.1",
    "context_receiver_service_timestamp": 1729761199415,
    "context_time": 1729761167508,
    "message_context_uri": "N/A",
    "message_item_uri": "N/A",
    "message_player_action": "unknown",
    "message_playing_offline": "true",
    "message_repeating_context": "false",
    "message_repeating_track": "false",
    "message_shuffling": "false"
  },
  {
    "timestamp_utc": "2024-11-18T16:05:41.674Z",
    "context_application_version": "8.9.90.84",
    "context_conn_country": "FR",
    "context_device_manufacturer": "apple",
    "context_device_model": "Watch3,3",
    "context_device_type": "wearable",
    "context_os_name": "watchos",
    "context_os_version": "8.8.1",
    "context_receiver_service_timestamp": 1731945965069,
    "context_time": 1731945941674,
    "message_context_uri": "N/A",
    "message_item_uri": "N/A",
    "message_player_action": "unknown",
    "message_playing_offline": "true",
    "message_repeating_context": "false",
    "message_repeating_track": "false",
    "message_shuffling": "false"
  },
  {
    "timestamp_utc": "2024-10-24T11:14:27.582Z",
    "context_application_version": "8.9.82",
    "context_conn_country": "FR",
    "context_device_manufacturer": "apple",
    "context_device_model": "Watch3,3",
    "context_device_type": "wearable",
    "context_os_name": "watchos",
    "context_os_version": "8.8.1",
    "context_receiver_service_timestamp": 1729768597132,
    "context_time": 1729768467582,
    "message_context_uri": "N/A",
    "message_item_uri": "N/A",
    "message_player_action": "unknown",
    "message_playing_offline": "true",
    "message_repeating_context": "false",
    "message_repeating_track": "false",
    "message_shuffling": "false"
  },
  {
    "timestamp_utc": "2024-10-24T09:13:17.255Z",
    "context_application_version": "8.9.82",
    "context_conn_country": "FR",
    "context_device_manufacturer": "apple",
    "context_device_model": "Watch3,3",
    "context_device_type": "wearable",
    "context_os_name": "watchos",
    "context_os_version": "8.8.1",
    "context_receiver_service_timestamp": 1729761221430,
    "context_time": 1729761197255,
    "message_context_uri": "N/A",
    "message_item_uri": "N/A",
    "message_player_action": "unknown",
    "message_playing_offline": "true",
    "message_repeating_context": "false",
    "message_repeating_track": "false",
    "message_shuffling": "false"
  },
  {
    "timestamp_utc": "2024-10-22T12:01:47.264Z",
    "context_application_version": "8.9.82",
    "context_conn_country": "FR",
    "context_device_manufacturer": "apple",
    "context_device_model": "Watch3,3",
    "context_device_type": "wearable",
    "context_os_name": "watchos",
    "context_os_version": "8.8.1",
    "context_receiver_service_timestamp": 1729598712427,
    "context_time": 1729598507264,
    "message_context_uri": "N/A",
    "message_item_uri": "N/A",
    "message_player_action": "unknown",
    "message_playing_offline": "true",
    "message_repeating_context": "false",
    "message_repeating_track": "false",
    "message_shuffling": "false"
  },
  {
    "timestamp_utc": "2024-10-24T10:14:19.396Z",
    "context_application_version": "8.9.82",
    "context_conn_country": "FR",
    "context_device_manufacturer": "apple",
    "context_device_model": "Watch3,3",
    "context_device_type": "wearable",
    "context_os_name": "watchos",
    "context_os_version": "8.8.1",
    "context_receiver_service_timestamp": 1729764917906,
    "context_time": 1729764859396,
    "message_context_uri": "N/A",
    "message_item_uri": "N/A",
    "message_player_action": "unknown",
    "message_playing_offline": "true",
    "message_repeating_context": "false",
    "message_repeating_track": "false",
    "message_shuffling": "false"
  },
  {
    "timestamp_utc": "2024-10-24T14:07:28.515Z",
    "context_application_version": "8.9.82",
    "context_conn_country": "FR",
    "context_device_manufacturer": "apple",
    "context_device_model": "Watch3,3",
    "context_device_type": "wearable",
    "context_os_name": "watchos",
    "context_os_version": "8.8.1",
    "context_receiver_service_timestamp": 1729782620487,
    "context_time": 1729778848515,
    "message_context_uri": "N/A",
    "message_item_uri": "N/A",
    "message_player_action": "unknown",
    "message_playing_offline": "true",
    "message_repeating_context": "false",
    "message_repeating_track": "false",
    "message_shuffling": "false"
  },
  {
    "timestamp_utc": "2024-10-24T11:14:27.567Z",
    "context_application_version": "8.9.82",
    "context_conn_country": "FR",
    "context_device_manufacturer": "apple",
    "context_device_model": "Watch3,3",
    "context_device_type": "wearable",
    "context_os_name": "watchos",
    "context_os_version": "8.8.1",
    "context_receiver_service_timestamp": 1729768597132,
    "context_time": 1729768467567,
    "message_context_uri": "N/A",
    "message_item_uri": "N/A",
    "message_player_action": "unknown",
    "message_playing_offline": "true",
    "message_repeating_context": "false",
    "message_repeating_track": "false",
    "message_shuffling": "false"
  },
  {
    "timestamp_utc": "2024-11-18T13:03:31.563Z",
    "context_application_version": "8.9.90.84",
    "context_conn_country": "FR",
    "context_device_manufacturer": "apple",
    "context_device_model": "Watch3,3",
    "context_device_type": "wearable",
    "context_os_name": "watchos",
    "context_os_version": "8.8.1",
    "context_receiver_service_timestamp": 1731935050352,
    "context_time": 1731935011563,
    "message_context_uri": "N/A",
    "message_item_uri": "N/A",
    "message_player_action": "unknown",
    "message_playing_offline": "true",
    "message_repeating_context": "false",
    "message_repeating_track": "false",
    "message_shuffling": "false"
  },
  {
    "timestamp_utc": "2024-11-24T20:19:01.913Z",
    "context_application_version": "8.9.94.418",
    "context_conn_country": "FR",
    "context_device_manufacturer": "apple",
    "context_device_model": "Watch3,3",
    "context_device_type": "wearable",
    "context_os_name": "watchos",
    "context_os_version": "8.8.1",
    "context_receiver_service_timestamp": 1732479835786,
    "context_time": 1732479541913,
    "message_context_uri": "N/A",
    "message_item_uri": "N/A",
    "message_player_action": "unknown",
    "message_playing_offline": "true",
    "message_repeating_context": "false",
    "message_repeating_track": "false",
    "message_shuffling": "false"
  },
  {
    "timestamp_utc": "2024-11-18T13:25:32.593Z",
    "context_application_version": "8.9.90.84",
    "context_conn_country": "FR",
    "context_device_manufacturer": "apple",
    "context_device_model": "Watch3,3",
    "context_device_type": "wearable",
    "context_os_name": "watchos",
    "context_os_version": "8.8.1",
    "context_receiver_service_timestamp": 1731945944538,
    "context_time": 1731936332593,
    "message_context_uri": "N/A",
    "message_item_uri": "N/A",
    "message_player_action": "unknown",
    "message_playing_offline": "true",
    "message_repeating_context": "false",
    "message_repeating_track": "false",
    "message_shuffling": "false"
  },
  {
    "timestamp_utc": "2024-11-18T16:05:39.436Z",
    "context_application_version": "8.9.90.84",
    "context_conn_country": "FR",
    "context_device_manufacturer": "apple",
    "context_device_model": "Watch3,3",
    "context_device_type": "wearable",
    "context_os_name": "watchos",
    "context_os_version": "8.8.1",
    "context_receiver_service_timestamp": 1731945965069,
    "context_time": 1731945939436,
    "message_context_uri": "N/A",
    "message_item_uri": "N/A",
    "message_player_action": "unknown",
    "message_playing_offline": "true",
    "message_repeating_context": "false",
    "message_repeating_track": "false",
    "message_shuffling": "false"
  },
  {
    "timestamp_utc": "2024-11-18T17:33:00.557Z",
    "context_application_version": "8.9.90.84",
    "context_conn_country": "FR",
    "context_device_manufacturer": "apple",
    "context_device_model": "Watch3,3",
    "context_device_type": "wearable",
    "context_os_name": "watchos",
    "context_os_version": "8.8.1",
    "context_receiver_service_timestamp": 1731951331117,
    "context_time": 1731951180557,
    "message_context_uri": "N/A",
    "message_item_uri": "N/A",
    "message_player_action": "unknown",
    "message_playing_offline": "true",
    "message_repeating_context": "false",
    "message_repeating_track": "false",
    "message_shuffling": "false"
  },
  {
    "timestamp_utc": "2024-10-24T10:08:02.512Z",
    "context_application_version": "8.9.82",
    "context_conn_country": "FR",
    "context_device_manufacturer": "apple",
    "context_device_model": "Watch3,3",
    "context_device_type": "wearable",
    "context_os_name": "watchos",
    "context_os_version": "8.8.1",
    "context_receiver_service_timestamp": 1729764509406,
    "context_time": 1729764482512,
    "message_context_uri": "N/A",
    "message_item_uri": "N/A",
    "message_player_action": "unknown",
    "message_playing_offline": "true",
    "message_repeating_context": "false",
    "message_repeating_track": "false",
    "message_shuffling": "false"
  },
  {
    "timestamp_utc": "2024-10-24T09:06:42.332Z",
    "context_application_version": "8.9.82",
    "context_conn_country": "FR",
    "context_device_manufacturer": "apple",
    "context_device_model": "Watch3,3",
    "context_device_type": "wearable",
    "context_os_name": "watchos",
    "context_os_version": "8.8.1",
    "context_receiver_service_timestamp": 1729760977280,
    "context_time": 1729760802332,
    "message_context_uri": "N/A",
    "message_item_uri": "N/A",
    "message_player_action": "unknown",
    "message_playing_offline": "true",
    "message_repeating_context": "false",
    "message_repeating_track": "false",
    "message_shuffling": "false"
  },
  {
    "timestamp_utc": "2024-10-24T10:32:25.927Z",
    "context_application_version": "8.9.82",
    "context_conn_country": "FR",
    "context_device_manufacturer": "apple",
    "context_device_model": "Watch3,3",
    "context_device_type": "wearable",
    "context_os_name": "watchos",
    "context_os_version": "8.8.1",
    "context_receiver_service_timestamp": 1729765987961,
    "context_time": 1729765945927,
    "message_context_uri": "N/A",
    "message_item_uri": "N/A",
    "message_player_action": "unknown",
    "message_playing_offline": "true",
    "message_repeating_context": "false",
    "message_repeating_track": "false",
    "message_shuffling": "false"
  },
  {
    "timestamp_utc": "2024-10-22T12:02:36.660Z",
    "context_application_version": "8.9.82",
    "context_conn_country": "FR",
    "context_device_manufacturer": "apple",
    "context_device_model": "Watch3,3",
    "context_device_type": "wearable",
    "context_os_name": "watchos",
    "context_os_version": "8.8.1",
    "context_receiver_service_timestamp": 1729598712427,
    "context_time": 1729598556660,
    "message_context_uri": "N/A",
    "message_item_uri": "N/A",
    "message_player_action": "unknown",
    "message_playing_offline": "true",
    "message_repeating_context": "false",
    "message_repeating_track": "false",
    "message_shuffling": "false"
  },
  {
    "timestamp_utc": "2024-10-22T12:02:35.599Z",
    "context_application_version": "8.9.82",
    "context_conn_country": "FR",
    "context_device_manufacturer": "apple",
    "context_device_model": "Watch3,3",
    "context_device_type": "wearable",
    "context_os_name": "watchos",
    "context_os_version": "8.8.1",
    "context_receiver_service_timestamp": 1729598712427,
    "context_time": 1729598555599,
    "message_context_uri": "N/A",
    "message_item_uri": "N/A",
    "message_player_action": "unknown",
    "message_playing_offline": "true",
    "message_repeating_context": "false",
    "message_repeating_track": "false",
    "message_shuffling": "false"
  },
  {
    "timestamp_utc": "2024-11-18T16:57:48.710Z",
    "context_application_version": "8.9.90.84",
    "context_conn_country": "FR",
    "context_device_manufacturer": "apple",
    "context_device_model": "Watch3,3",
    "context_device_type": "wearable",
    "context_os_name": "watchos",
    "context_os_version": "8.8.1",
    "context_receiver_service_timestamp": 1731949248738,
    "context_time": 1731949068710,
    "message_context_uri": "N/A",
    "message_item_uri": "N/A",
    "message_player_action": "unknown",
    "message_playing_offline": "true",
    "message_repeating_context": "false",
    "message_repeating_track": "false",
    "message_shuffling": "false"
  },
  {
    "timestamp_utc": "2024-11-16T20:06:08.526Z",
    "context_application_version": "8.9.90.84",
    "context_conn_country": "FR",
    "context_device_manufacturer": "apple",
    "context_device_model": "Watch3,3",
    "context_device_type": "wearable",
    "context_os_name": "watchos",
    "context_os_version": "8.8.1",
    "context_receiver_service_timestamp": 1731787731430,
    "context_time": 1731787568526,
    "message_context_uri": "N/A",
    "message_item_uri": "N/A",
    "message_player_action": "unknown",
    "message_playing_offline": "true",
    "message_repeating_context": "false",
    "message_repeating_track": "false",
    "message_shuffling": "false"
  },
  {
    "timestamp_utc": "2024-11-18T16:57:48.726Z",
    "context_application_version": "8.9.90.84",
    "context_conn_country": "FR",
    "context_device_manufacturer": "apple",
    "context_device_model": "Watch3,3",
    "context_device_type": "wearable",
    "context_os_name": "watchos",
    "context_os_version": "8.8.1",
    "context_receiver_service_timestamp": 1731949248738,
    "context_time": 1731949068726,
    "message_context_uri": "N/A",
    "message_item_uri": "N/A",
    "message_player_action": "unknown",
    "message_playing_offline": "true",
    "message_repeating_context": "false",
    "message_repeating_track": "false",
    "message_shuffling": "false"
  },
  {
    "timestamp_utc": "2024-10-24T10:32:25.684Z",
    "context_application_version": "8.9.82",
    "context_conn_country": "FR",
    "context_device_manufacturer": "apple",
    "context_device_model": "Watch3,3",
    "context_device_type": "wearable",
    "context_os_name": "watchos",
    "context_os_version": "8.8.1",
    "context_receiver_service_timestamp": 1729765987961,
    "context_time": 1729765945684,
    "message_context_uri": "N/A",
    "message_item_uri": "N/A",
    "message_player_action": "unknown",
    "message_playing_offline": "true",
    "message_repeating_context": "false",
    "message_repeating_track": "false",
    "message_shuffling": "false"
  },
  {
    "timestamp_utc": "2024-10-24T09:06:42.355Z",
    "context_application_version": "8.9.82",
    "context_conn_country": "FR",
    "context_device_manufacturer": "apple",
    "context_device_model": "Watch3,3",
    "context_device_type": "wearable",
    "context_os_name": "watchos",
    "context_os_version": "8.8.1",
    "context_receiver_service_timestamp": 1729760977280,
    "context_time": 1729760802355,
    "message_context_uri": "N/A",
    "message_item_uri": "N/A",
    "message_player_action": "unknown",
    "message_playing_offline": "true",
    "message_repeating_context": "false",
    "message_repeating_track": "false",
    "message_shuffling": "false"
  },
  {
    "timestamp_utc": "2024-11-16T20:06:09.881Z",
    "context_application_version": "8.9.90.84",
    "context_conn_country": "FR",
    "context_device_manufacturer": "apple",
    "context_device_model": "Watch3,3",
    "context_device_type": "wearable",
    "context_os_name": "watchos",
    "context_os_version": "8.8.1",
    "context_receiver_service_timestamp": 1731787731430,
    "context_time": 1731787569881,
    "message_context_uri": "N/A",
    "message_item_uri": "N/A",
    "message_player_action": "unknown",
    "message_playing_offline": "true",
    "message_repeating_context": "false",
    "message_repeating_track": "false",
    "message_shuffling": "false"
  }
]