[
  {
    "timestamp_utc": "2024-08-10T18:23:58.294Z",
    "context_application_version": "8.9.62",
    "context_conn_country": "MA",
    "context_device_manufacturer": "apple",
    "context_device_model": "Watch3,3",
    "context_device_type": "wearable",
    "context_os_name": "watchos",
    "context_os_version": "8.8.1",
    "context_receiver_service_timestamp": 1724530523409,
    "context_time": 1723314238294,
    "message_context_uri": "N/A"
  },
  {
    "timestamp_utc": "2024-08-10T18:23:58.294Z",
    "context_application_version": "8.9.62",
    "context_conn_country": "MA",
    "context_device_manufacturer": "apple",
    "context_device_model": "Watch3,3",
    "context_device_type": "wearable",
    "context_os_name": "watchos",
    "context_os_version": "8.8.1",
    "context_receiver_service_timestamp": 1724762772034,
    "context_time": 1723314238294,
    "message_context_uri": "N/A"
  },
  {
    "timestamp_utc": "2024-08-08T10:41:02.265Z",
    "context_application_version": "8.9.62",
    "context_conn_country": "FR",
    "context_device_manufacturer": "apple",
    "context_device_model": "Watch3,3",
    "context_device_type": "wearable",
    "context_os_name": "watchos",
    "context_os_version": "8.8.1",
    "context_receiver_service_timestamp": 1723134043489,
    "context_time": 1723113662265,
    "message_context_uri": "N/A"
  },
  {
    "timestamp_utc": "2024-08-10T18:23:58.294Z",
    "context_application_version": "8.9.62",
    "context_conn_country": "MA",
    "context_device_manufacturer": "apple",
    "context_device_model": "Watch3,3",
    "context_device_type": "wearable",
    "context_os_name": "watchos",
    "context_os_version": "8.8.1",
    "context_receiver_service_timestamp": 1725639311653,
    "context_time": 1723314238294,
    "message_context_uri": "N/A"
  },
  {
    "timestamp_utc": "2024-08-12T17:26:05.715Z",
    "context_application_version": "8.9.62",
    "context_conn_country": "MA",
    "context_device_manufacturer": "apple",
    "context_device_model": "Watch3,3",
    "context_device_type": "wearable",
    "context_os_name": "watchos",
    "context_os_version": "8.8.1",
    "context_receiver_service_timestamp": 1725639311653,
    "context_time": 1723483565715,
    "message_context_uri": "N/A"
  },
  {
    "timestamp_utc": "2024-08-12T17:26:05.715Z",
    "context_application_version": "8.9.62",
    "context_conn_country": "MA",
    "context_device_manufacturer": "apple",
    "context_device_model": "Watch3,3",
    "context_device_type": "wearable",
    "context_os_name": "watchos",
    "context_os_version": "8.8.1",
    "context_receiver_service_timestamp": 1724530523409,
    "context_time": 1723483565715,
    "message_context_uri": "N/A"
  },
  {
    "timestamp_utc": "2024-08-12T17:26:05.715Z",
    "context_application_version": "8.9.62",
    "context_conn_country": "MA",
    "context_device_manufacturer": "apple",
    "context_device_model": "Watch3,3",
    "context_device_type": "wearable",
    "context_os_name": "watchos",
    "context_os_version": "8.8.1",
    "context_receiver_service_timestamp": 1724762772034,
    "context_time": 1723483565715,
    "message_context_uri": "N/A"
  }
]