[
  {
    "timestamp_utc": "2024-10-14T19:56:21.490Z",
    "context_application_version": "1.2.48.405",
    "context_conn_country": "FR",
    "context_device_manufacturer": "HP",
    "context_device_model": "HP EliteBook 830 G5",
    "context_device_type": "desktop",
    "context_os_name": "windows",
    "context_os_version": "10.0.19045",
    "context_receiver_service_timestamp": 1728941225189,
    "context_time": 1728935781490,
    "message_additional_data": "",
    "message_driver_name": "DirectSoundDriver",
    "message_error_code": 0,
    "message_location": "PlayPosNotAdvancing"
  },
  {
    "timestamp_utc": "2024-11-04T19:25:58.186Z",
    "context_application_version": "1.2.49.439",
    "context_conn_country": "FR",
    "context_device_manufacturer": "HP",
    "context_device_model": "HP EliteBook 830 G5",
    "context_device_type": "desktop",
    "context_os_name": "windows",
    "context_os_version": "10.0.19045",
    "context_receiver_service_timestamp": 1730748477900,
    "context_time": 1730748358186,
    "message_additional_data": "",
    "message_driver_name": "DirectSoundDriver",
    "message_error_code": 0,
    "message_location": "PlayPosNotAdvancing"
  },
  {
    "timestamp_utc": "2024-10-06T00:07:29.725Z",
    "context_application_version": "8.9.76.516",
    "context_conn_country": "DE",
    "context_device_manufacturer": "apple",
    "context_device_model": "iPhone15,2",
    "context_device_type": "mobile",
    "context_os_name": "ios",
    "context_os_version": "18.0",
    "context_receiver_service_timestamp": 1728206726856,
    "context_time": 1728173249725,
    "message_additional_data": "",
    "message_driver_name": "AudioUnitDriver2",
    "message_error_code": 0,
    "message_location": "AudioUnitDriver2:778 AVAudioSessionMediaServicesWereResetNotification"
  },
  {
    "timestamp_utc": "2024-10-23T15:37:15.293Z",
    "context_application_version": "1.2.48.405",
    "context_conn_country": "FR",
    "context_device_manufacturer": "HP",
    "context_device_model": "HP EliteBook 830 G5",
    "context_device_type": "desktop",
    "context_os_name": "windows",
    "context_os_version": "10.0.19045",
    "context_receiver_service_timestamp": 1729698127753,
    "context_time": 1729697835293,
    "message_additional_data": "",
    "message_driver_name": "DirectSoundDriver",
    "message_error_code": 0,
    "message_location": "PlayPosNotAdvancing"
  },
  {
    "timestamp_utc": "2024-09-08T18:34:42.778Z",
    "context_application_version": "1.2.43.420",
    "context_conn_country": "FR",
    "context_device_manufacturer": "HP",
    "context_device_model": "HP EliteBook 830 G5",
    "context_device_type": "desktop",
    "context_os_name": "windows",
    "context_os_version": "10.0.19045",
    "context_receiver_service_timestamp": 1725820590992,
    "context_time": 1725820482778,
    "message_additional_data": "",
    "message_driver_name": "DirectSoundDriver",
    "message_error_code": 0,
    "message_location": "PlayPosNotAdvancing"
  }
]