[
  {
    "timestamp_utc": "2024-10-30T23:38:16.671Z",
    "context_application_version": "1.2.49.439",
    "context_conn_country": "DE",
    "context_device_manufacturer": "Apple Inc.",
    "context_device_model": "MacBookPro17,1",
    "context_device_type": "desktop",
    "context_os_name": "osx",
    "context_os_version": "14.1.2",
    "context_receiver_service_timestamp": 1730338145132,
    "context_time": 1730331496671,
    "message_audio_id": "mGszv4y/Ri6xoj3ni94+ZQ==",
    "message_entity_uri": "spotify:track:6xX6zmaXeKzB4u9TiM1XgU",
    "message_generated_audio_id": null,
    "message_latency_ms": 48,
    "message_playback_id": "bk8NkqoxoIchgWELFR7q7A=="
  },
  {
    "timestamp_utc": "2024-12-03T22:13:48.292Z",
    "context_application_version": "8.9.94.418",
    "context_conn_country": "DE",
    "context_device_manufacturer": "apple",
    "context_device_model": "iPhone15,2",
    "context_device_type": "mobile",
    "context_os_name": "ios",
    "context_os_version": "18.0",
    "context_receiver_service_timestamp": 1733264052212,
    "context_time": 1733264028292,
    "message_audio_id": "klSNMOl1Q8SVqFWtpjEqmg==",
    "message_entity_uri": "spotify:track:22c6808RKFif6VsIeqJCAG",
    "message_generated_audio_id": null,
    "message_latency_ms": 157,
    "message_playback_id": "O5Gfqd4Idb+70uv/o+ycNg=="
  },
  {
    "timestamp_utc": "2024-10-25T11:47:07.402Z",
    "context_application_version": "8.9.82.628",
    "context_conn_country": "FR",
    "context_device_manufacturer": "apple",
    "context_device_model": "iPhone14,5",
    "context_device_type": "mobile",
    "context_os_name": "ios",
    "context_os_version": "17.6.1",
    "context_receiver_service_timestamp": 1729856847272,
    "context_time": 1729856827402,
    "message_audio_id": "sfNvSCL4SVmfAz53QfRi0w==",
    "message_entity_uri": "spotify:track:2vULZrYcq0qQMC2FJRFKiK",
    "message_generated_audio_id": null,
    "message_latency_ms": 86,
    "message_playback_id": "FZ6U+qE5hIgkB7DoLqMgSg=="
  },
  {
    "timestamp_utc": "2024-10-05T18:44:16.464Z",
    "context_application_version": "8.9.76.516",
    "context_conn_country": "FR",
    "context_device_manufacturer": "apple",
    "context_device_model": "iPhone14,5",
    "context_device_type": "mobile",
    "context_os_name": "ios",
    "context_os_version": "17.6.1",
    "context_receiver_service_timestamp": 1728153884709,
    "context_time": 1728153856464,
    "message_audio_id": "nm+eU8u3TVi0CRpz0k7Nzg==",
    "message_entity_uri": "spotify:track:13lXv8YxX0YYHM0SCk1KYb",
    "message_generated_audio_id": null,
    "message_latency_ms": 78,
    "message_playback_id": "B7dIchSFk+IPaFDHlkyaFA=="
  },
  {
    "timestamp_utc": "2024-09-12T21:01:41.702Z",
    "context_application_version": "1.2.45.454",
    "context_conn_country": "FR",
    "context_device_manufacturer": "HP",
    "context_device_model": "HP EliteBook 830 G5",
    "context_device_type": "desktop",
    "context_os_name": "windows",
    "context_os_version": "10.0.19045",
    "context_receiver_service_timestamp": 1726175002808,
    "context_time": 1726174901702,
    "message_audio_id": "3iCnClT5QbeUGU9Ap8qdbA==",
    "message_entity_uri": "spotify:track:22DH8NChecsgPxDjA4pqer",
    "message_generated_audio_id": null,
    "message_latency_ms": 1033,
    "message_playback_id": "tdnPVSbcxdZBL5HkEzrV9Q=="
  },
  {
    "timestamp_utc": "2024-11-27T17:46:48.916Z",
    "context_application_version": "1.2.51.345",
    "context_conn_country": "DE",
    "context_device_manufacturer": "Apple Inc.",
    "context_device_model": "MacBookPro17,1",
    "context_device_type": "desktop",
    "context_os_name": "osx",
    "context_os_version": "14.1.2",
    "context_receiver_service_timestamp": 1732729427130,
    "context_time": 1732729608916,
    "message_audio_id": "lpf8D+vTRki2XX6jq2IeeQ==",
    "message_entity_uri": "spotify:track:1y51MGjhKdZnnXXxcqRwxp",
    "message_generated_audio_id": null,
    "message_latency_ms": 84,
    "message_playback_id": "bAln8ouNtlrBpcyOnNA2hA=="
  },
  {
    "timestamp_utc": "2024-10-11T19:53:18.341Z",
    "context_application_version": "1.2.48.405",
    "context_conn_country": "FR",
    "context_device_manufacturer": "HP",
    "context_device_model": "HP EliteBook 830 G5",
    "context_device_type": "desktop",
    "context_os_name": "windows",
    "context_os_version": "10.0.19045",
    "context_receiver_service_timestamp": 1728676530494,
    "context_time": 1728676398341,
    "message_audio_id": "f53ZOz2wXFSQln1WJw9DIQ==",
    "message_entity_uri": "spotify:episode:595ljPFppvUk8U3gDGuG4R",
    "message_generated_audio_id": null,
    "message_latency_ms": 190,
    "message_playback_id": "aMr/RY4RKqv7D9TIVUku3w=="
  },
  {
    "timestamp_utc": "2024-11-13T16:50:53.349Z",
    "context_application_version": "1.2.49.439",
    "context_conn_country": "DE",
    "context_device_manufacturer": "Apple Inc.",
    "context_device_model": "MacBookPro17,1",
    "context_device_type": "desktop",
    "context_os_name": "osx",
    "context_os_version": "14.1.2",
    "context_receiver_service_timestamp": 1731516489266,
    "context_time": 1731516653349,
    "message_audio_id": "ItzS/JB0Sp6VzJ1Xw5nyrg==",
    "message_entity_uri": "spotify:track:7j3EDsD238UbW3db6kanQp",
    "message_generated_audio_id": null,
    "message_latency_ms": 204,
    "message_playback_id": "0Uf4ZVMFuxMi3jwHUHBJPQ=="
  },
  {
    "timestamp_utc": "2024-10-26T15:28:51.552Z",
    "context_application_version": "1.2.48.405",
    "context_conn_country": "DE",
    "context_device_manufacturer": "Apple Inc.",
    "context_device_model": "MacBookPro17,1",
    "context_device_type": "desktop",
    "context_os_name": "osx",
    "context_os_version": "14.1.2",
    "context_receiver_service_timestamp": 1729956796365,
    "context_time": 1729956531552,
    "message_audio_id": "OHrTKAlPR5mVKXaM9b9EPg==",
    "message_entity_uri": "spotify:track:3u2vITpkQHhQEROCbk0Q4Q",
    "message_generated_audio_id": null,
    "message_latency_ms": 186722,
    "message_playback_id": "cx65w9v4KKN0ewuxhdIS6A=="
  },
  {
    "timestamp_utc": "2024-10-08T18:55:07.586Z",
    "context_application_version": "1.2.45.454",
    "context_conn_country": "DE",
    "context_device_manufacturer": "Apple Inc.",
    "context_device_model": "MacBookPro17,1",
    "context_device_type": "desktop",
    "context_os_name": "osx",
    "context_os_version": "14.1.2",
    "context_receiver_service_timestamp": 1728413628111,
    "context_time": 1728413707586,
    "message_audio_id": "AJXSv2c2SSO1fWnAP/G8EQ==",
    "message_entity_uri": "spotify:track:49CJ4Klu0xxnj30DS0dpbS",
    "message_generated_audio_id": null,
    "message_latency_ms": 78,
    "message_playback_id": "kFSBKIoTZs/D8uj8lXh5sw=="
  },
  {
    "timestamp_utc": "2024-10-19T13:46:41.445Z",
    "context_application_version": "1.2.48.405",
    "context_conn_country": "FR",
    "context_device_manufacturer": "HP",
    "context_device_model": "HP EliteBook 830 G5",
    "context_device_type": "desktop",
    "context_os_name": "windows",
    "context_os_version": "10.0.19045",
    "context_receiver_service_timestamp": 1729345732989,
    "context_time": 1729345601445,
    "message_audio_id": "WrQTqfi7RYeYinZBnBTKwg==",
    "message_entity_uri": "spotify:track:1sbUdoRASGk8sOqCCCTlcB",
    "message_generated_audio_id": null,
    "message_latency_ms": 787,
    "message_playback_id": "Zcf0n2C2Do9ELDVebP8wBw=="
  },
  {
    "timestamp_utc": "2024-10-05T19:59:33.289Z",
    "context_application_version": "8.9.76.516",
    "context_conn_country": "AT",
    "context_device_manufacturer": "apple",
    "context_device_model": "iPhone15,2",
    "context_device_type": "mobile",
    "context_os_name": "ios",
    "context_os_version": "18.0",
    "context_receiver_service_timestamp": 1728158377476,
    "context_time": 1728158373289,
    "message_audio_id": "eZQFBQI9RV6QKL2g9aMD8A==",
    "message_entity_uri": "spotify:track:44B6LZy8baLAj8PvbsbUyb",
    "message_generated_audio_id": null,
    "message_latency_ms": 222,
    "message_playback_id": "dKLoCZyUhYk4u038FgW5IQ=="
  },
  {
    "timestamp_utc": "2024-10-03T11:39:07.176Z",
    "context_application_version": "8.9.76.516",
    "context_conn_country": "FR",
    "context_device_manufacturer": "apple",
    "context_device_model": "iPhone14,5",
    "context_device_type": "mobile",
    "context_os_name": "ios",
    "context_os_version": "17.6.1",
    "context_receiver_service_timestamp": 1727955551543,
    "context_time": 1727955547176,
    "message_audio_id": "FX2Fdqr9SPa9Lw0Quk2t3Q==",
    "message_entity_uri": "spotify:track:20OiYcTRoudII5Vah2iWxn",
    "message_generated_audio_id": null,
    "message_latency_ms": 110,
    "message_playback_id": "URJTpOmxOa5nDSO1BWIwrg=="
  },
  {
    "timestamp_utc": "2024-09-09T17:27:34.324Z",
    "context_application_version": "8.9.68.490",
    "context_conn_country": "FR",
    "context_device_manufacturer": "apple",
    "context_device_model": "iPhone14,5",
    "context_device_type": "mobile",
    "context_os_name": "ios",
    "context_os_version": "17.5.1",
    "context_receiver_service_timestamp": 1725902876100,
    "context_time": 1725902854324,
    "message_audio_id": "wKp2d6lRSzynMG2YcQbluw==",
    "message_entity_uri": "spotify:track:3PUzmbzL24MPBROXK8Kh3u",
    "message_generated_audio_id": null,
    "message_latency_ms": 144,
    "message_playback_id": "9ZhWtkB4Sc3K0jbMbuatXg=="
  },
  {
    "timestamp_utc": "2024-09-13T15:27:57.372Z",
    "context_application_version": "8.9.68.490",
    "context_conn_country": "FR",
    "context_device_manufacturer": "apple",
    "context_device_model": "iPhone14,5",
    "context_device_type": "mobile",
    "context_os_name": "ios",
    "context_os_version": "17.6.1",
    "context_receiver_service_timestamp": 1726241279420,
    "context_time": 1726241277372,
    "message_audio_id": "jLjc9WZ/QySUR1vAtTWNQQ==",
    "message_entity_uri": "spotify:track:62DFvt3IhKq2i8wyigqeFO",
    "message_generated_audio_id": null,
    "message_latency_ms": 178,
    "message_playback_id": "NPAMgIFrEnX8zZYRLum0QQ=="
  },
  {
    "timestamp_utc": "2024-10-11T16:21:53.280Z",
    "context_application_version": "8.9.76.516",
    "context_conn_country": "FR",
    "context_device_manufacturer": "apple",
    "context_device_model": "iPhone14,5",
    "context_device_type": "mobile",
    "context_os_name": "ios",
    "context_os_version": "17.6.1",
    "context_receiver_service_timestamp": 1728663727629,
    "context_time": 1728663713280,
    "message_audio_id": "f53ZOz2wXFSQln1WJw9DIQ==",
    "message_entity_uri": "spotify:episode:595ljPFppvUk8U3gDGuG4R",
    "message_generated_audio_id": null,
    "message_latency_ms": 148,
    "message_playback_id": "Gr0UzoIxOWythDNVHloBsg=="
  },
  {
    "timestamp_utc": "2024-09-18T07:40:33.898Z",
    "context_application_version": "8.9.74.535",
    "context_conn_country": "FR",
    "context_device_manufacturer": "apple",
    "context_device_model": "iPhone14,5",
    "context_device_type": "mobile",
    "context_os_name": "ios",
    "context_os_version": "17.6.1",
    "context_receiver_service_timestamp": 1726645243797,
    "context_time": 1726645233898,
    "message_audio_id": "5FWmpGyaSB282sURoaj2mw==",
    "message_entity_uri": "spotify:track:0TK89ymMmrdq4xXOD1G1RO",
    "message_generated_audio_id": null,
    "message_latency_ms": 531,
    "message_playback_id": "S3WFceCptu5u15m+E9swUg=="
  },
  {
    "timestamp_utc": "2024-11-27T07:52:45.384Z",
    "context_application_version": "8.9.94.418",
    "context_conn_country": "DE",
    "context_device_manufacturer": "apple",
    "context_device_model": "iPhone15,2",
    "context_device_type": "mobile",
    "context_os_name": "ios",
    "context_os_version": "18.0",
    "context_receiver_service_timestamp": 1732693970280,
    "context_time": 1732693965384,
    "message_audio_id": "vbEncdmkQ7KzAd4MD47lxQ==",
    "message_entity_uri": "spotify:track:1SymEzIT3H8UZfibCs3TYi",
    "message_generated_audio_id": null,
    "message_latency_ms": 665,
    "message_playback_id": "lHA8Qb3tZBsyuvWPwxGclQ=="
  },
  {
    "timestamp_utc": "2024-09-13T08:26:05.291Z",
    "context_application_version": "8.9.68.490",
    "context_conn_country": "FR",
    "context_device_manufacturer": "apple",
    "context_device_model": "iPhone14,5",
    "context_device_type": "mobile",
    "context_os_name": "ios",
    "context_os_version": "17.6.1",
    "context_receiver_service_timestamp": 1726215984253,
    "context_time": 1726215965291,
    "message_audio_id": "rRHsggFbRRymnr9vWBkp8w==",
    "message_entity_uri": "spotify:track:4tzsSE56AWNw20QSGtJLdo",
    "message_generated_audio_id": null,
    "message_latency_ms": 113,
    "message_playback_id": "DM2WMRB6+pGRcYJS04pSfQ=="
  },
  {
    "timestamp_utc": "2024-11-17T18:17:38.069Z",
    "context_application_version": "1.2.50.335",
    "context_conn_country": "DE",
    "context_device_manufacturer": "Apple Inc.",
    "context_device_model": "MacBookPro17,1",
    "context_device_type": "desktop",
    "context_os_name": "osx",
    "context_os_version": "14.1.2",
    "context_receiver_service_timestamp": 1731867287929,
    "context_time": 1731867458069,
    "message_audio_id": "6c9xkCYOTk+oqHas6ltPSA==",
    "message_entity_uri": "spotify:track:0EDXlYMKYOIYbkyn5K4C6o",
    "message_generated_audio_id": null,
    "message_latency_ms": 142,
    "message_playback_id": "xOhDWWyC7xa2IyCS7GJF8g=="
  },
  {
    "timestamp_utc": "2024-10-24T09:58:17.033Z",
    "context_application_version": "8.9.82.628",
    "context_conn_country": "FR",
    "context_device_manufacturer": "apple",
    "context_device_model": "iPhone14,5",
    "context_device_type": "mobile",
    "context_os_name": "ios",
    "context_os_version": "17.6.1",
    "context_receiver_service_timestamp": 1729763903293,
    "context_time": 1729763897033,
    "message_audio_id": "C0qwvWsUQjelhYyWwf+ITw==",
    "message_entity_uri": "spotify:track:3bLo59hMbXji4GaXHheJav",
    "message_generated_audio_id": null,
    "message_latency_ms": 164,
    "message_playback_id": "726hvexlFs8f9s02Wjw/rQ=="
  },
  {
    "timestamp_utc": "2024-10-27T13:43:34.962Z",
    "context_application_version": "1.2.48.405",
    "context_conn_country": "DE",
    "context_device_manufacturer": "Apple Inc.",
    "context_device_model": "MacBookPro17,1",
    "context_device_type": "desktop",
    "context_os_name": "osx",
    "context_os_version": "14.1.2",
    "context_receiver_service_timestamp": 1730036661277,
    "context_time": 1730036614962,
    "message_audio_id": "389zsoQ7QwOlLDQVgpHW7g==",
    "message_entity_uri": "spotify:track:5P8F5NXbgWl8CBRWj3ZqKt",
    "message_generated_audio_id": null,
    "message_latency_ms": 52,
    "message_playback_id": "bESKY3Jn0CYkj9nQ/Smyvg=="
  },
  {
    "timestamp_utc": "2024-10-23T08:29:13.386Z",
    "context_application_version": "1.2.48.405",
    "context_conn_country": "FR",
    "context_device_manufacturer": "HP",
    "context_device_model": "HP EliteBook 830 G5",
    "context_device_type": "desktop",
    "context_os_name": "windows",
    "context_os_version": "10.0.19045",
    "context_receiver_service_timestamp": 1729672269160,
    "context_time": 1729672153386,
    "message_audio_id": "i5uuKynSU3G54vHMUhjmkA==",
    "message_entity_uri": "spotify:episode:4wERGXNw7UFq5CQxV0joR2",
    "message_generated_audio_id": null,
    "message_latency_ms": 315,
    "message_playback_id": "SRyjo3ASbgJfB0JsnYtT4g=="
  },
  {
    "timestamp_utc": "2024-10-05T19:58:13.027Z",
    "context_application_version": "8.9.76.516",
    "context_conn_country": "AT",
    "context_device_manufacturer": "apple",
    "context_device_model": "iPhone15,2",
    "context_device_type": "mobile",
    "context_os_name": "ios",
    "context_os_version": "18.0",
    "context_receiver_service_timestamp": 1728158301038,
    "context_time": 1728158293027,
    "message_audio_id": "BadsCDWfROSpHn1QFW2GyQ==",
    "message_entity_uri": "spotify:track:75nyWZt3c9X6Ec80RF5sa3",
    "message_generated_audio_id": null,
    "message_latency_ms": 225,
    "message_playback_id": "vDPoU5i6SHdA636FNm3MYA=="
  },
  {
    "timestamp_utc": "2024-09-23T11:09:24.228Z",
    "context_application_version": "1.2.45.454",
    "context_conn_country": "FR",
    "context_device_manufacturer": "HP",
    "context_device_model": "HP EliteBook 830 G5",
    "context_device_type": "desktop",
    "context_os_name": "windows",
    "context_os_version": "10.0.19045",
    "context_receiver_service_timestamp": 1727089886836,
    "context_time": 1727089764228,
    "message_audio_id": "dmSmh1SyS0yw3Pho3ZlP/g==",
    "message_entity_uri": "spotify:track:5uQ7de4EWjb3rkcFxyEOpu",
    "message_generated_audio_id": null,
    "message_latency_ms": 1518,
    "message_playback_id": "ASoUrQ+TWZzQbUKPXKAPKQ=="
  },
  {
    "timestamp_utc": "2024-11-24T19:28:23.656Z",
    "context_application_version": "8.9.94.418",
    "context_conn_country": "FR",
    "context_device_manufacturer": "apple",
    "context_device_model": "iPhone14,5",
    "context_device_type": "mobile",
    "context_os_name": "ios",
    "context_os_version": "17.6.1",
    "context_receiver_service_timestamp": 1732476517782,
    "context_time": 1732476503656,
    "message_audio_id": "7nHq8yhdQhq4Qb0q8BKHoQ==",
    "message_entity_uri": "spotify:track:267nfLfaSSDa9ivHncHynh",
    "message_generated_audio_id": null,
    "message_latency_ms": 250,
    "message_playback_id": "kRF/b2IqGfFeiGSVFJgXZg=="
  },
  {
    "timestamp_utc": "2024-09-17T07:14:51.093Z",
    "context_application_version": "8.9.74.535",
    "context_conn_country": "FR",
    "context_device_manufacturer": "apple",
    "context_device_model": "iPhone14,5",
    "context_device_type": "mobile",
    "context_os_name": "ios",
    "context_os_version": "17.6.1",
    "context_receiver_service_timestamp": 1726557295644,
    "context_time": 1726557291093,
    "message_audio_id": "+i7dP6JyTz2ngdfQ00Z2rw==",
    "message_entity_uri": "spotify:track:4FN4D7vWOV9uigDDw8nr0A",
    "message_generated_audio_id": null,
    "message_latency_ms": 129,
    "message_playback_id": "uaT2pqgvEnWyseP2Yietkw=="
  },
  {
    "timestamp_utc": "2024-11-14T12:36:32.702Z",
    "context_application_version": "8.9.90.84",
    "context_conn_country": "FR",
    "context_device_manufacturer": "apple",
    "context_device_model": "iPhone14,5",
    "context_device_type": "mobile",
    "context_os_name": "ios",
    "context_os_version": "17.6.1",
    "context_receiver_service_timestamp": 1731587807551,
    "context_time": 1731587792702,
    "message_audio_id": "Lo9GNVAWS6ubQ8wXjngN3g==",
    "message_entity_uri": "spotify:track:1mcP89qPHL3qzIPoVMN8rk",
    "message_generated_audio_id": null,
    "message_latency_ms": 247,
    "message_playback_id": "qUKhCWSBfg/3YALcTBlr3g=="
  },
  {
    "timestamp_utc": "2024-10-03T17:01:38.985Z",
    "context_application_version": "8.9.76.516",
    "context_conn_country": "FR",
    "context_device_manufacturer": "apple",
    "context_device_model": "iPhone14,5",
    "context_device_type": "mobile",
    "context_os_name": "ios",
    "context_os_version": "17.6.1",
    "context_receiver_service_timestamp": 1727974903884,
    "context_time": 1727974898985,
    "message_audio_id": "FehaV/llQqu2N0E9Y3v0Ng==",
    "message_entity_uri": "spotify:track:2VCJwN4vIiMRYpaiq9jFf2",
    "message_generated_audio_id": null,
    "message_latency_ms": 58,
    "message_playback_id": "/dgLckoWDPuPtW63tC55uw=="
  },
  {
    "timestamp_utc": "2024-11-26T21:10:38.297Z",
    "context_application_version": "8.9.94.418",
    "context_conn_country": "FR",
    "context_device_manufacturer": "apple",
    "context_device_model": "iPhone14,5",
    "context_device_type": "mobile",
    "context_os_name": "ios",
    "context_os_version": "17.6.1",
    "context_receiver_service_timestamp": 1732699268438,
    "context_time": 1732655438297,
    "message_audio_id": "+NzzZjpNT5es8F8q03mnjw==",
    "message_entity_uri": "spotify:track:6PQ88X9TkUIAUIZJHW2upE",
    "message_generated_audio_id": null,
    "message_latency_ms": 243,
    "message_playback_id": "kIIPlxbUtzn43LppvV2KRA=="
  },
  {
    "timestamp_utc": "2024-10-15T20:38:07.878Z",
    "context_application_version": "8.9.82.628",
    "context_conn_country": "DE",
    "context_device_manufacturer": "apple",
    "context_device_model": "iPhone15,2",
    "context_device_type": "mobile",
    "context_os_name": "ios",
    "context_os_version": "18.0",
    "context_receiver_service_timestamp": 1729024695626,
    "context_time": 1729024687878,
    "message_audio_id": "1E8SPwZRSImsTLPQqbpVSg==",
    "message_entity_uri": "spotify:track:5d54P8T7TXGwE2d0zyN3uu",
    "message_generated_audio_id": null,
    "message_latency_ms": 114,
    "message_playback_id": "9BxJS7HQBwBUnsGs0ZT0yA=="
  },
  {
    "timestamp_utc": "2024-10-11T11:18:19.637Z",
    "context_application_version": "1.2.48.405",
    "context_conn_country": "FR",
    "context_device_manufacturer": "HP",
    "context_device_model": "HP EliteBook 830 G5",
    "context_device_type": "desktop",
    "context_os_name": "windows",
    "context_os_version": "10.0.19045",
    "context_receiver_service_timestamp": 1728645618818,
    "context_time": 1728645499637,
    "message_audio_id": "y2V3jjPyT5GmgHVx7yDQ9A==",
    "message_entity_uri": "spotify:track:18k8IlS52uxRWObykDUZFG",
    "message_generated_audio_id": null,
    "message_latency_ms": 390,
    "message_playback_id": "g9bYyJ+zPxD3trfgmEbzeA=="
  },
  {
    "timestamp_utc": "2024-11-26T20:18:30.390Z",
    "context_application_version": "1.2.51.345",
    "context_conn_country": "DE",
    "context_device_manufacturer": "Apple Inc.",
    "context_device_model": "MacBookPro17,1",
    "context_device_type": "desktop",
    "context_os_name": "osx",
    "context_os_version": "14.1.2",
    "context_receiver_service_timestamp": 1732652121351,
    "context_time": 1732652310390,
    "message_audio_id": "8kwvdTOKSwm95gtiSxjmKg==",
    "message_entity_uri": "spotify:track:5troof8mcGO3AafoDbk1gc",
    "message_generated_audio_id": null,
    "message_latency_ms": 204,
    "message_playback_id": "V5dNqZyuXHnnH0DCqXpoTw=="
  },
  {
    "timestamp_utc": "2024-09-25T07:18:12.224Z",
    "context_application_version": "8.9.74.535",
    "context_conn_country": "FR",
    "context_device_manufacturer": "apple",
    "context_device_model": "iPhone14,5",
    "context_device_type": "mobile",
    "context_os_name": "ios",
    "context_os_version": "17.6.1",
    "context_receiver_service_timestamp": 1727248696060,
    "context_time": 1727248692224,
    "message_audio_id": "T9bNukNSQVG9YBv/etVPmw==",
    "message_entity_uri": "spotify:track:3U8Fx7zNTQrctytkj6Gqgd",
    "message_generated_audio_id": null,
    "message_latency_ms": 118,
    "message_playback_id": "meGzQROEiSivrlSdN2BqCQ=="
  },
  {
    "timestamp_utc": "2024-12-03T21:50:37.251Z",
    "context_application_version": "8.9.94.418",
    "context_conn_country": "DE",
    "context_device_manufacturer": "apple",
    "context_device_model": "iPhone15,2",
    "context_device_type": "mobile",
    "context_os_name": "ios",
    "context_os_version": "18.0",
    "context_receiver_service_timestamp": 1733262641960,
    "context_time": 1733262637251,
    "message_audio_id": "vxvmgdXUQeCQAdUOqE2+Dw==",
    "message_entity_uri": "spotify:track:1O6e8ewSwx8ijeMoVUrW5I",
    "message_generated_audio_id": null,
    "message_latency_ms": 174,
    "message_playback_id": "ZCTmjg+s7WEn1/wpiSbg4g=="
  },
  {
    "timestamp_utc": "2024-11-29T20:26:28.596Z",
    "context_application_version": "1.2.51.345",
    "context_conn_country": "DE",
    "context_device_manufacturer": "Apple Inc.",
    "context_device_model": "MacBookPro17,1",
    "context_device_type": "desktop",
    "context_os_name": "osx",
    "context_os_version": "14.1.2",
    "context_receiver_service_timestamp": 1732911856516,
    "context_time": 1732911988596,
    "message_audio_id": "FZ3VPrnLThOTBxQS1xWNJg==",
    "message_entity_uri": "spotify:track:5opuphTIXgUUClEs5mnIQN",
    "message_generated_audio_id": null,
    "message_latency_ms": 55,
    "message_playback_id": "Y1OxxUqrFwF+dFhdA91qsA=="
  },
  {
    "timestamp_utc": "2024-10-18T10:18:28.638Z",
    "context_application_version": "1.2.45.454",
    "context_conn_country": "DE",
    "context_device_manufacturer": "Apple Inc.",
    "context_device_model": "MacBookPro17,1",
    "context_device_type": "desktop",
    "context_os_name": "osx",
    "context_os_version": "14.1.2",
    "context_receiver_service_timestamp": 1729247864670,
    "context_time": 1729246708638,
    "message_audio_id": "XXnOQkHbS0mAq3hAee5V4Q==",
    "message_entity_uri": "spotify:track:2OG1u9eX4Zjsi7fGQB9T8t",
    "message_generated_audio_id": null,
    "message_latency_ms": 173,
    "message_playback_id": "0W4rishpdsUUX/pNu7nu3w=="
  },
  {
    "timestamp_utc": "2024-11-24T19:28:29.655Z",
    "context_application_version": "8.9.94.418",
    "context_conn_country": "FR",
    "context_device_manufacturer": "apple",
    "context_device_model": "iPhone14,5",
    "context_device_type": "mobile",
    "context_os_name": "ios",
    "context_os_version": "17.6.1",
    "context_receiver_service_timestamp": 1732476518006,
    "context_time": 1732476509655,
    "message_audio_id": "TPqOhNSERjm6DmSQw5RI7g==",
    "message_entity_uri": "spotify:track:0lvxqCKEKm0sK5cKyoaozl",
    "message_generated_audio_id": null,
    "message_latency_ms": 85,
    "message_playback_id": "sUt34EBdp016M+t3wx+v6w=="
  },
  {
    "timestamp_utc": "2024-11-04T11:45:50.694Z",
    "context_application_version": "8.9.84.543",
    "context_conn_country": "FR",
    "context_device_manufacturer": "apple",
    "context_device_model": "iPhone14,5",
    "context_device_type": "mobile",
    "context_os_name": "ios",
    "context_os_version": "17.6.1",
    "context_receiver_service_timestamp": 1730720756296,
    "context_time": 1730720750694,
    "message_audio_id": "7nQim4FDQq2HvEfgr1IOgA==",
    "message_entity_uri": "spotify:track:4lHmBYyW1BzD1bpS1w9PtU",
    "message_generated_audio_id": null,
    "message_latency_ms": 152,
    "message_playback_id": "12CWLI0410ZFbj1fXFNKlQ=="
  },
  {
    "timestamp_utc": "2024-11-11T19:26:42.636Z",
    "context_application_version": "8.9.90.84",
    "context_conn_country": "FR",
    "context_device_manufacturer": "apple",
    "context_device_model": "iPhone14,5",
    "context_device_type": "mobile",
    "context_os_name": "ios",
    "context_os_version": "17.6.1",
    "context_receiver_service_timestamp": 1731353223630,
    "context_time": 1731353202636,
    "message_audio_id": "K9zc52oNVtq7ACvV/SpE+g==",
    "message_entity_uri": "spotify:episode:2GkWhGQmt8ukPQnX00o2MC",
    "message_generated_audio_id": null,
    "message_latency_ms": 96,
    "message_playback_id": "Gm+JhecyxRpy7n78MfGtLg=="
  },
  {
    "timestamp_utc": "2024-09-22T20:34:52.276Z",
    "context_application_version": "1.2.45.454",
    "context_conn_country": "FR",
    "context_device_manufacturer": "HP",
    "context_device_model": "HP EliteBook 830 G5",
    "context_device_type": "desktop",
    "context_os_name": "windows",
    "context_os_version": "10.0.19045",
    "context_receiver_service_timestamp": 1727037390512,
    "context_time": 1727037292276,
    "message_audio_id": "QOGvC8BBQa2fV/726+j+Tg==",
    "message_entity_uri": "spotify:track:0HpKuz1HfXxRzNnUqfwzgF",
    "message_generated_audio_id": null,
    "message_latency_ms": 110,
    "message_playback_id": "MPzFXWkNKCgvfLDQsKoVlQ=="
  },
  {
    "timestamp_utc": "2024-10-11T15:59:05.480Z",
    "context_application_version": "8.9.76.516",
    "context_conn_country": "FR",
    "context_device_manufacturer": "apple",
    "context_device_model": "iPhone14,5",
    "context_device_type": "mobile",
    "context_os_name": "ios",
    "context_os_version": "17.6.1",
    "context_receiver_service_timestamp": 1728662362323,
    "context_time": 1728662345480,
    "message_audio_id": "45Av8veZV/m7Qi3N+EL9dQ==",
    "message_entity_uri": "spotify:episode:1PSL1iXqcqrwRzjGpD2lrg",
    "message_generated_audio_id": null,
    "message_latency_ms": 236,
    "message_playback_id": "QZU/VUXQxiB3l2uZJOdV9A=="
  },
  {
    "timestamp_utc": "2024-10-15T13:11:47.201Z",
    "context_application_version": "8.9.76.516",
    "context_conn_country": "FR",
    "context_device_manufacturer": "apple",
    "context_device_model": "iPhone14,5",
    "context_device_type": "mobile",
    "context_os_name": "ios",
    "context_os_version": "17.6.1",
    "context_receiver_service_timestamp": 1728997927254,
    "context_time": 1728997907201,
    "message_audio_id": "YXhJT3rtWaWPqunHmzgmqQ==",
    "message_entity_uri": "spotify:episode:4O1tvJQhgVJGV0pwT975Ks",
    "message_generated_audio_id": null,
    "message_latency_ms": 208,
    "message_playback_id": "2eFNf/G+3kt077QMCk6jDQ=="
  },
  {
    "timestamp_utc": "2024-11-19T12:36:05.358Z",
    "context_application_version": "8.9.90.84",
    "context_conn_country": "FR",
    "context_device_manufacturer": "apple",
    "context_device_model": "iPhone14,5",
    "context_device_type": "mobile",
    "context_os_name": "ios",
    "context_os_version": "17.6.1",
    "context_receiver_service_timestamp": 1732019793729,
    "context_time": 1732019765358,
    "message_audio_id": "z25JByF6R0yIi14Mqix9Hg==",
    "message_entity_uri": "spotify:track:3s8s1eh4pTtQkqrsl7mnqf",
    "message_generated_audio_id": null,
    "message_latency_ms": 173,
    "message_playback_id": "spwFb0kg3x+Ku/8BNnviSg=="
  },
  {
    "timestamp_utc": "2024-10-05T19:20:44.710Z",
    "context_application_version": "8.9.76.516",
    "context_conn_country": "FR",
    "context_device_manufacturer": "apple",
    "context_device_model": "iPhone14,5",
    "context_device_type": "mobile",
    "context_os_name": "ios",
    "context_os_version": "17.6.1",
    "context_receiver_service_timestamp": 1728156045371,
    "context_time": 1728156044710,
    "message_audio_id": "mJc4hVdlTJKx7wGQGaYR2Q==",
    "message_entity_uri": "spotify:track:5l4Lla3ntoJIkCud07XlYn",
    "message_generated_audio_id": null,
    "message_latency_ms": 91,
    "message_playback_id": "NQJVyFJ/zVlg10ZCCqe3gA=="
  },
  {
    "timestamp_utc": "2024-10-27T13:21:25.182Z",
    "context_application_version": "1.2.49.439",
    "context_conn_country": "FR",
    "context_device_manufacturer": "HP",
    "context_device_model": "HP EliteBook 830 G5",
    "context_device_type": "desktop",
    "context_os_name": "windows",
    "context_os_version": "10.0.19045",
    "context_receiver_service_timestamp": 1730035424872,
    "context_time": 1730035285182,
    "message_audio_id": "0V+l79B3T5Knajz+5negZQ==",
    "message_entity_uri": "spotify:track:7HWFK8svwsMzKcefFTTVy9",
    "message_generated_audio_id": null,
    "message_latency_ms": 558,
    "message_playback_id": "i2faSAXCGl2fyOSTqCn3Lg=="
  },
  {
    "timestamp_utc": "2024-11-10T23:42:12.744Z",
    "context_application_version": "8.9.86.419",
    "context_conn_country": "FR",
    "context_device_manufacturer": "apple",
    "context_device_model": "iPhone14,5",
    "context_device_type": "mobile",
    "context_os_name": "ios",
    "context_os_version": "17.6.1",
    "context_receiver_service_timestamp": 1731313295748,
    "context_time": 1731282132744,
    "message_audio_id": "3SWij05GXfera3THxQq3Kw==",
    "message_entity_uri": "spotify:episode:2UjXwwKoZjTsguAhO89Mz8",
    "message_generated_audio_id": null,
    "message_latency_ms": 85,
    "message_playback_id": "hG/keMo7VajjnqDLZWUkpg=="
  },
  {
    "timestamp_utc": "2024-09-22T20:36:20.193Z",
    "context_application_version": "8.9.76.516",
    "context_conn_country": "IT",
    "context_device_manufacturer": "apple",
    "context_device_model": "iPhone15,2",
    "context_device_type": "mobile",
    "context_os_name": "ios",
    "context_os_version": "17.5.1",
    "context_receiver_service_timestamp": 1727037383925,
    "context_time": 1727037380193,
    "message_audio_id": "QOGvC8BBQa2fV/726+j+Tg==",
    "message_entity_uri": "spotify:track:0HpKuz1HfXxRzNnUqfwzgF",
    "message_generated_audio_id": null,
    "message_latency_ms": 151,
    "message_playback_id": "6qTIesoP0ynvkl512wLPdg=="
  },
  {
    "timestamp_utc": "2024-10-28T18:03:32.783Z",
    "context_application_version": "1.2.48.405",
    "context_conn_country": "DE",
    "context_device_manufacturer": "Apple Inc.",
    "context_device_model": "MacBookPro17,1",
    "context_device_type": "desktop",
    "context_os_name": "osx",
    "context_os_version": "14.1.2",
    "context_receiver_service_timestamp": 1730140674737,
    "context_time": 1730138612783,
    "message_audio_id": "eJlRouroRxy+ju10Vb6jmA==",
    "message_entity_uri": "spotify:track:24HcLPyLzzZ3fHGvdYISyt",
    "message_generated_audio_id": null,
    "message_latency_ms": 51,
    "message_playback_id": "tHyj7Ox2okyYhAcsaaAatA=="
  },
  {
    "timestamp_utc": "2024-10-05T19:58:21.080Z",
    "context_application_version": "8.9.76.516",
    "context_conn_country": "AT",
    "context_device_manufacturer": "apple",
    "context_device_model": "iPhone15,2",
    "context_device_type": "mobile",
    "context_os_name": "ios",
    "context_os_version": "18.0",
    "context_receiver_service_timestamp": 1728158317421,
    "context_time": 1728158301080,
    "message_audio_id": "1vnaZqNiRTiXHOQhcz3ZIA==",
    "message_entity_uri": "spotify:track:2wGCcA0Inl1yFqdrpag7wR",
    "message_generated_audio_id": null,
    "message_latency_ms": 187,
    "message_playback_id": "uKXJ7dThS2D0uU6rTDv49g=="
  },
  {
    "timestamp_utc": "2024-10-03T18:16:48.852Z",
    "context_application_version": "1.2.47.364",
    "context_conn_country": "FR",
    "context_device_manufacturer": "HP",
    "context_device_model": "HP EliteBook 830 G5",
    "context_device_type": "desktop",
    "context_os_name": "windows",
    "context_os_version": "10.0.19045",
    "context_receiver_service_timestamp": 1727979509506,
    "context_time": 1727979408852,
    "message_audio_id": "/pURI2PXTlOM8NDbuDMXQw==",
    "message_entity_uri": "spotify:track:2DTrfT6AFTd8k9LjueXg8C",
    "message_generated_audio_id": null,
    "message_latency_ms": 407,
    "message_playback_id": "AYzNG97e/Hp5peBPPG/oxQ=="
  },
  {
    "timestamp_utc": "2024-09-25T13:16:14.222Z",
    "context_application_version": "1.2.47.364",
    "context_conn_country": "FR",
    "context_device_manufacturer": "HP",
    "context_device_model": "HP EliteBook 830 G5",
    "context_device_type": "desktop",
    "context_os_name": "windows",
    "context_os_version": "10.0.19045",
    "context_receiver_service_timestamp": 1727270272405,
    "context_time": 1727270174222,
    "message_audio_id": "lPLzJgBEQAqAdDoQRt2lGw==",
    "message_entity_uri": "spotify:track:1MsBRSbt5dqJSw3RxXtvCM",
    "message_generated_audio_id": null,
    "message_latency_ms": 751,
    "message_playback_id": "t7P3wEsNkcv4Tm/xqvnbfA=="
  },
  {
    "timestamp_utc": "2024-11-29T08:05:03.195Z",
    "context_application_version": "1.2.51.345",
    "context_conn_country": "DE",
    "context_device_manufacturer": "Apple Inc.",
    "context_device_model": "MacBookPro17,1",
    "context_device_type": "desktop",
    "context_os_name": "osx",
    "context_os_version": "14.1.2",
    "context_receiver_service_timestamp": 1732867544156,
    "context_time": 1732867503195,
    "message_audio_id": "8LzwG6+pRmmKNvefjBAKYg==",
    "message_entity_uri": "spotify:track:6Kx1XUykABlIKBg2xiWCQ7",
    "message_generated_audio_id": null,
    "message_latency_ms": 658,
    "message_playback_id": "fOaOx8H6/oI/6oWay2+BXw=="
  },
  {
    "timestamp_utc": "2024-09-26T23:00:45.043Z",
    "context_application_version": "8.9.74.535",
    "context_conn_country": "FR",
    "context_device_manufacturer": "apple",
    "context_device_model": "iPhone14,5",
    "context_device_type": "mobile",
    "context_os_name": "ios",
    "context_os_version": "17.6.1",
    "context_receiver_service_timestamp": 1727391658906,
    "context_time": 1727391645043,
    "message_audio_id": "iczaTBzXRo6DGaHDQSjfJA==",
    "message_entity_uri": "spotify:track:503KhMir9bV6kGqQj9arkv",
    "message_generated_audio_id": null,
    "message_latency_ms": 111,
    "message_playback_id": "96B0bpVrU6WtiopHKFeIug=="
  },
  {
    "timestamp_utc": "2024-10-26T15:35:19.993Z",
    "context_application_version": "8.9.84.543",
    "context_conn_country": "DE",
    "context_device_manufacturer": "apple",
    "context_device_model": "iPhone15,2",
    "context_device_type": "mobile",
    "context_os_name": "ios",
    "context_os_version": "18.0",
    "context_receiver_service_timestamp": 1729956947686,
    "context_time": 1729956919993,
    "message_audio_id": "JJ+bUt+wTX6/MzvrNKq4SA==",
    "message_entity_uri": "spotify:track:4bATM1ZPcdJNNqK8X4W287",
    "message_generated_audio_id": null,
    "message_latency_ms": 283,
    "message_playback_id": "HUeJWF0cHURrvtJke6nFRA=="
  },
  {
    "timestamp_utc": "2024-09-25T15:19:18.113Z",
    "context_application_version": "1.2.47.364",
    "context_conn_country": "FR",
    "context_device_manufacturer": "HP",
    "context_device_model": "HP EliteBook 830 G5",
    "context_device_type": "desktop",
    "context_os_name": "windows",
    "context_os_version": "10.0.19045",
    "context_receiver_service_timestamp": 1727277681642,
    "context_time": 1727277558113,
    "message_audio_id": "pyGvLBJdR5eeUnB+XNAu+g==",
    "message_entity_uri": "spotify:track:0HDxGCvYCJCan8mRsLl9dL",
    "message_generated_audio_id": null,
    "message_latency_ms": 612,
    "message_playback_id": "nphceus8J6eVaCvv0NtDLg=="
  },
  {
    "timestamp_utc": "2024-09-23T11:47:44.523Z",
    "context_application_version": "1.2.45.454",
    "context_conn_country": "DE",
    "context_device_manufacturer": "Apple Inc.",
    "context_device_model": "MacBookPro17,1",
    "context_device_type": "desktop",
    "context_os_name": "osx",
    "context_os_version": "14.1.2",
    "context_receiver_service_timestamp": 1727092206592,
    "context_time": 1727092064523,
    "message_audio_id": "NGXltswwS9ih8ZPtqAjnAw==",
    "message_entity_uri": "spotify:track:6gG5KFelSmKSUqXDDQg9sy",
    "message_generated_audio_id": null,
    "message_latency_ms": 151,
    "message_playback_id": "NnCTrmOfHSeZ32jJRaeBrQ=="
  },
  {
    "timestamp_utc": "2024-10-26T15:15:40.089Z",
    "context_application_version": "8.9.84.543",
    "context_conn_country": "DE",
    "context_device_manufacturer": "apple",
    "context_device_model": "iPhone15,2",
    "context_device_type": "mobile",
    "context_os_name": "ios",
    "context_os_version": "18.0",
    "context_receiver_service_timestamp": 1729955747219,
    "context_time": 1729955740089,
    "message_audio_id": "OHrTKAlPR5mVKXaM9b9EPg==",
    "message_entity_uri": "spotify:track:3u2vITpkQHhQEROCbk0Q4Q",
    "message_generated_audio_id": null,
    "message_latency_ms": 276,
    "message_playback_id": "43miY6tLa0bpTQ+hJnTvhQ=="
  },
  {
    "timestamp_utc": "2024-10-05T20:00:12.305Z",
    "context_application_version": "8.9.76.516",
    "context_conn_country": "AT",
    "context_device_manufacturer": "apple",
    "context_device_model": "iPhone15,2",
    "context_device_type": "mobile",
    "context_os_name": "ios",
    "context_os_version": "18.0",
    "context_receiver_service_timestamp": 1728158437445,
    "context_time": 1728158412305,
    "message_audio_id": "wWxskUeQSGe7UBBAdB4+Yg==",
    "message_entity_uri": "spotify:track:5JvTzecqTOUvPHen19aFt5",
    "message_generated_audio_id": null,
    "message_latency_ms": 177,
    "message_playback_id": "JhirxytwkYk/eRpc9iB1iw=="
  },
  {
    "timestamp_utc": "2024-12-03T21:48:43.715Z",
    "context_application_version": "8.9.94.418",
    "context_conn_country": "DE",
    "context_device_manufacturer": "apple",
    "context_device_model": "iPhone15,2",
    "context_device_type": "mobile",
    "context_os_name": "ios",
    "context_os_version": "18.0",
    "context_receiver_service_timestamp": 1733262530926,
    "context_time": 1733262523715,
    "message_audio_id": "UbczVAH9TwuZyMaTsNSgKg==",
    "message_entity_uri": "spotify:track:6aNMGfwdGyELNGCuqs5ldU",
    "message_generated_audio_id": null,
    "message_latency_ms": 84,
    "message_playback_id": "+4L1D5n4uVPALiSMTEGZDw=="
  },
  {
    "timestamp_utc": "2024-11-29T19:38:43.205Z",
    "context_application_version": "8.9.94.418",
    "context_conn_country": "FR",
    "context_device_manufacturer": "apple",
    "context_device_model": "iPhone14,5",
    "context_device_type": "mobile",
    "context_os_name": "ios",
    "context_os_version": "17.6.1",
    "context_receiver_service_timestamp": 1732909124898,
    "context_time": 1732909123205,
    "message_audio_id": "EYqrPu1dTamA/da6QZQWHg==",
    "message_entity_uri": "spotify:track:4J0DbyODwZJcmIAiTSJfMF",
    "message_generated_audio_id": null,
    "message_latency_ms": 89,
    "message_playback_id": "bPWKJdlzqalMXLF5VSyN2A=="
  },
  {
    "timestamp_utc": "2024-11-03T14:38:15.066Z",
    "context_application_version": "8.9.84.543",
    "context_conn_country": "DE",
    "context_device_manufacturer": "apple",
    "context_device_model": "iPhone15,2",
    "context_device_type": "mobile",
    "context_os_name": "ios",
    "context_os_version": "18.0",
    "context_receiver_service_timestamp": 1730644705033,
    "context_time": 1730644695066,
    "message_audio_id": "yZDvk0H6S4melMrc8HECyg==",
    "message_entity_uri": "spotify:track:5NmvJd8pLQyRm6RgAc4nYg",
    "message_generated_audio_id": null,
    "message_latency_ms": 225,
    "message_playback_id": "pJvm533nO8vhrmMr91HusA=="
  },
  {
    "timestamp_utc": "2024-10-26T18:15:39.301Z",
    "context_application_version": "1.2.49.439",
    "context_conn_country": "FR",
    "context_device_manufacturer": "HP",
    "context_device_model": "HP EliteBook 830 G5",
    "context_device_type": "desktop",
    "context_os_name": "windows",
    "context_os_version": "10.0.19045",
    "context_receiver_service_timestamp": 1729966658766,
    "context_time": 1729966539301,
    "message_audio_id": "WWqAZhKxT9W8tBEsuw9jWA==",
    "message_entity_uri": "spotify:track:0SDEfAsTodGNZYUGcmBTak",
    "message_generated_audio_id": null,
    "message_latency_ms": 2838,
    "message_playback_id": "XzlzX1zJIbLG/XGRZevRdw=="
  },
  {
    "timestamp_utc": "2024-09-16T18:29:05.412Z",
    "context_application_version": "8.9.74.535",
    "context_conn_country": "IT",
    "context_device_manufacturer": "apple",
    "context_device_model": "iPhone15,2",
    "context_device_type": "mobile",
    "context_os_name": "ios",
    "context_os_version": "17.5.1",
    "context_receiver_service_timestamp": 1726511345673,
    "context_time": 1726511345412,
    "message_audio_id": "DYY8j7mQSkqY9c8iWbU0AQ==",
    "message_entity_uri": "spotify:track:3ZVFcD8Wlw9T9klGqmJf9F",
    "message_generated_audio_id": null,
    "message_latency_ms": 194,
    "message_playback_id": "42mGXqt85+BBbiFW20g5hg=="
  },
  {
    "timestamp_utc": "2024-10-25T11:47:03.905Z",
    "context_application_version": "8.9.82.628",
    "context_conn_country": "FR",
    "context_device_manufacturer": "apple",
    "context_device_model": "iPhone14,5",
    "context_device_type": "mobile",
    "context_os_name": "ios",
    "context_os_version": "17.6.1",
    "context_receiver_service_timestamp": 1729856825161,
    "context_time": 1729856823905,
    "message_audio_id": "op5WJzDAQwWqW+e9et1OOA==",
    "message_entity_uri": "spotify:track:17KiqMisJnqgkgz87B0y3L",
    "message_generated_audio_id": null,
    "message_latency_ms": 111,
    "message_playback_id": "hqxj5k8V+wSD7YZy9L0zCw=="
  },
  {
    "timestamp_utc": "2024-11-30T20:18:56.337Z",
    "context_application_version": "8.9.94.418",
    "context_conn_country": "DE",
    "context_device_manufacturer": "apple",
    "context_device_model": "iPhone15,2",
    "context_device_type": "mobile",
    "context_os_name": "ios",
    "context_os_version": "18.0",
    "context_receiver_service_timestamp": 1732997938017,
    "context_time": 1732997936337,
    "message_audio_id": "XZan9sGcSq2aL1zAXL0TOQ==",
    "message_entity_uri": "spotify:track:3qim3nNFg4aSTLZDLAFXhx",
    "message_generated_audio_id": null,
    "message_latency_ms": 174,
    "message_playback_id": "o0SW10QjeAe/aftpWUbelA=="
  },
  {
    "timestamp_utc": "2024-10-30T10:06:44.027Z",
    "context_application_version": "1.2.49.439",
    "context_conn_country": "FR",
    "context_device_manufacturer": "HP",
    "context_device_model": "HP EliteBook 830 G5",
    "context_device_type": "desktop",
    "context_os_name": "windows",
    "context_os_version": "10.0.19045",
    "context_receiver_service_timestamp": 1730549906511,
    "context_time": 1730282804027,
    "message_audio_id": "sp/X0Y16R1mTPqUO3xx7tg==",
    "message_entity_uri": "spotify:track:0NnhLu52yBJT3flCB3WOcY",
    "message_generated_audio_id": null,
    "message_latency_ms": 794,
    "message_playback_id": "np3bRu5ebK9lEuCoz/kkOA=="
  },
  {
    "timestamp_utc": "2024-09-09T19:28:08.663Z",
    "context_application_version": "8.9.70.592",
    "context_conn_country": "DE",
    "context_device_manufacturer": "apple",
    "context_device_model": "iPhone15,2",
    "context_device_type": "mobile",
    "context_os_name": "ios",
    "context_os_version": "17.5.1",
    "context_receiver_service_timestamp": 1725910089002,
    "context_time": 1725910088663,
    "message_audio_id": "VJa0GLsCQOmfzad8SE8WoA==",
    "message_entity_uri": "spotify:track:6TT0FLa9jTDJKKVrAlr6P0",
    "message_generated_audio_id": null,
    "message_latency_ms": 91,
    "message_playback_id": "b6z13PyFrf5VeQ5nX2oDLg=="
  },
  {
    "timestamp_utc": "2024-10-29T21:21:35.927Z",
    "context_application_version": "8.9.84.543",
    "context_conn_country": "FR",
    "context_device_manufacturer": "apple",
    "context_device_model": "iPhone14,5",
    "context_device_type": "mobile",
    "context_os_name": "ios",
    "context_os_version": "17.6.1",
    "context_receiver_service_timestamp": 1730236925672,
    "context_time": 1730236895927,
    "message_audio_id": "otAOfVJUXWCDxCwWGwW4Og==",
    "message_entity_uri": "spotify:episode:4gGrLtyEaScS64SlLhHwkK",
    "message_generated_audio_id": null,
    "message_latency_ms": 144,
    "message_playback_id": "wDV+qWAGNN7FX9UBtTKFhg=="
  },
  {
    "timestamp_utc": "2024-10-22T15:17:33.528Z",
    "context_application_version": "8.9.82.628",
    "context_conn_country": "DE",
    "context_device_manufacturer": "apple",
    "context_device_model": "iPhone15,2",
    "context_device_type": "mobile",
    "context_os_name": "ios",
    "context_os_version": "18.0",
    "context_receiver_service_timestamp": 1729610256475,
    "context_time": 1729610253528,
    "message_audio_id": "dMrhlGxVSI+P65mrT4C+BA==",
    "message_entity_uri": "spotify:track:3UPigmZoN3ahvBgQdU9VK5",
    "message_generated_audio_id": null,
    "message_latency_ms": 149,
    "message_playback_id": "hVRuF4wMHP/LP2RWD1bBng=="
  },
  {
    "timestamp_utc": "2024-10-21T20:32:31.072Z",
    "context_application_version": "1.2.48.405",
    "context_conn_country": "FR",
    "context_device_manufacturer": "HP",
    "context_device_model": "HP EliteBook 830 G5",
    "context_device_type": "desktop",
    "context_os_name": "windows",
    "context_os_version": "10.0.19045",
    "context_receiver_service_timestamp": 1729542884920,
    "context_time": 1729542751072,
    "message_audio_id": "5OwImAGbTTCRknyqooP+Xw==",
    "message_entity_uri": "spotify:track:1dQQ2QlnvXUehsRUrukKmf",
    "message_generated_audio_id": null,
    "message_latency_ms": 808,
    "message_playback_id": "DUg72oEQ0FwkdpgYsakWpw=="
  },
  {
    "timestamp_utc": "2024-09-22T22:48:46.790Z",
    "context_application_version": "1.2.45.454",
    "context_conn_country": "FR",
    "context_device_manufacturer": "HP",
    "context_device_model": "HP EliteBook 830 G5",
    "context_device_type": "desktop",
    "context_os_name": "windows",
    "context_os_version": "10.0.19045",
    "context_receiver_service_timestamp": 1727045434039,
    "context_time": 1727045326790,
    "message_audio_id": "bFmef6A/RRO2NizNwZbeNg==",
    "message_entity_uri": "spotify:track:5leXZLNuTQWgXrlLSaLhgM",
    "message_generated_audio_id": null,
    "message_latency_ms": 348,
    "message_playback_id": "NJU7aJN8lCGalBiucSsatw=="
  },
  {
    "timestamp_utc": "2024-11-27T17:15:08.193Z",
    "context_application_version": "8.9.94.418",
    "context_conn_country": "DE",
    "context_device_manufacturer": "apple",
    "context_device_model": "iPhone15,2",
    "context_device_type": "mobile",
    "context_os_name": "ios",
    "context_os_version": "18.0",
    "context_receiver_service_timestamp": 1732727724323,
    "context_time": 1732727708193,
    "message_audio_id": "AlquOHMCTLCyOhpEMIPtbw==",
    "message_entity_uri": "spotify:track:52TmK8NdlPdEduVn4psRjx",
    "message_generated_audio_id": null,
    "message_latency_ms": 73,
    "message_playback_id": "wbUYs/dIEYWVo62licM/Lw=="
  },
  {
    "timestamp_utc": "2024-10-26T15:34:47.472Z",
    "context_application_version": "8.9.84.543",
    "context_conn_country": "DE",
    "context_device_manufacturer": "apple",
    "context_device_model": "iPhone15,2",
    "context_device_type": "mobile",
    "context_os_name": "ios",
    "context_os_version": "18.0",
    "context_receiver_service_timestamp": 1729956887779,
    "context_time": 1729956887472,
    "message_audio_id": "GSsUHaPhSl22j5gM72mtoA==",
    "message_entity_uri": "spotify:track:5stMXuCPImY91AnBuGMEtT",
    "message_generated_audio_id": null,
    "message_latency_ms": 219,
    "message_playback_id": "ovCD89raxCEm59ebXyY2Vg=="
  },
  {
    "timestamp_utc": "2024-09-11T07:36:55.974Z",
    "context_application_version": "1.2.45.454",
    "context_conn_country": "DE",
    "context_device_manufacturer": "Apple Inc.",
    "context_device_model": "MacBookPro17,1",
    "context_device_type": "desktop",
    "context_os_name": "osx",
    "context_os_version": "14.1.2",
    "context_receiver_service_timestamp": 1726040144639,
    "context_time": 1726040215974,
    "message_audio_id": "3iCnClT5QbeUGU9Ap8qdbA==",
    "message_entity_uri": "spotify:track:22DH8NChecsgPxDjA4pqer",
    "message_generated_audio_id": null,
    "message_latency_ms": 142,
    "message_playback_id": "7E2uZqdsvUAJF71hWs5USw=="
  },
  {
    "timestamp_utc": "2024-12-03T22:31:09.873Z",
    "context_application_version": "1.2.51.345",
    "context_conn_country": "DE",
    "context_device_manufacturer": "Apple Inc.",
    "context_device_model": "MacBookPro17,1",
    "context_device_type": "desktop",
    "context_os_name": "osx",
    "context_os_version": "14.1.2",
    "context_receiver_service_timestamp": 1733265815676,
    "context_time": 1733265069873,
    "message_audio_id": "uwvsIsGHRGGbS3huOaJVKw==",
    "message_entity_uri": "spotify:track:0sTKQaeoScl0iU5zkOYCkv",
    "message_generated_audio_id": null,
    "message_latency_ms": 141,
    "message_playback_id": "r00+lsug5hiOfT8S/NKQjQ=="
  },
  {
    "timestamp_utc": "2024-09-08T19:31:03.125Z",
    "context_application_version": "1.2.44.405",
    "context_conn_country": "DE",
    "context_device_manufacturer": "Apple Inc.",
    "context_device_model": "MacBookPro17,1",
    "context_device_type": "desktop",
    "context_os_name": "osx",
    "context_os_version": "14.1.2",
    "context_receiver_service_timestamp": 1725823797328,
    "context_time": 1725823863125,
    "message_audio_id": "7wvx0oA7R7Olg6itQ3SDzA==",
    "message_entity_uri": "spotify:track:7MJ8g0egEkhvGu44IamrDE",
    "message_generated_audio_id": null,
    "message_latency_ms": 150,
    "message_playback_id": "z71/DT8Te/lRqy+ymigGBg=="
  },
  {
    "timestamp_utc": "2024-12-03T21:47:59.042Z",
    "context_application_version": "8.9.94.418",
    "context_conn_country": "DE",
    "context_device_manufacturer": "apple",
    "context_device_model": "iPhone15,2",
    "context_device_type": "mobile",
    "context_os_name": "ios",
    "context_os_version": "18.0",
    "context_receiver_service_timestamp": 1733262492126,
    "context_time": 1733262479042,
    "message_audio_id": "6xJUYB7nQDGdnp1VV3LTTA==",
    "message_entity_uri": "spotify:track:1iCHl2R7xoEsh7CvYe5Ej0",
    "message_generated_audio_id": null,
    "message_latency_ms": 66,
    "message_playback_id": "7WgLIn73MBbkZwLdjiXmdA=="
  },
  {
    "timestamp_utc": "2024-11-23T11:25:13.744Z",
    "context_application_version": "8.9.94.418",
    "context_conn_country": "FR",
    "context_device_manufacturer": "apple",
    "context_device_model": "iPhone14,5",
    "context_device_type": "mobile",
    "context_os_name": "ios",
    "context_os_version": "17.6.1",
    "context_receiver_service_timestamp": 1732361117524,
    "context_time": 1732361113744,
    "message_audio_id": "xb9t8YOaQF+dcEguJ9wJqQ==",
    "message_entity_uri": "spotify:track:2UCSYu8jcFmXBspurVqHts",
    "message_generated_audio_id": null,
    "message_latency_ms": 108,
    "message_playback_id": "ynJw6JDNH6NDYdOEjFxx7g=="
  },
  {
    "timestamp_utc": "2024-10-13T10:05:44.744Z",
    "context_application_version": "1.2.45.454",
    "context_conn_country": "DE",
    "context_device_manufacturer": "Apple Inc.",
    "context_device_model": "MacBookPro17,1",
    "context_device_type": "desktop",
    "context_os_name": "osx",
    "context_os_version": "14.1.2",
    "context_receiver_service_timestamp": 1728814709914,
    "context_time": 1728813944744,
    "message_audio_id": "U829uXfWQkWGRy6/q3TLtw==",
    "message_entity_uri": "spotify:track:5IQNcdqeODfAj2r9u2KFF7",
    "message_generated_audio_id": null,
    "message_latency_ms": 48,
    "message_playback_id": "Cd3YAGG4sfsWpx1iJUH6fg=="
  },
  {
    "timestamp_utc": "2024-10-05T19:58:51.517Z",
    "context_application_version": "8.9.76.516",
    "context_conn_country": "AT",
    "context_device_manufacturer": "apple",
    "context_device_model": "iPhone15,2",
    "context_device_type": "mobile",
    "context_os_name": "ios",
    "context_os_version": "18.0",
    "context_receiver_service_timestamp": 1728158347550,
    "context_time": 1728158331517,
    "message_audio_id": "NEB578zHSrWQXstYKukcDg==",
    "message_entity_uri": "spotify:track:66WAUhUIYP35CTOcXa8WZ9",
    "message_generated_audio_id": null,
    "message_latency_ms": 213,
    "message_playback_id": "e9XjmwC32X8jRCXXHOBGFA=="
  },
  {
    "timestamp_utc": "2024-11-04T11:45:29.571Z",
    "context_application_version": "8.9.84.543",
    "context_conn_country": "FR",
    "context_device_manufacturer": "apple",
    "context_device_model": "iPhone14,5",
    "context_device_type": "mobile",
    "context_os_name": "ios",
    "context_os_version": "17.6.1",
    "context_receiver_service_timestamp": 1730720736008,
    "context_time": 1730720729571,
    "message_audio_id": "peXYpBUlRFakfjX1z12+pA==",
    "message_entity_uri": "spotify:track:03TTLgWhs8RtHni1JsIsKL",
    "message_generated_audio_id": null,
    "message_latency_ms": 800,
    "message_playback_id": "OcJrvqs8yONv7zEtgzmfOw=="
  },
  {
    "timestamp_utc": "2024-11-12T16:38:54.683Z",
    "context_application_version": "8.9.90.84",
    "context_conn_country": "DE",
    "context_device_manufacturer": "apple",
    "context_device_model": "iPhone15,2",
    "context_device_type": "mobile",
    "context_os_name": "ios",
    "context_os_version": "18.0",
    "context_receiver_service_timestamp": 1731429545373,
    "context_time": 1731429534683,
    "message_audio_id": "kLqEKpmpTjCCkRT68v4Hog==",
    "message_entity_uri": "spotify:track:33dFGr73wtbB6OZLvTG9z0",
    "message_generated_audio_id": null,
    "message_latency_ms": 695,
    "message_playback_id": "x78cQsPNO2pGIf5qiPNh1w=="
  },
  {
    "timestamp_utc": "2024-10-05T18:45:22.444Z",
    "context_application_version": "8.9.76.516",
    "context_conn_country": "FR",
    "context_device_manufacturer": "apple",
    "context_device_model": "iPhone14,5",
    "context_device_type": "mobile",
    "context_os_name": "ios",
    "context_os_version": "17.6.1",
    "context_receiver_service_timestamp": 1728153944502,
    "context_time": 1728153922444,
    "message_audio_id": "E82PV9ekQ2OpsDqeAuFuuQ==",
    "message_entity_uri": "spotify:track:2A4xTe1uOdRKKJUyilAqrF",
    "message_generated_audio_id": null,
    "message_latency_ms": 179,
    "message_playback_id": "tsrRIiElIk5CNzk0hW8XsA=="
  },
  {
    "timestamp_utc": "2024-10-11T15:23:51.391Z",
    "context_application_version": "8.9.76.516",
    "context_conn_country": "FR",
    "context_device_manufacturer": "apple",
    "context_device_model": "iPhone14,5",
    "context_device_type": "mobile",
    "context_os_name": "ios",
    "context_os_version": "17.6.1",
    "context_receiver_service_timestamp": 1728660236690,
    "context_time": 1728660231391,
    "message_audio_id": "RvaZLi4kWqK+nG4DYWrp3A==",
    "message_entity_uri": "spotify:episode:4p6zMW4OeVzPuu61jLuOTR",
    "message_generated_audio_id": null,
    "message_latency_ms": 134,
    "message_playback_id": "KRN13i3o0FHbn0WniH4zlw=="
  },
  {
    "timestamp_utc": "2024-11-19T13:11:14.430Z",
    "context_application_version": "8.9.90.84",
    "context_conn_country": "FR",
    "context_device_manufacturer": "apple",
    "context_device_model": "iPhone14,5",
    "context_device_type": "mobile",
    "context_os_name": "ios",
    "context_os_version": "17.6.1",
    "context_receiver_service_timestamp": 1732021909103,
    "context_time": 1732021874430,
    "message_audio_id": "0ZANDyviSeCLqY5EOHltug==",
    "message_entity_uri": "spotify:track:518h38JXHfQPLgpjadIoYG",
    "message_generated_audio_id": null,
    "message_latency_ms": 899,
    "message_playback_id": "VztrEnRsewMYMe5QLKv97w=="
  },
  {
    "timestamp_utc": "2024-10-05T19:57:50.693Z",
    "context_application_version": "8.9.76.516",
    "context_conn_country": "AT",
    "context_device_manufacturer": "apple",
    "context_device_model": "iPhone15,2",
    "context_device_type": "mobile",
    "context_os_name": "ios",
    "context_os_version": "18.0",
    "context_receiver_service_timestamp": 1728158287469,
    "context_time": 1728158270693,
    "message_audio_id": "1Oz4j9l+QpSqoS5gjnw77w==",
    "message_entity_uri": "spotify:track:6hihF2v2WpqMBejAjyvcz9",
    "message_generated_audio_id": null,
    "message_latency_ms": 179,
    "message_playback_id": "M1T1MiggbRVvMNF3CTh8Gw=="
  },
  {
    "timestamp_utc": "2024-10-19T13:04:10.002Z",
    "context_application_version": "1.2.48.405",
    "context_conn_country": "FR",
    "context_device_manufacturer": "HP",
    "context_device_model": "HP EliteBook 830 G5",
    "context_device_type": "desktop",
    "context_os_name": "windows",
    "context_os_version": "10.0.19045",
    "context_receiver_service_timestamp": 1729343183862,
    "context_time": 1729343050002,
    "message_audio_id": "exzd/HwmSLKCJ5uFjfIacw==",
    "message_entity_uri": "spotify:track:7caj6X6NMX3tlhWnu1du6V",
    "message_generated_audio_id": null,
    "message_latency_ms": 1628,
    "message_playback_id": "Ygfekp+R8jmmfIaTFvUEPg=="
  },
  {
    "timestamp_utc": "2024-11-16T20:05:12.937Z",
    "context_application_version": "8.9.90.84",
    "context_conn_country": "FR",
    "context_device_manufacturer": "apple",
    "context_device_model": "iPhone14,5",
    "context_device_type": "mobile",
    "context_os_name": "ios",
    "context_os_version": "17.6.1",
    "context_receiver_service_timestamp": 1731787516752,
    "context_time": 1731787512937,
    "message_audio_id": "biXM04P/SHm5p2cnAJp0mQ==",
    "message_entity_uri": "spotify:track:0GqChhBLTIHEr07iKnbb3W",
    "message_generated_audio_id": null,
    "message_latency_ms": 100,
    "message_playback_id": "2TNU/JFt4c9aTOQI3hgvRw=="
  },
  {
    "timestamp_utc": "2024-11-12T16:36:48.838Z",
    "context_application_version": "8.9.90.84",
    "context_conn_country": "DE",
    "context_device_manufacturer": "apple",
    "context_device_model": "iPhone15,2",
    "context_device_type": "mobile",
    "context_os_name": "ios",
    "context_os_version": "18.0",
    "context_receiver_service_timestamp": 1731429418591,
    "context_time": 1731429408838,
    "message_audio_id": "6c9xkCYOTk+oqHas6ltPSA==",
    "message_entity_uri": "spotify:track:0EDXlYMKYOIYbkyn5K4C6o",
    "message_generated_audio_id": null,
    "message_latency_ms": 74,
    "message_playback_id": "qrAAIolcK5ZdSABVy+VceA=="
  },
  {
    "timestamp_utc": "2024-09-19T09:08:46.715Z",
    "context_application_version": "8.9.74.535",
    "context_conn_country": "FR",
    "context_device_manufacturer": "apple",
    "context_device_model": "iPhone14,5",
    "context_device_type": "mobile",
    "context_os_name": "ios",
    "context_os_version": "17.6.1",
    "context_receiver_service_timestamp": 1726736933515,
    "context_time": 1726736926715,
    "message_audio_id": "91L2fjf5Sj+M+2vNicW3Ww==",
    "message_entity_uri": "spotify:track:1kzNSl6M58cxfr8ac6xvhw",
    "message_generated_audio_id": null,
    "message_latency_ms": 80,
    "message_playback_id": "d8fHel4MaYBX1ePKKgBpHg=="
  },
  {
    "timestamp_utc": "2024-11-30T16:06:45.904Z",
    "context_application_version": "8.9.94.418",
    "context_conn_country": "DE",
    "context_device_manufacturer": "apple",
    "context_device_model": "iPhone15,2",
    "context_device_type": "mobile",
    "context_os_name": "ios",
    "context_os_version": "18.0",
    "context_receiver_service_timestamp": 1732982810655,
    "context_time": 1732982805904,
    "message_audio_id": "Cq1ML0YjRdSWc0J/LFmyZQ==",
    "message_entity_uri": "spotify:track:0bBDTxFPjtuWAdqLLq55u1",
    "message_generated_audio_id": null,
    "message_latency_ms": 2339,
    "message_playback_id": "jflVkwCUbCggihVnNR9q5A=="
  },
  {
    "timestamp_utc": "2024-10-24T08:03:24.710Z",
    "context_application_version": "8.9.82.628",
    "context_conn_country": "FR",
    "context_device_manufacturer": "apple",
    "context_device_model": "iPhone14,5",
    "context_device_type": "mobile",
    "context_os_name": "ios",
    "context_os_version": "17.6.1",
    "context_receiver_service_timestamp": 1729757013845,
    "context_time": 1729757004710,
    "message_audio_id": "LGX0c2a8VUSP8yDgpSPipg==",
    "message_entity_uri": "spotify:episode:1cFUKRCAQr9XVdFcKYHNTT",
    "message_generated_audio_id": null,
    "message_latency_ms": 159,
    "message_playback_id": "FVH9szpq7vDqhwXPOEJ/OQ=="
  },
  {
    "timestamp_utc": "2024-11-24T19:28:28.297Z",
    "context_application_version": "8.9.94.418",
    "context_conn_country": "FR",
    "context_device_manufacturer": "apple",
    "context_device_model": "iPhone14,5",
    "context_device_type": "mobile",
    "context_os_name": "ios",
    "context_os_version": "17.6.1",
    "context_receiver_service_timestamp": 1732476518006,
    "context_time": 1732476508297,
    "message_audio_id": "h8OManf/Ssu++S4Hqe0vUA==",
    "message_entity_uri": "spotify:track:7EFUGdvc9yuE3ojyCoYvmc",
    "message_generated_audio_id": null,
    "message_latency_ms": 99,
    "message_playback_id": "tldiQFauPJw1MtLNDEQ4ow=="
  },
  {
    "timestamp_utc": "2024-10-25T22:28:25.052Z",
    "context_application_version": "8.9.84.543",
    "context_conn_country": "DE",
    "context_device_manufacturer": "apple",
    "context_device_model": "iPhone15,2",
    "context_device_type": "mobile",
    "context_os_name": "ios",
    "context_os_version": "18.0",
    "context_receiver_service_timestamp": 1729895317219,
    "context_time": 1729895305052,
    "message_audio_id": "XtqZB7hmQNuLCX7G9LVWow==",
    "message_entity_uri": "spotify:track:4UnwMblsNQVbAB6t5BMBam",
    "message_generated_audio_id": null,
    "message_latency_ms": 206,
    "message_playback_id": "+U3jriHE1Dm6TSB63NO/lQ=="
  },
  {
    "timestamp_utc": "2024-10-26T15:38:18.789Z",
    "context_application_version": "8.9.84.543",
    "context_conn_country": "DE",
    "context_device_manufacturer": "apple",
    "context_device_model": "iPhone15,2",
    "context_device_type": "mobile",
    "context_os_name": "ios",
    "context_os_version": "18.0",
    "context_receiver_service_timestamp": 1729957121287,
    "context_time": 1729957098789,
    "message_audio_id": "7Zs+6TB8SLWJB9JstplTJQ==",
    "message_entity_uri": "spotify:track:2zGnwc21s74FRMf59wZNCx",
    "message_generated_audio_id": null,
    "message_latency_ms": 225,
    "message_playback_id": "TyyTmu7Jp34iwOt4hgOTLA=="
  },
  {
    "timestamp_utc": "2024-11-10T23:42:12.744Z",
    "context_application_version": "8.9.86.419",
    "context_conn_country": "FR",
    "context_device_manufacturer": "apple",
    "context_device_model": "iPhone14,5",
    "context_device_type": "mobile",
    "context_os_name": "ios",
    "context_os_version": "17.6.1",
    "context_receiver_service_timestamp": 1731282154813,
    "context_time": 1731282132744,
    "message_audio_id": "3SWij05GXfera3THxQq3Kw==",
    "message_entity_uri": "spotify:episode:2UjXwwKoZjTsguAhO89Mz8",
    "message_generated_audio_id": null,
    "message_latency_ms": 85,
    "message_playback_id": "hG/keMo7VajjnqDLZWUkpg=="
  },
  {
    "timestamp_utc": "2024-09-12T12:02:26.824Z",
    "context_application_version": "8.9.70.556",
    "context_conn_country": "DE",
    "context_device_manufacturer": "samsung",
    "context_device_model": "SM-A725F",
    "context_device_type": "mobile",
    "context_os_name": "android",
    "context_os_version": "14",
    "context_receiver_service_timestamp": 1726142590054,
    "context_time": 1726142546824,
    "message_audio_id": "3YRkC8HoR12WuCv11wJ32w==",
    "message_entity_uri": "spotify:track:6EWEyqtjFLafS95ncL4not",
    "message_generated_audio_id": null,
    "message_latency_ms": 361,
    "message_playback_id": "YmUOhccL6fNkmzrPkzSkCw=="
  },
  {
    "timestamp_utc": "2024-10-26T16:22:22.404Z",
    "context_application_version": "1.2.48.405",
    "context_conn_country": "DE",
    "context_device_manufacturer": "Apple Inc.",
    "context_device_model": "MacBookPro17,1",
    "context_device_type": "desktop",
    "context_os_name": "osx",
    "context_os_version": "14.1.2",
    "context_receiver_service_timestamp": 1729960245525,
    "context_time": 1729959742404,
    "message_audio_id": "NhtTt8a9RtWTD59rdsIHcQ==",
    "message_entity_uri": "spotify:track:14yzB8XBIIgmQcvHUGk3Mv",
    "message_generated_audio_id": null,
    "message_latency_ms": 82,
    "message_playback_id": "7atxaNOGP/hyOn2zHQzElQ=="
  },
  {
    "timestamp_utc": "2024-11-10T23:40:35.568Z",
    "context_application_version": "1.2.49.439",
    "context_conn_country": "FR",
    "context_device_manufacturer": "HP",
    "context_device_model": "HP EliteBook 830 G5",
    "context_device_type": "desktop",
    "context_os_name": "windows",
    "context_os_version": "10.0.19045",
    "context_receiver_service_timestamp": 1731282177941,
    "context_time": 1731282035568,
    "message_audio_id": "3SWij05GXfera3THxQq3Kw==",
    "message_entity_uri": "spotify:episode:2UjXwwKoZjTsguAhO89Mz8",
    "message_generated_audio_id": null,
    "message_latency_ms": 330,
    "message_playback_id": "qd1bwwOpxaq40QWyjDSsOQ=="
  },
  {
    "timestamp_utc": "2024-12-03T21:56:17.229Z",
    "context_application_version": "8.9.94.418",
    "context_conn_country": "DE",
    "context_device_manufacturer": "apple",
    "context_device_model": "iPhone15,2",
    "context_device_type": "mobile",
    "context_os_name": "ios",
    "context_os_version": "18.0",
    "context_receiver_service_timestamp": 1733262991624,
    "context_time": 1733262977229,
    "message_audio_id": "uf2dlaiHSjitpkQT5ehHIw==",
    "message_entity_uri": "spotify:track:0jweHzprxjQSDTcxjoX4Og",
    "message_generated_audio_id": null,
    "message_latency_ms": 257,
    "message_playback_id": "v7hmMEX+E7k0NbIuBz3xbw=="
  },
  {
    "timestamp_utc": "2024-11-30T21:39:40.789Z",
    "context_application_version": "8.9.94.418",
    "context_conn_country": "FR",
    "context_device_manufacturer": "apple",
    "context_device_model": "iPhone14,5",
    "context_device_type": "mobile",
    "context_os_name": "ios",
    "context_os_version": "18.1.1",
    "context_receiver_service_timestamp": 1733002789950,
    "context_time": 1733002780789,
    "message_audio_id": "iykpUpgVSWOtOaThJj4iGg==",
    "message_entity_uri": "spotify:track:2FRnf9qhLbvw8fu4IBXx78",
    "message_generated_audio_id": null,
    "message_latency_ms": 68,
    "message_playback_id": "BY+y6OUbc2BVsQQTHTgnyg=="
  },
  {
    "timestamp_utc": "2024-11-29T03:59:15.952Z",
    "context_application_version": "8.9.94.418",
    "context_conn_country": "DE",
    "context_device_manufacturer": "apple",
    "context_device_model": "iPhone15,2",
    "context_device_type": "mobile",
    "context_os_name": "ios",
    "context_os_version": "18.0",
    "context_receiver_service_timestamp": 1732869337236,
    "context_time": 1732852755952,
    "message_audio_id": "1wXFtIslSi25K03E6F5IUA==",
    "message_entity_uri": "spotify:track:3kaxZJIdQGEvvLabPWdiAD",
    "message_generated_audio_id": null,
    "message_latency_ms": 2295,
    "message_playback_id": "1GB0d1SDk1npwKteVhTdsw=="
  },
  {
    "timestamp_utc": "2024-11-23T11:28:23.830Z",
    "context_application_version": "8.9.94.418",
    "context_conn_country": "FR",
    "context_device_manufacturer": "apple",
    "context_device_model": "iPhone14,5",
    "context_device_type": "mobile",
    "context_os_name": "ios",
    "context_os_version": "17.6.1",
    "context_receiver_service_timestamp": 1732361317558,
    "context_time": 1732361303830,
    "message_audio_id": "fTM593iVSzeNpvCctOWizQ==",
    "message_entity_uri": "spotify:track:7uoFMmxln0GPXQ0AcCBXRq",
    "message_generated_audio_id": null,
    "message_latency_ms": 218,
    "message_playback_id": "maGdi0+YSEp3cqUsdJZoLQ=="
  },
  {
    "timestamp_utc": "2024-11-13T16:54:32.511Z",
    "context_application_version": "8.9.90.84",
    "context_conn_country": "DE",
    "context_device_manufacturer": "apple",
    "context_device_model": "iPhone15,2",
    "context_device_type": "mobile",
    "context_os_name": "ios",
    "context_os_version": "18.0",
    "context_receiver_service_timestamp": 1731525898162,
    "context_time": 1731516872511,
    "message_audio_id": "ItzS/JB0Sp6VzJ1Xw5nyrg==",
    "message_entity_uri": "spotify:track:7j3EDsD238UbW3db6kanQp",
    "message_generated_audio_id": null,
    "message_latency_ms": 5775,
    "message_playback_id": "5AuENiB3dpfKbtPyXIg9cg=="
  },
  {
    "timestamp_utc": "2024-09-16T18:29:59.319Z",
    "context_application_version": "8.9.74.535",
    "context_conn_country": "IT",
    "context_device_manufacturer": "apple",
    "context_device_model": "iPhone15,2",
    "context_device_type": "mobile",
    "context_os_name": "ios",
    "context_os_version": "17.5.1",
    "context_receiver_service_timestamp": 1726511399520,
    "context_time": 1726511399319,
    "message_audio_id": "cT6xGOfsTrGYTD3gHtBvPg==",
    "message_entity_uri": "spotify:track:24LS4lQShWyixJ0ZrJXfJ5",
    "message_generated_audio_id": null,
    "message_latency_ms": 110,
    "message_playback_id": "XYxTqfwUnh6Y6KkGxS4e4w=="
  },
  {
    "timestamp_utc": "2024-09-22T20:45:58.438Z",
    "context_application_version": "1.2.45.454",
    "context_conn_country": "DE",
    "context_device_manufacturer": "Apple Inc.",
    "context_device_model": "MacBookPro17,1",
    "context_device_type": "desktop",
    "context_os_name": "osx",
    "context_os_version": "14.1.2",
    "context_receiver_service_timestamp": 1727041504028,
    "context_time": 1727037958438,
    "message_audio_id": "QOGvC8BBQa2fV/726+j+Tg==",
    "message_entity_uri": "spotify:track:0HpKuz1HfXxRzNnUqfwzgF",
    "message_generated_audio_id": null,
    "message_latency_ms": 74,
    "message_playback_id": "yHQ7ydvh6Bqe8ep0Q5nHCA=="
  },
  {
    "timestamp_utc": "2024-11-30T16:26:36.836Z",
    "context_application_version": "1.2.51.345",
    "context_conn_country": "DE",
    "context_device_manufacturer": "Apple Inc.",
    "context_device_model": "MacBookPro17,1",
    "context_device_type": "desktop",
    "context_os_name": "osx",
    "context_os_version": "14.1.2",
    "context_receiver_service_timestamp": 1732984999072,
    "context_time": 1732983996836,
    "message_audio_id": "1E8SPwZRSImsTLPQqbpVSg==",
    "message_entity_uri": "spotify:track:5d54P8T7TXGwE2d0zyN3uu",
    "message_generated_audio_id": null,
    "message_latency_ms": 46,
    "message_playback_id": "PSFgLilm6/w7NDJ4APaNWw=="
  },
  {
    "timestamp_utc": "2024-10-05T18:45:40.448Z",
    "context_application_version": "8.9.76.516",
    "context_conn_country": "FR",
    "context_device_manufacturer": "apple",
    "context_device_model": "iPhone14,5",
    "context_device_type": "mobile",
    "context_os_name": "ios",
    "context_os_version": "17.6.1",
    "context_receiver_service_timestamp": 1728153944697,
    "context_time": 1728153940448,
    "message_audio_id": "SRnWzEqtTXOVlWGYAAcMWg==",
    "message_entity_uri": "spotify:track:36wFSsjXWnLiVqMF7lfNdJ",
    "message_generated_audio_id": null,
    "message_latency_ms": 126,
    "message_playback_id": "6KJ37TBs6KSxl7FLz7Yqvw=="
  },
  {
    "timestamp_utc": "2024-10-24T09:19:42.185Z",
    "context_application_version": "8.9.82.628",
    "context_conn_country": "FR",
    "context_device_manufacturer": "apple",
    "context_device_model": "iPhone14,5",
    "context_device_type": "mobile",
    "context_os_name": "ios",
    "context_os_version": "17.6.1",
    "context_receiver_service_timestamp": 1729761587871,
    "context_time": 1729761582185,
    "message_audio_id": "1kSZahLKVpOBrEylZa5wWw==",
    "message_entity_uri": "spotify:episode:7o4bNTSgcoijOiUuEMVW9K",
    "message_generated_audio_id": null,
    "message_latency_ms": 250,
    "message_playback_id": "IdQ65/Z0dtg4cJfZMvPKQA=="
  },
  {
    "timestamp_utc": "2024-12-05T13:04:40.591Z",
    "context_application_version": "8.9.94.418",
    "context_conn_country": "FR",
    "context_device_manufacturer": "apple",
    "context_device_model": "iPhone14,5",
    "context_device_type": "mobile",
    "context_os_name": "ios",
    "context_os_version": "18.1.1",
    "context_receiver_service_timestamp": 1733403891172,
    "context_time": 1733403880591,
    "message_audio_id": "7/pxMjKtR7SNxxDiFWNPEg==",
    "message_entity_uri": "spotify:track:5BWqitDE1y5u9f52amOug9",
    "message_generated_audio_id": null,
    "message_latency_ms": 238,
    "message_playback_id": "R+opH7EDNR4Mf5LSfNPYSQ=="
  },
  {
    "timestamp_utc": "2024-09-22T22:47:44.654Z",
    "context_application_version": "8.9.74.535",
    "context_conn_country": "FR",
    "context_device_manufacturer": "apple",
    "context_device_model": "iPhone14,5",
    "context_device_type": "mobile",
    "context_os_name": "ios",
    "context_os_version": "17.6.1",
    "context_receiver_service_timestamp": 1727045292832,
    "context_time": 1727045264654,
    "message_audio_id": "Li2SYOSXTFutjYB3v421Nw==",
    "message_entity_uri": "spotify:track:6kIKaWfJlrYqkHxmqHflDz",
    "message_generated_audio_id": null,
    "message_latency_ms": 124,
    "message_playback_id": "BLBIWuGjH29SNxH8M9VPfA=="
  },
  {
    "timestamp_utc": "2024-10-05T20:00:34.593Z",
    "context_application_version": "8.9.76.516",
    "context_conn_country": "AT",
    "context_device_manufacturer": "apple",
    "context_device_model": "iPhone15,2",
    "context_device_type": "mobile",
    "context_os_name": "ios",
    "context_os_version": "18.0",
    "context_receiver_service_timestamp": 1728158437445,
    "context_time": 1728158434593,
    "message_audio_id": "Izxj4JnDS76Kkns0E81O8A==",
    "message_entity_uri": "spotify:track:6fmzc3jaO7T6Rbj6VQJCzS",
    "message_generated_audio_id": null,
    "message_latency_ms": 384,
    "message_playback_id": "3qsJ7qddrN7zfmEKAv4DFQ=="
  },
  {
    "timestamp_utc": "2024-10-05T18:45:00.112Z",
    "context_application_version": "8.9.76.516",
    "context_conn_country": "FR",
    "context_device_manufacturer": "apple",
    "context_device_model": "iPhone14,5",
    "context_device_type": "mobile",
    "context_os_name": "ios",
    "context_os_version": "17.6.1",
    "context_receiver_service_timestamp": 1728153914511,
    "context_time": 1728153900112,
    "message_audio_id": "edw53+cFR2GOxftt/6TOYQ==",
    "message_entity_uri": "spotify:track:6eHM38s99iGKIClrAI8xlV",
    "message_generated_audio_id": null,
    "message_latency_ms": 98,
    "message_playback_id": "S51lxkABmOIgA2VhlqDa5g=="
  },
  {
    "timestamp_utc": "2024-11-30T15:04:08.130Z",
    "context_application_version": "1.2.51.345",
    "context_conn_country": "DE",
    "context_device_manufacturer": "Apple Inc.",
    "context_device_model": "MacBookPro17,1",
    "context_device_type": "desktop",
    "context_os_name": "osx",
    "context_os_version": "14.1.2",
    "context_receiver_service_timestamp": 1732979159232,
    "context_time": 1732979048130,
    "message_audio_id": "G6eJy3u9TH+U/JcfydYsQw==",
    "message_entity_uri": "spotify:track:5ZH0FOSfWxb5WRt3BlLTrd",
    "message_generated_audio_id": null,
    "message_latency_ms": 39,
    "message_playback_id": "myx5B6HyfCFHMpXEh3uzBw=="
  },
  {
    "timestamp_utc": "2024-10-03T18:26:08.713Z",
    "context_application_version": "1.2.47.364",
    "context_conn_country": "FR",
    "context_device_manufacturer": "HP",
    "context_device_model": "HP EliteBook 830 G5",
    "context_device_type": "desktop",
    "context_os_name": "windows",
    "context_os_version": "10.0.19045",
    "context_receiver_service_timestamp": 1727980079873,
    "context_time": 1727979968713,
    "message_audio_id": "WXck5WV4RJ+ZLZ5Gx8RINQ==",
    "message_entity_uri": "spotify:track:4T1UAxZHYwjrbcS9BnKDhH",
    "message_generated_audio_id": null,
    "message_latency_ms": 627,
    "message_playback_id": "cnr/dl5fz8Ry9e6+azIypQ=="
  }
]