[
  {
    "message_ip": "2a04:cec0:1059:d295:7d87:a9d2:15b6:4a39",
    "message_referrer": "",
    "message_uri": "/v1/me/player?additional_types=episode",
    "message_user_agent": "Spotify/8.9.94 watchOS/8.8.1 (Watch3,3)",
    "timestamp_utc": "2024-11-24T20:13:23.335Z",
    "context_time": 1732479203335,
    "message_country": "DE",
    "message_domain": "gew1.spotify.net",
    "message_method": "GET",
    "message_ms_latency": 61,
    "message_product": "premium",
    "message_status_code": "200"
  },
  {
    "message_ip": "2a04:cec0:1078:e7c0:9c85:e4d4:17c0:fc8e",
    "message_referrer": "",
    "message_uri": "/v1/me/player?additional_types=episode",
    "message_user_agent": "Spotify/8.9.90 watchOS/8.8.1 (Watch3,3)",
    "timestamp_utc": "2024-11-11T19:59:41.992Z",
    "context_time": 1731355181992,
    "message_country": "DE",
    "message_domain": "gew1.spotify.net",
    "message_method": "GET",
    "message_ms_latency": 115,
    "message_product": "premium",
    "message_status_code": "200"
  },
  {
    "message_ip": "2a04:cec0:1077:dcfb:7403:932f:f597:989",
    "message_referrer": "",
    "message_uri": "/v1/me/player?additional_types=episode",
    "message_user_agent": "Spotify/8.9.90 watchOS/8.8.1 (Watch3,3)",
    "timestamp_utc": "2024-11-18T16:28:17.291Z",
    "context_time": 1731947297291,
    "message_country": "DE",
    "message_domain": "gew1.spotify.net",
    "message_method": "GET",
    "message_ms_latency": 103,
    "message_product": "premium",
    "message_status_code": "200"
  },
  {
    "message_ip": "134.214.214.230",
    "message_referrer": "https://support.spotify.com/",
    "message_uri": "/v1/me",
    "message_user_agent": "Mozilla/5.0 (Windows NT 10.0; Win64; x64) AppleWebKit/537.36 (KHTML, like Gecko) Chrome/131.0.0.0 Safari/537.36 Edg/131.0.0.0",
    "timestamp_utc": "2024-12-03T09:41:40.266Z",
    "context_time": 1733218900266,
    "message_country": "DE",
    "message_domain": "gew1.spotify.net",
    "message_method": "GET",
    "message_ms_latency": 53,
    "message_product": "premium",
    "message_status_code": "304"
  },
  {
    "message_ip": "46.193.64.103",
    "message_referrer": "https://xpui.app.spotify.com/",
    "message_uri": "/v1/albums/5r0lBNJeCi4rKR7qUuaVbB?market=from_token",
    "message_user_agent": "Mozilla/5.0 (Windows NT 10.0; Win64; x64) AppleWebKit/537.36 (KHTML, like Gecko) Chrome/129.0.6668.90 Spotify/1.2.50.335 Safari/537.36",
    "timestamp_utc": "2024-11-25T21:48:41.038Z",
    "context_time": 1732571321038,
    "message_country": "DE",
    "message_domain": "gew1.spotify.net",
    "message_method": "GET",
    "message_ms_latency": 29,
    "message_product": "premium",
    "message_status_code": "200"
  },
  {
    "message_ip": "34.140.108.124",
    "message_referrer": "",
    "message_uri": "/v1/me",
    "message_user_agent": "OpenSpotify Node.js server_2024-11-12_1731452812379_3824e6a",
    "timestamp_utc": "2024-11-13T04:43:59.572Z",
    "context_time": 1731473039572,
    "message_country": "DE",
    "message_domain": "gew1.spotify.net",
    "message_method": "GET",
    "message_ms_latency": 17,
    "message_product": "premium",
    "message_status_code": "200"
  },
  {
    "message_ip": "2a04:cec0:1077:dcfb:8099:321e:181b:7a5d",
    "message_referrer": "",
    "message_uri": "/v1/me/player?additional_types=episode",
    "message_user_agent": "Spotify/8.9.90 watchOS/8.8.1 (Watch3,3)",
    "timestamp_utc": "2024-11-18T13:05:50.672Z",
    "context_time": 1731935150672,
    "message_country": "DE",
    "message_domain": "gew1.spotify.net",
    "message_method": "GET",
    "message_ms_latency": 55,
    "message_product": "premium",
    "message_status_code": "200"
  },
  {
    "message_ip": "2a04:cec0:1078:e7c0:9c85:e4d4:17c0:fc8e",
    "message_referrer": "",
    "message_uri": "/v1/me/player?additional_types=episode",
    "message_user_agent": "Spotify/8.9.90 watchOS/8.8.1 (Watch3,3)",
    "timestamp_utc": "2024-11-11T19:40:21.379Z",
    "context_time": 1731354021379,
    "message_country": "DE",
    "message_domain": "gew1.spotify.net",
    "message_method": "GET",
    "message_ms_latency": 73,
    "message_product": "premium",
    "message_status_code": "200"
  },
  {
    "message_ip": "2a04:cec0:106d:f949:c02a:d08f:101e:845c",
    "message_referrer": "",
    "message_uri": "/v1/me/player?additional_types=episode",
    "message_user_agent": "Spotify/8.9.94 watchOS/8.8.1 (Watch3,3)",
    "timestamp_utc": "2024-11-22T09:10:39.426Z",
    "context_time": 1732266639426,
    "message_country": "DE",
    "message_domain": "gew1.spotify.net",
    "message_method": "GET",
    "message_ms_latency": 61,
    "message_product": "premium",
    "message_status_code": "200"
  },
  {
    "message_ip": "2a04:cec0:1077:dcfb:8099:321e:181b:7a5d",
    "message_referrer": "",
    "message_uri": "/v1/me/player?additional_types=episode",
    "message_user_agent": "Spotify/8.9.90 watchOS/8.8.1 (Watch3,3)",
    "timestamp_utc": "2024-11-18T13:04:08.403Z",
    "context_time": 1731935048403,
    "message_country": "DE",
    "message_domain": "gew1.spotify.net",
    "message_method": "GET",
    "message_ms_latency": 55,
    "message_product": "premium",
    "message_status_code": "200"
  },
  {
    "message_ip": "2a04:cec0:1064:44b9:f14c:c7ec:208e:f965",
    "message_referrer": "",
    "message_uri": "/v1/me/player?additional_types=episode",
    "message_user_agent": "Spotify/8.9.94 watchOS/8.8.1 (Watch3,3)",
    "timestamp_utc": "2024-12-05T13:30:09.542Z",
    "context_time": 1733405409542,
    "message_country": "DE",
    "message_domain": "gew1.spotify.net",
    "message_method": "GET",
    "message_ms_latency": 11,
    "message_product": "premium",
    "message_status_code": "204"
  },
  {
    "message_ip": "134.214.214.230",
    "message_referrer": "https://support.spotify.com/",
    "message_uri": "/v1/me",
    "message_user_agent": "Mozilla/5.0 (Windows NT 10.0; Win64; x64) AppleWebKit/537.36 (KHTML, like Gecko) Chrome/131.0.0.0 Safari/537.36 Edg/131.0.0.0",
    "timestamp_utc": "2024-12-03T09:44:00.971Z",
    "context_time": 1733219040971,
    "message_country": "DE",
    "message_domain": "gew1.spotify.net",
    "message_method": "GET",
    "message_ms_latency": 17,
    "message_product": "premium",
    "message_status_code": "304"
  },
  {
    "message_ip": "46.193.64.103",
    "message_referrer": "",
    "message_uri": "/v1/me/player?additional_types=episode",
    "message_user_agent": "Spotify/8.9.94 watchOS/8.8.1 (Watch3,3)",
    "timestamp_utc": "2024-12-05T13:04:08.453Z",
    "context_time": 1733403848453,
    "message_country": "DE",
    "message_domain": "gew1.spotify.net",
    "message_method": "GET",
    "message_ms_latency": 11,
    "message_product": "premium",
    "message_status_code": "204"
  },
  {
    "message_ip": "2a04:cec0:1071:460a:bc7b:2ba3:5f7:a102",
    "message_referrer": "",
    "message_uri": "/v1/me/player?additional_types=episode",
    "message_user_agent": "Spotify/8.9.90 watchOS/8.8.1 (Watch3,3)",
    "timestamp_utc": "2024-11-16T20:29:29.252Z",
    "context_time": 1731788969252,
    "message_country": "DE",
    "message_domain": "gew1.spotify.net",
    "message_method": "GET",
    "message_ms_latency": 39,
    "message_product": "premium",
    "message_status_code": "200"
  },
  {
    "message_ip": "2a04:cec0:10d8:7bec:99f0:4c03:c610:efdf",
    "message_referrer": "",
    "message_uri": "/v1/me/player/devices",
    "message_user_agent": "Spotify/8.9.84 watchOS/8.8.1 (Watch3,3)",
    "timestamp_utc": "2024-11-08T08:31:47.407Z",
    "context_time": 1731054707407,
    "message_country": "DE",
    "message_domain": "gew1.spotify.net",
    "message_method": "GET",
    "message_ms_latency": 21,
    "message_product": "premium",
    "message_status_code": "200"
  },
  {
    "message_ip": "46.193.64.103",
    "message_referrer": "",
    "message_uri": "/v1/me/player?additional_types=episode",
    "message_user_agent": "Spotify/8.9.90 watchOS/8.8.1 (Watch3,3)",
    "timestamp_utc": "2024-11-18T17:33:00.949Z",
    "context_time": 1731951180949,
    "message_country": "DE",
    "message_domain": "gew1.spotify.net",
    "message_method": "GET",
    "message_ms_latency": 14,
    "message_product": "premium",
    "message_status_code": "204"
  },
  {
    "message_ip": "2a04:cec0:1077:dcfb:8099:321e:181b:7a5d",
    "message_referrer": "",
    "message_uri": "/v1/me/player?additional_types=episode",
    "message_user_agent": "Spotify/8.9.90 watchOS/8.8.1 (Watch3,3)",
    "timestamp_utc": "2024-11-18T13:20:46.016Z",
    "context_time": 1731936046016,
    "message_country": "DE",
    "message_domain": "gew1.spotify.net",
    "message_method": "GET",
    "message_ms_latency": 18,
    "message_product": "premium",
    "message_status_code": "204"
  },
  {
    "message_ip": "2a04:cec0:1071:460a:bc7b:2ba3:5f7:a102",
    "message_referrer": "",
    "message_uri": "/v1/me/player?additional_types=episode",
    "message_user_agent": "Spotify/8.9.90 watchOS/8.8.1 (Watch3,3)",
    "timestamp_utc": "2024-11-16T20:30:48.398Z",
    "context_time": 1731789048398,
    "message_country": "DE",
    "message_domain": "gew1.spotify.net",
    "message_method": "GET",
    "message_ms_latency": 38,
    "message_product": "premium",
    "message_status_code": "200"
  },
  {
    "message_ip": "46.193.64.103",
    "message_referrer": "",
    "message_uri": "/v1/me/player?additional_types=episode",
    "message_user_agent": "Spotify/8.9.90 watchOS/8.8.1 (Watch3,3)",
    "timestamp_utc": "2024-11-18T17:31:54.974Z",
    "context_time": 1731951114974,
    "message_country": "DE",
    "message_domain": "gew1.spotify.net",
    "message_method": "GET",
    "message_ms_latency": 12,
    "message_product": "premium",
    "message_status_code": "204"
  },
  {
    "message_ip": "46.193.64.103",
    "message_referrer": "",
    "message_uri": "/v1/me/player?additional_types=episode",
    "message_user_agent": "Spotify/8.9.90 watchOS/8.8.1 (Watch3,3)",
    "timestamp_utc": "2024-11-18T17:32:07.667Z",
    "context_time": 1731951127667,
    "message_country": "DE",
    "message_domain": "gew1.spotify.net",
    "message_method": "GET",
    "message_ms_latency": 13,
    "message_product": "premium",
    "message_status_code": "204"
  },
  {
    "message_ip": "2a04:cec0:1077:dcfb:8047:1311:e07a:8aa5",
    "message_referrer": "",
    "message_uri": "/v1/me/player?additional_types=episode",
    "message_user_agent": "Spotify/8.9.90 watchOS/8.8.1 (Watch3,3)",
    "timestamp_utc": "2024-11-18T13:27:06.343Z",
    "context_time": 1731936426343,
    "message_country": "DE",
    "message_domain": "gew1.spotify.net",
    "message_method": "GET",
    "message_ms_latency": 14,
    "message_product": "premium",
    "message_status_code": "204"
  },
  {
    "message_ip": "2a04:cec0:1084:b98d:dc53:73b8:bf38:3326",
    "message_referrer": "https://open.spotify.com/",
    "message_uri": "/v1/episodes?ids=2UjXwwKoZjTsguAhO89Mz8,1HPQ66zuWN3YhBvaZBQGFv,1SVo2PiydrNRMCOSYYkLsc,2w6OGKdLI5sWUkiRlex1Wb&market=from_token",
    "message_user_agent": "Mozilla/5.0 (iPhone; CPU iPhone OS 17_6_1 like Mac OS X) AppleWebKit/605.1.15 (KHTML, like Gecko) Version/17.6 Mobile/15E148 Safari/604.1",
    "timestamp_utc": "2024-11-13T04:44:01.214Z",
    "context_time": 1731473041214,
    "message_country": "DE",
    "message_domain": "gew1.spotify.net",
    "message_method": "GET",
    "message_ms_latency": 87,
    "message_product": "premium",
    "message_status_code": "304"
  },
  {
    "message_ip": "31.222.79.130",
    "message_referrer": "",
    "message_uri": "/v1/me/top/artists?limit=50",
    "message_user_agent": "",
    "timestamp_utc": "2024-11-24T22:47:13.455Z",
    "context_time": 1732488433455,
    "message_country": "DE",
    "message_domain": "gew4.spotify.net",
    "message_method": "GET",
    "message_ms_latency": 158,
    "message_product": "premium",
    "message_status_code": "200"
  },
  {
    "message_ip": "2a04:cec0:1071:460a:bc7b:2ba3:5f7:a102",
    "message_referrer": "",
    "message_uri": "/v1/me/player?additional_types=episode",
    "message_user_agent": "Spotify/8.9.90 watchOS/8.8.1 (Watch3,3)",
    "timestamp_utc": "2024-11-16T20:10:28.670Z",
    "context_time": 1731787828670,
    "message_country": "DE",
    "message_domain": "gew1.spotify.net",
    "message_method": "GET",
    "message_ms_latency": 37,
    "message_product": "premium",
    "message_status_code": "200"
  },
  {
    "message_ip": "2a04:cec0:1071:460a:bc7b:2ba3:5f7:a102",
    "message_referrer": "",
    "message_uri": "/v1/me/player?additional_types=episode",
    "message_user_agent": "Spotify/8.9.90 watchOS/8.8.1 (Watch3,3)",
    "timestamp_utc": "2024-11-16T20:26:56.689Z",
    "context_time": 1731788816689,
    "message_country": "DE",
    "message_domain": "gew1.spotify.net",
    "message_method": "GET",
    "message_ms_latency": 45,
    "message_product": "premium",
    "message_status_code": "200"
  },
  {
    "message_ip": "2a04:cec0:106d:f949:c02a:d08f:101e:845c",
    "message_referrer": "",
    "message_uri": "/v1/me/player?additional_types=episode",
    "message_user_agent": "Spotify/8.9.94 watchOS/8.8.1 (Watch3,3)",
    "timestamp_utc": "2024-11-22T09:10:36.387Z",
    "context_time": 1732266636387,
    "message_country": "DE",
    "message_domain": "gew1.spotify.net",
    "message_method": "GET",
    "message_ms_latency": 51,
    "message_product": "premium",
    "message_status_code": "200"
  },
  {
    "message_ip": "2a04:cec0:1077:dcfb:7403:932f:f597:989",
    "message_referrer": "",
    "message_uri": "/v1/me/player?additional_types=episode",
    "message_user_agent": "Spotify/8.9.90 watchOS/8.8.1 (Watch3,3)",
    "timestamp_utc": "2024-11-18T16:26:09.754Z",
    "context_time": 1731947169754,
    "message_country": "DE",
    "message_domain": "gew1.spotify.net",
    "message_method": "GET",
    "message_ms_latency": 34,
    "message_product": "premium",
    "message_status_code": "200"
  },
  {
    "message_ip": "46.193.64.103",
    "message_referrer": "",
    "message_uri": "/v1/me/player?additional_types=episode",
    "message_user_agent": "Spotify/8.9.90 watchOS/8.8.1 (Watch3,3)",
    "timestamp_utc": "2024-11-18T17:39:30.249Z",
    "context_time": 1731951570249,
    "message_country": "DE",
    "message_domain": "gew1.spotify.net",
    "message_method": "GET",
    "message_ms_latency": 13,
    "message_product": "premium",
    "message_status_code": "204"
  },
  {
    "message_ip": "2a04:cec0:1077:dcfb:7403:932f:f597:989",
    "message_referrer": "",
    "message_uri": "/v1/me/player?additional_types=episode",
    "message_user_agent": "Spotify/8.9.90 watchOS/8.8.1 (Watch3,3)",
    "timestamp_utc": "2024-11-18T16:05:43.512Z",
    "context_time": 1731945943512,
    "message_country": "DE",
    "message_domain": "gew1.spotify.net",
    "message_method": "GET",
    "message_ms_latency": 38,
    "message_product": "premium",
    "message_status_code": "200"
  },
  {
    "message_ip": "34.32.162.15",
    "message_referrer": "",
    "message_uri": "/v1/me",
    "message_user_agent": "OpenSpotify Node.js server_2024-11-19_1732042611969_05b65cd",
    "timestamp_utc": "2024-11-19T19:53:12.188Z",
    "context_time": 1732045992188,
    "message_country": "DE",
    "message_domain": "gew4.spotify.net",
    "message_method": "GET",
    "message_ms_latency": 39,
    "message_product": "premium",
    "message_status_code": "200"
  },
  {
    "message_ip": "46.193.64.103",
    "message_referrer": "https://xpui.app.spotify.com/",
    "message_uri": "/v1/playlists/37i9dQZF1DXdbQ2qAyjZ1R?additional_types=track&market=from_token",
    "message_user_agent": "Mozilla/5.0 (Windows NT 10.0; Win64; x64) AppleWebKit/537.36 (KHTML, like Gecko) Chrome/130.0.6723.117 Spotify/1.2.51.345 Safari/537.36",
    "timestamp_utc": "2024-12-04T19:41:41.081Z",
    "context_time": 1733341301081,
    "message_country": "DE",
    "message_domain": "gew1.spotify.net",
    "message_method": "GET",
    "message_ms_latency": 273,
    "message_product": "premium",
    "message_status_code": "200"
  },
  {
    "message_ip": "2a04:cec0:1071:460a:bc7b:2ba3:5f7:a102",
    "message_referrer": "",
    "message_uri": "/v1/me/player?additional_types=episode",
    "message_user_agent": "Spotify/8.9.90 watchOS/8.8.1 (Watch3,3)",
    "timestamp_utc": "2024-11-16T20:08:46.928Z",
    "context_time": 1731787726928,
    "message_country": "DE",
    "message_domain": "gew1.spotify.net",
    "message_method": "GET",
    "message_ms_latency": 60,
    "message_product": "premium",
    "message_status_code": "200"
  },
  {
    "message_ip": "134.214.214.230",
    "message_referrer": "https://support.spotify.com/",
    "message_uri": "/v1/me",
    "message_user_agent": "Mozilla/5.0 (Windows NT 10.0; Win64; x64) AppleWebKit/537.36 (KHTML, like Gecko) Chrome/131.0.0.0 Safari/537.36 Edg/131.0.0.0",
    "timestamp_utc": "2024-12-03T09:44:01.029Z",
    "context_time": 1733219041029,
    "message_country": "DE",
    "message_domain": "gew1.spotify.net",
    "message_method": "GET",
    "message_ms_latency": 23,
    "message_product": "premium",
    "message_status_code": "304"
  },
  {
    "message_ip": "34.140.224.28",
    "message_referrer": "",
    "message_uri": "/v1/me",
    "message_user_agent": "OpenSpotify Node.js server_2024-11-12_1731452812379_3824e6a",
    "timestamp_utc": "2024-11-13T06:19:03.166Z",
    "context_time": 1731478743166,
    "message_country": "DE",
    "message_domain": "gew1.spotify.net",
    "message_method": "GET",
    "message_ms_latency": 21,
    "message_product": "premium",
    "message_status_code": "200"
  },
  {
    "message_ip": "2a04:cec0:106d:f949:446e:2cc2:244b:5759",
    "message_referrer": "",
    "message_uri": "/v1/me/player?additional_types=episode",
    "message_user_agent": "Spotify/8.9.94 watchOS/8.8.1 (Watch3,3)",
    "timestamp_utc": "2024-11-22T09:19:09.411Z",
    "context_time": 1732267149411,
    "message_country": "DE",
    "message_domain": "gew1.spotify.net",
    "message_method": "GET",
    "message_ms_latency": 16,
    "message_product": "premium",
    "message_status_code": "204"
  },
  {
    "message_ip": "2a04:cec0:106d:f949:c02a:d08f:101e:845c",
    "message_referrer": "",
    "message_uri": "/v1/me/player?additional_types=episode",
    "message_user_agent": "Spotify/8.9.94 watchOS/8.8.1 (Watch3,3)",
    "timestamp_utc": "2024-11-22T09:10:34.712Z",
    "context_time": 1732266634712,
    "message_country": "DE",
    "message_domain": "gew1.spotify.net",
    "message_method": "GET",
    "message_ms_latency": 75,
    "message_product": "premium",
    "message_status_code": "200"
  },
  {
    "message_ip": "2a04:cec0:106d:f949:c02a:d08f:101e:845c",
    "message_referrer": "",
    "message_uri": "/v1/me/player?additional_types=episode",
    "message_user_agent": "Spotify/8.9.94 watchOS/8.8.1 (Watch3,3)",
    "timestamp_utc": "2024-11-22T09:11:49.386Z",
    "context_time": 1732266709386,
    "message_country": "DE",
    "message_domain": "gew1.spotify.net",
    "message_method": "GET",
    "message_ms_latency": 53,
    "message_product": "premium",
    "message_status_code": "200"
  },
  {
    "message_ip": "2a04:cec0:1084:b98d:dc53:73b8:bf38:3326",
    "message_referrer": "https://open.spotify.com/",
    "message_uri": "/v1/episodes?ids=2UjXwwKoZjTsguAhO89Mz8,1HPQ66zuWN3YhBvaZBQGFv,1SVo2PiydrNRMCOSYYkLsc,2w6OGKdLI5sWUkiRlex1Wb&market=from_token",
    "message_user_agent": "Mozilla/5.0 (iPhone; CPU iPhone OS 17_6_1 like Mac OS X) AppleWebKit/605.1.15 (KHTML, like Gecko) Version/17.6 Mobile/15E148 Safari/604.1",
    "timestamp_utc": "2024-11-13T04:30:11.348Z",
    "context_time": 1731472211348,
    "message_country": "DE",
    "message_domain": "gew1.spotify.net",
    "message_method": "GET",
    "message_ms_latency": 85,
    "message_product": "premium",
    "message_status_code": "200"
  },
  {
    "message_ip": "2a04:cec0:1077:dcfb:7403:932f:f597:989",
    "message_referrer": "",
    "message_uri": "/v1/me/player?additional_types=episode",
    "message_user_agent": "Spotify/8.9.90 watchOS/8.8.1 (Watch3,3)",
    "timestamp_utc": "2024-11-18T16:57:16.010Z",
    "context_time": 1731949036010,
    "message_country": "DE",
    "message_domain": "gew1.spotify.net",
    "message_method": "GET",
    "message_ms_latency": 38,
    "message_product": "premium",
    "message_status_code": "200"
  },
  {
    "message_ip": "46.193.64.103",
    "message_referrer": "https://xpui.app.spotify.com/",
    "message_uri": "/v1/playlists/2IK9k9hcnIV6IWvbkZC0ov?additional_types=track&market=from_token",
    "message_user_agent": "Mozilla/5.0 (Windows NT 10.0; Win64; x64) AppleWebKit/537.36 (KHTML, like Gecko) Chrome/129.0.6668.90 Spotify/1.2.50.335 Safari/537.36",
    "timestamp_utc": "2024-11-26T09:07:55.489Z",
    "context_time": 1732612075489,
    "message_country": "DE",
    "message_domain": "gew1.spotify.net",
    "message_method": "GET",
    "message_ms_latency": 399,
    "message_product": "premium",
    "message_status_code": "200"
  },
  {
    "message_ip": "2a04:cec0:1077:dcfb:8099:321e:181b:7a5d",
    "message_referrer": "",
    "message_uri": "/v1/me/player?additional_types=episode",
    "message_user_agent": "Spotify/8.9.90 watchOS/8.8.1 (Watch3,3)",
    "timestamp_utc": "2024-11-18T13:05:57.398Z",
    "context_time": 1731935157398,
    "message_country": "DE",
    "message_domain": "gew1.spotify.net",
    "message_method": "GET",
    "message_ms_latency": 54,
    "message_product": "premium",
    "message_status_code": "200"
  },
  {
    "message_ip": "31.222.79.131",
    "message_referrer": "",
    "message_uri": "/v1/me/top/artists?limit=50",
    "message_user_agent": "",
    "timestamp_utc": "2024-11-28T17:21:05.517Z",
    "context_time": 1732814465517,
    "message_country": "DE",
    "message_domain": "gew4.spotify.net",
    "message_method": "GET",
    "message_ms_latency": 316,
    "message_product": "premium",
    "message_status_code": "200"
  },
  {
    "message_ip": "46.193.64.103",
    "message_referrer": "",
    "message_uri": "/v1/me/player?additional_types=episode",
    "message_user_agent": "Spotify/8.9.90 watchOS/8.8.1 (Watch3,3)",
    "timestamp_utc": "2024-11-18T17:33:31.938Z",
    "context_time": 1731951211938,
    "message_country": "DE",
    "message_domain": "gew1.spotify.net",
    "message_method": "GET",
    "message_ms_latency": 15,
    "message_product": "premium",
    "message_status_code": "204"
  },
  {
    "message_ip": "78.188.8.44",
    "message_referrer": "https://open.spotify.com/",
    "message_uri": "/v1/tracks?ids=14yzB8XBIIgmQcvHUGk3Mv,5e9TFTbltYBg2xThimr0rU,6ySulb6sWRORzAAY1fM8xV,4bZhJVVBfEXLsfbyF2ykFS,7j308xt46cpdHOEJ2iwCpu&market=from_token",
    "message_user_agent": "Mozilla/5.0 (iPhone; CPU iPhone OS 17_6_1 like Mac OS X) AppleWebKit/605.1.15 (KHTML, like Gecko) Version/17.6 Mobile/15E148 Safari/604.1",
    "timestamp_utc": "2024-11-19T19:53:16.067Z",
    "context_time": 1732045996067,
    "message_country": "DE",
    "message_domain": "gew4.spotify.net",
    "message_method": "GET",
    "message_ms_latency": 43,
    "message_product": "premium",
    "message_status_code": "200"
  },
  {
    "message_ip": "2a04:cec0:1077:dcfb:7403:932f:f597:989",
    "message_referrer": "",
    "message_uri": "/v1/me/player?additional_types=episode",
    "message_user_agent": "Spotify/8.9.90 watchOS/8.8.1 (Watch3,3)",
    "timestamp_utc": "2024-11-18T16:57:49.162Z",
    "context_time": 1731949069162,
    "message_country": "DE",
    "message_domain": "gew1.spotify.net",
    "message_method": "GET",
    "message_ms_latency": 39,
    "message_product": "premium",
    "message_status_code": "200"
  },
  {
    "message_ip": "31.222.79.131",
    "message_referrer": "",
    "message_uri": "/v1/me/top/artists?limit=50",
    "message_user_agent": "",
    "timestamp_utc": "2024-12-01T18:52:48.629Z",
    "context_time": 1733079168629,
    "message_country": "DE",
    "message_domain": "gew4.spotify.net",
    "message_method": "GET",
    "message_ms_latency": 237,
    "message_product": "premium",
    "message_status_code": "200"
  },
  {
    "message_ip": "46.193.64.103",
    "message_referrer": "",
    "message_uri": "/v1/me/player?additional_types=episode",
    "message_user_agent": "Spotify/8.9.90 watchOS/8.8.1 (Watch3,3)",
    "timestamp_utc": "2024-11-18T17:28:28.201Z",
    "context_time": 1731950908201,
    "message_country": "DE",
    "message_domain": "gew1.spotify.net",
    "message_method": "GET",
    "message_ms_latency": 63,
    "message_product": "premium",
    "message_status_code": "200"
  },
  {
    "message_ip": "2a04:cec0:10d1:4a6a:4882:5a19:e2a6:4ea0",
    "message_referrer": "",
    "message_uri": "/v1/me/player?additional_types=episode",
    "message_user_agent": "Spotify/8.9.94 watchOS/8.8.1 (Watch3,3)",
    "timestamp_utc": "2024-11-23T11:28:22.078Z",
    "context_time": 1732361302078,
    "message_country": "DE",
    "message_domain": "gew1.spotify.net",
    "message_method": "GET",
    "message_ms_latency": 99,
    "message_product": "premium",
    "message_status_code": "200"
  },
  {
    "message_ip": "46.193.64.103",
    "message_referrer": "",
    "message_uri": "/v1/me/player?additional_types=episode",
    "message_user_agent": "Spotify/8.9.90 watchOS/8.8.1 (Watch3,3)",
    "timestamp_utc": "2024-11-18T17:24:11.306Z",
    "context_time": 1731950651306,
    "message_country": "DE",
    "message_domain": "gew1.spotify.net",
    "message_method": "GET",
    "message_ms_latency": 61,
    "message_product": "premium",
    "message_status_code": "200"
  },
  {
    "message_ip": "2a04:cec0:1077:dcfb:7403:932f:f597:989",
    "message_referrer": "",
    "message_uri": "/v1/me/player?additional_types=episode",
    "message_user_agent": "Spotify/8.9.90 watchOS/8.8.1 (Watch3,3)",
    "timestamp_utc": "2024-11-18T16:22:06.056Z",
    "context_time": 1731946926056,
    "message_country": "DE",
    "message_domain": "gew1.spotify.net",
    "message_method": "GET",
    "message_ms_latency": 47,
    "message_product": "premium",
    "message_status_code": "200"
  },
  {
    "message_ip": "2a04:cec0:106d:f949:c02a:d08f:101e:845c",
    "message_referrer": "",
    "message_uri": "/v1/me/player?additional_types=episode",
    "message_user_agent": "Spotify/8.9.94 watchOS/8.8.1 (Watch3,3)",
    "timestamp_utc": "2024-11-22T09:10:11.944Z",
    "context_time": 1732266611944,
    "message_country": "DE",
    "message_domain": "gew1.spotify.net",
    "message_method": "GET",
    "message_ms_latency": 55,
    "message_product": "premium",
    "message_status_code": "200"
  },
  {
    "message_ip": "2a04:cec0:1071:460a:bc7b:2ba3:5f7:a102",
    "message_referrer": "",
    "message_uri": "/v1/me/player?additional_types=episode",
    "message_user_agent": "Spotify/8.9.90 watchOS/8.8.1 (Watch3,3)",
    "timestamp_utc": "2024-11-16T20:09:11.901Z",
    "context_time": 1731787751901,
    "message_country": "DE",
    "message_domain": "gew1.spotify.net",
    "message_method": "GET",
    "message_ms_latency": 77,
    "message_product": "premium",
    "message_status_code": "200"
  },
  {
    "message_ip": "2a04:cec0:106d:f949:c02a:d08f:101e:845c",
    "message_referrer": "",
    "message_uri": "/v1/me/player?additional_types=episode",
    "message_user_agent": "Spotify/8.9.94 watchOS/8.8.1 (Watch3,3)",
    "timestamp_utc": "2024-11-22T09:17:10.715Z",
    "context_time": 1732267030715,
    "message_country": "DE",
    "message_domain": "gew1.spotify.net",
    "message_method": "GET",
    "message_ms_latency": 13,
    "message_product": "premium",
    "message_status_code": "204"
  },
  {
    "message_ip": "46.193.64.103",
    "message_referrer": "",
    "message_uri": "/v1/me/player?additional_types=episode",
    "message_user_agent": "Spotify/8.9.90 watchOS/8.8.1 (Watch3,3)",
    "timestamp_utc": "2024-11-18T17:23:05.789Z",
    "context_time": 1731950585789,
    "message_country": "DE",
    "message_domain": "gew1.spotify.net",
    "message_method": "GET",
    "message_ms_latency": 45,
    "message_product": "premium",
    "message_status_code": "200"
  },
  {
    "message_ip": "46.193.64.103",
    "message_referrer": "",
    "message_uri": "/v1/me/player?additional_types=episode",
    "message_user_agent": "Spotify/8.9.90 watchOS/8.8.1 (Watch3,3)",
    "timestamp_utc": "2024-11-18T17:29:33.457Z",
    "context_time": 1731950973457,
    "message_country": "DE",
    "message_domain": "gew1.spotify.net",
    "message_method": "GET",
    "message_ms_latency": 46,
    "message_product": "premium",
    "message_status_code": "200"
  },
  {
    "message_ip": "31.222.79.129",
    "message_referrer": "",
    "message_uri": "/v1/me/top/artists?limit=50",
    "message_user_agent": "",
    "timestamp_utc": "2024-11-27T13:10:33.340Z",
    "context_time": 1732713033340,
    "message_country": "DE",
    "message_domain": "gew4.spotify.net",
    "message_method": "GET",
    "message_ms_latency": 231,
    "message_product": "premium",
    "message_status_code": "200"
  },
  {
    "message_ip": "2a04:cec0:1077:dcfb:7403:932f:f597:989",
    "message_referrer": "",
    "message_uri": "/v1/me/player?additional_types=episode",
    "message_user_agent": "Spotify/8.9.90 watchOS/8.8.1 (Watch3,3)",
    "timestamp_utc": "2024-11-18T16:22:23.883Z",
    "context_time": 1731946943883,
    "message_country": "DE",
    "message_domain": "gew1.spotify.net",
    "message_method": "GET",
    "message_ms_latency": 47,
    "message_product": "premium",
    "message_status_code": "200"
  },
  {
    "message_ip": "34.22.164.221",
    "message_referrer": "",
    "message_uri": "/v1/me",
    "message_user_agent": "OpenSpotify Node.js server_2024-11-12_1731452812379_3824e6a",
    "timestamp_utc": "2024-11-13T04:30:06.467Z",
    "context_time": 1731472206467,
    "message_country": "DE",
    "message_domain": "gew1.spotify.net",
    "message_method": "GET",
    "message_ms_latency": 27,
    "message_product": "premium",
    "message_status_code": "200"
  },
  {
    "message_ip": "2a04:cec0:10d1:4a6a:4882:5a19:e2a6:4ea0",
    "message_referrer": "",
    "message_uri": "/v1/me/player?additional_types=episode",
    "message_user_agent": "Spotify/8.9.94 watchOS/8.8.1 (Watch3,3)",
    "timestamp_utc": "2024-11-23T11:47:25.470Z",
    "context_time": 1732362445470,
    "message_country": "DE",
    "message_domain": "gew1.spotify.net",
    "message_method": "GET",
    "message_ms_latency": 16,
    "message_product": "premium",
    "message_status_code": "204"
  },
  {
    "message_ip": "46.193.64.103",
    "message_referrer": "",
    "message_uri": "/v1/me/player?additional_types=episode",
    "message_user_agent": "Spotify/8.9.90 watchOS/8.8.1 (Watch3,3)",
    "timestamp_utc": "2024-11-18T17:32:32.651Z",
    "context_time": 1731951152651,
    "message_country": "DE",
    "message_domain": "gew1.spotify.net",
    "message_method": "GET",
    "message_ms_latency": 12,
    "message_product": "premium",
    "message_status_code": "204"
  },
  {
    "message_ip": "2a04:cec0:11ee:5e6e:4f7:515a:70d2:f53d",
    "message_referrer": "",
    "message_uri": "/v1/me/player?additional_types=episode",
    "message_user_agent": "Spotify/8.9.94 watchOS/8.8.1 (Watch3,3)",
    "timestamp_utc": "2024-11-24T19:30:04.977Z",
    "context_time": 1732476604977,
    "message_country": "DE",
    "message_domain": "gew1.spotify.net",
    "message_method": "GET",
    "message_ms_latency": 57,
    "message_product": "premium",
    "message_status_code": "200"
  },
  {
    "message_ip": "2a04:cec0:1077:dcfb:7403:932f:f597:989",
    "message_referrer": "",
    "message_uri": "/v1/me/player?additional_types=episode",
    "message_user_agent": "Spotify/8.9.90 watchOS/8.8.1 (Watch3,3)",
    "timestamp_utc": "2024-11-18T16:06:51.143Z",
    "context_time": 1731946011143,
    "message_country": "DE",
    "message_domain": "gew1.spotify.net",
    "message_method": "GET",
    "message_ms_latency": 38,
    "message_product": "premium",
    "message_status_code": "200"
  },
  {
    "message_ip": "2a04:cec0:1059:d295:d088:ecc0:2717:8710",
    "message_referrer": "",
    "message_uri": "/v1/me/player?additional_types=episode",
    "message_user_agent": "Spotify/8.9.94 watchOS/8.8.1 (Watch3,3)",
    "timestamp_utc": "2024-11-24T21:03:27.183Z",
    "context_time": 1732482207183,
    "message_country": "DE",
    "message_domain": "gew1.spotify.net",
    "message_method": "GET",
    "message_ms_latency": 11,
    "message_product": "premium",
    "message_status_code": "204"
  },
  {
    "message_ip": "46.193.64.103",
    "message_referrer": "",
    "message_uri": "/v1/me/player?additional_types=episode",
    "message_user_agent": "Spotify/8.9.90 watchOS/8.8.1 (Watch3,3)",
    "timestamp_utc": "2024-11-18T17:32:21.349Z",
    "context_time": 1731951141349,
    "message_country": "DE",
    "message_domain": "gew1.spotify.net",
    "message_method": "GET",
    "message_ms_latency": 16,
    "message_product": "premium",
    "message_status_code": "204"
  },
  {
    "message_ip": "46.193.64.103",
    "message_referrer": "",
    "message_uri": "/v1/me/player?additional_types=episode",
    "message_user_agent": "Spotify/8.9.90 watchOS/8.8.1 (Watch3,3)",
    "timestamp_utc": "2024-11-18T17:32:00.385Z",
    "context_time": 1731951120385,
    "message_country": "DE",
    "message_domain": "gew1.spotify.net",
    "message_method": "GET",
    "message_ms_latency": 52,
    "message_product": "premium",
    "message_status_code": "204"
  },
  {
    "message_ip": "46.193.64.103",
    "message_referrer": "",
    "message_uri": "/v1/me/player?additional_types=episode",
    "message_user_agent": "Spotify/8.9.90 watchOS/8.8.1 (Watch3,3)",
    "timestamp_utc": "2024-11-18T17:22:18.456Z",
    "context_time": 1731950538456,
    "message_country": "DE",
    "message_domain": "gew1.spotify.net",
    "message_method": "GET",
    "message_ms_latency": 77,
    "message_product": "premium",
    "message_status_code": "200"
  },
  {
    "message_ip": "2a04:cec0:1064:44b9:f14c:c7ec:208e:f965",
    "message_referrer": "",
    "message_uri": "/v1/me/player?additional_types=episode",
    "message_user_agent": "Spotify/8.9.94 watchOS/8.8.1 (Watch3,3)",
    "timestamp_utc": "2024-12-05T13:14:30.094Z",
    "context_time": 1733404470094,
    "message_country": "DE",
    "message_domain": "gew1.spotify.net",
    "message_method": "GET",
    "message_ms_latency": 15,
    "message_product": "premium",
    "message_status_code": "204"
  },
  {
    "message_ip": "2a02:3100:7eaf:a000:e980:5441:68f4:d64d",
    "message_referrer": "https://xpui.app.spotify.com/",
    "message_uri": "/v1/playlists/0DJ1MAN0lTZhYSaXHJ8ksX?additional_types=track&market=from_token",
    "message_user_agent": "Mozilla/5.0 (Macintosh; Intel Mac OS X 10_15_7) AppleWebKit/537.36 (KHTML, like Gecko) Chrome/130.0.6723.117 Spotify/1.2.51.345 Safari/537.36",
    "timestamp_utc": "2024-11-26T16:52:53.468Z",
    "context_time": 1732639973468,
    "message_country": "DE",
    "message_domain": "gew4.spotify.net",
    "message_method": "GET",
    "message_ms_latency": 288,
    "message_product": "premium",
    "message_status_code": "200"
  },
  {
    "message_ip": "2a04:cec0:1084:b98d:dc53:73b8:bf38:3326",
    "message_referrer": "https://open.spotify.com/",
    "message_uri": "/v1/tracks?ids=2gv2qHrzvn2yxsMGzqUFHI,12OLyHDxt6dqlAybSPFBK3,0s0JMUkb2WCxIJsRB3G7Hd,3g2fYZW5v2od8KIF7VktT0,6Wk6A8k7NjjSsPQT9Z3FXM&market=from_token",
    "message_user_agent": "Mozilla/5.0 (iPhone; CPU iPhone OS 17_6_1 like Mac OS X) AppleWebKit/605.1.15 (KHTML, like Gecko) Version/17.6 Mobile/15E148 Safari/604.1",
    "timestamp_utc": "2024-11-13T04:30:10.420Z",
    "context_time": 1731472210420,
    "message_country": "DE",
    "message_domain": "gew1.spotify.net",
    "message_method": "GET",
    "message_ms_latency": 35,
    "message_product": "premium",
    "message_status_code": "200"
  },
  {
    "message_ip": "46.193.64.103",
    "message_referrer": "",
    "message_uri": "/v1/me/player?additional_types=episode",
    "message_user_agent": "Spotify/8.9.90 watchOS/8.8.1 (Watch3,3)",
    "timestamp_utc": "2024-11-11T17:51:59.733Z",
    "context_time": 1731347519733,
    "message_country": "DE",
    "message_domain": "gew1.spotify.net",
    "message_method": "GET",
    "message_ms_latency": 14,
    "message_product": "premium",
    "message_status_code": "204"
  },
  {
    "message_ip": "2a04:cec0:1077:dcfb:7403:932f:f597:989",
    "message_referrer": "",
    "message_uri": "/v1/me/player?additional_types=episode",
    "message_user_agent": "Spotify/8.9.90 watchOS/8.8.1 (Watch3,3)",
    "timestamp_utc": "2024-11-18T16:22:53.591Z",
    "context_time": 1731946973591,
    "message_country": "DE",
    "message_domain": "gew1.spotify.net",
    "message_method": "GET",
    "message_ms_latency": 78,
    "message_product": "premium",
    "message_status_code": "200"
  },
  {
    "message_ip": "2a04:cec0:1077:dcfb:8099:321e:181b:7a5d",
    "message_referrer": "",
    "message_uri": "/v1/me/player?additional_types=episode",
    "message_user_agent": "Spotify/8.9.90 watchOS/8.8.1 (Watch3,3)",
    "timestamp_utc": "2024-11-18T13:14:59.078Z",
    "context_time": 1731935699078,
    "message_country": "DE",
    "message_domain": "gew1.spotify.net",
    "message_method": "GET",
    "message_ms_latency": 13,
    "message_product": "premium",
    "message_status_code": "204"
  },
  {
    "message_ip": "2a04:cec0:1071:460a:bc7b:2ba3:5f7:a102",
    "message_referrer": "",
    "message_uri": "/v1/me/player?additional_types=episode",
    "message_user_agent": "Spotify/8.9.90 watchOS/8.8.1 (Watch3,3)",
    "timestamp_utc": "2024-11-16T20:07:39.813Z",
    "context_time": 1731787659813,
    "message_country": "DE",
    "message_domain": "gew1.spotify.net",
    "message_method": "GET",
    "message_ms_latency": 88,
    "message_product": "premium",
    "message_status_code": "200"
  },
  {
    "message_ip": "2a04:cec0:1077:dcfb:7403:932f:f597:989",
    "message_referrer": "",
    "message_uri": "/v1/me/player?additional_types=episode",
    "message_user_agent": "Spotify/8.9.90 watchOS/8.8.1 (Watch3,3)",
    "timestamp_utc": "2024-11-18T16:22:14.005Z",
    "context_time": 1731946934005,
    "message_country": "DE",
    "message_domain": "gew1.spotify.net",
    "message_method": "GET",
    "message_ms_latency": 37,
    "message_product": "premium",
    "message_status_code": "200"
  },
  {
    "message_ip": "2a04:cec0:1064:44b9:f14c:c7ec:208e:f965",
    "message_referrer": "",
    "message_uri": "/v1/me/player?additional_types=episode",
    "message_user_agent": "Spotify/8.9.94 watchOS/8.8.1 (Watch3,3)",
    "timestamp_utc": "2024-12-05T13:12:37.373Z",
    "context_time": 1733404357373,
    "message_country": "DE",
    "message_domain": "gew1.spotify.net",
    "message_method": "GET",
    "message_ms_latency": 68,
    "message_product": "premium",
    "message_status_code": "200"
  },
  {
    "message_ip": "2a04:cec0:1077:dcfb:7403:932f:f597:989",
    "message_referrer": "",
    "message_uri": "/v1/me/player?additional_types=episode",
    "message_user_agent": "Spotify/8.9.90 watchOS/8.8.1 (Watch3,3)",
    "timestamp_utc": "2024-11-18T16:24:38.574Z",
    "context_time": 1731947078574,
    "message_country": "DE",
    "message_domain": "gew1.spotify.net",
    "message_method": "GET",
    "message_ms_latency": 67,
    "message_product": "premium",
    "message_status_code": "200"
  },
  {
    "message_ip": "134.214.214.230",
    "message_referrer": "https://support.spotify.com/",
    "message_uri": "/v1/me",
    "message_user_agent": "Mozilla/5.0 (Windows NT 10.0; Win64; x64) AppleWebKit/537.36 (KHTML, like Gecko) Chrome/131.0.0.0 Safari/537.36 Edg/131.0.0.0",
    "timestamp_utc": "2024-12-03T09:41:40.322Z",
    "context_time": 1733218900322,
    "message_country": "DE",
    "message_domain": "gew1.spotify.net",
    "message_method": "GET",
    "message_ms_latency": 15,
    "message_product": "premium",
    "message_status_code": "304"
  },
  {
    "message_ip": "46.193.64.103",
    "message_referrer": "",
    "message_uri": "/v1/me/player?additional_types=episode",
    "message_user_agent": "Spotify/8.9.90 watchOS/8.8.1 (Watch3,3)",
    "timestamp_utc": "2024-11-18T17:32:28.729Z",
    "context_time": 1731951148729,
    "message_country": "DE",
    "message_domain": "gew1.spotify.net",
    "message_method": "GET",
    "message_ms_latency": 15,
    "message_product": "premium",
    "message_status_code": "204"
  },
  {
    "message_ip": "2a04:cec0:1071:460a:bc7b:2ba3:5f7:a102",
    "message_referrer": "",
    "message_uri": "/v1/me/player?additional_types=episode",
    "message_user_agent": "Spotify/8.9.90 watchOS/8.8.1 (Watch3,3)",
    "timestamp_utc": "2024-11-16T20:09:03.195Z",
    "context_time": 1731787743195,
    "message_country": "DE",
    "message_domain": "gew1.spotify.net",
    "message_method": "GET",
    "message_ms_latency": 63,
    "message_product": "premium",
    "message_status_code": "200"
  },
  {
    "message_ip": "46.193.64.103",
    "message_referrer": "https://xpui.app.spotify.com/",
    "message_uri": "/v1/albums/5r0lBNJeCi4rKR7qUuaVbB?market=from_token",
    "message_user_agent": "Mozilla/5.0 (Windows NT 10.0; Win64; x64) AppleWebKit/537.36 (KHTML, like Gecko) Chrome/129.0.6668.90 Spotify/1.2.50.335 Safari/537.36",
    "timestamp_utc": "2024-11-25T21:48:58.043Z",
    "context_time": 1732571338043,
    "message_country": "DE",
    "message_domain": "gew1.spotify.net",
    "message_method": "GET",
    "message_ms_latency": 64,
    "message_product": "premium",
    "message_status_code": "304"
  },
  {
    "message_ip": "34.79.185.15",
    "message_referrer": "",
    "message_uri": "/v1/me",
    "message_user_agent": "OpenSpotify Node.js server_2024-11-12_1731452812379_3824e6a",
    "timestamp_utc": "2024-11-13T04:30:07.625Z",
    "context_time": 1731472207625,
    "message_country": "DE",
    "message_domain": "gew1.spotify.net",
    "message_method": "GET",
    "message_ms_latency": 64,
    "message_product": "premium",
    "message_status_code": "200"
  },
  {
    "message_ip": "2a04:cec0:1077:dcfb:8099:321e:181b:7a5d",
    "message_referrer": "",
    "message_uri": "/v1/me/player?additional_types=episode",
    "message_user_agent": "Spotify/8.9.90 watchOS/8.8.1 (Watch3,3)",
    "timestamp_utc": "2024-11-18T13:15:02.492Z",
    "context_time": 1731935702492,
    "message_country": "DE",
    "message_domain": "gew1.spotify.net",
    "message_method": "GET",
    "message_ms_latency": 12,
    "message_product": "premium",
    "message_status_code": "204"
  },
  {
    "message_ip": "2a04:cec0:107b:46a2:9999:ee12:96df:5f1d",
    "message_referrer": "https://xpui.app.spotify.com/",
    "message_uri": "/v1/playlists/143W2Bzlc6fvmPi5ragAT2?additional_types=track&market=from_token",
    "message_user_agent": "Mozilla/5.0 (Windows NT 10.0; Win64; x64) AppleWebKit/537.36 (KHTML, like Gecko) Chrome/129.0.6668.90 Spotify/1.2.50.335 Safari/537.36",
    "timestamp_utc": "2024-11-23T09:30:02.352Z",
    "context_time": 1732354202352,
    "message_country": "DE",
    "message_domain": "gew1.spotify.net",
    "message_method": "GET",
    "message_ms_latency": 350,
    "message_product": "premium",
    "message_status_code": "200"
  },
  {
    "message_ip": "2a04:cec0:1077:dcfb:8099:321e:181b:7a5d",
    "message_referrer": "",
    "message_uri": "/v1/me/player?additional_types=episode",
    "message_user_agent": "Spotify/8.9.90 watchOS/8.8.1 (Watch3,3)",
    "timestamp_utc": "2024-11-18T13:05:18.194Z",
    "context_time": 1731935118194,
    "message_country": "DE",
    "message_domain": "gew1.spotify.net",
    "message_method": "GET",
    "message_ms_latency": 93,
    "message_product": "premium",
    "message_status_code": "200"
  },
  {
    "message_ip": "2a04:cec0:1077:dcfb:7403:932f:f597:989",
    "message_referrer": "",
    "message_uri": "/v1/me/player?additional_types=episode",
    "message_user_agent": "Spotify/8.9.90 watchOS/8.8.1 (Watch3,3)",
    "timestamp_utc": "2024-11-18T16:20:50.800Z",
    "context_time": 1731946850800,
    "message_country": "DE",
    "message_domain": "gew1.spotify.net",
    "message_method": "GET",
    "message_ms_latency": 82,
    "message_product": "premium",
    "message_status_code": "200"
  },
  {
    "message_ip": "2a04:cec0:1071:460a:bc7b:2ba3:5f7:a102",
    "message_referrer": "",
    "message_uri": "/v1/me/player?additional_types=episode",
    "message_user_agent": "Spotify/8.9.90 watchOS/8.8.1 (Watch3,3)",
    "timestamp_utc": "2024-11-16T20:33:37.878Z",
    "context_time": 1731789217878,
    "message_country": "DE",
    "message_domain": "gew1.spotify.net",
    "message_method": "GET",
    "message_ms_latency": 120,
    "message_product": "premium",
    "message_status_code": "200"
  },
  {
    "message_ip": "46.193.64.103",
    "message_referrer": "",
    "message_uri": "/v1/me/player?additional_types=episode",
    "message_user_agent": "Spotify/8.9.94 watchOS/8.8.1 (Watch3,3)",
    "timestamp_utc": "2024-12-02T16:36:59.341Z",
    "context_time": 1733157419341,
    "message_country": "DE",
    "message_domain": "gew1.spotify.net",
    "message_method": "GET",
    "message_ms_latency": 12,
    "message_product": "premium",
    "message_status_code": "204"
  },
  {
    "message_ip": "2a04:cec0:1071:460a:bc7b:2ba3:5f7:a102",
    "message_referrer": "",
    "message_uri": "/v1/me/player?additional_types=episode",
    "message_user_agent": "Spotify/8.9.90 watchOS/8.8.1 (Watch3,3)",
    "timestamp_utc": "2024-11-16T20:08:22.648Z",
    "context_time": 1731787702648,
    "message_country": "DE",
    "message_domain": "gew1.spotify.net",
    "message_method": "GET",
    "message_ms_latency": 49,
    "message_product": "premium",
    "message_status_code": "200"
  },
  {
    "message_ip": "2a04:cec0:1064:44b9:f14c:c7ec:208e:f965",
    "message_referrer": "",
    "message_uri": "/v1/me/player?additional_types=episode",
    "message_user_agent": "Spotify/8.9.94 watchOS/8.8.1 (Watch3,3)",
    "timestamp_utc": "2024-12-05T13:14:27.391Z",
    "context_time": 1733404467391,
    "message_country": "DE",
    "message_domain": "gew1.spotify.net",
    "message_method": "GET",
    "message_ms_latency": 12,
    "message_product": "premium",
    "message_status_code": "204"
  },
  {
    "message_ip": "2a04:cec0:1064:44b9:f14c:c7ec:208e:f965",
    "message_referrer": "",
    "message_uri": "/v1/me/player?additional_types=episode",
    "message_user_agent": "Spotify/8.9.94 watchOS/8.8.1 (Watch3,3)",
    "timestamp_utc": "2024-12-05T13:12:55.121Z",
    "context_time": 1733404375121,
    "message_country": "DE",
    "message_domain": "gew1.spotify.net",
    "message_method": "GET",
    "message_ms_latency": 60,
    "message_product": "premium",
    "message_status_code": "200"
  },
  {
    "message_ip": "46.193.64.103",
    "message_referrer": "",
    "message_uri": "/v1/me/player?additional_types=episode",
    "message_user_agent": "Spotify/8.9.90 watchOS/8.8.1 (Watch3,3)",
    "timestamp_utc": "2024-11-18T17:16:45.654Z",
    "context_time": 1731950205654,
    "message_country": "DE",
    "message_domain": "gew1.spotify.net",
    "message_method": "GET",
    "message_ms_latency": 37,
    "message_product": "premium",
    "message_status_code": "200"
  },
  {
    "message_ip": "2a04:cec0:106f:7a45:15d7:8abb:1ba5:da65",
    "message_referrer": "",
    "message_uri": "/v1/me/player?additional_types=episode",
    "message_user_agent": "Spotify/8.9.90 watchOS/8.8.1 (Watch3,3)",
    "timestamp_utc": "2024-11-15T08:49:50.676Z",
    "context_time": 1731660590676,
    "message_country": "DE",
    "message_domain": "gew1.spotify.net",
    "message_method": "GET",
    "message_ms_latency": 22,
    "message_product": "premium",
    "message_status_code": "204"
  },
  {
    "message_ip": "2a04:cec0:106d:f949:c02a:d08f:101e:845c",
    "message_referrer": "",
    "message_uri": "/v1/me/player?additional_types=episode",
    "message_user_agent": "Spotify/8.9.94 watchOS/8.8.1 (Watch3,3)",
    "timestamp_utc": "2024-11-22T09:05:15.170Z",
    "context_time": 1732266315170,
    "message_country": "DE",
    "message_domain": "gew1.spotify.net",
    "message_method": "GET",
    "message_ms_latency": 94,
    "message_product": "premium",
    "message_status_code": "200"
  },
  {
    "message_ip": "2a04:cec0:10d1:4a6a:4882:5a19:e2a6:4ea0",
    "message_referrer": "",
    "message_uri": "/v1/me/player?additional_types=episode",
    "message_user_agent": "Spotify/8.9.94 watchOS/8.8.1 (Watch3,3)",
    "timestamp_utc": "2024-11-23T11:59:45.953Z",
    "context_time": 1732363185953,
    "message_country": "DE",
    "message_domain": "gew1.spotify.net",
    "message_method": "GET",
    "message_ms_latency": 12,
    "message_product": "premium",
    "message_status_code": "204"
  },
  {
    "message_ip": "2a04:cec0:1077:dcfb:7403:932f:f597:989",
    "message_referrer": "",
    "message_uri": "/v1/me/player?additional_types=episode",
    "message_user_agent": "Spotify/8.9.90 watchOS/8.8.1 (Watch3,3)",
    "timestamp_utc": "2024-11-18T16:44:46.036Z",
    "context_time": 1731948286036,
    "message_country": "DE",
    "message_domain": "gew1.spotify.net",
    "message_method": "GET",
    "message_ms_latency": 84,
    "message_product": "premium",
    "message_status_code": "200"
  },
  {
    "message_ip": "2a04:cec0:1077:dcfb:7403:932f:f597:989",
    "message_referrer": "",
    "message_uri": "/v1/me/player?additional_types=episode",
    "message_user_agent": "Spotify/8.9.90 watchOS/8.8.1 (Watch3,3)",
    "timestamp_utc": "2024-11-18T16:57:44.569Z",
    "context_time": 1731949064569,
    "message_country": "DE",
    "message_domain": "gew1.spotify.net",
    "message_method": "GET",
    "message_ms_latency": 46,
    "message_product": "premium",
    "message_status_code": "200"
  },
  {
    "message_ip": "46.193.64.103",
    "message_referrer": "",
    "message_uri": "/v1/me/player?additional_types=episode",
    "message_user_agent": "Spotify/8.9.90 watchOS/8.8.1 (Watch3,3)",
    "timestamp_utc": "2024-11-18T17:11:08.997Z",
    "context_time": 1731949868997,
    "message_country": "DE",
    "message_domain": "gew1.spotify.net",
    "message_method": "GET",
    "message_ms_latency": 47,
    "message_product": "premium",
    "message_status_code": "200"
  },
  {
    "message_ip": "80.215.157.203",
    "message_referrer": "",
    "message_uri": "/v1/me/player?additional_types=episode",
    "message_user_agent": "Spotify/8.9.94 watchOS/8.8.1 (Watch3,3)",
    "timestamp_utc": "2024-11-24T20:23:54.135Z",
    "context_time": 1732479834135,
    "message_country": "DE",
    "message_domain": "gew1.spotify.net",
    "message_method": "GET",
    "message_ms_latency": 39,
    "message_product": "premium",
    "message_status_code": "200"
  },
  {
    "message_ip": "2a04:cec0:1078:e7c0:f40a:a6ea:b06:9023",
    "message_referrer": "",
    "message_uri": "/v1/me/player?additional_types=episode",
    "message_user_agent": "Spotify/8.9.90 watchOS/8.8.1 (Watch3,3)",
    "timestamp_utc": "2024-11-12T13:04:54.347Z",
    "context_time": 1731416694347,
    "message_country": "DE",
    "message_domain": "gew1.spotify.net",
    "message_method": "GET",
    "message_ms_latency": 50,
    "message_product": "premium",
    "message_status_code": "200"
  },
  {
    "message_ip": "2a04:cec0:1077:dcfb:8099:321e:181b:7a5d",
    "message_referrer": "",
    "message_uri": "/v1/me/player?additional_types=episode",
    "message_user_agent": "Spotify/8.9.90 watchOS/8.8.1 (Watch3,3)",
    "timestamp_utc": "2024-11-18T13:04:21.463Z",
    "context_time": 1731935061463,
    "message_country": "DE",
    "message_domain": "gew1.spotify.net",
    "message_method": "GET",
    "message_ms_latency": 45,
    "message_product": "premium",
    "message_status_code": "200"
  },
  {
    "message_ip": "46.193.64.103",
    "message_referrer": "",
    "message_uri": "/v1/me/player?additional_types=episode",
    "message_user_agent": "Spotify/8.9.90 watchOS/8.8.1 (Watch3,3)",
    "timestamp_utc": "2024-11-18T17:13:10.593Z",
    "context_time": 1731949990593,
    "message_country": "DE",
    "message_domain": "gew1.spotify.net",
    "message_method": "GET",
    "message_ms_latency": 42,
    "message_product": "premium",
    "message_status_code": "200"
  },
  {
    "message_ip": "2a04:cec0:1077:dcfb:8099:321e:181b:7a5d",
    "message_referrer": "",
    "message_uri": "/v1/me/player?additional_types=episode",
    "message_user_agent": "Spotify/8.9.90 watchOS/8.8.1 (Watch3,3)",
    "timestamp_utc": "2024-11-18T13:15:10.704Z",
    "context_time": 1731935710704,
    "message_country": "DE",
    "message_domain": "gew1.spotify.net",
    "message_method": "GET",
    "message_ms_latency": 20,
    "message_product": "premium",
    "message_status_code": "204"
  },
  {
    "message_ip": "2a04:cec0:1059:d295:7d87:a9d2:15b6:4a39",
    "message_referrer": "",
    "message_uri": "/v1/me/player?additional_types=episode",
    "message_user_agent": "Spotify/8.9.94 watchOS/8.8.1 (Watch3,3)",
    "timestamp_utc": "2024-11-24T20:16:53.320Z",
    "context_time": 1732479413320,
    "message_country": "DE",
    "message_domain": "gew1.spotify.net",
    "message_method": "GET",
    "message_ms_latency": 80,
    "message_product": "premium",
    "message_status_code": "200"
  },
  {
    "message_ip": "2a04:cec0:1077:dcfb:7403:932f:f597:989",
    "message_referrer": "",
    "message_uri": "/v1/me/player?additional_types=episode",
    "message_user_agent": "Spotify/8.9.90 watchOS/8.8.1 (Watch3,3)",
    "timestamp_utc": "2024-11-18T16:25:10.997Z",
    "context_time": 1731947110997,
    "message_country": "DE",
    "message_domain": "gew1.spotify.net",
    "message_method": "GET",
    "message_ms_latency": 159,
    "message_product": "premium",
    "message_status_code": "200"
  },
  {
    "message_ip": "46.193.64.103",
    "message_referrer": "",
    "message_uri": "/v1/me/player?additional_types=episode",
    "message_user_agent": "Spotify/8.9.90 watchOS/8.8.1 (Watch3,3)",
    "timestamp_utc": "2024-11-18T17:31:52.375Z",
    "context_time": 1731951112375,
    "message_country": "DE",
    "message_domain": "gew1.spotify.net",
    "message_method": "GET",
    "message_ms_latency": 13,
    "message_product": "premium",
    "message_status_code": "204"
  },
  {
    "message_ip": "2a04:cec0:106d:f949:c02a:d08f:101e:845c",
    "message_referrer": "",
    "message_uri": "/v1/me/player?additional_types=episode",
    "message_user_agent": "Spotify/8.9.94 watchOS/8.8.1 (Watch3,3)",
    "timestamp_utc": "2024-11-22T09:16:11.081Z",
    "context_time": 1732266971081,
    "message_country": "DE",
    "message_domain": "gew1.spotify.net",
    "message_method": "GET",
    "message_ms_latency": 50,
    "message_product": "premium",
    "message_status_code": "200"
  },
  {
    "message_ip": "2a04:cec0:1059:d295:d088:ecc0:2717:8710",
    "message_referrer": "",
    "message_uri": "/v1/me/player?additional_types=episode",
    "message_user_agent": "Spotify/8.9.94 watchOS/8.8.1 (Watch3,3)",
    "timestamp_utc": "2024-11-24T20:49:29.101Z",
    "context_time": 1732481369101,
    "message_country": "DE",
    "message_domain": "gew1.spotify.net",
    "message_method": "GET",
    "message_ms_latency": 89,
    "message_product": "premium",
    "message_status_code": "200"
  },
  {
    "message_ip": "2a04:cec0:1059:d295:d088:ecc0:2717:8710",
    "message_referrer": "",
    "message_uri": "/v1/me/player?additional_types=episode",
    "message_user_agent": "Spotify/8.9.94 watchOS/8.8.1 (Watch3,3)",
    "timestamp_utc": "2024-11-24T20:29:05.536Z",
    "context_time": 1732480145536,
    "message_country": "DE",
    "message_domain": "gew1.spotify.net",
    "message_method": "GET",
    "message_ms_latency": 13,
    "message_product": "premium",
    "message_status_code": "204"
  },
  {
    "message_ip": "46.193.64.103",
    "message_referrer": "",
    "message_uri": "/v1/me/player?additional_types=episode",
    "message_user_agent": "Spotify/8.9.90 watchOS/8.8.1 (Watch3,3)",
    "timestamp_utc": "2024-11-18T17:17:40.928Z",
    "context_time": 1731950260928,
    "message_country": "DE",
    "message_domain": "gew1.spotify.net",
    "message_method": "GET",
    "message_ms_latency": 38,
    "message_product": "premium",
    "message_status_code": "200"
  },
  {
    "message_ip": "2a04:cec0:106d:f949:c02a:d08f:101e:845c",
    "message_referrer": "",
    "message_uri": "/v1/me/player?additional_types=episode",
    "message_user_agent": "Spotify/8.9.94 watchOS/8.8.1 (Watch3,3)",
    "timestamp_utc": "2024-11-22T09:05:48.956Z",
    "context_time": 1732266348956,
    "message_country": "DE",
    "message_domain": "gew1.spotify.net",
    "message_method": "GET",
    "message_ms_latency": 82,
    "message_product": "premium",
    "message_status_code": "200"
  },
  {
    "message_ip": "46.193.64.103",
    "message_referrer": "",
    "message_uri": "/v1/me/player?additional_types=episode",
    "message_user_agent": "Spotify/8.9.90 watchOS/8.8.1 (Watch3,3)",
    "timestamp_utc": "2024-11-18T17:25:33.073Z",
    "context_time": 1731950733073,
    "message_country": "DE",
    "message_domain": "gew1.spotify.net",
    "message_method": "GET",
    "message_ms_latency": 43,
    "message_product": "premium",
    "message_status_code": "200"
  },
  {
    "message_ip": "2a04:cec0:1077:dcfb:7403:932f:f597:989",
    "message_referrer": "",
    "message_uri": "/v1/me/player?additional_types=episode",
    "message_user_agent": "Spotify/8.9.90 watchOS/8.8.1 (Watch3,3)",
    "timestamp_utc": "2024-11-18T16:57:08.639Z",
    "context_time": 1731949028639,
    "message_country": "DE",
    "message_domain": "gew1.spotify.net",
    "message_method": "GET",
    "message_ms_latency": 57,
    "message_product": "premium",
    "message_status_code": "200"
  },
  {
    "message_ip": "2a04:cec0:1077:dcfb:8099:321e:181b:7a5d",
    "message_referrer": "",
    "message_uri": "/v1/me/player?additional_types=episode",
    "message_user_agent": "Spotify/8.9.90 watchOS/8.8.1 (Watch3,3)",
    "timestamp_utc": "2024-11-18T13:17:19.817Z",
    "context_time": 1731935839817,
    "message_country": "DE",
    "message_domain": "gew1.spotify.net",
    "message_method": "GET",
    "message_ms_latency": 13,
    "message_product": "premium",
    "message_status_code": "204"
  },
  {
    "message_ip": "2a04:cec0:1077:dcfb:7403:932f:f597:989",
    "message_referrer": "",
    "message_uri": "/v1/me/player?additional_types=episode",
    "message_user_agent": "Spotify/8.9.90 watchOS/8.8.1 (Watch3,3)",
    "timestamp_utc": "2024-11-18T16:27:57.478Z",
    "context_time": 1731947277478,
    "message_country": "DE",
    "message_domain": "gew1.spotify.net",
    "message_method": "GET",
    "message_ms_latency": 67,
    "message_product": "premium",
    "message_status_code": "200"
  },
  {
    "message_ip": "134.214.214.230",
    "message_referrer": "https://support.spotify.com/",
    "message_uri": "/v1/me",
    "message_user_agent": "Mozilla/5.0 (Windows NT 10.0; Win64; x64) AppleWebKit/537.36 (KHTML, like Gecko) Chrome/131.0.0.0 Safari/537.36 Edg/131.0.0.0",
    "timestamp_utc": "2024-12-03T09:41:40.153Z",
    "context_time": 1733218900153,
    "message_country": "DE",
    "message_domain": "gew1.spotify.net",
    "message_method": "GET",
    "message_ms_latency": 24,
    "message_product": "premium",
    "message_status_code": "200"
  },
  {
    "message_ip": "2a04:cec0:1077:dcfb:8099:321e:181b:7a5d",
    "message_referrer": "",
    "message_uri": "/v1/me/player?additional_types=episode",
    "message_user_agent": "Spotify/8.9.90 watchOS/8.8.1 (Watch3,3)",
    "timestamp_utc": "2024-11-18T13:08:49.476Z",
    "context_time": 1731935329476,
    "message_country": "DE",
    "message_domain": "gew1.spotify.net",
    "message_method": "GET",
    "message_ms_latency": 94,
    "message_product": "premium",
    "message_status_code": "200"
  },
  {
    "message_ip": "2a04:cec0:10d8:7bec:99f0:4c03:c610:efdf",
    "message_referrer": "",
    "message_uri": "/v1/me/player?additional_types=episode",
    "message_user_agent": "Spotify/8.9.84 watchOS/8.8.1 (Watch3,3)",
    "timestamp_utc": "2024-11-08T08:31:47.407Z",
    "context_time": 1731054707407,
    "message_country": "DE",
    "message_domain": "gew1.spotify.net",
    "message_method": "GET",
    "message_ms_latency": 20,
    "message_product": "premium",
    "message_status_code": "204"
  },
  {
    "message_ip": "2a04:cec0:1077:dcfb:8099:321e:181b:7a5d",
    "message_referrer": "",
    "message_uri": "/v1/me/player?additional_types=episode",
    "message_user_agent": "Spotify/8.9.90 watchOS/8.8.1 (Watch3,3)",
    "timestamp_utc": "2024-11-18T13:23:11.728Z",
    "context_time": 1731936191728,
    "message_country": "DE",
    "message_domain": "gew1.spotify.net",
    "message_method": "GET",
    "message_ms_latency": 14,
    "message_product": "premium",
    "message_status_code": "204"
  },
  {
    "message_ip": "46.193.64.103",
    "message_referrer": "",
    "message_uri": "/v1/me/player/devices",
    "message_user_agent": "Spotify/8.9.94 watchOS/8.8.1 (Watch3,3)",
    "timestamp_utc": "2024-11-27T11:49:11.476Z",
    "context_time": 1732708151476,
    "message_country": "DE",
    "message_domain": "gew1.spotify.net",
    "message_method": "GET",
    "message_ms_latency": 14,
    "message_product": "premium",
    "message_status_code": "200"
  },
  {
    "message_ip": "2a02:3100:7eaf:a000:e980:5441:68f4:d64d",
    "message_referrer": "https://xpui.app.spotify.com/",
    "message_uri": "/v1/playlists/0DJ1MAN0lTZhYSaXHJ8ksX?additional_types=track&market=from_token",
    "message_user_agent": "Mozilla/5.0 (Macintosh; Intel Mac OS X 10_15_7) AppleWebKit/537.36 (KHTML, like Gecko) Chrome/130.0.6723.117 Spotify/1.2.51.345 Safari/537.36",
    "timestamp_utc": "2024-11-26T20:14:56.595Z",
    "context_time": 1732652096595,
    "message_country": "DE",
    "message_domain": "gew4.spotify.net",
    "message_method": "GET",
    "message_ms_latency": 359,
    "message_product": "premium",
    "message_status_code": "200"
  },
  {
    "message_ip": "2a04:cec0:1077:dcfb:7403:932f:f597:989",
    "message_referrer": "",
    "message_uri": "/v1/me/player?additional_types=episode",
    "message_user_agent": "Spotify/8.9.90 watchOS/8.8.1 (Watch3,3)",
    "timestamp_utc": "2024-11-18T16:22:12.963Z",
    "context_time": 1731946932963,
    "message_country": "DE",
    "message_domain": "gew1.spotify.net",
    "message_method": "GET",
    "message_ms_latency": 40,
    "message_product": "premium",
    "message_status_code": "200"
  },
  {
    "message_ip": "2a04:cec0:106d:f949:446e:2cc2:244b:5759",
    "message_referrer": "",
    "message_uri": "/v1/me/player?additional_types=episode",
    "message_user_agent": "Spotify/8.9.94 watchOS/8.8.1 (Watch3,3)",
    "timestamp_utc": "2024-11-22T09:18:45.442Z",
    "context_time": 1732267125442,
    "message_country": "DE",
    "message_domain": "gew1.spotify.net",
    "message_method": "GET",
    "message_ms_latency": 25,
    "message_product": "premium",
    "message_status_code": "204"
  },
  {
    "message_ip": "34.77.188.198",
    "message_referrer": "",
    "message_uri": "/v1/me",
    "message_user_agent": "OpenSpotify Node.js server_2024-11-12_1731452812379_3824e6a",
    "timestamp_utc": "2024-11-13T06:18:58.996Z",
    "context_time": 1731478738996,
    "message_country": "DE",
    "message_domain": "gew1.spotify.net",
    "message_method": "GET",
    "message_ms_latency": 32,
    "message_product": "premium",
    "message_status_code": "200"
  },
  {
    "message_ip": "2a04:cec0:10d1:4a6a:4882:5a19:e2a6:4ea0",
    "message_referrer": "",
    "message_uri": "/v1/me/player?additional_types=episode",
    "message_user_agent": "Spotify/8.9.94 watchOS/8.8.1 (Watch3,3)",
    "timestamp_utc": "2024-11-23T11:33:40.464Z",
    "context_time": 1732361620464,
    "message_country": "DE",
    "message_domain": "gew1.spotify.net",
    "message_method": "GET",
    "message_ms_latency": 46,
    "message_product": "premium",
    "message_status_code": "200"
  },
  {
    "message_ip": "46.193.64.103",
    "message_referrer": "",
    "message_uri": "/v1/me/player?additional_types=episode",
    "message_user_agent": "Spotify/8.9.94 watchOS/8.8.1 (Watch3,3)",
    "timestamp_utc": "2024-11-27T11:49:11.479Z",
    "context_time": 1732708151479,
    "message_country": "DE",
    "message_domain": "gew1.spotify.net",
    "message_method": "GET",
    "message_ms_latency": 11,
    "message_product": "premium",
    "message_status_code": "204"
  },
  {
    "message_ip": "2a04:cec0:1071:460a:bc7b:2ba3:5f7:a102",
    "message_referrer": "",
    "message_uri": "/v1/me/player?additional_types=episode",
    "message_user_agent": "Spotify/8.9.90 watchOS/8.8.1 (Watch3,3)",
    "timestamp_utc": "2024-11-16T19:22:45.808Z",
    "context_time": 1731784965808,
    "message_country": "DE",
    "message_domain": "gew1.spotify.net",
    "message_method": "GET",
    "message_ms_latency": 21,
    "message_product": "premium",
    "message_status_code": "204"
  },
  {
    "message_ip": "134.214.214.230",
    "message_referrer": "https://support.spotify.com/",
    "message_uri": "/v1/me",
    "message_user_agent": "Mozilla/5.0 (Windows NT 10.0; Win64; x64) AppleWebKit/537.36 (KHTML, like Gecko) Chrome/131.0.0.0 Safari/537.36 Edg/131.0.0.0",
    "timestamp_utc": "2024-12-03T09:44:00.892Z",
    "context_time": 1733219040892,
    "message_country": "DE",
    "message_domain": "gew1.spotify.net",
    "message_method": "GET",
    "message_ms_latency": 15,
    "message_product": "premium",
    "message_status_code": "304"
  },
  {
    "message_ip": "2a04:cec0:1077:dcfb:8099:321e:181b:7a5d",
    "message_referrer": "",
    "message_uri": "/v1/me/player?additional_types=episode",
    "message_user_agent": "Spotify/8.9.90 watchOS/8.8.1 (Watch3,3)",
    "timestamp_utc": "2024-11-18T13:03:38.664Z",
    "context_time": 1731935018664,
    "message_country": "DE",
    "message_domain": "gew1.spotify.net",
    "message_method": "GET",
    "message_ms_latency": 56,
    "message_product": "premium",
    "message_status_code": "200"
  },
  {
    "message_ip": "2a04:cec0:1078:e7c0:f40a:a6ea:b06:9023",
    "message_referrer": "",
    "message_uri": "/v1/me/player?additional_types=episode",
    "message_user_agent": "Spotify/8.9.90 watchOS/8.8.1 (Watch3,3)",
    "timestamp_utc": "2024-11-12T12:46:31.288Z",
    "context_time": 1731415591288,
    "message_country": "DE",
    "message_domain": "gew1.spotify.net",
    "message_method": "GET",
    "message_ms_latency": 66,
    "message_product": "premium",
    "message_status_code": "200"
  },
  {
    "message_ip": "2a04:cec0:1077:dcfb:8099:321e:181b:7a5d",
    "message_referrer": "",
    "message_uri": "/v1/me/player?additional_types=episode",
    "message_user_agent": "Spotify/8.9.90 watchOS/8.8.1 (Watch3,3)",
    "timestamp_utc": "2024-11-18T13:15:44.965Z",
    "context_time": 1731935744965,
    "message_country": "DE",
    "message_domain": "gew1.spotify.net",
    "message_method": "GET",
    "message_ms_latency": 12,
    "message_product": "premium",
    "message_status_code": "204"
  },
  {
    "message_ip": "2a04:cec0:106d:f949:c02a:d08f:101e:845c",
    "message_referrer": "",
    "message_uri": "/v1/me/player?additional_types=episode",
    "message_user_agent": "Spotify/8.9.94 watchOS/8.8.1 (Watch3,3)",
    "timestamp_utc": "2024-11-22T09:11:26.578Z",
    "context_time": 1732266686578,
    "message_country": "DE",
    "message_domain": "gew1.spotify.net",
    "message_method": "GET",
    "message_ms_latency": 87,
    "message_product": "premium",
    "message_status_code": "200"
  },
  {
    "message_ip": "2a04:cec0:1064:44b9:f14c:c7ec:208e:f965",
    "message_referrer": "",
    "message_uri": "/v1/me/player?additional_types=episode",
    "message_user_agent": "Spotify/8.9.94 watchOS/8.8.1 (Watch3,3)",
    "timestamp_utc": "2024-12-05T13:13:28.852Z",
    "context_time": 1733404408852,
    "message_country": "DE",
    "message_domain": "gew1.spotify.net",
    "message_method": "GET",
    "message_ms_latency": 72,
    "message_product": "premium",
    "message_status_code": "200"
  },
  {
    "message_ip": "2a04:cec0:1077:dcfb:7403:932f:f597:989",
    "message_referrer": "",
    "message_uri": "/v1/me/player?additional_types=episode",
    "message_user_agent": "Spotify/8.9.90 watchOS/8.8.1 (Watch3,3)",
    "timestamp_utc": "2024-11-18T16:22:17.292Z",
    "context_time": 1731946937292,
    "message_country": "DE",
    "message_domain": "gew1.spotify.net",
    "message_method": "GET",
    "message_ms_latency": 41,
    "message_product": "premium",
    "message_status_code": "200"
  },
  {
    "message_ip": "34.91.69.126",
    "message_referrer": "",
    "message_uri": "/v1/me",
    "message_user_agent": "OpenSpotify Node.js server_2024-11-19_1732042611969_05b65cd",
    "timestamp_utc": "2024-11-19T19:53:13.508Z",
    "context_time": 1732045993508,
    "message_country": "DE",
    "message_domain": "gew4.spotify.net",
    "message_method": "GET",
    "message_ms_latency": 50,
    "message_product": "premium",
    "message_status_code": "200"
  },
  {
    "message_ip": "2a04:cec0:1077:dcfb:7403:932f:f597:989",
    "message_referrer": "",
    "message_uri": "/v1/me/player?additional_types=episode",
    "message_user_agent": "Spotify/8.9.90 watchOS/8.8.1 (Watch3,3)",
    "timestamp_utc": "2024-11-18T16:24:35.486Z",
    "context_time": 1731947075486,
    "message_country": "DE",
    "message_domain": "gew1.spotify.net",
    "message_method": "GET",
    "message_ms_latency": 39,
    "message_product": "premium",
    "message_status_code": "200"
  },
  {
    "message_ip": "2a04:cec0:1071:460a:bc7b:2ba3:5f7:a102",
    "message_referrer": "",
    "message_uri": "/v1/me/player?additional_types=episode",
    "message_user_agent": "Spotify/8.9.90 watchOS/8.8.1 (Watch3,3)",
    "timestamp_utc": "2024-11-16T20:06:18.708Z",
    "context_time": 1731787578708,
    "message_country": "DE",
    "message_domain": "gew1.spotify.net",
    "message_method": "GET",
    "message_ms_latency": 67,
    "message_product": "premium",
    "message_status_code": "200"
  },
  {
    "message_ip": "46.193.64.103",
    "message_referrer": "",
    "message_uri": "/v1/me/player/devices",
    "message_user_agent": "Spotify/8.9.94 watchOS/8.8.1 (Watch3,3)",
    "timestamp_utc": "2024-12-02T16:36:59.341Z",
    "context_time": 1733157419341,
    "message_country": "DE",
    "message_domain": "gew1.spotify.net",
    "message_method": "GET",
    "message_ms_latency": 13,
    "message_product": "premium",
    "message_status_code": "200"
  },
  {
    "message_ip": "2a04:cec0:1077:dcfb:7403:932f:f597:989",
    "message_referrer": "",
    "message_uri": "/v1/me/player?additional_types=episode",
    "message_user_agent": "Spotify/8.9.90 watchOS/8.8.1 (Watch3,3)",
    "timestamp_utc": "2024-11-18T16:22:28.681Z",
    "context_time": 1731946948681,
    "message_country": "DE",
    "message_domain": "gew1.spotify.net",
    "message_method": "GET",
    "message_ms_latency": 38,
    "message_product": "premium",
    "message_status_code": "200"
  },
  {
    "message_ip": "46.193.64.103",
    "message_referrer": "",
    "message_uri": "/v1/me/player?additional_types=episode",
    "message_user_agent": "Spotify/8.9.90 watchOS/8.8.1 (Watch3,3)",
    "timestamp_utc": "2024-11-18T17:29:27.775Z",
    "context_time": 1731950967775,
    "message_country": "DE",
    "message_domain": "gew1.spotify.net",
    "message_method": "GET",
    "message_ms_latency": 115,
    "message_product": "premium",
    "message_status_code": "200"
  },
  {
    "message_ip": "2a04:cec0:106d:f949:c02a:d08f:101e:845c",
    "message_referrer": "",
    "message_uri": "/v1/me/player?additional_types=episode",
    "message_user_agent": "Spotify/8.9.90 watchOS/8.8.1 (Watch3,3)",
    "timestamp_utc": "2024-11-22T09:00:08.898Z",
    "context_time": 1732266008898,
    "message_country": "DE",
    "message_domain": "gew1.spotify.net",
    "message_method": "GET",
    "message_ms_latency": 14,
    "message_product": "premium",
    "message_status_code": "204"
  },
  {
    "message_ip": "2a04:cec0:1077:dcfb:8099:321e:181b:7a5d",
    "message_referrer": "",
    "message_uri": "/v1/me/player?additional_types=episode",
    "message_user_agent": "Spotify/8.9.90 watchOS/8.8.1 (Watch3,3)",
    "timestamp_utc": "2024-11-18T13:04:48.967Z",
    "context_time": 1731935088967,
    "message_country": "DE",
    "message_domain": "gew1.spotify.net",
    "message_method": "GET",
    "message_ms_latency": 135,
    "message_product": "premium",
    "message_status_code": "200"
  },
  {
    "message_ip": "46.193.64.103",
    "message_referrer": "",
    "message_uri": "/v1/me/player?additional_types=episode",
    "message_user_agent": "Spotify/8.9.90 watchOS/8.8.1 (Watch3,3)",
    "timestamp_utc": "2024-11-18T17:18:17.230Z",
    "context_time": 1731950297230,
    "message_country": "DE",
    "message_domain": "gew1.spotify.net",
    "message_method": "GET",
    "message_ms_latency": 40,
    "message_product": "premium",
    "message_status_code": "200"
  },
  {
    "message_ip": "31.222.79.129",
    "message_referrer": "",
    "message_uri": "/v1/me/top/artists?limit=50",
    "message_user_agent": "",
    "timestamp_utc": "2024-11-26T04:06:07.686Z",
    "context_time": 1732593967686,
    "message_country": "DE",
    "message_domain": "gew4.spotify.net",
    "message_method": "GET",
    "message_ms_latency": 213,
    "message_product": "premium",
    "message_status_code": "200"
  },
  {
    "message_ip": "2a04:cec0:1064:44b9:f14c:c7ec:208e:f965",
    "message_referrer": "",
    "message_uri": "/v1/me/player?additional_types=episode",
    "message_user_agent": "Spotify/8.9.94 watchOS/8.8.1 (Watch3,3)",
    "timestamp_utc": "2024-12-05T13:12:00.763Z",
    "context_time": 1733404320763,
    "message_country": "DE",
    "message_domain": "gew1.spotify.net",
    "message_method": "GET",
    "message_ms_latency": 137,
    "message_product": "premium",
    "message_status_code": "200"
  },
  {
    "message_ip": "2a04:cec0:1077:dcfb:7403:932f:f597:989",
    "message_referrer": "",
    "message_uri": "/v1/me/player?additional_types=episode",
    "message_user_agent": "Spotify/8.9.90 watchOS/8.8.1 (Watch3,3)",
    "timestamp_utc": "2024-11-18T16:05:45.961Z",
    "context_time": 1731945945961,
    "message_country": "DE",
    "message_domain": "gew1.spotify.net",
    "message_method": "GET",
    "message_ms_latency": 93,
    "message_product": "premium",
    "message_status_code": "200"
  }
]