[
  {
    "message_device_id": null,
    "timestamp_utc": "2024-12-03T09:44:00.463Z",
    "context_time": 1733219040463,
    "message_client_id": "31a0b2b20718446799a0f6adef1f2892",
    "message_event_id": "39fe970d-e17b-481d-ad68-4a019cd1660f",
    "message_redirect_uri": "https://support.spotify.com",
    "message_scope": "user-read-email,user-read-private,user-close-account"
  },
  {
    "message_device_id": null,
    "timestamp_utc": "2024-12-03T09:44:00.465Z",
    "context_time": 1733219040465,
    "message_client_id": "31a0b2b20718446799a0f6adef1f2892",
    "message_event_id": "394c289c-b424-41fc-bd3d-c70052b07d09",
    "message_redirect_uri": "https://support.spotify.com",
    "message_scope": "user-read-email,user-read-private,user-close-account"
  },
  {
    "message_device_id": null,
    "timestamp_utc": "2024-11-24T22:47:12.068Z",
    "context_time": 1732488432068,
    "message_client_id": "e9ab34d1eb27410fb103ec7a88e5aea0",
    "message_event_id": "37124c77-aed5-4edc-a668-b19ace9412b6",
    "message_redirect_uri": "bumble://spotify/callback",
    "message_scope": "user-top-read"
  },
  {
    "message_device_id": null,
    "timestamp_utc": "2024-12-03T09:44:00.364Z",
    "context_time": 1733219040364,
    "message_client_id": "e9d1d50fa1664f9390a6acf86aa3c46c",
    "message_event_id": "8680baa8-f13c-4ef9-96cf-94e94854a65d",
    "message_redirect_uri": "https://support.spotify.com",
    "message_scope": "transfer-auth-session"
  },
  {
    "message_device_id": null,
    "timestamp_utc": "2024-12-03T09:44:00.445Z",
    "context_time": 1733219040445,
    "message_client_id": "31a0b2b20718446799a0f6adef1f2892",
    "message_event_id": "815d3485-f133-4f6d-a44a-e939423e1650",
    "message_redirect_uri": "https://support.spotify.com",
    "message_scope": "user-read-email,user-read-private,user-close-account"
  },
  {
    "message_device_id": null,
    "timestamp_utc": "2024-12-03T09:41:39.855Z",
    "context_time": 1733218899855,
    "message_client_id": "31a0b2b20718446799a0f6adef1f2892",
    "message_event_id": "7bfd4915-2e17-4a31-91ae-ed7fed76cecd",
    "message_redirect_uri": "https://support.spotify.com",
    "message_scope": "user-read-email,user-read-private,user-close-account"
  },
  {
    "message_device_id": null,
    "timestamp_utc": "2024-12-03T09:41:39.881Z",
    "context_time": 1733218899881,
    "message_client_id": "31a0b2b20718446799a0f6adef1f2892",
    "message_event_id": "2d098726-6c4f-40ce-906d-d1ff495873f5",
    "message_redirect_uri": "https://support.spotify.com",
    "message_scope": "user-read-email,user-read-private,user-close-account"
  },
  {
    "message_device_id": null,
    "timestamp_utc": "2024-12-03T09:44:00.409Z",
    "context_time": 1733219040409,
    "message_client_id": "e9d1d50fa1664f9390a6acf86aa3c46c",
    "message_event_id": "372838de-b8ff-4ccf-a3a9-672577892192",
    "message_redirect_uri": "https://support.spotify.com",
    "message_scope": "transfer-auth-session"
  },
  {
    "message_device_id": null,
    "timestamp_utc": "2024-12-03T09:41:39.774Z",
    "context_time": 1733218899774,
    "message_client_id": "e9d1d50fa1664f9390a6acf86aa3c46c",
    "message_event_id": "1af561ac-cf56-4d11-a390-bd731ccf498f",
    "message_redirect_uri": "https://support.spotify.com",
    "message_scope": "transfer-auth-session"
  },
  {
    "message_device_id": null,
    "timestamp_utc": "2024-12-03T09:41:39.785Z",
    "context_time": 1733218899785,
    "message_client_id": "e9d1d50fa1664f9390a6acf86aa3c46c",
    "message_event_id": "fadaaf46-b900-43fb-a5d0-ab511552d3b2",
    "message_redirect_uri": "https://support.spotify.com",
    "message_scope": "transfer-auth-session"
  },
  {
    "message_device_id": null,
    "timestamp_utc": "2024-12-03T09:44:00.458Z",
    "context_time": 1733219040458,
    "message_client_id": "31a0b2b20718446799a0f6adef1f2892",
    "message_event_id": "6e4523af-bcd0-4a78-826f-c02db6490161",
    "message_redirect_uri": "https://support.spotify.com",
    "message_scope": "user-read-email,user-read-private,user-close-account"
  },
  {
    "message_device_id": null,
    "timestamp_utc": "2024-12-03T09:41:39.833Z",
    "context_time": 1733218899833,
    "message_client_id": "31a0b2b20718446799a0f6adef1f2892",
    "message_event_id": "60f902f5-7dda-4f4c-bca0-d155fd680487",
    "message_redirect_uri": "https://support.spotify.com",
    "message_scope": "user-read-email,user-read-private,user-close-account"
  },
  {
    "message_device_id": null,
    "timestamp_utc": "2024-12-03T09:41:39.835Z",
    "context_time": 1733218899835,
    "message_client_id": "31a0b2b20718446799a0f6adef1f2892",
    "message_event_id": "50bd98f2-5df9-4f10-aea3-5c7dcf21dca2",
    "message_redirect_uri": "https://support.spotify.com",
    "message_scope": "user-read-email,user-read-private,user-close-account"
  }
]