[
  {
    "message_cache_path": "/var/mobile/Containers/Data/Application/762FDDDA-D594-4130-A2DD-F5D05E6B723B/Library/Application Support/PersistentCache/Storage/",
    "timestamp_utc": "2024-10-03T11:05:51.876Z",
    "context_application_version": "8.9.76.516",
    "context_conn_country": "IT",
    "context_device_manufacturer": "apple",
    "context_device_model": "iPhone15,2",
    "context_device_type": "mobile",
    "context_os_name": "ios",
    "context_os_version": "18.0",
    "context_receiver_service_timestamp": 1727953558526,
    "context_time": 1727953551876,
    "message_error_code": 44,
    "message_file_id": "q2dhbQAAsnOKmYaLWldGneg/ubo=",
    "message_num_errors": 15,
    "message_os_error_code": 0,
    "message_range_end": 0,
    "message_range_start": 0,
    "message_realm": "image",
    "message_size": 143516
  },
  {
    "message_cache_path": "/Users/mitsuha/Library/Application Support/Spotify/PersistentCache/Storage/",
    "timestamp_utc": "2024-09-09T19:12:19.917Z",
    "context_application_version": "1.2.45.454",
    "context_conn_country": "DE",
    "context_device_manufacturer": "Apple Inc.",
    "context_device_model": "MacBookPro17,1",
    "context_device_type": "desktop",
    "context_os_name": "osx",
    "context_os_version": "14.1.2",
    "context_receiver_service_timestamp": 1725909066766,
    "context_time": 1725909139917,
    "message_error_code": 16,
    "message_file_id": "BelUvPIoncFXz9VhmOhWk9zdHPs=",
    "message_num_errors": 1,
    "message_os_error_code": 0,
    "message_range_end": 0,
    "message_range_start": 0,
    "message_realm": "substream",
    "message_size": 4294967295
  },
  {
    "message_cache_path": "/var/mobile/Containers/Data/Application/B36A6ABE-73B9-45C9-B13F-026CAFB5CB7C/Library/Application Support/PersistentCache/Storage/",
    "timestamp_utc": "2024-11-24T19:28:17.933Z",
    "context_application_version": "8.9.94.418",
    "context_conn_country": "FR",
    "context_device_manufacturer": "apple",
    "context_device_model": "iPhone14,5",
    "context_device_type": "mobile",
    "context_os_name": "ios",
    "context_os_version": "17.6.1",
    "context_receiver_service_timestamp": 1732476517530,
    "context_time": 1732476497933,
    "message_error_code": 44,
    "message_file_id": "O6zBhEb/ax15JfXPNoRHbqFJUhQ=",
    "message_num_errors": 1,
    "message_os_error_code": 0,
    "message_range_end": 0,
    "message_range_start": 0,
    "message_realm": "substream",
    "message_size": 2544728
  },
  {
    "message_cache_path": "/var/mobile/Containers/Data/Application/762FDDDA-D594-4130-A2DD-F5D05E6B723B/Library/Application Support/PersistentCache/Storage/",
    "timestamp_utc": "2024-10-06T21:24:58.170Z",
    "context_application_version": "8.9.76.516",
    "context_conn_country": "DE",
    "context_device_manufacturer": "apple",
    "context_device_model": "iPhone15,2",
    "context_device_type": "mobile",
    "context_os_name": "ios",
    "context_os_version": "18.0",
    "context_receiver_service_timestamp": 1728250889445,
    "context_time": 1728249898170,
    "message_error_code": 44,
    "message_file_id": "Jsjbe+2WqXhZwRJRSkbD+Ts8NHM=",
    "message_num_errors": 17,
    "message_os_error_code": 0,
    "message_range_end": 0,
    "message_range_start": 0,
    "message_realm": "substream",
    "message_size": 1848360
  },
  {
    "message_cache_path": "/var/mobile/Containers/Data/Application/5F6A633B-440E-4600-B8FD-72179A258073/Library/Application Support/PersistentCache/Storage/",
    "timestamp_utc": "2024-10-28T17:15:17.978Z",
    "context_application_version": "8.9.84.543",
    "context_conn_country": "DE",
    "context_device_manufacturer": "apple",
    "context_device_model": "iPhone15,2",
    "context_device_type": "mobile",
    "context_os_name": "ios",
    "context_os_version": "18.0",
    "context_receiver_service_timestamp": 1730135730789,
    "context_time": 1730135717978,
    "message_error_code": 38,
    "message_file_id": "AAAAAAAAAAAAAAAAAAAAAAAAAAA=",
    "message_num_errors": 1,
    "message_os_error_code": 2,
    "message_range_end": 0,
    "message_range_start": 0,
    "message_realm": "playlist",
    "message_size": -1
  },
  {
    "message_cache_path": "/var/mobile/Containers/Data/Application/30898AD8-DEE5-406C-85CF-723446F819B6/Library/Application Support/PersistentCache/Storage/",
    "timestamp_utc": "2024-11-29T10:28:27.446Z",
    "context_application_version": "8.9.94.418",
    "context_conn_country": "DE",
    "context_device_manufacturer": "apple",
    "context_device_model": "iPhone15,2",
    "context_device_type": "mobile",
    "context_os_name": "ios",
    "context_os_version": "18.0",
    "context_receiver_service_timestamp": 1732876115074,
    "context_time": 1732876107446,
    "message_error_code": 16,
    "message_file_id": "cE9360TPIGWN8I9WZBEwgH5fRgs=",
    "message_num_errors": 1,
    "message_os_error_code": 0,
    "message_range_end": 0,
    "message_range_start": 0,
    "message_realm": "substream",
    "message_size": 4294967295
  },
  {
    "message_cache_path": "/var/mobile/Containers/Data/Application/9AC7B7D1-83B2-4154-A254-FD082944BA25/Library/Application Support/PersistentCache/Storage/",
    "timestamp_utc": "2024-09-07T10:38:34.396Z",
    "context_application_version": "8.9.68.490",
    "context_conn_country": "DE",
    "context_device_manufacturer": "apple",
    "context_device_model": "iPhone15,2",
    "context_device_type": "mobile",
    "context_os_name": "ios",
    "context_os_version": "17.5.1",
    "context_receiver_service_timestamp": 1725705535872,
    "context_time": 1725705514396,
    "message_error_code": 44,
    "message_file_id": "YZ77XRt9/uJWB9aL0IkxnlnD3sg=",
    "message_num_errors": 34,
    "message_os_error_code": 0,
    "message_range_end": 0,
    "message_range_start": 0,
    "message_realm": "substream",
    "message_size": 3193376
  },
  {
    "message_cache_path": "/var/mobile/Containers/Data/Application/B36A6ABE-73B9-45C9-B13F-026CAFB5CB7C/Library/Application Support/PersistentCache/Storage/",
    "timestamp_utc": "2024-11-27T09:21:12.967Z",
    "context_application_version": "8.9.94.418",
    "context_conn_country": "FR",
    "context_device_manufacturer": "apple",
    "context_device_model": "iPhone14,5",
    "context_device_type": "mobile",
    "context_os_name": "ios",
    "context_os_version": "17.6.1",
    "context_receiver_service_timestamp": 1732699284559,
    "context_time": 1732699272967,
    "message_error_code": 16,
    "message_file_id": "Zf4wVvWXHwGF9yUubh1N/AIzlXQ=",
    "message_num_errors": 1,
    "message_os_error_code": 0,
    "message_range_end": 0,
    "message_range_start": 0,
    "message_realm": "substream",
    "message_size": 4294967295
  },
  {
    "message_cache_path": "C:\\Users\\hp\\AppData\\Local\\Spotify\\Storage\\",
    "timestamp_utc": "2024-09-15T17:27:54.889Z",
    "context_application_version": "1.2.45.454",
    "context_conn_country": "FR",
    "context_device_manufacturer": "HP",
    "context_device_model": "HP EliteBook 830 G5",
    "context_device_type": "desktop",
    "context_os_name": "windows",
    "context_os_version": "10.0.19045",
    "context_receiver_service_timestamp": 1726665029510,
    "context_time": 1726421274889,
    "message_error_code": 38,
    "message_file_id": "AAAAAAAAAAAAAAAAAAAAAAAAAAA=",
    "message_num_errors": 9,
    "message_os_error_code": 2,
    "message_range_end": 0,
    "message_range_start": 0,
    "message_realm": "image",
    "message_size": -1
  },
  {
    "message_cache_path": "/var/mobile/Containers/Data/Application/1DED028A-073F-435C-B830-82C74B16AC2F/Library/Application Support/PersistentCache/Storage/",
    "timestamp_utc": "2024-11-14T12:36:30.839Z",
    "context_application_version": "8.9.90.84",
    "context_conn_country": "FR",
    "context_device_manufacturer": "apple",
    "context_device_model": "iPhone14,5",
    "context_device_type": "mobile",
    "context_os_name": "ios",
    "context_os_version": "17.6.1",
    "context_receiver_service_timestamp": 1731587807551,
    "context_time": 1731587790839,
    "message_error_code": 25,
    "message_file_id": "q2dhbQAAsnPvUGKA5w5Nu6HJS8k=",
    "message_num_errors": 1,
    "message_os_error_code": 96,
    "message_range_end": 143293,
    "message_range_start": 0,
    "message_realm": "image",
    "message_size": 143293
  },
  {
    "message_cache_path": "/var/mobile/Containers/Data/Application/762FDDDA-D594-4130-A2DD-F5D05E6B723B/Library/Application Support/PersistentCache/Storage/",
    "timestamp_utc": "2024-10-01T20:18:03.198Z",
    "context_application_version": "8.9.76.516",
    "context_conn_country": "IT",
    "context_device_manufacturer": "apple",
    "context_device_model": "iPhone15,2",
    "context_device_type": "mobile",
    "context_os_name": "ios",
    "context_os_version": "17.5.1",
    "context_receiver_service_timestamp": 1727813903332,
    "context_time": 1727813883198,
    "message_error_code": 44,
    "message_file_id": "q2dhbQAAHgL1lbMtwEE3JVxYS64=",
    "message_num_errors": 11,
    "message_os_error_code": 0,
    "message_range_end": 0,
    "message_range_start": 0,
    "message_realm": "image",
    "message_size": 47459
  },
  {
    "message_cache_path": "/var/mobile/Containers/Data/Application/B36A6ABE-73B9-45C9-B13F-026CAFB5CB7C/Library/Application Support/PersistentCache/Storage/",
    "timestamp_utc": "2024-11-23T11:25:14.005Z",
    "context_application_version": "8.9.94.418",
    "context_conn_country": "FR",
    "context_device_manufacturer": "apple",
    "context_device_model": "iPhone14,5",
    "context_device_type": "mobile",
    "context_os_name": "ios",
    "context_os_version": "17.6.1",
    "context_receiver_service_timestamp": 1732361117524,
    "context_time": 1732361114005,
    "message_error_code": 44,
    "message_file_id": "q2dhbQAAHgLUG3nyfvjY31oZEhk=",
    "message_num_errors": 1,
    "message_os_error_code": 0,
    "message_range_end": 0,
    "message_range_start": 0,
    "message_realm": "image",
    "message_size": 36481
  },
  {
    "message_cache_path": "/var/mobile/Containers/Data/Application/45B3B01E-F7AE-4BCE-A700-A38D0651BA17/Library/Application Support/PersistentCache/Storage/",
    "timestamp_utc": "2024-09-13T08:25:29.263Z",
    "context_application_version": "8.9.68.490",
    "context_conn_country": "FR",
    "context_device_manufacturer": "apple",
    "context_device_model": "iPhone14,5",
    "context_device_type": "mobile",
    "context_os_name": "ios",
    "context_os_version": "17.6.1",
    "context_receiver_service_timestamp": 1726215951387,
    "context_time": 1726215929263,
    "message_error_code": 25,
    "message_file_id": "mei2xZTch2I4nKYldMuUoX6hTeg=",
    "message_num_errors": 1,
    "message_os_error_code": 96,
    "message_range_end": 207054,
    "message_range_start": 0,
    "message_realm": "playlist",
    "message_size": 207054
  },
  {
    "message_cache_path": "/var/mobile/Containers/Data/Application/762FDDDA-D594-4130-A2DD-F5D05E6B723B/Library/Application Support/PersistentCache/Storage/",
    "timestamp_utc": "2024-10-06T21:24:58.170Z",
    "context_application_version": "8.9.76.516",
    "context_conn_country": "DE",
    "context_device_manufacturer": "apple",
    "context_device_model": "iPhone15,2",
    "context_device_type": "mobile",
    "context_os_name": "ios",
    "context_os_version": "18.0",
    "context_receiver_service_timestamp": 1728250889445,
    "context_time": 1728249898170,
    "message_error_code": 38,
    "message_file_id": "AAAAAAAAAAAAAAAAAAAAAAAAAAA=",
    "message_num_errors": 1,
    "message_os_error_code": 2,
    "message_range_end": 0,
    "message_range_start": 0,
    "message_realm": "playlist",
    "message_size": -1
  },
  {
    "message_cache_path": "/var/mobile/Containers/Data/Application/45B3B01E-F7AE-4BCE-A700-A38D0651BA17/Library/Application Support/PersistentCache/Storage/",
    "timestamp_utc": "2024-09-07T17:10:37.788Z",
    "context_application_version": "8.9.68.490",
    "context_conn_country": "MA",
    "context_device_manufacturer": "apple",
    "context_device_model": "iPhone14,5",
    "context_device_type": "mobile",
    "context_os_name": "ios",
    "context_os_version": "17.5.1",
    "context_receiver_service_timestamp": 1725729048307,
    "context_time": 1725729037788,
    "message_error_code": 44,
    "message_file_id": "/+HpnVWzDsUI/AHfTShg/4FX8GE=",
    "message_num_errors": 21,
    "message_os_error_code": 0,
    "message_range_end": 0,
    "message_range_start": 0,
    "message_realm": "substream",
    "message_size": 1661408
  },
  {
    "message_cache_path": "/var/mobile/Containers/Data/Application/C11040B2-5E6E-4D7A-85AB-EDED92B4CFC2/Library/Application Support/PersistentCache/Storage/",
    "timestamp_utc": "2024-09-09T06:45:58.426Z",
    "context_application_version": "8.9.70.592",
    "context_conn_country": "DE",
    "context_device_manufacturer": "apple",
    "context_device_model": "iPhone15,2",
    "context_device_type": "mobile",
    "context_os_name": "ios",
    "context_os_version": "17.5.1",
    "context_receiver_service_timestamp": 1725864598338,
    "context_time": 1725864358426,
    "message_error_code": 44,
    "message_file_id": "q2dhbQAAHgJ9MuRj3j2NizncrCw=",
    "message_num_errors": 27,
    "message_os_error_code": 0,
    "message_range_end": 0,
    "message_range_start": 0,
    "message_realm": "image",
    "message_size": 45151
  },
  {
    "message_cache_path": "/var/mobile/Containers/Data/Application/762FDDDA-D594-4130-A2DD-F5D05E6B723B/Library/Application Support/PersistentCache/Storage/",
    "timestamp_utc": "2024-10-03T11:05:46.284Z",
    "context_application_version": "8.9.76.516",
    "context_conn_country": "IT",
    "context_device_manufacturer": "apple",
    "context_device_model": "iPhone15,2",
    "context_device_type": "mobile",
    "context_os_name": "ios",
    "context_os_version": "18.0",
    "context_receiver_service_timestamp": 1727953558338,
    "context_time": 1727953546284,
    "message_error_code": 16,
    "message_file_id": "DsYOV4Q+epoq8vCtKgDhYRb9Mpc=",
    "message_num_errors": 1,
    "message_os_error_code": 0,
    "message_range_end": 0,
    "message_range_start": 0,
    "message_realm": "substream",
    "message_size": 4294967295
  },
  {
    "message_cache_path": "/storage/emulated/0/Android/data/com.spotify.music/files/spotifycache/Storage/",
    "timestamp_utc": "2024-09-12T12:22:37.482Z",
    "context_application_version": "8.9.70.556",
    "context_conn_country": "DE",
    "context_device_manufacturer": "samsung",
    "context_device_model": "SM-A725F",
    "context_device_type": "mobile",
    "context_os_name": "android",
    "context_os_version": "14",
    "context_receiver_service_timestamp": 1727959029676,
    "context_time": 1726143757482,
    "message_error_code": 16,
    "message_file_id": "ia8jhLf7BywgaS8xqzqKoDAoU68=",
    "message_num_errors": 1,
    "message_os_error_code": 0,
    "message_range_end": 0,
    "message_range_start": 0,
    "message_realm": "substream",
    "message_size": 4294967295
  },
  {
    "message_cache_path": "/var/mobile/Containers/Data/Application/526AB0E6-6837-4F86-8847-344C1BA9AA73/Library/Application Support/PersistentCache/Storage/",
    "timestamp_utc": "2024-09-19T11:01:30.089Z",
    "context_application_version": "8.9.74.535",
    "context_conn_country": "DE",
    "context_device_manufacturer": "apple",
    "context_device_model": "iPhone15,2",
    "context_device_type": "mobile",
    "context_os_name": "ios",
    "context_os_version": "17.5.1",
    "context_receiver_service_timestamp": 1726834348318,
    "context_time": 1726743690089,
    "message_error_code": 43,
    "message_file_id": "q2dhbQAAHgJSamtz/FVsdXdD+u8=",
    "message_num_errors": 1,
    "message_os_error_code": 2,
    "message_range_end": 0,
    "message_range_start": 0,
    "message_realm": "image",
    "message_size": 41539
  },
  {
    "message_cache_path": "/var/mobile/Containers/Data/Application/1DED028A-073F-435C-B830-82C74B16AC2F/Library/Application Support/PersistentCache/Storage/",
    "timestamp_utc": "2024-11-18T08:19:08.137Z",
    "context_application_version": "8.9.90.84",
    "context_conn_country": "FR",
    "context_device_manufacturer": "apple",
    "context_device_model": "iPhone14,5",
    "context_device_type": "mobile",
    "context_os_name": "ios",
    "context_os_version": "17.6.1",
    "context_receiver_service_timestamp": 1731917958311,
    "context_time": 1731917948137,
    "message_error_code": 44,
    "message_file_id": "q2dhbQAAHgJwJokGa8F+5nIDwrw=",
    "message_num_errors": 4,
    "message_os_error_code": 0,
    "message_range_end": 0,
    "message_range_start": 0,
    "message_realm": "image",
    "message_size": 18446
  },
  {
    "message_cache_path": "/var/mobile/Containers/Data/Application/1DED028A-073F-435C-B830-82C74B16AC2F/Library/Application Support/PersistentCache/Storage/",
    "timestamp_utc": "2024-11-16T19:20:22.904Z",
    "context_application_version": "8.9.90.84",
    "context_conn_country": "FR",
    "context_device_manufacturer": "apple",
    "context_device_model": "iPhone14,5",
    "context_device_type": "mobile",
    "context_os_name": "ios",
    "context_os_version": "17.6.1",
    "context_receiver_service_timestamp": 1731784826033,
    "context_time": 1731784822904,
    "message_error_code": 44,
    "message_file_id": "kF3UoX9FB7nLpv0LCEad+u8J2cA=",
    "message_num_errors": 24,
    "message_os_error_code": 0,
    "message_range_end": 0,
    "message_range_start": 0,
    "message_realm": "substream",
    "message_size": 1994420
  },
  {
    "message_cache_path": "C:\\Users\\hp\\AppData\\Local\\Spotify\\Storage\\",
    "timestamp_utc": "2024-09-15T17:27:54.889Z",
    "context_application_version": "1.2.45.454",
    "context_conn_country": "FR",
    "context_device_manufacturer": "HP",
    "context_device_model": "HP EliteBook 830 G5",
    "context_device_type": "desktop",
    "context_os_name": "windows",
    "context_os_version": "10.0.19045",
    "context_receiver_service_timestamp": 1726421630695,
    "context_time": 1726421274889,
    "message_error_code": 38,
    "message_file_id": "AAAAAAAAAAAAAAAAAAAAAAAAAAA=",
    "message_num_errors": 9,
    "message_os_error_code": 2,
    "message_range_end": 0,
    "message_range_start": 0,
    "message_realm": "image",
    "message_size": -1
  },
  {
    "message_cache_path": "/var/mobile/Containers/Data/Application/5F6A633B-440E-4600-B8FD-72179A258073/Library/Application Support/PersistentCache/Storage/",
    "timestamp_utc": "2024-10-30T20:42:40.517Z",
    "context_application_version": "8.9.84.543",
    "context_conn_country": "DE",
    "context_device_manufacturer": "apple",
    "context_device_model": "iPhone15,2",
    "context_device_type": "mobile",
    "context_os_name": "ios",
    "context_os_version": "18.0",
    "context_receiver_service_timestamp": 1730320974617,
    "context_time": 1730320960517,
    "message_error_code": 38,
    "message_file_id": "AAAAAAAAAAAAAAAAAAAAAAAAAAA=",
    "message_num_errors": 1,
    "message_os_error_code": 2,
    "message_range_end": 0,
    "message_range_start": 0,
    "message_realm": "playlist",
    "message_size": -1
  },
  {
    "message_cache_path": "/var/mobile/Containers/Data/Application/762FDDDA-D594-4130-A2DD-F5D05E6B723B/Library/Application Support/PersistentCache/Storage/",
    "timestamp_utc": "2024-10-06T19:42:31.333Z",
    "context_application_version": "8.9.76.516",
    "context_conn_country": "DE",
    "context_device_manufacturer": "apple",
    "context_device_model": "iPhone15,2",
    "context_device_type": "mobile",
    "context_os_name": "ios",
    "context_os_version": "18.0",
    "context_receiver_service_timestamp": 1728249903343,
    "context_time": 1728243751333,
    "message_error_code": 44,
    "message_file_id": "q2dhbQAAsnMAUTLrx2k/04W7gFg=",
    "message_num_errors": 34,
    "message_os_error_code": 0,
    "message_range_end": 0,
    "message_range_start": 0,
    "message_realm": "image",
    "message_size": 63451
  },
  {
    "message_cache_path": "/Users/mitsuha/Library/Application Support/Spotify/PersistentCache/Storage/",
    "timestamp_utc": "2024-11-17T14:07:03.247Z",
    "context_application_version": "1.2.50.335",
    "context_conn_country": "DE",
    "context_device_manufacturer": "Apple Inc.",
    "context_device_model": "MacBookPro17,1",
    "context_device_type": "desktop",
    "context_os_name": "osx",
    "context_os_version": "14.1.2",
    "context_receiver_service_timestamp": 1731852237548,
    "context_time": 1731852423247,
    "message_error_code": 16,
    "message_file_id": "qGc51MdtQLlKt4GKbe3YUPy0Gpo=",
    "message_num_errors": 1,
    "message_os_error_code": 0,
    "message_range_end": 0,
    "message_range_start": 0,
    "message_realm": "substream",
    "message_size": 4294967295
  },
  {
    "message_cache_path": "/Users/mitsuha/Library/Application Support/Spotify/PersistentCache/Storage/",
    "timestamp_utc": "2024-11-26T16:55:58.119Z",
    "context_application_version": "1.2.51.345",
    "context_conn_country": "DE",
    "context_device_manufacturer": "Apple Inc.",
    "context_device_model": "MacBookPro17,1",
    "context_device_type": "desktop",
    "context_os_name": "osx",
    "context_os_version": "14.1.2",
    "context_receiver_service_timestamp": 1732639967446,
    "context_time": 1732640158119,
    "message_error_code": 16,
    "message_file_id": "J/doT5xNgypmFB9Qg09AaL/nRuI=",
    "message_num_errors": 1,
    "message_os_error_code": 0,
    "message_range_end": 0,
    "message_range_start": 0,
    "message_realm": "substream",
    "message_size": 4294967295
  },
  {
    "message_cache_path": "/var/mobile/Containers/Data/Application/56EEB88A-20E2-468D-B7CD-811E2698B22F/Library/Application Support/PersistentCache/Storage/",
    "timestamp_utc": "2024-11-16T20:18:02.483Z",
    "context_application_version": "8.9.90.84",
    "context_conn_country": "DE",
    "context_device_manufacturer": "apple",
    "context_device_model": "iPhone15,2",
    "context_device_type": "mobile",
    "context_os_name": "ios",
    "context_os_version": "18.0",
    "context_receiver_service_timestamp": 1731791356074,
    "context_time": 1731788282483,
    "message_error_code": 16,
    "message_file_id": "xyXoBG9LVLbf2vNeGHe0i+rcRTM=",
    "message_num_errors": 1,
    "message_os_error_code": 0,
    "message_range_end": 0,
    "message_range_start": 0,
    "message_realm": "substream",
    "message_size": 4294967295
  },
  {
    "message_cache_path": "/var/mobile/Containers/Data/Application/5F6A633B-440E-4600-B8FD-72179A258073/Library/Application Support/PersistentCache/Storage/",
    "timestamp_utc": "2024-10-28T17:15:08.331Z",
    "context_application_version": "8.9.84.543",
    "context_conn_country": "DE",
    "context_device_manufacturer": "apple",
    "context_device_model": "iPhone15,2",
    "context_device_type": "mobile",
    "context_os_name": "ios",
    "context_os_version": "18.0",
    "context_receiver_service_timestamp": 1730135730789,
    "context_time": 1730135708331,
    "message_error_code": 44,
    "message_file_id": "Ozm6KA+jG2SclgsqYd/GnvSmO/Q=",
    "message_num_errors": 41,
    "message_os_error_code": 0,
    "message_range_end": 0,
    "message_range_start": 0,
    "message_realm": "substream",
    "message_size": 2008756
  },
  {
    "message_cache_path": "/var/mobile/Containers/Data/Application/5F6A633B-440E-4600-B8FD-72179A258073/Library/Application Support/PersistentCache/Storage/",
    "timestamp_utc": "2024-10-30T20:42:33.081Z",
    "context_application_version": "8.9.84.543",
    "context_conn_country": "DE",
    "context_device_manufacturer": "apple",
    "context_device_model": "iPhone15,2",
    "context_device_type": "mobile",
    "context_os_name": "ios",
    "context_os_version": "18.0",
    "context_receiver_service_timestamp": 1730320953237,
    "context_time": 1730320953081,
    "message_error_code": 44,
    "message_file_id": "q2dhbQAAsnOAkyOOwMce98lcj7E=",
    "message_num_errors": 2,
    "message_os_error_code": 0,
    "message_range_end": 0,
    "message_range_start": 0,
    "message_realm": "image",
    "message_size": 57779
  },
  {
    "message_cache_path": "/var/mobile/Containers/Data/Application/56EEB88A-20E2-468D-B7CD-811E2698B22F/Library/Application Support/PersistentCache/Storage/",
    "timestamp_utc": "2024-11-11T18:24:15.763Z",
    "context_application_version": "8.9.90.84",
    "context_conn_country": "DE",
    "context_device_manufacturer": "apple",
    "context_device_model": "iPhone15,2",
    "context_device_type": "mobile",
    "context_os_name": "ios",
    "context_os_version": "18.0",
    "context_receiver_service_timestamp": 1731353084740,
    "context_time": 1731349455763,
    "message_error_code": 44,
    "message_file_id": "/3Ik9mSV7/hKc6r28Z8ZiFt3Sx8=",
    "message_num_errors": 5,
    "message_os_error_code": 0,
    "message_range_end": 0,
    "message_range_start": 0,
    "message_realm": "substream",
    "message_size": 2450800
  },
  {
    "message_cache_path": "/var/mobile/Containers/Data/Application/45B3B01E-F7AE-4BCE-A700-A38D0651BA17/Library/Application Support/PersistentCache/Storage/",
    "timestamp_utc": "2024-09-13T14:47:22.333Z",
    "context_application_version": "8.9.68.490",
    "context_conn_country": "FR",
    "context_device_manufacturer": "apple",
    "context_device_model": "iPhone14,5",
    "context_device_type": "mobile",
    "context_os_name": "ios",
    "context_os_version": "17.6.1",
    "context_receiver_service_timestamp": 1726238856053,
    "context_time": 1726238842333,
    "message_error_code": 17,
    "message_file_id": "wEbuDEc9QkxifiiMXgaUe2TdUmI=",
    "message_num_errors": 1,
    "message_os_error_code": 0,
    "message_range_end": 0,
    "message_range_start": 0,
    "message_realm": "substream",
    "message_size": null
  },
  {
    "message_cache_path": "/var/mobile/Containers/Data/Application/45B3B01E-F7AE-4BCE-A700-A38D0651BA17/Library/Application Support/PersistentCache/Storage/",
    "timestamp_utc": "2024-09-07T14:33:01.558Z",
    "context_application_version": "8.9.68.490",
    "context_conn_country": "MA",
    "context_device_manufacturer": "apple",
    "context_device_model": "iPhone14,5",
    "context_device_type": "mobile",
    "context_os_name": "ios",
    "context_os_version": "17.5.1",
    "context_receiver_service_timestamp": 1725719590349,
    "context_time": 1725719581558,
    "message_error_code": 16,
    "message_file_id": "1zWOu8/AQ5lFww8D7KbpW7ReOOg=",
    "message_num_errors": 1,
    "message_os_error_code": 0,
    "message_range_end": 0,
    "message_range_start": 0,
    "message_realm": "substream",
    "message_size": 4294967295
  },
  {
    "message_cache_path": "C:\\Users\\hp\\AppData\\Local\\Spotify\\Storage\\",
    "timestamp_utc": "2024-09-15T17:27:49.878Z",
    "context_application_version": "1.2.45.454",
    "context_conn_country": "FR",
    "context_device_manufacturer": "HP",
    "context_device_model": "HP EliteBook 830 G5",
    "context_device_type": "desktop",
    "context_os_name": "windows",
    "context_os_version": "10.0.19045",
    "context_receiver_service_timestamp": 1726421360698,
    "context_time": 1726421269878,
    "message_error_code": 28,
    "message_file_id": "q2dhbQAAHgI0gbk7dNxb6PtXZX4=",
    "message_num_errors": 18,
    "message_os_error_code": 0,
    "message_range_end": 29965,
    "message_range_start": 29893,
    "message_realm": "image",
    "message_size": 29893
  },
  {
    "message_cache_path": "/var/mobile/Containers/Data/Application/1DED028A-073F-435C-B830-82C74B16AC2F/Library/Application Support/PersistentCache/Storage/",
    "timestamp_utc": "2024-11-21T12:54:54.031Z",
    "context_application_version": "8.9.90.84",
    "context_conn_country": "FR",
    "context_device_manufacturer": "apple",
    "context_device_model": "iPhone14,5",
    "context_device_type": "mobile",
    "context_os_name": "ios",
    "context_os_version": "17.6.1",
    "context_receiver_service_timestamp": 1732193711479,
    "context_time": 1732193694031,
    "message_error_code": 44,
    "message_file_id": "q2dhbQAAsnNx1i6n6opb6S08H2I=",
    "message_num_errors": 3,
    "message_os_error_code": 0,
    "message_range_end": 0,
    "message_range_start": 0,
    "message_realm": "image",
    "message_size": 41705
  },
  {
    "message_cache_path": "/var/mobile/Containers/Data/Application/1DED028A-073F-435C-B830-82C74B16AC2F/Library/Application Support/PersistentCache/Storage/",
    "timestamp_utc": "2024-11-22T08:25:59.973Z",
    "context_application_version": "8.9.90.84",
    "context_conn_country": "FR",
    "context_device_manufacturer": "apple",
    "context_device_model": "iPhone14,5",
    "context_device_type": "mobile",
    "context_os_name": "ios",
    "context_os_version": "17.6.1",
    "context_receiver_service_timestamp": 1732263982554,
    "context_time": 1732263959973,
    "message_error_code": 44,
    "message_file_id": "q2dhbQAAHgLMnS899ZM2MrYMV24=",
    "message_num_errors": 1,
    "message_os_error_code": 0,
    "message_range_end": 0,
    "message_range_start": 0,
    "message_realm": "image",
    "message_size": 19728
  },
  {
    "message_cache_path": "/var/mobile/Containers/Data/Application/762FDDDA-D594-4130-A2DD-F5D05E6B723B/Library/Application Support/PersistentCache/Storage/",
    "timestamp_utc": "2024-10-03T12:43:52.559Z",
    "context_application_version": "8.9.76.516",
    "context_conn_country": "IT",
    "context_device_manufacturer": "apple",
    "context_device_model": "iPhone15,2",
    "context_device_type": "mobile",
    "context_os_name": "ios",
    "context_os_version": "18.0",
    "context_receiver_service_timestamp": 1727959456122,
    "context_time": 1727959432559,
    "message_error_code": 44,
    "message_file_id": "q+4YfP2m9hrK6A/y5lvFR9sxBGg=",
    "message_num_errors": 22,
    "message_os_error_code": 0,
    "message_range_end": 0,
    "message_range_start": 0,
    "message_realm": "substream",
    "message_size": 2343888
  },
  {
    "message_cache_path": "/var/mobile/Containers/Data/Application/1DED028A-073F-435C-B830-82C74B16AC2F/Library/Application Support/PersistentCache/Storage/",
    "timestamp_utc": "2024-11-16T19:22:50.344Z",
    "context_application_version": "8.9.90.84",
    "context_conn_country": "FR",
    "context_device_manufacturer": "apple",
    "context_device_model": "iPhone14,5",
    "context_device_type": "mobile",
    "context_os_name": "ios",
    "context_os_version": "17.6.1",
    "context_receiver_service_timestamp": 1731784977153,
    "context_time": 1731784970344,
    "message_error_code": 44,
    "message_file_id": "7mWa8kkLE+05k1nuttMJX7LbI8c=",
    "message_num_errors": 22,
    "message_os_error_code": 0,
    "message_range_end": 0,
    "message_range_start": 0,
    "message_realm": "substream",
    "message_size": 2905360
  },
  {
    "message_cache_path": "/var/mobile/Containers/Data/Application/762FDDDA-D594-4130-A2DD-F5D05E6B723B/Library/Application Support/PersistentCache/Storage/",
    "timestamp_utc": "2024-10-03T11:05:46.283Z",
    "context_application_version": "8.9.76.516",
    "context_conn_country": "IT",
    "context_device_manufacturer": "apple",
    "context_device_model": "iPhone15,2",
    "context_device_type": "mobile",
    "context_os_name": "ios",
    "context_os_version": "18.0",
    "context_receiver_service_timestamp": 1727953558338,
    "context_time": 1727953546283,
    "message_error_code": 44,
    "message_file_id": "nS9j201w8L+mSZVv4Oo+8ebqYRA=",
    "message_num_errors": 1,
    "message_os_error_code": 0,
    "message_range_end": 0,
    "message_range_start": 0,
    "message_realm": "substream",
    "message_size": 1983904
  },
  {
    "message_cache_path": "/var/mobile/Containers/Data/Application/CEB4656F-4A5A-425D-AC9F-1587C2A237ED/Library/Application Support/PersistentCache/Storage/",
    "timestamp_utc": "2024-09-27T09:57:19.195Z",
    "context_application_version": "8.9.74.535",
    "context_conn_country": "FR",
    "context_device_manufacturer": "apple",
    "context_device_model": "iPhone14,5",
    "context_device_type": "mobile",
    "context_os_name": "ios",
    "context_os_version": "17.6.1",
    "context_receiver_service_timestamp": 1727431050068,
    "context_time": 1727431039195,
    "message_error_code": 38,
    "message_file_id": "AAAAAAAAAAAAAAAAAAAAAAAAAAA=",
    "message_num_errors": 1,
    "message_os_error_code": 2,
    "message_range_end": 0,
    "message_range_start": 0,
    "message_realm": "playlist",
    "message_size": -1
  },
  {
    "message_cache_path": "/var/mobile/Containers/Data/Application/C4EBC8EF-EA61-4E58-9334-034F5E64C0BE/Library/Application Support/PersistentCache/Storage/",
    "timestamp_utc": "2024-10-29T20:29:10.651Z",
    "context_application_version": "8.9.84.543",
    "context_conn_country": "FR",
    "context_device_manufacturer": "apple",
    "context_device_model": "iPhone14,5",
    "context_device_type": "mobile",
    "context_os_name": "ios",
    "context_os_version": "17.6.1",
    "context_receiver_service_timestamp": 1730233751299,
    "context_time": 1730233750651,
    "message_error_code": 16,
    "message_file_id": "L0hMskNo9B//y9udFzXN93j88pY=",
    "message_num_errors": 1,
    "message_os_error_code": 0,
    "message_range_end": 0,
    "message_range_start": 0,
    "message_realm": "substream",
    "message_size": 4294967295
  },
  {
    "message_cache_path": "/var/mobile/Containers/Data/Application/526AB0E6-6837-4F86-8847-344C1BA9AA73/Library/Application Support/PersistentCache/Storage/",
    "timestamp_utc": "2024-09-19T11:01:30.088Z",
    "context_application_version": "8.9.74.535",
    "context_conn_country": "DE",
    "context_device_manufacturer": "apple",
    "context_device_model": "iPhone15,2",
    "context_device_type": "mobile",
    "context_os_name": "ios",
    "context_os_version": "17.5.1",
    "context_receiver_service_timestamp": 1726834348318,
    "context_time": 1726743690088,
    "message_error_code": 25,
    "message_file_id": "qUfPh8tTwCayzhU1khHWUU+5184=",
    "message_num_errors": 1,
    "message_os_error_code": 96,
    "message_range_end": 26581,
    "message_range_start": 0,
    "message_realm": "image",
    "message_size": 26581
  },
  {
    "message_cache_path": "/var/mobile/Containers/Data/Application/762FDDDA-D594-4130-A2DD-F5D05E6B723B/Library/Application Support/PersistentCache/Storage/",
    "timestamp_utc": "2024-10-12T20:38:23.019Z",
    "context_application_version": "8.9.76.516",
    "context_conn_country": "DE",
    "context_device_manufacturer": "apple",
    "context_device_model": "iPhone15,2",
    "context_device_type": "mobile",
    "context_os_name": "ios",
    "context_os_version": "18.0",
    "context_receiver_service_timestamp": 1728765517290,
    "context_time": 1728765503019,
    "message_error_code": 38,
    "message_file_id": "AAAAAAAAAAAAAAAAAAAAAAAAAAA=",
    "message_num_errors": 1,
    "message_os_error_code": 2,
    "message_range_end": 0,
    "message_range_start": 0,
    "message_realm": "playlist",
    "message_size": -1
  },
  {
    "message_cache_path": "/var/mobile/Containers/Data/Application/AA044157-8F4B-4CC5-AE74-F595F6AA3D3C/Library/Application Support/PersistentCache/Storage/",
    "timestamp_utc": "2024-10-21T18:59:21.151Z",
    "context_application_version": "8.9.82.628",
    "context_conn_country": "DE",
    "context_device_manufacturer": "apple",
    "context_device_model": "iPhone15,2",
    "context_device_type": "mobile",
    "context_os_name": "ios",
    "context_os_version": "18.0",
    "context_receiver_service_timestamp": 1729537170402,
    "context_time": 1729537161151,
    "message_error_code": 44,
    "message_file_id": "io0rtg5JWS9cPQ/RpuC7qHSZr4Q=",
    "message_num_errors": 23,
    "message_os_error_code": 0,
    "message_range_end": 0,
    "message_range_start": 0,
    "message_realm": "substream",
    "message_size": 3340080
  },
  {
    "message_cache_path": "/var/mobile/Containers/Data/Application/C11040B2-5E6E-4D7A-85AB-EDED92B4CFC2/Library/Application Support/PersistentCache/Storage/",
    "timestamp_utc": "2024-09-12T08:43:27.221Z",
    "context_application_version": "8.9.70.592",
    "context_conn_country": "DE",
    "context_device_manufacturer": "apple",
    "context_device_model": "iPhone15,2",
    "context_device_type": "mobile",
    "context_os_name": "ios",
    "context_os_version": "17.5.1",
    "context_receiver_service_timestamp": 1726130933829,
    "context_time": 1726130607221,
    "message_error_code": 44,
    "message_file_id": "q2dhbQAAsnPu7zgtQLXQ/ZjKwww=",
    "message_num_errors": 26,
    "message_os_error_code": 0,
    "message_range_end": 0,
    "message_range_start": 0,
    "message_realm": "image",
    "message_size": 187727
  },
  {
    "message_cache_path": "/var/mobile/Containers/Data/Application/30898AD8-DEE5-406C-85CF-723446F819B6/Library/Application Support/PersistentCache/Storage/",
    "timestamp_utc": "2024-11-30T15:45:06.512Z",
    "context_application_version": "8.9.94.418",
    "context_conn_country": "DE",
    "context_device_manufacturer": "apple",
    "context_device_model": "iPhone15,2",
    "context_device_type": "mobile",
    "context_os_name": "ios",
    "context_os_version": "18.0",
    "context_receiver_service_timestamp": 1732981520578,
    "context_time": 1732981506512,
    "message_error_code": 38,
    "message_file_id": "AAAAAAAAAAAAAAAAAAAAAAAAAAA=",
    "message_num_errors": 1,
    "message_os_error_code": 2,
    "message_range_end": 0,
    "message_range_start": 0,
    "message_realm": "playlist",
    "message_size": -1
  },
  {
    "message_cache_path": "/var/mobile/Containers/Data/Application/5F6A633B-440E-4600-B8FD-72179A258073/Library/Application Support/PersistentCache/Storage/",
    "timestamp_utc": "2024-10-27T17:29:06.336Z",
    "context_application_version": "8.9.84.543",
    "context_conn_country": "DE",
    "context_device_manufacturer": "apple",
    "context_device_model": "iPhone15,2",
    "context_device_type": "mobile",
    "context_os_name": "ios",
    "context_os_version": "18.0",
    "context_receiver_service_timestamp": 1730061493049,
    "context_time": 1730050146336,
    "message_error_code": 44,
    "message_file_id": "q2dhbQAAHgKBCV2yeEA01URj9d8=",
    "message_num_errors": 3,
    "message_os_error_code": 0,
    "message_range_end": 0,
    "message_range_start": 0,
    "message_realm": "image",
    "message_size": 65230
  },
  {
    "message_cache_path": "/var/mobile/Containers/Data/Application/526AB0E6-6837-4F86-8847-344C1BA9AA73/Library/Application Support/PersistentCache/Storage/",
    "timestamp_utc": "2024-09-20T12:12:34.956Z",
    "context_application_version": "8.9.74.535",
    "context_conn_country": "DE",
    "context_device_manufacturer": "apple",
    "context_device_model": "iPhone15,2",
    "context_device_type": "mobile",
    "context_os_name": "ios",
    "context_os_version": "17.5.1",
    "context_receiver_service_timestamp": 1726834374387,
    "context_time": 1726834354956,
    "message_error_code": 25,
    "message_file_id": "Nt759vh7C47ogLMiG2PFQUXoDr0=",
    "message_num_errors": 1,
    "message_os_error_code": 96,
    "message_range_end": 21557,
    "message_range_start": 0,
    "message_realm": "image",
    "message_size": 21557
  },
  {
    "message_cache_path": "C:\\Users\\hp\\AppData\\Local\\Spotify\\Storage\\",
    "timestamp_utc": "2024-10-03T18:34:23.583Z",
    "context_application_version": "1.2.47.364",
    "context_conn_country": "FR",
    "context_device_manufacturer": "HP",
    "context_device_model": "HP EliteBook 830 G5",
    "context_device_type": "desktop",
    "context_os_name": "windows",
    "context_os_version": "10.0.19045",
    "context_receiver_service_timestamp": 1727980589504,
    "context_time": 1727980463583,
    "message_error_code": 28,
    "message_file_id": "C3ExrDedtvkYkZ050cJY898aRvc=",
    "message_num_errors": 2,
    "message_os_error_code": 0,
    "message_range_end": 12845184,
    "message_range_start": 12828672,
    "message_realm": "substream",
    "message_size": 133855316
  },
  {
    "message_cache_path": "/var/mobile/Containers/Data/Application/82EF7828-9E97-4A50-BE7D-368BD6D401AE/Library/Application Support/PersistentCache/Storage/",
    "timestamp_utc": "2024-10-11T15:23:57.242Z",
    "context_application_version": "8.9.76.516",
    "context_conn_country": "FR",
    "context_device_manufacturer": "apple",
    "context_device_model": "iPhone14,5",
    "context_device_type": "mobile",
    "context_os_name": "ios",
    "context_os_version": "17.6.1",
    "context_receiver_service_timestamp": 1728660251724,
    "context_time": 1728660237242,
    "message_error_code": 38,
    "message_file_id": "AAAAAAAAAAAAAAAAAAAAAAAAAAA=",
    "message_num_errors": 1,
    "message_os_error_code": 2,
    "message_range_end": 0,
    "message_range_start": 0,
    "message_realm": "playlist",
    "message_size": -1
  }
]