[
  {
    "timestamp_utc": "2024-07-20T12:36:32.658Z",
    "context_application_version": "8.9.54.343",
    "context_conn_country": "DE",
    "context_device_manufacturer": "apple",
    "context_device_model": "iPhone15,2",
    "context_device_type": "mobile",
    "context_os_name": "ios",
    "context_os_version": "17.5.1",
    "context_receiver_service_timestamp": 1721479002255,
    "context_time": 1721478992658,
    "message_message_id": "138198"
  },
  {
    "timestamp_utc": "2024-11-04T21:47:28.384Z",
    "context_application_version": "8.9.84.543",
    "context_conn_country": "FR",
    "context_device_manufacturer": "apple",
    "context_device_model": "iPhone14,5",
    "context_device_type": "mobile",
    "context_os_name": "ios",
    "context_os_version": "17.6.1",
    "context_receiver_service_timestamp": 1730807602691,
    "context_time": 1730756848384,
    "message_message_id": "156773"
  },
  {
    "timestamp_utc": "2024-12-05T17:36:56.482Z",
    "context_application_version": "8.9.94.418",
    "context_conn_country": "DE",
    "context_device_manufacturer": "apple",
    "context_device_model": "iPhone15,2",
    "context_device_type": "mobile",
    "context_os_name": "ios",
    "context_os_version": "18.0",
    "context_receiver_service_timestamp": 1733420238200,
    "context_time": 1733420216482,
    "message_message_id": "158526"
  },
  {
    "timestamp_utc": "2024-10-11T11:03:07.844Z",
    "context_application_version": "8.9.76.516",
    "context_conn_country": "FR",
    "context_device_manufacturer": "apple",
    "context_device_model": "iPhone14,5",
    "context_device_type": "mobile",
    "context_os_name": "ios",
    "context_os_version": "17.6.1",
    "context_receiver_service_timestamp": 1728644588339,
    "context_time": 1728644587844,
    "message_message_id": "155624"
  },
  {
    "timestamp_utc": "2024-07-14T16:09:03.290Z",
    "context_application_version": "8.9.54.343",
    "context_conn_country": "FR",
    "context_device_manufacturer": "apple",
    "context_device_model": "iPhone14,5",
    "context_device_type": "mobile",
    "context_os_name": "ios",
    "context_os_version": "17.4.1",
    "context_receiver_service_timestamp": 1720973359740,
    "context_time": 1720973343290,
    "message_message_id": "121449"
  },
  {
    "timestamp_utc": "2024-11-26T20:55:34.919Z",
    "context_application_version": "8.9.94.418",
    "context_conn_country": "FR",
    "context_device_manufacturer": "apple",
    "context_device_model": "iPhone14,5",
    "context_device_type": "mobile",
    "context_os_name": "ios",
    "context_os_version": "17.6.1",
    "context_receiver_service_timestamp": 1732654561492,
    "context_time": 1732654534919,
    "message_message_id": "156775"
  },
  {
    "timestamp_utc": "2024-08-08T11:10:08.951Z",
    "context_application_version": "8.9.62.465",
    "context_conn_country": "DE",
    "context_device_manufacturer": "apple",
    "context_device_model": "iPhone15,2",
    "context_device_type": "mobile",
    "context_os_name": "ios",
    "context_os_version": "17.5.1",
    "context_receiver_service_timestamp": 1723115436592,
    "context_time": 1723115408951,
    "message_message_id": "121449"
  },
  {
    "timestamp_utc": "2024-08-14T06:40:52.628Z",
    "context_application_version": "8.9.64.456",
    "context_conn_country": "FR",
    "context_device_manufacturer": "apple",
    "context_device_model": "iPhone12,1",
    "context_device_type": "mobile",
    "context_os_name": "ios",
    "context_os_version": "17.5.1",
    "context_receiver_service_timestamp": 1723617652770,
    "context_time": 1723617652628,
    "message_message_id": "70521"
  },
  {
    "timestamp_utc": "2024-08-14T11:24:36.772Z",
    "context_application_version": "8.9.64.456",
    "context_conn_country": "FR",
    "context_device_manufacturer": "apple",
    "context_device_model": "iPhone12,1",
    "context_device_type": "mobile",
    "context_os_name": "ios",
    "context_os_version": "17.5.1",
    "context_receiver_service_timestamp": 1723634704056,
    "context_time": 1723634676772,
    "message_message_id": "70521"
  },
  {
    "timestamp_utc": "2024-07-21T18:26:36.817Z",
    "context_application_version": "8.9.54.343",
    "context_conn_country": "DE",
    "context_device_manufacturer": "apple",
    "context_device_model": "iPhone15,2",
    "context_device_type": "mobile",
    "context_os_name": "ios",
    "context_os_version": "17.5.1",
    "context_receiver_service_timestamp": 1721586425150,
    "context_time": 1721586396817,
    "message_message_id": "121449"
  },
  {
    "timestamp_utc": "2024-07-06T17:12:11.143Z",
    "context_application_version": "8.9.50.491",
    "context_conn_country": "FR",
    "context_device_manufacturer": "apple",
    "context_device_model": "iPhone14,5",
    "context_device_type": "mobile",
    "context_os_name": "ios",
    "context_os_version": "17.4.1",
    "context_receiver_service_timestamp": 1720285945065,
    "context_time": 1720285931143,
    "message_message_id": "70521"
  },
  {
    "timestamp_utc": "2024-07-06T10:26:39.289Z",
    "context_application_version": "8.9.50.491",
    "context_conn_country": "DE",
    "context_device_manufacturer": "apple",
    "context_device_model": "iPhone15,2",
    "context_device_type": "mobile",
    "context_os_name": "ios",
    "context_os_version": "17.5.1",
    "context_receiver_service_timestamp": 1720261627190,
    "context_time": 1720261599289,
    "message_message_id": "121449"
  },
  {
    "timestamp_utc": "2024-06-27T07:28:32.302Z",
    "context_application_version": "8.9.50.491",
    "context_conn_country": "DE",
    "context_device_manufacturer": "apple",
    "context_device_model": "iPhone15,2",
    "context_device_type": "mobile",
    "context_os_name": "ios",
    "context_os_version": "17.5.1",
    "context_receiver_service_timestamp": 1719473321203,
    "context_time": 1719473312302,
    "message_message_id": "132696"
  },
  {
    "timestamp_utc": "2024-09-03T09:33:46.876Z",
    "context_application_version": "8.9.68.490",
    "context_conn_country": "DE",
    "context_device_manufacturer": "apple",
    "context_device_model": "iPhone15,2",
    "context_device_type": "mobile",
    "context_os_name": "ios",
    "context_os_version": "17.5.1",
    "context_receiver_service_timestamp": 1725356038899,
    "context_time": 1725356026876,
    "message_message_id": "132696"
  },
  {
    "timestamp_utc": "2024-06-19T06:48:52.348Z",
    "context_application_version": "8.9.48.455",
    "context_conn_country": "FR",
    "context_device_manufacturer": "apple",
    "context_device_model": "iPhone9,4",
    "context_device_type": "mobile",
    "context_os_name": "ios",
    "context_os_version": "15.8.2",
    "context_receiver_service_timestamp": 1718779733339,
    "context_time": 1718779732348,
    "message_message_id": "148941"
  },
  {
    "timestamp_utc": "2024-06-20T11:40:55.059Z",
    "context_application_version": "8.9.48.455",
    "context_conn_country": "DE",
    "context_device_manufacturer": "apple",
    "context_device_model": "iPhone15,2",
    "context_device_type": "mobile",
    "context_os_name": "ios",
    "context_os_version": "17.5.1",
    "context_receiver_service_timestamp": 1718883733080,
    "context_time": 1718883655059,
    "message_message_id": "138198"
  },
  {
    "timestamp_utc": "2024-07-29T13:27:03.115Z",
    "context_application_version": "8.9.58.473",
    "context_conn_country": "DE",
    "context_device_manufacturer": "apple",
    "context_device_model": "iPhone15,2",
    "context_device_type": "mobile",
    "context_os_name": "ios",
    "context_os_version": "17.5.1",
    "context_receiver_service_timestamp": 1722259634943,
    "context_time": 1722259623115,
    "message_message_id": "121449"
  }
]