[
  {
    "timestamp_utc": "2024-10-25T16:03:43.884Z",
    "context_application_version": "1.2.49.439",
    "context_conn_country": "FR",
    "context_device_manufacturer": "HP",
    "context_device_model": "HP EliteBook 830 G5",
    "context_device_type": "desktop",
    "context_os_name": "windows",
    "context_os_version": "10.0.19045",
    "context_receiver_service_timestamp": 1729872341220,
    "context_time": 1729872223884,
    "message_client_default_locale": "en",
    "message_user_specified_locale": ""
  },
  {
    "timestamp_utc": "2024-10-15T09:50:15.212Z",
    "context_application_version": "1.2.48.405",
    "context_conn_country": "FR",
    "context_device_manufacturer": "HP",
    "context_device_model": "HP EliteBook 830 G5",
    "context_device_type": "desktop",
    "context_os_name": "windows",
    "context_os_version": "10.0.19045",
    "context_receiver_service_timestamp": 1728995361941,
    "context_time": 1728985815212,
    "message_client_default_locale": "en",
    "message_user_specified_locale": ""
  },
  {
    "timestamp_utc": "2024-11-17T14:06:58.138Z",
    "context_application_version": "1.2.50.335",
    "context_conn_country": "DE",
    "context_device_manufacturer": "Apple Inc.",
    "context_device_model": "MacBookPro17,1",
    "context_device_type": "desktop",
    "context_os_name": "osx",
    "context_os_version": "14.1.2",
    "context_receiver_service_timestamp": 1731852237476,
    "context_time": 1731852418138,
    "message_client_default_locale": "en",
    "message_user_specified_locale": ""
  },
  {
    "timestamp_utc": "2024-10-19T13:03:37.786Z",
    "context_application_version": "1.2.48.405",
    "context_conn_country": "FR",
    "context_device_manufacturer": "HP",
    "context_device_model": "HP EliteBook 830 G5",
    "context_device_type": "desktop",
    "context_os_name": "windows",
    "context_os_version": "10.0.19045",
    "context_receiver_service_timestamp": 1729343147865,
    "context_time": 1729343017786,
    "message_client_default_locale": "en",
    "message_user_specified_locale": ""
  },
  {
    "timestamp_utc": "2024-11-07T23:41:19.556Z",
    "context_application_version": "1.2.49.439",
    "context_conn_country": "FR",
    "context_device_manufacturer": "HP",
    "context_device_model": "HP EliteBook 830 G5",
    "context_device_type": "desktop",
    "context_os_name": "windows",
    "context_os_version": "10.0.19045",
    "context_receiver_service_timestamp": 1731241810826,
    "context_time": 1731022879556,
    "message_client_default_locale": "en",
    "message_user_specified_locale": ""
  },
  {
    "timestamp_utc": "2024-10-10T10:50:34.757Z",
    "context_application_version": "1.2.47.364",
    "context_conn_country": "FR",
    "context_device_manufacturer": "HP",
    "context_device_model": "HP EliteBook 830 G5",
    "context_device_type": "desktop",
    "context_os_name": "windows",
    "context_os_version": "10.0.19045",
    "context_receiver_service_timestamp": 1728557547038,
    "context_time": 1728557434757,
    "message_client_default_locale": "en",
    "message_user_specified_locale": ""
  },
  {
    "timestamp_utc": "2024-09-23T09:38:23.202Z",
    "context_application_version": "1.2.45.454",
    "context_conn_country": "FR",
    "context_device_manufacturer": "HP",
    "context_device_model": "HP EliteBook 830 G5",
    "context_device_type": "desktop",
    "context_os_name": "windows",
    "context_os_version": "10.0.19045",
    "context_receiver_service_timestamp": 1727084516910,
    "context_time": 1727084303202,
    "message_client_default_locale": "en",
    "message_user_specified_locale": ""
  },
  {
    "timestamp_utc": "2024-09-23T08:12:52.336Z",
    "context_application_version": "1.2.45.454",
    "context_conn_country": "FR",
    "context_device_manufacturer": "HP",
    "context_device_model": "HP EliteBook 830 G5",
    "context_device_type": "desktop",
    "context_os_name": "windows",
    "context_os_version": "10.0.19045",
    "context_receiver_service_timestamp": 1727084516910,
    "context_time": 1727079172336,
    "message_client_default_locale": "en",
    "message_user_specified_locale": ""
  },
  {
    "timestamp_utc": "2024-11-04T10:16:20.300Z",
    "context_application_version": "1.2.49.439",
    "context_conn_country": "FR",
    "context_device_manufacturer": "HP",
    "context_device_model": "HP EliteBook 830 G5",
    "context_device_type": "desktop",
    "context_os_name": "windows",
    "context_os_version": "10.0.19045",
    "context_receiver_service_timestamp": 1730736464190,
    "context_time": 1730715380300,
    "message_client_default_locale": "en",
    "message_user_specified_locale": ""
  },
  {
    "timestamp_utc": "2024-10-30T10:06:40.063Z",
    "context_application_version": "1.2.49.439",
    "context_conn_country": "FR",
    "context_device_manufacturer": "HP",
    "context_device_model": "HP EliteBook 830 G5",
    "context_device_type": "desktop",
    "context_os_name": "windows",
    "context_os_version": "10.0.19045",
    "context_receiver_service_timestamp": 1730549906511,
    "context_time": 1730282800063,
    "message_client_default_locale": "en",
    "message_user_specified_locale": ""
  },
  {
    "timestamp_utc": "2024-10-09T07:55:48.306Z",
    "context_application_version": "1.2.47.364",
    "context_conn_country": "FR",
    "context_device_manufacturer": "HP",
    "context_device_model": "HP EliteBook 830 G5",
    "context_device_type": "desktop",
    "context_os_name": "windows",
    "context_os_version": "10.0.19045",
    "context_receiver_service_timestamp": 1728460799768,
    "context_time": 1728460548306,
    "message_client_default_locale": "en",
    "message_user_specified_locale": ""
  },
  {
    "timestamp_utc": "2024-10-23T07:11:52.270Z",
    "context_application_version": "1.2.48.405",
    "context_conn_country": "DE",
    "context_device_manufacturer": "Apple Inc.",
    "context_device_model": "MacBookPro17,1",
    "context_device_type": "desktop",
    "context_os_name": "osx",
    "context_os_version": "14.1.2",
    "context_receiver_service_timestamp": 1729667360770,
    "context_time": 1729667512270,
    "message_client_default_locale": "en",
    "message_user_specified_locale": ""
  },
  {
    "timestamp_utc": "2024-09-24T17:50:47.163Z",
    "context_application_version": "1.2.45.454",
    "context_conn_country": "FR",
    "context_device_manufacturer": "HP",
    "context_device_model": "HP EliteBook 830 G5",
    "context_device_type": "desktop",
    "context_os_name": "windows",
    "context_os_version": "10.0.19045",
    "context_receiver_service_timestamp": 1727201119804,
    "context_time": 1727200247163,
    "message_client_default_locale": "en",
    "message_user_specified_locale": ""
  },
  {
    "timestamp_utc": "2024-09-12T16:50:09.992Z",
    "context_application_version": "1.2.45.454",
    "context_conn_country": "FR",
    "context_device_manufacturer": "HP",
    "context_device_model": "HP EliteBook 830 G5",
    "context_device_type": "desktop",
    "context_os_name": "windows",
    "context_os_version": "10.0.19045",
    "context_receiver_service_timestamp": 1726159984228,
    "context_time": 1726159809992,
    "message_client_default_locale": "en",
    "message_user_specified_locale": ""
  },
  {
    "timestamp_utc": "2024-11-11T14:58:35.943Z",
    "context_application_version": "1.2.49.439",
    "context_conn_country": "FR",
    "context_device_manufacturer": "HP",
    "context_device_model": "HP EliteBook 830 G5",
    "context_device_type": "desktop",
    "context_os_name": "windows",
    "context_os_version": "10.0.19045",
    "context_receiver_service_timestamp": 1731337267510,
    "context_time": 1731337115943,
    "message_client_default_locale": "en",
    "message_user_specified_locale": ""
  },
  {
    "timestamp_utc": "2024-10-23T08:28:49.716Z",
    "context_application_version": "1.2.48.405",
    "context_conn_country": "FR",
    "context_device_manufacturer": "HP",
    "context_device_model": "HP EliteBook 830 G5",
    "context_device_type": "desktop",
    "context_os_name": "windows",
    "context_os_version": "10.0.19045",
    "context_receiver_service_timestamp": 1729672241521,
    "context_time": 1729672129716,
    "message_client_default_locale": "en",
    "message_user_specified_locale": ""
  },
  {
    "timestamp_utc": "2024-11-26T09:07:35.576Z",
    "context_application_version": "1.2.50.335",
    "context_conn_country": "FR",
    "context_device_manufacturer": "HP",
    "context_device_model": "HP EliteBook 830 G5",
    "context_device_type": "desktop",
    "context_os_name": "windows",
    "context_os_version": "10.0.19045",
    "context_receiver_service_timestamp": 1732612061710,
    "context_time": 1732612055576,
    "message_client_default_locale": "en",
    "message_user_specified_locale": ""
  },
  {
    "timestamp_utc": "2024-12-03T23:45:50.820Z",
    "context_application_version": "1.2.51.345",
    "context_conn_country": "FR",
    "context_device_manufacturer": "HP",
    "context_device_model": "HP EliteBook 830 G5",
    "context_device_type": "desktop",
    "context_os_name": "windows",
    "context_os_version": "10.0.19045",
    "context_receiver_service_timestamp": 1733306870669,
    "context_time": 1733269550820,
    "message_client_default_locale": "en",
    "message_user_specified_locale": ""
  },
  {
    "timestamp_utc": "2024-10-18T08:36:54.465Z",
    "context_application_version": "1.2.48.405",
    "context_conn_country": "FR",
    "context_device_manufacturer": "HP",
    "context_device_model": "HP EliteBook 830 G5",
    "context_device_type": "desktop",
    "context_os_name": "windows",
    "context_os_version": "10.0.19045",
    "context_receiver_service_timestamp": 1729240733020,
    "context_time": 1729240614465,
    "message_client_default_locale": "en",
    "message_user_specified_locale": ""
  },
  {
    "timestamp_utc": "2024-11-03T14:21:38.343Z",
    "context_application_version": "1.2.49.439",
    "context_conn_country": "FR",
    "context_device_manufacturer": "HP",
    "context_device_model": "HP EliteBook 830 G5",
    "context_device_type": "desktop",
    "context_os_name": "windows",
    "context_os_version": "10.0.19045",
    "context_receiver_service_timestamp": 1730643818436,
    "context_time": 1730643698343,
    "message_client_default_locale": "en",
    "message_user_specified_locale": ""
  },
  {
    "timestamp_utc": "2024-11-26T09:05:13.684Z",
    "context_application_version": "1.2.50.335",
    "context_conn_country": "FR",
    "context_device_manufacturer": "HP",
    "context_device_model": "HP EliteBook 830 G5",
    "context_device_type": "desktop",
    "context_os_name": "windows",
    "context_os_version": "10.0.19045",
    "context_receiver_service_timestamp": 1732611916710,
    "context_time": 1732611913684,
    "message_client_default_locale": "en",
    "message_user_specified_locale": ""
  },
  {
    "timestamp_utc": "2024-10-10T23:48:14.516Z",
    "context_application_version": "1.2.48.405",
    "context_conn_country": "FR",
    "context_device_manufacturer": "HP",
    "context_device_model": "HP EliteBook 830 G5",
    "context_device_type": "desktop",
    "context_os_name": "windows",
    "context_os_version": "10.0.19045",
    "context_receiver_service_timestamp": 1728631092248,
    "context_time": 1728604094516,
    "message_client_default_locale": "en",
    "message_user_specified_locale": ""
  },
  {
    "timestamp_utc": "2024-11-02T12:15:12.985Z",
    "context_application_version": "1.2.49.439",
    "context_conn_country": "FR",
    "context_device_manufacturer": "HP",
    "context_device_model": "HP EliteBook 830 G5",
    "context_device_type": "desktop",
    "context_os_name": "windows",
    "context_os_version": "10.0.19045",
    "context_receiver_service_timestamp": 1730549907048,
    "context_time": 1730549712985,
    "message_client_default_locale": "en",
    "message_user_specified_locale": ""
  },
  {
    "timestamp_utc": "2024-11-15T08:54:22.705Z",
    "context_application_version": "1.2.49.439",
    "context_conn_country": "FR",
    "context_device_manufacturer": "HP",
    "context_device_model": "HP EliteBook 830 G5",
    "context_device_type": "desktop",
    "context_os_name": "windows",
    "context_os_version": "10.0.19045",
    "context_receiver_service_timestamp": 1731759552167,
    "context_time": 1731660862705,
    "message_client_default_locale": "en",
    "message_user_specified_locale": ""
  },
  {
    "timestamp_utc": "2024-09-23T13:45:24.090Z",
    "context_application_version": "1.2.45.454",
    "context_conn_country": "FR",
    "context_device_manufacturer": "HP",
    "context_device_model": "HP EliteBook 830 G5",
    "context_device_type": "desktop",
    "context_os_name": "windows",
    "context_os_version": "10.0.19045",
    "context_receiver_service_timestamp": 1727099248282,
    "context_time": 1727099124090,
    "message_client_default_locale": "en",
    "message_user_specified_locale": ""
  },
  {
    "timestamp_utc": "2024-11-18T13:14:09.278Z",
    "context_application_version": "1.2.50.335",
    "context_conn_country": "FR",
    "context_device_manufacturer": "HP",
    "context_device_model": "HP EliteBook 830 G5",
    "context_device_type": "desktop",
    "context_os_name": "windows",
    "context_os_version": "10.0.19045",
    "context_receiver_service_timestamp": 1731945746775,
    "context_time": 1731935649278,
    "message_client_default_locale": "en",
    "message_user_specified_locale": ""
  },
  {
    "timestamp_utc": "2024-09-28T10:47:51.042Z",
    "context_application_version": "1.2.47.364",
    "context_conn_country": "FR",
    "context_device_manufacturer": "HP",
    "context_device_model": "HP EliteBook 830 G5",
    "context_device_type": "desktop",
    "context_os_name": "windows",
    "context_os_version": "10.0.19045",
    "context_receiver_service_timestamp": 1727520570567,
    "context_time": 1727520471042,
    "message_client_default_locale": "en",
    "message_user_specified_locale": ""
  },
  {
    "timestamp_utc": "2024-12-04T10:02:50.704Z",
    "context_application_version": "1.2.51.345",
    "context_conn_country": "FR",
    "context_device_manufacturer": "HP",
    "context_device_model": "HP EliteBook 830 G5",
    "context_device_type": "desktop",
    "context_os_name": "windows",
    "context_os_version": "10.0.19045",
    "context_receiver_service_timestamp": 1733306871602,
    "context_time": 1733306570704,
    "message_client_default_locale": "en",
    "message_user_specified_locale": ""
  },
  {
    "timestamp_utc": "2024-10-22T10:48:17.071Z",
    "context_application_version": "1.2.48.405",
    "context_conn_country": "FR",
    "context_device_manufacturer": "HP",
    "context_device_model": "HP EliteBook 830 G5",
    "context_device_type": "desktop",
    "context_os_name": "windows",
    "context_os_version": "10.0.19045",
    "context_receiver_service_timestamp": 1729594296627,
    "context_time": 1729594097071,
    "message_client_default_locale": "en",
    "message_user_specified_locale": ""
  },
  {
    "timestamp_utc": "2024-11-14T08:29:35.525Z",
    "context_application_version": "1.2.49.439",
    "context_conn_country": "FR",
    "context_device_manufacturer": "HP",
    "context_device_model": "HP EliteBook 830 G5",
    "context_device_type": "desktop",
    "context_os_name": "windows",
    "context_os_version": "10.0.19045",
    "context_receiver_service_timestamp": 1731573210589,
    "context_time": 1731572975525,
    "message_client_default_locale": "en",
    "message_user_specified_locale": ""
  },
  {
    "timestamp_utc": "2024-09-18T13:08:23.424Z",
    "context_application_version": "1.2.45.454",
    "context_conn_country": "FR",
    "context_device_manufacturer": "HP",
    "context_device_model": "HP EliteBook 830 G5",
    "context_device_type": "desktop",
    "context_os_name": "windows",
    "context_os_version": "10.0.19045",
    "context_receiver_service_timestamp": 1726665029510,
    "context_time": 1726664903424,
    "message_client_default_locale": "en",
    "message_user_specified_locale": ""
  },
  {
    "timestamp_utc": "2024-10-09T16:38:09.124Z",
    "context_application_version": "1.2.47.364",
    "context_conn_country": "FR",
    "context_device_manufacturer": "HP",
    "context_device_model": "HP EliteBook 830 G5",
    "context_device_type": "desktop",
    "context_os_name": "windows",
    "context_os_version": "10.0.19045",
    "context_receiver_service_timestamp": 1728492080561,
    "context_time": 1728491889124,
    "message_client_default_locale": "en",
    "message_user_specified_locale": ""
  },
  {
    "timestamp_utc": "2024-10-15T12:26:44.394Z",
    "context_application_version": "1.2.48.405",
    "context_conn_country": "FR",
    "context_device_manufacturer": "HP",
    "context_device_model": "HP EliteBook 830 G5",
    "context_device_type": "desktop",
    "context_os_name": "windows",
    "context_os_version": "10.0.19045",
    "context_receiver_service_timestamp": 1728995490321,
    "context_time": 1728995204394,
    "message_client_default_locale": "en",
    "message_user_specified_locale": ""
  },
  {
    "timestamp_utc": "2024-10-16T13:49:21.511Z",
    "context_application_version": "1.2.48.405",
    "context_conn_country": "FR",
    "context_device_manufacturer": "HP",
    "context_device_model": "HP EliteBook 830 G5",
    "context_device_type": "desktop",
    "context_os_name": "windows",
    "context_os_version": "10.0.19045",
    "context_receiver_service_timestamp": 1729086819062,
    "context_time": 1729086561511,
    "message_client_default_locale": "en",
    "message_user_specified_locale": ""
  },
  {
    "timestamp_utc": "2024-11-17T11:38:09.938Z",
    "context_application_version": "1.2.50.335",
    "context_conn_country": "FR",
    "context_device_manufacturer": "HP",
    "context_device_model": "HP EliteBook 830 G5",
    "context_device_type": "desktop",
    "context_os_name": "windows",
    "context_os_version": "10.0.19045",
    "context_receiver_service_timestamp": 1731843761149,
    "context_time": 1731843489938,
    "message_client_default_locale": "en",
    "message_user_specified_locale": ""
  },
  {
    "timestamp_utc": "2024-09-15T17:27:20.671Z",
    "context_application_version": "1.2.45.454",
    "context_conn_country": "FR",
    "context_device_manufacturer": "HP",
    "context_device_model": "HP EliteBook 830 G5",
    "context_device_type": "desktop",
    "context_os_name": "windows",
    "context_os_version": "10.0.19045",
    "context_receiver_service_timestamp": 1726421332671,
    "context_time": 1726421240671,
    "message_client_default_locale": "en",
    "message_user_specified_locale": ""
  },
  {
    "timestamp_utc": "2024-09-24T14:50:33.846Z",
    "context_application_version": "1.2.45.454",
    "context_conn_country": "FR",
    "context_device_manufacturer": "HP",
    "context_device_model": "HP EliteBook 830 G5",
    "context_device_type": "desktop",
    "context_os_name": "windows",
    "context_os_version": "10.0.19045",
    "context_receiver_service_timestamp": 1727189885445,
    "context_time": 1727189433846,
    "message_client_default_locale": "en",
    "message_user_specified_locale": ""
  },
  {
    "timestamp_utc": "2024-09-25T07:55:51.506Z",
    "context_application_version": "1.2.45.454",
    "context_conn_country": "FR",
    "context_device_manufacturer": "HP",
    "context_device_model": "HP EliteBook 830 G5",
    "context_device_type": "desktop",
    "context_os_name": "windows",
    "context_os_version": "10.0.19045",
    "context_receiver_service_timestamp": 1727251103488,
    "context_time": 1727250951506,
    "message_client_default_locale": "en",
    "message_user_specified_locale": ""
  },
  {
    "timestamp_utc": "2024-12-01T22:19:05.867Z",
    "context_application_version": "1.2.51.345",
    "context_conn_country": "FR",
    "context_device_manufacturer": "HP",
    "context_device_model": "HP EliteBook 830 G5",
    "context_device_type": "desktop",
    "context_os_name": "windows",
    "context_os_version": "10.0.19045",
    "context_receiver_service_timestamp": 1733218786743,
    "context_time": 1733091545867,
    "message_client_default_locale": "en",
    "message_user_specified_locale": ""
  },
  {
    "timestamp_utc": "2024-09-30T07:50:02.345Z",
    "context_application_version": "1.2.47.364",
    "context_conn_country": "FR",
    "context_device_manufacturer": "HP",
    "context_device_model": "HP EliteBook 830 G5",
    "context_device_type": "desktop",
    "context_os_name": "windows",
    "context_os_version": "10.0.19045",
    "context_receiver_service_timestamp": 1727682849581,
    "context_time": 1727682602345,
    "message_client_default_locale": "en",
    "message_user_specified_locale": ""
  },
  {
    "timestamp_utc": "2024-09-09T19:12:13.403Z",
    "context_application_version": "1.2.45.454",
    "context_conn_country": "DE",
    "context_device_manufacturer": "Apple Inc.",
    "context_device_model": "MacBookPro17,1",
    "context_device_type": "desktop",
    "context_os_name": "osx",
    "context_os_version": "14.1.2",
    "context_receiver_service_timestamp": 1725909066766,
    "context_time": 1725909133403,
    "message_client_default_locale": "en",
    "message_user_specified_locale": ""
  },
  {
    "timestamp_utc": "2024-10-08T08:09:11.572Z",
    "context_application_version": "1.2.47.364",
    "context_conn_country": "FR",
    "context_device_manufacturer": "HP",
    "context_device_model": "HP EliteBook 830 G5",
    "context_device_type": "desktop",
    "context_os_name": "windows",
    "context_os_version": "10.0.19045",
    "context_receiver_service_timestamp": 1728375171110,
    "context_time": 1728374951572,
    "message_client_default_locale": "en",
    "message_user_specified_locale": ""
  },
  {
    "timestamp_utc": "2024-09-12T21:00:54.652Z",
    "context_application_version": "1.2.45.454",
    "context_conn_country": "FR",
    "context_device_manufacturer": "HP",
    "context_device_model": "HP EliteBook 830 G5",
    "context_device_type": "desktop",
    "context_os_name": "windows",
    "context_os_version": "10.0.19045",
    "context_receiver_service_timestamp": 1726174952771,
    "context_time": 1726174854652,
    "message_client_default_locale": "en",
    "message_user_specified_locale": ""
  },
  {
    "timestamp_utc": "2024-09-21T10:16:00.591Z",
    "context_application_version": "1.2.45.454",
    "context_conn_country": "FR",
    "context_device_manufacturer": "HP",
    "context_device_model": "HP EliteBook 830 G5",
    "context_device_type": "desktop",
    "context_os_name": "windows",
    "context_os_version": "10.0.19045",
    "context_receiver_service_timestamp": 1726913882510,
    "context_time": 1726913760591,
    "message_client_default_locale": "en",
    "message_user_specified_locale": ""
  },
  {
    "timestamp_utc": "2024-10-15T12:33:54.910Z",
    "context_application_version": "1.2.48.405",
    "context_conn_country": "FR",
    "context_device_manufacturer": "HP",
    "context_device_model": "HP EliteBook 830 G5",
    "context_device_type": "desktop",
    "context_os_name": "windows",
    "context_os_version": "10.0.19045",
    "context_receiver_service_timestamp": 1729010687821,
    "context_time": 1728995634910,
    "message_client_default_locale": "en",
    "message_user_specified_locale": ""
  },
  {
    "timestamp_utc": "2024-11-30T11:24:23.238Z",
    "context_application_version": "1.2.51.345",
    "context_conn_country": "FR",
    "context_device_manufacturer": "HP",
    "context_device_model": "HP EliteBook 830 G5",
    "context_device_type": "desktop",
    "context_os_name": "windows",
    "context_os_version": "10.0.19045",
    "context_receiver_service_timestamp": 1733218786618,
    "context_time": 1732965863238,
    "message_client_default_locale": "en",
    "message_user_specified_locale": ""
  },
  {
    "timestamp_utc": "2024-10-10T17:45:17.794Z",
    "context_application_version": "1.2.47.364",
    "context_conn_country": "FR",
    "context_device_manufacturer": "HP",
    "context_device_model": "HP EliteBook 830 G5",
    "context_device_type": "desktop",
    "context_os_name": "windows",
    "context_os_version": "10.0.19045",
    "context_receiver_service_timestamp": 1728582626666,
    "context_time": 1728582317794,
    "message_client_default_locale": "en",
    "message_user_specified_locale": ""
  },
  {
    "timestamp_utc": "2024-10-15T09:48:17.919Z",
    "context_application_version": "1.2.48.405",
    "context_conn_country": "FR",
    "context_device_manufacturer": "HP",
    "context_device_model": "HP EliteBook 830 G5",
    "context_device_type": "desktop",
    "context_os_name": "windows",
    "context_os_version": "10.0.19045",
    "context_receiver_service_timestamp": 1728995360075,
    "context_time": 1728985697919,
    "message_client_default_locale": "en",
    "message_user_specified_locale": ""
  },
  {
    "timestamp_utc": "2024-11-17T01:53:12.812Z",
    "context_application_version": "1.2.50.335",
    "context_conn_country": "FR",
    "context_device_manufacturer": "HP",
    "context_device_model": "HP EliteBook 830 G5",
    "context_device_type": "desktop",
    "context_os_name": "windows",
    "context_os_version": "10.0.19045",
    "context_receiver_service_timestamp": 1731808550630,
    "context_time": 1731808392812,
    "message_client_default_locale": "en",
    "message_user_specified_locale": ""
  },
  {
    "timestamp_utc": "2024-11-19T13:19:20.864Z",
    "context_application_version": "1.2.50.335",
    "context_conn_country": "FR",
    "context_device_manufacturer": "HP",
    "context_device_model": "HP EliteBook 830 G5",
    "context_device_type": "desktop",
    "context_os_name": "windows",
    "context_os_version": "10.0.19045",
    "context_receiver_service_timestamp": 1732022602995,
    "context_time": 1732022360864,
    "message_client_default_locale": "en",
    "message_user_specified_locale": ""
  },
  {
    "timestamp_utc": "2024-10-15T16:42:58.049Z",
    "context_application_version": "1.2.48.405",
    "context_conn_country": "FR",
    "context_device_manufacturer": "HP",
    "context_device_model": "HP EliteBook 830 G5",
    "context_device_type": "desktop",
    "context_os_name": "windows",
    "context_os_version": "10.0.19045",
    "context_receiver_service_timestamp": 1729010689812,
    "context_time": 1729010578049,
    "message_client_default_locale": "en",
    "message_user_specified_locale": ""
  },
  {
    "timestamp_utc": "2024-10-14T18:55:54.283Z",
    "context_application_version": "1.2.48.405",
    "context_conn_country": "FR",
    "context_device_manufacturer": "HP",
    "context_device_model": "HP EliteBook 830 G5",
    "context_device_type": "desktop",
    "context_os_name": "windows",
    "context_os_version": "10.0.19045",
    "context_receiver_service_timestamp": 1728932264175,
    "context_time": 1728932154283,
    "message_client_default_locale": "en",
    "message_user_specified_locale": ""
  },
  {
    "timestamp_utc": "2024-09-21T22:18:35.935Z",
    "context_application_version": "1.2.45.454",
    "context_conn_country": "FR",
    "context_device_manufacturer": "HP",
    "context_device_model": "HP EliteBook 830 G5",
    "context_device_type": "desktop",
    "context_os_name": "windows",
    "context_os_version": "10.0.19045",
    "context_receiver_service_timestamp": 1726995026581,
    "context_time": 1726957115935,
    "message_client_default_locale": "en",
    "message_user_specified_locale": ""
  },
  {
    "timestamp_utc": "2024-10-16T07:57:18.600Z",
    "context_application_version": "1.2.48.405",
    "context_conn_country": "FR",
    "context_device_manufacturer": "HP",
    "context_device_model": "HP EliteBook 830 G5",
    "context_device_type": "desktop",
    "context_os_name": "windows",
    "context_os_version": "10.0.19045",
    "context_receiver_service_timestamp": 1729065572117,
    "context_time": 1729065438600,
    "message_client_default_locale": "en",
    "message_user_specified_locale": ""
  },
  {
    "timestamp_utc": "2024-11-10T12:27:44.557Z",
    "context_application_version": "1.2.49.439",
    "context_conn_country": "FR",
    "context_device_manufacturer": "HP",
    "context_device_model": "HP EliteBook 830 G5",
    "context_device_type": "desktop",
    "context_os_name": "windows",
    "context_os_version": "10.0.19045",
    "context_receiver_service_timestamp": 1731241825289,
    "context_time": 1731241664557,
    "message_client_default_locale": "en",
    "message_user_specified_locale": ""
  },
  {
    "timestamp_utc": "2024-11-09T08:47:43.771Z",
    "context_application_version": "1.2.49.439",
    "context_conn_country": "DE",
    "context_device_manufacturer": "Apple Inc.",
    "context_device_model": "MacBookPro17,1",
    "context_device_type": "desktop",
    "context_os_name": "osx",
    "context_os_version": "14.1.2",
    "context_receiver_service_timestamp": 1731141895874,
    "context_time": 1731142063771,
    "message_client_default_locale": "en",
    "message_user_specified_locale": ""
  },
  {
    "timestamp_utc": "2024-09-22T08:46:27.370Z",
    "context_application_version": "1.2.45.454",
    "context_conn_country": "FR",
    "context_device_manufacturer": "HP",
    "context_device_model": "HP EliteBook 830 G5",
    "context_device_type": "desktop",
    "context_os_name": "windows",
    "context_os_version": "10.0.19045",
    "context_receiver_service_timestamp": 1726995026581,
    "context_time": 1726994787370,
    "message_client_default_locale": "en",
    "message_user_specified_locale": ""
  },
  {
    "timestamp_utc": "2024-09-22T18:48:57.489Z",
    "context_application_version": "1.2.45.454",
    "context_conn_country": "FR",
    "context_device_manufacturer": "HP",
    "context_device_model": "HP EliteBook 830 G5",
    "context_device_type": "desktop",
    "context_os_name": "windows",
    "context_os_version": "10.0.19045",
    "context_receiver_service_timestamp": 1727031181228,
    "context_time": 1727030937489,
    "message_client_default_locale": "en",
    "message_user_specified_locale": ""
  },
  {
    "timestamp_utc": "2024-11-19T15:14:56.898Z",
    "context_application_version": "1.2.50.335",
    "context_conn_country": "FR",
    "context_device_manufacturer": "HP",
    "context_device_model": "HP EliteBook 830 G5",
    "context_device_type": "desktop",
    "context_os_name": "windows",
    "context_os_version": "10.0.19045",
    "context_receiver_service_timestamp": 1732099530595,
    "context_time": 1732029296898,
    "message_client_default_locale": "en",
    "message_user_specified_locale": ""
  },
  {
    "timestamp_utc": "2024-10-20T08:00:39.634Z",
    "context_application_version": "1.2.48.405",
    "context_conn_country": "FR",
    "context_device_manufacturer": "HP",
    "context_device_model": "HP EliteBook 830 G5",
    "context_device_type": "desktop",
    "context_os_name": "windows",
    "context_os_version": "10.0.19045",
    "context_receiver_service_timestamp": 1729411369357,
    "context_time": 1729411239634,
    "message_client_default_locale": "en",
    "message_user_specified_locale": ""
  },
  {
    "timestamp_utc": "2024-09-30T11:11:30.744Z",
    "context_application_version": "1.2.47.364",
    "context_conn_country": "FR",
    "context_device_manufacturer": "HP",
    "context_device_model": "HP EliteBook 830 G5",
    "context_device_type": "desktop",
    "context_os_name": "windows",
    "context_os_version": "10.0.19045",
    "context_receiver_service_timestamp": 1727694937531,
    "context_time": 1727694690744,
    "message_client_default_locale": "en",
    "message_user_specified_locale": ""
  },
  {
    "timestamp_utc": "2024-10-24T13:57:00.849Z",
    "context_application_version": "1.2.48.405",
    "context_conn_country": "FR",
    "context_device_manufacturer": "HP",
    "context_device_model": "HP EliteBook 830 G5",
    "context_device_type": "desktop",
    "context_os_name": "windows",
    "context_os_version": "10.0.19045",
    "context_receiver_service_timestamp": 1729778411387,
    "context_time": 1729778220849,
    "message_client_default_locale": "en",
    "message_user_specified_locale": ""
  },
  {
    "timestamp_utc": "2024-10-15T10:08:24.493Z",
    "context_application_version": "1.2.48.405",
    "context_conn_country": "FR",
    "context_device_manufacturer": "HP",
    "context_device_model": "HP EliteBook 830 G5",
    "context_device_type": "desktop",
    "context_os_name": "windows",
    "context_os_version": "10.0.19045",
    "context_receiver_service_timestamp": 1728995430709,
    "context_time": 1728986904493,
    "message_client_default_locale": "en",
    "message_user_specified_locale": ""
  },
  {
    "timestamp_utc": "2024-11-18T16:00:16.069Z",
    "context_application_version": "1.2.50.335",
    "context_conn_country": "FR",
    "context_device_manufacturer": "HP",
    "context_device_model": "HP EliteBook 830 G5",
    "context_device_type": "desktop",
    "context_os_name": "windows",
    "context_os_version": "10.0.19045",
    "context_receiver_service_timestamp": 1731945748713,
    "context_time": 1731945616069,
    "message_client_default_locale": "en",
    "message_user_specified_locale": ""
  },
  {
    "timestamp_utc": "2024-11-16T18:33:59.642Z",
    "context_application_version": "1.2.50.335",
    "context_conn_country": "FR",
    "context_device_manufacturer": "HP",
    "context_device_model": "HP EliteBook 830 G5",
    "context_device_type": "desktop",
    "context_os_name": "windows",
    "context_os_version": "10.0.19045",
    "context_receiver_service_timestamp": 1731782403363,
    "context_time": 1731782039642,
    "message_client_default_locale": "en",
    "message_user_specified_locale": ""
  },
  {
    "timestamp_utc": "2024-09-09T11:54:42.871Z",
    "context_application_version": "1.2.45.454",
    "context_conn_country": "FR",
    "context_device_manufacturer": "HP",
    "context_device_model": "HP EliteBook 830 G5",
    "context_device_type": "desktop",
    "context_os_name": "windows",
    "context_os_version": "10.0.19045",
    "context_receiver_service_timestamp": 1725883331456,
    "context_time": 1725882882871,
    "message_client_default_locale": "en",
    "message_user_specified_locale": ""
  },
  {
    "timestamp_utc": "2024-11-08T15:23:20.668Z",
    "context_application_version": "1.2.49.439",
    "context_conn_country": "FR",
    "context_device_manufacturer": "HP",
    "context_device_model": "HP EliteBook 830 G5",
    "context_device_type": "desktop",
    "context_os_name": "windows",
    "context_os_version": "10.0.19045",
    "context_receiver_service_timestamp": 1731241810947,
    "context_time": 1731079400668,
    "message_client_default_locale": "en",
    "message_user_specified_locale": ""
  },
  {
    "timestamp_utc": "2024-10-24T14:06:10.047Z",
    "context_application_version": "1.2.48.405",
    "context_conn_country": "FR",
    "context_device_manufacturer": "HP",
    "context_device_model": "HP EliteBook 830 G5",
    "context_device_type": "desktop",
    "context_os_name": "windows",
    "context_os_version": "10.0.19045",
    "context_receiver_service_timestamp": 1729778883115,
    "context_time": 1729778770047,
    "message_client_default_locale": "en",
    "message_user_specified_locale": ""
  },
  {
    "timestamp_utc": "2024-09-12T12:01:51.319Z",
    "context_application_version": "1.2.45.454",
    "context_conn_country": "FR",
    "context_device_manufacturer": "HP",
    "context_device_model": "HP EliteBook 830 G5",
    "context_device_type": "desktop",
    "context_os_name": "windows",
    "context_os_version": "10.0.19045",
    "context_receiver_service_timestamp": 1726142689603,
    "context_time": 1726142511319,
    "message_client_default_locale": "en",
    "message_user_specified_locale": ""
  },
  {
    "timestamp_utc": "2024-11-25T21:48:22.588Z",
    "context_application_version": "1.2.50.335",
    "context_conn_country": "FR",
    "context_device_manufacturer": "HP",
    "context_device_model": "HP EliteBook 830 G5",
    "context_device_type": "desktop",
    "context_os_name": "windows",
    "context_os_version": "10.0.19045",
    "context_receiver_service_timestamp": 1732571309944,
    "context_time": 1732571302588,
    "message_client_default_locale": "en",
    "message_user_specified_locale": ""
  },
  {
    "timestamp_utc": "2024-11-20T10:42:25.714Z",
    "context_application_version": "1.2.50.335",
    "context_conn_country": "FR",
    "context_device_manufacturer": "HP",
    "context_device_model": "HP EliteBook 830 G5",
    "context_device_type": "desktop",
    "context_os_name": "windows",
    "context_os_version": "10.0.19045",
    "context_receiver_service_timestamp": 1732099530595,
    "context_time": 1732099345714,
    "message_client_default_locale": "en",
    "message_user_specified_locale": ""
  },
  {
    "timestamp_utc": "2024-09-25T13:15:47.249Z",
    "context_application_version": "1.2.47.364",
    "context_conn_country": "FR",
    "context_device_manufacturer": "HP",
    "context_device_model": "HP EliteBook 830 G5",
    "context_device_type": "desktop",
    "context_os_name": "windows",
    "context_os_version": "10.0.19045",
    "context_receiver_service_timestamp": 1727270247371,
    "context_time": 1727270147249,
    "message_client_default_locale": "en",
    "message_user_specified_locale": ""
  },
  {
    "timestamp_utc": "2024-11-23T09:27:02.530Z",
    "context_application_version": "1.2.50.335",
    "context_conn_country": "FR",
    "context_device_manufacturer": "HP",
    "context_device_model": "HP EliteBook 830 G5",
    "context_device_type": "desktop",
    "context_os_name": "windows",
    "context_os_version": "10.0.19045",
    "context_receiver_service_timestamp": 1732354211908,
    "context_time": 1732354022530,
    "message_client_default_locale": "en",
    "message_user_specified_locale": ""
  },
  {
    "timestamp_utc": "2024-11-17T09:33:47.368Z",
    "context_application_version": "1.2.50.335",
    "context_conn_country": "FR",
    "context_device_manufacturer": "HP",
    "context_device_model": "HP EliteBook 830 G5",
    "context_device_type": "desktop",
    "context_os_name": "windows",
    "context_os_version": "10.0.19045",
    "context_receiver_service_timestamp": 1731836270644,
    "context_time": 1731836027368,
    "message_client_default_locale": "en",
    "message_user_specified_locale": ""
  },
  {
    "timestamp_utc": "2024-11-12T21:51:25.271Z",
    "context_application_version": "1.2.49.439",
    "context_conn_country": "FR",
    "context_device_manufacturer": "HP",
    "context_device_model": "HP EliteBook 830 G5",
    "context_device_type": "desktop",
    "context_os_name": "windows",
    "context_os_version": "10.0.19045",
    "context_receiver_service_timestamp": 1731448464184,
    "context_time": 1731448285271,
    "message_client_default_locale": "en",
    "message_user_specified_locale": ""
  },
  {
    "timestamp_utc": "2024-10-15T09:11:19.330Z",
    "context_application_version": "1.2.48.405",
    "context_conn_country": "FR",
    "context_device_manufacturer": "HP",
    "context_device_model": "HP EliteBook 830 G5",
    "context_device_type": "desktop",
    "context_os_name": "windows",
    "context_os_version": "10.0.19045",
    "context_receiver_service_timestamp": 1728995349174,
    "context_time": 1728983479330,
    "message_client_default_locale": "en",
    "message_user_specified_locale": ""
  },
  {
    "timestamp_utc": "2024-10-21T19:34:56.347Z",
    "context_application_version": "1.2.48.405",
    "context_conn_country": "FR",
    "context_device_manufacturer": "HP",
    "context_device_model": "HP EliteBook 830 G5",
    "context_device_type": "desktop",
    "context_os_name": "windows",
    "context_os_version": "10.0.19045",
    "context_receiver_service_timestamp": 1729539411269,
    "context_time": 1729539296347,
    "message_client_default_locale": "en",
    "message_user_specified_locale": ""
  },
  {
    "timestamp_utc": "2024-10-15T09:54:55.719Z",
    "context_application_version": "1.2.48.405",
    "context_conn_country": "FR",
    "context_device_manufacturer": "HP",
    "context_device_model": "HP EliteBook 830 G5",
    "context_device_type": "desktop",
    "context_os_name": "windows",
    "context_os_version": "10.0.19045",
    "context_receiver_service_timestamp": 1728995367808,
    "context_time": 1728986095719,
    "message_client_default_locale": "en",
    "message_user_specified_locale": ""
  },
  {
    "timestamp_utc": "2024-09-26T16:20:15.116Z",
    "context_application_version": "1.2.47.364",
    "context_conn_country": "FR",
    "context_device_manufacturer": "HP",
    "context_device_model": "HP EliteBook 830 G5",
    "context_device_type": "desktop",
    "context_os_name": "windows",
    "context_os_version": "10.0.19045",
    "context_receiver_service_timestamp": 1727367727930,
    "context_time": 1727367615116,
    "message_client_default_locale": "en",
    "message_user_specified_locale": ""
  },
  {
    "timestamp_utc": "2024-10-24T16:59:46.453Z",
    "context_application_version": "1.2.49.439",
    "context_conn_country": "FR",
    "context_device_manufacturer": "HP",
    "context_device_model": "HP EliteBook 830 G5",
    "context_device_type": "desktop",
    "context_os_name": "windows",
    "context_os_version": "10.0.19045",
    "context_receiver_service_timestamp": 1729789302870,
    "context_time": 1729789186453,
    "message_client_default_locale": "en",
    "message_user_specified_locale": ""
  },
  {
    "timestamp_utc": "2024-12-03T08:27:27.075Z",
    "context_application_version": "1.2.51.345",
    "context_conn_country": "FR",
    "context_device_manufacturer": "HP",
    "context_device_model": "HP EliteBook 830 G5",
    "context_device_type": "desktop",
    "context_os_name": "windows",
    "context_os_version": "10.0.19045",
    "context_receiver_service_timestamp": 1733218787130,
    "context_time": 1733214447075,
    "message_client_default_locale": "en",
    "message_user_specified_locale": ""
  },
  {
    "timestamp_utc": "2024-09-08T16:22:06.772Z",
    "context_application_version": "1.2.43.420",
    "context_conn_country": "FR",
    "context_device_manufacturer": "HP",
    "context_device_model": "HP EliteBook 830 G5",
    "context_device_type": "desktop",
    "context_os_name": "windows",
    "context_os_version": "10.0.19045",
    "context_receiver_service_timestamp": 1725812970884,
    "context_time": 1725812526772,
    "message_client_default_locale": "en",
    "message_user_specified_locale": ""
  },
  {
    "timestamp_utc": "2024-11-07T23:11:44.397Z",
    "context_application_version": "1.2.49.439",
    "context_conn_country": "FR",
    "context_device_manufacturer": "HP",
    "context_device_model": "HP EliteBook 830 G5",
    "context_device_type": "desktop",
    "context_os_name": "windows",
    "context_os_version": "10.0.19045",
    "context_receiver_service_timestamp": 1731022999795,
    "context_time": 1731021104397,
    "message_client_default_locale": "en",
    "message_user_specified_locale": ""
  },
  {
    "timestamp_utc": "2024-11-14T09:42:47.373Z",
    "context_application_version": "1.2.49.439",
    "context_conn_country": "FR",
    "context_device_manufacturer": "HP",
    "context_device_model": "HP EliteBook 830 G5",
    "context_device_type": "desktop",
    "context_os_name": "windows",
    "context_os_version": "10.0.19045",
    "context_receiver_service_timestamp": 1731577493065,
    "context_time": 1731577367373,
    "message_client_default_locale": "en",
    "message_user_specified_locale": ""
  },
  {
    "timestamp_utc": "2024-11-26T16:55:53.245Z",
    "context_application_version": "1.2.51.345",
    "context_conn_country": "DE",
    "context_device_manufacturer": "Apple Inc.",
    "context_device_model": "MacBookPro17,1",
    "context_device_type": "desktop",
    "context_os_name": "osx",
    "context_os_version": "14.1.2",
    "context_receiver_service_timestamp": 1732639967446,
    "context_time": 1732640153245,
    "message_client_default_locale": "en",
    "message_user_specified_locale": ""
  },
  {
    "timestamp_utc": "2024-10-04T07:58:01.481Z",
    "context_application_version": "1.2.47.364",
    "context_conn_country": "FR",
    "context_device_manufacturer": "HP",
    "context_device_model": "HP EliteBook 830 G5",
    "context_device_type": "desktop",
    "context_os_name": "windows",
    "context_os_version": "10.0.19045",
    "context_receiver_service_timestamp": 1728028898470,
    "context_time": 1728028681481,
    "message_client_default_locale": "en",
    "message_user_specified_locale": ""
  },
  {
    "timestamp_utc": "2024-11-18T17:08:10.525Z",
    "context_application_version": "1.2.50.335",
    "context_conn_country": "FR",
    "context_device_manufacturer": "HP",
    "context_device_model": "HP EliteBook 830 G5",
    "context_device_type": "desktop",
    "context_os_name": "windows",
    "context_os_version": "10.0.19045",
    "context_receiver_service_timestamp": 1731949874599,
    "context_time": 1731949690525,
    "message_client_default_locale": "en",
    "message_user_specified_locale": ""
  },
  {
    "timestamp_utc": "2024-10-10T18:03:10.145Z",
    "context_application_version": "1.2.47.364",
    "context_conn_country": "FR",
    "context_device_manufacturer": "HP",
    "context_device_model": "HP EliteBook 830 G5",
    "context_device_type": "desktop",
    "context_os_name": "windows",
    "context_os_version": "10.0.19045",
    "context_receiver_service_timestamp": 1728583670175,
    "context_time": 1728583390145,
    "message_client_default_locale": "en",
    "message_user_specified_locale": ""
  },
  {
    "timestamp_utc": "2024-09-30T21:29:32.591Z",
    "context_application_version": "1.2.47.364",
    "context_conn_country": "FR",
    "context_device_manufacturer": "HP",
    "context_device_model": "HP EliteBook 830 G5",
    "context_device_type": "desktop",
    "context_os_name": "windows",
    "context_os_version": "10.0.19045",
    "context_receiver_service_timestamp": 1727731873562,
    "context_time": 1727731772591,
    "message_client_default_locale": "en",
    "message_user_specified_locale": ""
  },
  {
    "timestamp_utc": "2024-11-07T07:32:19.262Z",
    "context_application_version": "1.2.49.439",
    "context_conn_country": "FR",
    "context_device_manufacturer": "HP",
    "context_device_model": "HP EliteBook 830 G5",
    "context_device_type": "desktop",
    "context_os_name": "windows",
    "context_os_version": "10.0.19045",
    "context_receiver_service_timestamp": 1730965187088,
    "context_time": 1730964739262,
    "message_client_default_locale": "en",
    "message_user_specified_locale": ""
  },
  {
    "timestamp_utc": "2024-12-03T09:39:08.989Z",
    "context_application_version": "1.2.51.345",
    "context_conn_country": "FR",
    "context_device_manufacturer": "HP",
    "context_device_model": "HP EliteBook 830 G5",
    "context_device_type": "desktop",
    "context_os_name": "windows",
    "context_os_version": "10.0.19045",
    "context_receiver_service_timestamp": 1733218787130,
    "context_time": 1733218748989,
    "message_client_default_locale": "en",
    "message_user_specified_locale": ""
  },
  {
    "timestamp_utc": "2024-10-28T08:56:56.345Z",
    "context_application_version": "1.2.49.439",
    "context_conn_country": "FR",
    "context_device_manufacturer": "HP",
    "context_device_model": "HP EliteBook 830 G5",
    "context_device_type": "desktop",
    "context_os_name": "windows",
    "context_os_version": "10.0.19045",
    "context_receiver_service_timestamp": 1730282920218,
    "context_time": 1730105816345,
    "message_client_default_locale": "en",
    "message_user_specified_locale": ""
  },
  {
    "timestamp_utc": "2024-11-16T12:17:02.852Z",
    "context_application_version": "1.2.49.439",
    "context_conn_country": "FR",
    "context_device_manufacturer": "HP",
    "context_device_model": "HP EliteBook 830 G5",
    "context_device_type": "desktop",
    "context_os_name": "windows",
    "context_os_version": "10.0.19045",
    "context_receiver_service_timestamp": 1731759564856,
    "context_time": 1731759422852,
    "message_client_default_locale": "en",
    "message_user_specified_locale": ""
  },
  {
    "timestamp_utc": "2024-11-29T10:56:59.289Z",
    "context_application_version": "1.2.51.345",
    "context_conn_country": "FR",
    "context_device_manufacturer": "HP",
    "context_device_model": "HP EliteBook 830 G5",
    "context_device_type": "desktop",
    "context_os_name": "windows",
    "context_os_version": "10.0.19045",
    "context_receiver_service_timestamp": 1733218786618,
    "context_time": 1732877819289,
    "message_client_default_locale": "en",
    "message_user_specified_locale": ""
  },
  {
    "timestamp_utc": "2024-11-20T16:27:17.620Z",
    "context_application_version": "1.2.50.335",
    "context_conn_country": "FR",
    "context_device_manufacturer": "HP",
    "context_device_model": "HP EliteBook 830 G5",
    "context_device_type": "desktop",
    "context_os_name": "windows",
    "context_os_version": "10.0.19045",
    "context_receiver_service_timestamp": 1732120168991,
    "context_time": 1732120037620,
    "message_client_default_locale": "en",
    "message_user_specified_locale": ""
  },
  {
    "timestamp_utc": "2024-10-30T21:16:19.625Z",
    "context_application_version": "1.2.49.439",
    "context_conn_country": "DE",
    "context_device_manufacturer": "Apple Inc.",
    "context_device_model": "MacBookPro17,1",
    "context_device_type": "desktop",
    "context_os_name": "osx",
    "context_os_version": "14.1.2",
    "context_receiver_service_timestamp": 1730322818970,
    "context_time": 1730322979625,
    "message_client_default_locale": "en",
    "message_user_specified_locale": ""
  },
  {
    "timestamp_utc": "2024-09-25T18:11:58.775Z",
    "context_application_version": "1.2.47.364",
    "context_conn_country": "FR",
    "context_device_manufacturer": "HP",
    "context_device_model": "HP EliteBook 830 G5",
    "context_device_type": "desktop",
    "context_os_name": "windows",
    "context_os_version": "10.0.19045",
    "context_receiver_service_timestamp": 1727288036238,
    "context_time": 1727287918775,
    "message_client_default_locale": "en",
    "message_user_specified_locale": ""
  },
  {
    "timestamp_utc": "2024-09-15T10:01:59.673Z",
    "context_application_version": "1.2.45.454",
    "context_conn_country": "FR",
    "context_device_manufacturer": "HP",
    "context_device_model": "HP EliteBook 830 G5",
    "context_device_type": "desktop",
    "context_os_name": "windows",
    "context_os_version": "10.0.19045",
    "context_receiver_service_timestamp": 1726394611323,
    "context_time": 1726394519673,
    "message_client_default_locale": "en",
    "message_user_specified_locale": ""
  },
  {
    "timestamp_utc": "2024-10-11T19:51:48.463Z",
    "context_application_version": "1.2.48.405",
    "context_conn_country": "FR",
    "context_device_manufacturer": "HP",
    "context_device_model": "HP EliteBook 830 G5",
    "context_device_type": "desktop",
    "context_os_name": "windows",
    "context_os_version": "10.0.19045",
    "context_receiver_service_timestamp": 1728676414477,
    "context_time": 1728676308463,
    "message_client_default_locale": "en",
    "message_user_specified_locale": ""
  },
  {
    "timestamp_utc": "2024-10-12T19:38:59.619Z",
    "context_application_version": "1.2.48.405",
    "context_conn_country": "FR",
    "context_device_manufacturer": "HP",
    "context_device_model": "HP EliteBook 830 G5",
    "context_device_type": "desktop",
    "context_os_name": "windows",
    "context_os_version": "10.0.19045",
    "context_receiver_service_timestamp": 1728762047455,
    "context_time": 1728761939619,
    "message_client_default_locale": "en",
    "message_user_specified_locale": ""
  },
  {
    "timestamp_utc": "2024-09-20T06:08:21.497Z",
    "context_application_version": "1.2.45.454",
    "context_conn_country": "FR",
    "context_device_manufacturer": "HP",
    "context_device_model": "HP EliteBook 830 G5",
    "context_device_type": "desktop",
    "context_os_name": "windows",
    "context_os_version": "10.0.19045",
    "context_receiver_service_timestamp": 1726913865368,
    "context_time": 1726812501497,
    "message_client_default_locale": "en",
    "message_user_specified_locale": ""
  },
  {
    "timestamp_utc": "2024-11-10T22:38:58.689Z",
    "context_application_version": "1.2.49.439",
    "context_conn_country": "FR",
    "context_device_manufacturer": "HP",
    "context_device_model": "HP EliteBook 830 G5",
    "context_device_type": "desktop",
    "context_os_name": "windows",
    "context_os_version": "10.0.19045",
    "context_receiver_service_timestamp": 1731278548257,
    "context_time": 1731278338689,
    "message_client_default_locale": "en",
    "message_user_specified_locale": ""
  },
  {
    "timestamp_utc": "2024-12-02T18:40:18.516Z",
    "context_application_version": "1.2.51.345",
    "context_conn_country": "FR",
    "context_device_manufacturer": "HP",
    "context_device_model": "HP EliteBook 830 G5",
    "context_device_type": "desktop",
    "context_os_name": "windows",
    "context_os_version": "10.0.19045",
    "context_receiver_service_timestamp": 1733218786964,
    "context_time": 1733164818516,
    "message_client_default_locale": "en",
    "message_user_specified_locale": ""
  },
  {
    "timestamp_utc": "2024-09-25T12:06:43.134Z",
    "context_application_version": "1.2.47.364",
    "context_conn_country": "FR",
    "context_device_manufacturer": "HP",
    "context_device_model": "HP EliteBook 830 G5",
    "context_device_type": "desktop",
    "context_os_name": "windows",
    "context_os_version": "10.0.19045",
    "context_receiver_service_timestamp": 1727270245558,
    "context_time": 1727266003134,
    "message_client_default_locale": "en",
    "message_user_specified_locale": ""
  }
]