[
  {
    "timestamp_utc": "2024-10-13T16:26:29.890Z",
    "context_application_version": "8.9.76.516",
    "context_conn_country": "FR",
    "context_device_manufacturer": "apple",
    "context_device_model": "iPhone14,5",
    "context_device_type": "mobile",
    "context_os_name": "ios",
    "context_os_version": "17.6.1",
    "context_receiver_service_timestamp": 1728836790714,
    "context_time": 1728836789890,
    "message_button_identifier": "",
    "message_cmp_message_type": "LOCAL",
    "message_dismiss_type": "auto_dismissing_message_timer_elapsed",
    "message_local_message_identifier": "com.spotify.service.smartshuffle.core_smart-shuffle-helper-tooltip",
    "message_locale": "en",
    "message_message_creative_campaign_id": 0,
    "message_message_creative_id": 0,
    "message_message_creative_template_id": 0,
    "message_message_creative_version": "",
    "message_message_format": "TOOLTIP",
    "message_message_id": 0,
    "message_message_uuid": "2E0D8109-4870-4EA1-A399-490325DC9F59",
    "message_opportunity_id": "85048992-f931-4052-b9ae-5987dad99777",
    "message_trigger": "smart-shuffle-helper-tooltip-request"
  },
  {
    "timestamp_utc": "2024-07-06T10:26:45.672Z",
    "context_application_version": "8.9.50.491",
    "context_conn_country": "DE",
    "context_device_manufacturer": "apple",
    "context_device_model": "iPhone15,2",
    "context_device_type": "mobile",
    "context_os_name": "ios",
    "context_os_version": "17.5.1",
    "context_receiver_service_timestamp": 1720261627190,
    "context_time": 1720261605672,
    "message_button_identifier": "",
    "message_cmp_message_type": null,
    "message_dismiss_type": "footer_tapped",
    "message_local_message_identifier": null,
    "message_locale": "en",
    "message_message_creative_campaign_id": 74506,
    "message_message_creative_id": 17922625,
    "message_message_creative_template_id": 50441,
    "message_message_creative_version": "cards/V2",
    "message_message_format": "MODAL",
    "message_message_id": 121449,
    "message_message_uuid": "28e59cb1-da84-4944-bf82-59c861e211bd",
    "message_opportunity_id": "28e59cb1-da84-4944-bf82-59c861e211bd",
    "message_trigger": "spotify:home"
  },
  {
    "timestamp_utc": "2024-11-30T11:14:32.159Z",
    "context_application_version": "8.9.94.418",
    "context_conn_country": "DE",
    "context_device_manufacturer": "apple",
    "context_device_model": "iPhone15,2",
    "context_device_type": "mobile",
    "context_os_name": "ios",
    "context_os_version": "18.0",
    "context_receiver_service_timestamp": 1732965277092,
    "context_time": 1732965272159,
    "message_button_identifier": "",
    "message_cmp_message_type": "LOCAL",
    "message_dismiss_type": "programmatic_dismissal",
    "message_local_message_identifier": "com.spotify.service.connect.notifications_connect-is-active-attach-tooltip",
    "message_locale": "en",
    "message_message_creative_campaign_id": 0,
    "message_message_creative_id": 0,
    "message_message_creative_template_id": 0,
    "message_message_creative_version": "",
    "message_message_format": "TOOLTIP",
    "message_message_id": 0,
    "message_message_uuid": "8EFDE443-F927-4C03-849B-F22B27797971",
    "message_opportunity_id": "033b36a9-989b-43ee-a68d-fd10ee7c5357",
    "message_trigger": "connect-is-active"
  },
  {
    "timestamp_utc": "2024-10-13T14:12:01.645Z",
    "context_application_version": "8.9.82.628",
    "context_conn_country": "DE",
    "context_device_manufacturer": "apple",
    "context_device_model": "iPhone15,2",
    "context_device_type": "mobile",
    "context_os_name": "ios",
    "context_os_version": "18.0",
    "context_receiver_service_timestamp": 1728828731452,
    "context_time": 1728828721645,
    "message_button_identifier": "",
    "message_cmp_message_type": "LOCAL",
    "message_dismiss_type": "auto_dismissing_message_timer_elapsed",
    "message_local_message_identifier": "watch-feed-entrypoints_watchfeed-entityexplorer-tooltip",
    "message_locale": "en",
    "message_message_creative_campaign_id": 0,
    "message_message_creative_id": 0,
    "message_message_creative_template_id": 0,
    "message_message_creative_version": "",
    "message_message_format": "TOOLTIP",
    "message_message_id": 0,
    "message_message_uuid": "3DD4037D-3695-4F66-8041-979F9BE0363B",
    "message_opportunity_id": "1eb7bac0-1153-4bf3-a5c0-5ee286a7df66",
    "message_trigger": "watch-feed-tooltip-requested"
  },
  {
    "timestamp_utc": "2024-08-29T22:26:23.667Z",
    "context_application_version": "8.9.68.490",
    "context_conn_country": "DE",
    "context_device_manufacturer": "apple",
    "context_device_model": "iPhone15,2",
    "context_device_type": "mobile",
    "context_os_name": "ios",
    "context_os_version": "17.5.1",
    "context_receiver_service_timestamp": 1724970392772,
    "context_time": 1724970383667,
    "message_button_identifier": "",
    "message_cmp_message_type": null,
    "message_dismiss_type": "auto_dismissing_message_timer_elapsed",
    "message_local_message_identifier": null,
    "message_locale": "en",
    "message_message_creative_campaign_id": 0,
    "message_message_creative_id": 0,
    "message_message_creative_template_id": 0,
    "message_message_creative_version": "",
    "message_message_format": "TOOLTIP",
    "message_message_id": 0,
    "message_message_uuid": "77EE8C9F-3826-47A1-B901-FC4B410A675A",
    "message_opportunity_id": "3cc1b5b3-778b-4d84-bf1b-706faf222cbc",
    "message_trigger": "social-listening-joinedIPLSessionAsHost-tooltip-requested"
  },
  {
    "timestamp_utc": "2024-10-22T15:17:34.332Z",
    "context_application_version": "8.9.82.628",
    "context_conn_country": "DE",
    "context_device_manufacturer": "apple",
    "context_device_model": "iPhone15,2",
    "context_device_type": "mobile",
    "context_os_name": "ios",
    "context_os_version": "18.0",
    "context_receiver_service_timestamp": 1729610256475,
    "context_time": 1729610254332,
    "message_button_identifier": "",
    "message_cmp_message_type": "LOCAL",
    "message_dismiss_type": "programmatic_dismissal",
    "message_local_message_identifier": "watch-feed-entrypoints_watchfeed-entityexplorer-tooltip",
    "message_locale": "en",
    "message_message_creative_campaign_id": 0,
    "message_message_creative_id": 0,
    "message_message_creative_template_id": 0,
    "message_message_creative_version": "",
    "message_message_format": "TOOLTIP",
    "message_message_id": 0,
    "message_message_uuid": "186E30CE-5C6F-45C9-895A-66A21C7851F8",
    "message_opportunity_id": "16746851-ff86-48da-8f6b-4b560d722ae8",
    "message_trigger": "watch-feed-tooltip-requested"
  },
  {
    "timestamp_utc": "2024-07-14T16:09:10.202Z",
    "context_application_version": "8.9.54.343",
    "context_conn_country": "FR",
    "context_device_manufacturer": "apple",
    "context_device_model": "iPhone14,5",
    "context_device_type": "mobile",
    "context_os_name": "ios",
    "context_os_version": "17.4.1",
    "context_receiver_service_timestamp": 1720973359740,
    "context_time": 1720973350202,
    "message_button_identifier": "",
    "message_cmp_message_type": null,
    "message_dismiss_type": "footer_tapped",
    "message_local_message_identifier": null,
    "message_locale": "en",
    "message_message_creative_campaign_id": 74506,
    "message_message_creative_id": 17922625,
    "message_message_creative_template_id": 50441,
    "message_message_creative_version": "cards/V2",
    "message_message_format": "MODAL",
    "message_message_id": 121449,
    "message_message_uuid": "4840bc3f-b070-47db-8716-2dcf77dbd7dd",
    "message_opportunity_id": "4840bc3f-b070-47db-8716-2dcf77dbd7dd",
    "message_trigger": "spotify:playlist:37i9dQZF1DZ06evO03FbPP"
  },
  {
    "timestamp_utc": "2024-11-01T10:40:33.335Z",
    "context_application_version": "8.9.84.543",
    "context_conn_country": "DE",
    "context_device_manufacturer": "apple",
    "context_device_model": "iPhone15,2",
    "context_device_type": "mobile",
    "context_os_name": "ios",
    "context_os_version": "18.0",
    "context_receiver_service_timestamp": 1730459580063,
    "context_time": 1730457633335,
    "message_button_identifier": "",
    "message_cmp_message_type": "LOCAL",
    "message_dismiss_type": "programmatic_dismissal",
    "message_local_message_identifier": "com.spotify.service.connect.notifications_connect-is-active-attach-tooltip",
    "message_locale": "en",
    "message_message_creative_campaign_id": 0,
    "message_message_creative_id": 0,
    "message_message_creative_template_id": 0,
    "message_message_creative_version": "",
    "message_message_format": "TOOLTIP",
    "message_message_id": 0,
    "message_message_uuid": "966FB040-CFE5-41C4-9EC3-2D527CF0ADEE",
    "message_opportunity_id": "9d26ef97-913e-43f1-8946-88c142b898d5",
    "message_trigger": "connect-is-active"
  },
  {
    "timestamp_utc": "2024-10-21T18:59:18.262Z",
    "context_application_version": "8.9.82.628",
    "context_conn_country": "DE",
    "context_device_manufacturer": "apple",
    "context_device_model": "iPhone15,2",
    "context_device_type": "mobile",
    "context_os_name": "ios",
    "context_os_version": "18.0",
    "context_receiver_service_timestamp": 1729537170402,
    "context_time": 1729537158262,
    "message_button_identifier": "",
    "message_cmp_message_type": "LOCAL",
    "message_dismiss_type": "programmatic_dismissal",
    "message_local_message_identifier": "com.spotify.service.connect.notifications_connect-is-active-attach-tooltip",
    "message_locale": "en",
    "message_message_creative_campaign_id": 0,
    "message_message_creative_id": 0,
    "message_message_creative_template_id": 0,
    "message_message_creative_version": "",
    "message_message_format": "TOOLTIP",
    "message_message_id": 0,
    "message_message_uuid": "0039AD79-ABDB-4FAF-865B-25FDE5D447B2",
    "message_opportunity_id": "0d1eb1f7-e0a0-49a3-af3b-f5b9e4543910",
    "message_trigger": "connect-is-active"
  },
  {
    "timestamp_utc": "2024-09-22T20:05:39.905Z",
    "context_application_version": "8.9.76.516",
    "context_conn_country": "IT",
    "context_device_manufacturer": "apple",
    "context_device_model": "iPhone15,2",
    "context_device_type": "mobile",
    "context_os_name": "ios",
    "context_os_version": "17.5.1",
    "context_receiver_service_timestamp": 1727035564194,
    "context_time": 1727035539905,
    "message_button_identifier": "",
    "message_cmp_message_type": "LOCAL",
    "message_dismiss_type": "programmatic_dismissal",
    "message_local_message_identifier": "com.spotify.service.connect.notifications_connect-is-active-attach-tooltip",
    "message_locale": "en",
    "message_message_creative_campaign_id": 0,
    "message_message_creative_id": 0,
    "message_message_creative_template_id": 0,
    "message_message_creative_version": "",
    "message_message_format": "TOOLTIP",
    "message_message_id": 0,
    "message_message_uuid": "955C9662-81A0-4F81-923A-EBB8215A212E",
    "message_opportunity_id": "eb1183c1-b00f-4706-b01e-bc817d3f3c73",
    "message_trigger": "connect-is-active"
  },
  {
    "timestamp_utc": "2024-08-24T12:50:01.430Z",
    "context_application_version": "8.9.66.462",
    "context_conn_country": "DE",
    "context_device_manufacturer": "apple",
    "context_device_model": "iPhone15,2",
    "context_device_type": "mobile",
    "context_os_name": "ios",
    "context_os_version": "17.5.1",
    "context_receiver_service_timestamp": 1724503819078,
    "context_time": 1724503801430,
    "message_button_identifier": "",
    "message_cmp_message_type": null,
    "message_dismiss_type": "auto_dismissing_message_timer_elapsed",
    "message_local_message_identifier": null,
    "message_locale": "en",
    "message_message_creative_campaign_id": 0,
    "message_message_creative_id": 0,
    "message_message_creative_template_id": 0,
    "message_message_creative_version": "",
    "message_message_format": "TOOLTIP",
    "message_message_id": 0,
    "message_message_uuid": "306A7CC6-1AB7-416A-9F53-0CFE1693DE6A",
    "message_opportunity_id": "470812e5-507a-414b-b007-2e7424458508",
    "message_trigger": "connect-is-active"
  },
  {
    "timestamp_utc": "2024-09-07T14:06:34.408Z",
    "context_application_version": "8.9.68.490",
    "context_conn_country": "DE",
    "context_device_manufacturer": "apple",
    "context_device_model": "iPhone15,2",
    "context_device_type": "mobile",
    "context_os_name": "ios",
    "context_os_version": "17.5.1",
    "context_receiver_service_timestamp": 1725718021461,
    "context_time": 1725717994408,
    "message_button_identifier": "",
    "message_cmp_message_type": null,
    "message_dismiss_type": "programmatic_dismissal",
    "message_local_message_identifier": null,
    "message_locale": "en",
    "message_message_creative_campaign_id": 0,
    "message_message_creative_id": 0,
    "message_message_creative_template_id": 0,
    "message_message_creative_version": "",
    "message_message_format": "TOOLTIP",
    "message_message_id": 0,
    "message_message_uuid": "23FE4A11-62B8-4616-BC81-849442BA1BAD",
    "message_opportunity_id": "a6bdb572-2e90-44d1-92c4-641479f7a0e5",
    "message_trigger": "social-listening-joinedIPLSessionAsHost-tooltip-requested"
  },
  {
    "timestamp_utc": "2024-11-13T15:47:55.845Z",
    "context_application_version": "8.9.90.84",
    "context_conn_country": "DE",
    "context_device_manufacturer": "apple",
    "context_device_model": "iPhone15,2",
    "context_device_type": "mobile",
    "context_os_name": "ios",
    "context_os_version": "18.0",
    "context_receiver_service_timestamp": 1731512901182,
    "context_time": 1731512875845,
    "message_button_identifier": "",
    "message_cmp_message_type": "LOCAL",
    "message_dismiss_type": "programmatic_dismissal",
    "message_local_message_identifier": "com.spotify.service.connectentitylogic_social-listening-joinedIPLSessionAsHost-tooltip",
    "message_locale": "en",
    "message_message_creative_campaign_id": 0,
    "message_message_creative_id": 0,
    "message_message_creative_template_id": 0,
    "message_message_creative_version": "",
    "message_message_format": "TOOLTIP",
    "message_message_id": 0,
    "message_message_uuid": "8F49E68B-E5A0-41E2-9F22-30C0B3A810BA",
    "message_opportunity_id": "98ae317b-a5b5-488c-8953-f7de232f9207",
    "message_trigger": "social-listening-joinedIPLSessionAsHost-tooltip-requested"
  },
  {
    "timestamp_utc": "2024-10-05T18:44:16.350Z",
    "context_application_version": "8.9.76.516",
    "context_conn_country": "FR",
    "context_device_manufacturer": "apple",
    "context_device_model": "iPhone14,5",
    "context_device_type": "mobile",
    "context_os_name": "ios",
    "context_os_version": "17.6.1",
    "context_receiver_service_timestamp": 1728153884709,
    "context_time": 1728153856350,
    "message_button_identifier": "",
    "message_cmp_message_type": "LOCAL",
    "message_dismiss_type": "programmatic_dismissal",
    "message_local_message_identifier": "com.spotify.service.connect.notifications_connect-is-active-attach-tooltip",
    "message_locale": "en",
    "message_message_creative_campaign_id": 0,
    "message_message_creative_id": 0,
    "message_message_creative_template_id": 0,
    "message_message_creative_version": "",
    "message_message_format": "TOOLTIP",
    "message_message_id": 0,
    "message_message_uuid": "27E3AC71-6927-461B-B3CD-6B6C6A234E83",
    "message_opportunity_id": "3bf2bc4b-662e-4d60-9e59-8676f71f49b4",
    "message_trigger": "connect-is-active"
  },
  {
    "timestamp_utc": "2024-11-26T20:55:38.339Z",
    "context_application_version": "8.9.94.418",
    "context_conn_country": "FR",
    "context_device_manufacturer": "apple",
    "context_device_model": "iPhone14,5",
    "context_device_type": "mobile",
    "context_os_name": "ios",
    "context_os_version": "17.6.1",
    "context_receiver_service_timestamp": 1732654561492,
    "context_time": 1732654538339,
    "message_button_identifier": "",
    "message_cmp_message_type": "JIT",
    "message_dismiss_type": "footer_tapped",
    "message_local_message_identifier": null,
    "message_locale": "en",
    "message_message_creative_campaign_id": 85874,
    "message_message_creative_id": 18154761,
    "message_message_creative_template_id": 79813,
    "message_message_creative_version": "cards/V2",
    "message_message_format": "MODAL",
    "message_message_id": 156775,
    "message_message_uuid": "a1e8f15f-5864-43ed-b7ef-f5fdb6610157",
    "message_opportunity_id": "a1e8f15f-5864-43ed-b7ef-f5fdb6610157",
    "message_trigger": "spotify:home"
  },
  {
    "timestamp_utc": "2024-10-12T18:27:32.744Z",
    "context_application_version": "8.9.76.516",
    "context_conn_country": "DE",
    "context_device_manufacturer": "apple",
    "context_device_model": "iPhone15,2",
    "context_device_type": "mobile",
    "context_os_name": "ios",
    "context_os_version": "18.0",
    "context_receiver_service_timestamp": 1728757664846,
    "context_time": 1728757652744,
    "message_button_identifier": "",
    "message_cmp_message_type": "LOCAL",
    "message_dismiss_type": "programmatic_dismissal",
    "message_local_message_identifier": "com.spotify.service.connect.notifications_connect-is-active-attach-tooltip",
    "message_locale": "en",
    "message_message_creative_campaign_id": 0,
    "message_message_creative_id": 0,
    "message_message_creative_template_id": 0,
    "message_message_creative_version": "",
    "message_message_format": "TOOLTIP",
    "message_message_id": 0,
    "message_message_uuid": "A247DA46-F599-4F0A-86B4-D93078E93B64",
    "message_opportunity_id": "5d8b81e0-8187-487a-a16d-43c90f612bf2",
    "message_trigger": "connect-is-active"
  },
  {
    "timestamp_utc": "2024-10-25T22:28:32.377Z",
    "context_application_version": "8.9.84.543",
    "context_conn_country": "DE",
    "context_device_manufacturer": "apple",
    "context_device_model": "iPhone15,2",
    "context_device_type": "mobile",
    "context_os_name": "ios",
    "context_os_version": "18.0",
    "context_receiver_service_timestamp": 1729895317219,
    "context_time": 1729895312377,
    "message_button_identifier": "",
    "message_cmp_message_type": "LOCAL",
    "message_dismiss_type": "auto_dismissing_message_timer_elapsed",
    "message_local_message_identifier": "com.spotify.service.connect.notifications_connect-is-active-connectToDevice-tooltip",
    "message_locale": "en",
    "message_message_creative_campaign_id": 0,
    "message_message_creative_id": 0,
    "message_message_creative_template_id": 0,
    "message_message_creative_version": "",
    "message_message_format": "TOOLTIP",
    "message_message_id": 0,
    "message_message_uuid": "B66925C1-FF00-42CC-B617-462E46A8E855",
    "message_opportunity_id": "1bb1b56c-7a3e-4345-810c-2251b4c7c032",
    "message_trigger": "connect-is-active"
  },
  {
    "timestamp_utc": "2024-08-21T19:27:18.770Z",
    "context_application_version": "8.9.66.462",
    "context_conn_country": "DE",
    "context_device_manufacturer": "apple",
    "context_device_model": "iPhone15,2",
    "context_device_type": "mobile",
    "context_os_name": "ios",
    "context_os_version": "17.5.1",
    "context_receiver_service_timestamp": 1724268444455,
    "context_time": 1724268438770,
    "message_button_identifier": "",
    "message_cmp_message_type": null,
    "message_dismiss_type": "programmatic_dismissal",
    "message_local_message_identifier": null,
    "message_locale": "en",
    "message_message_creative_campaign_id": 0,
    "message_message_creative_id": 0,
    "message_message_creative_template_id": 0,
    "message_message_creative_version": "",
    "message_message_format": "TOOLTIP",
    "message_message_id": 0,
    "message_message_uuid": "EFD49B62-956E-4189-BECA-8FD2129360C9",
    "message_opportunity_id": "a84e74e3-a85c-4964-8c4b-c44546ab59d8",
    "message_trigger": "connect-is-active"
  },
  {
    "timestamp_utc": "2024-11-13T21:23:58.257Z",
    "context_application_version": "8.9.90.84",
    "context_conn_country": "DE",
    "context_device_manufacturer": "apple",
    "context_device_model": "iPhone15,2",
    "context_device_type": "mobile",
    "context_os_name": "ios",
    "context_os_version": "18.0",
    "context_receiver_service_timestamp": 1731533041615,
    "context_time": 1731533038257,
    "message_button_identifier": "",
    "message_cmp_message_type": "LOCAL",
    "message_dismiss_type": "programmatic_dismissal",
    "message_local_message_identifier": "com.spotify.service.connect.notifications_connect-is-active-connectToDevice-tooltip",
    "message_locale": "en",
    "message_message_creative_campaign_id": 0,
    "message_message_creative_id": 0,
    "message_message_creative_template_id": 0,
    "message_message_creative_version": "",
    "message_message_format": "TOOLTIP",
    "message_message_id": 0,
    "message_message_uuid": "86CE5AE7-F726-4D18-8405-69FCEB516A53",
    "message_opportunity_id": "020b1ba3-9a70-456e-a7f3-a12852804b7a",
    "message_trigger": "connect-is-active"
  },
  {
    "timestamp_utc": "2024-09-06T16:23:24.297Z",
    "context_application_version": "8.9.68.490",
    "context_conn_country": "DE",
    "context_device_manufacturer": "apple",
    "context_device_model": "iPhone15,2",
    "context_device_type": "mobile",
    "context_os_name": "ios",
    "context_os_version": "17.5.1",
    "context_receiver_service_timestamp": 1725639820480,
    "context_time": 1725639804297,
    "message_button_identifier": "",
    "message_cmp_message_type": null,
    "message_dismiss_type": "auto_dismissing_message_timer_elapsed",
    "message_local_message_identifier": null,
    "message_locale": "en",
    "message_message_creative_campaign_id": 0,
    "message_message_creative_id": 0,
    "message_message_creative_template_id": 0,
    "message_message_creative_version": "",
    "message_message_format": "TOOLTIP",
    "message_message_id": 0,
    "message_message_uuid": "B7264B26-7DCC-4DC8-B8AC-267A00B386CB",
    "message_opportunity_id": "23f91f6c-436f-4d25-9806-2c76462f8a33",
    "message_trigger": "social-listening-joinedIPLSessionAsHost-tooltip-requested"
  },
  {
    "timestamp_utc": "2024-11-10T23:42:18.627Z",
    "context_application_version": "8.9.86.419",
    "context_conn_country": "FR",
    "context_device_manufacturer": "apple",
    "context_device_model": "iPhone14,5",
    "context_device_type": "mobile",
    "context_os_name": "ios",
    "context_os_version": "17.6.1",
    "context_receiver_service_timestamp": 1731313295748,
    "context_time": 1731282138627,
    "message_button_identifier": "",
    "message_cmp_message_type": "LOCAL",
    "message_dismiss_type": "programmatic_dismissal",
    "message_local_message_identifier": "com.spotify.service.episodechapters.chapterslist_EpisodeContentsShareTooltip",
    "message_locale": "en",
    "message_message_creative_campaign_id": 0,
    "message_message_creative_id": 0,
    "message_message_creative_template_id": 0,
    "message_message_creative_version": "",
    "message_message_format": "TOOLTIP",
    "message_message_id": 0,
    "message_message_uuid": "8982A423-7069-44CF-A75A-C47A0989BF4E",
    "message_opportunity_id": "21aa31b8-f154-40aa-81e3-150c807cf691",
    "message_trigger": "show-chapter-share-from-chapter-list-tooltip"
  },
  {
    "timestamp_utc": "2024-10-03T12:38:26.460Z",
    "context_application_version": "8.9.76.516",
    "context_conn_country": "FR",
    "context_device_manufacturer": "apple",
    "context_device_model": "iPhone14,5",
    "context_device_type": "mobile",
    "context_os_name": "ios",
    "context_os_version": "17.6.1",
    "context_receiver_service_timestamp": 1727959108057,
    "context_time": 1727959106460,
    "message_button_identifier": "",
    "message_cmp_message_type": "LOCAL",
    "message_dismiss_type": "programmatic_dismissal",
    "message_local_message_identifier": "com.spotify.service.connect.notifications_connect-is-active-attach-tooltip",
    "message_locale": "en",
    "message_message_creative_campaign_id": 0,
    "message_message_creative_id": 0,
    "message_message_creative_template_id": 0,
    "message_message_creative_version": "",
    "message_message_format": "TOOLTIP",
    "message_message_id": 0,
    "message_message_uuid": "AB404A32-0D5E-49F5-B69E-97E0EA510B37",
    "message_opportunity_id": "2b6ff765-a9ef-4943-a0ea-5f5c97df9f1e",
    "message_trigger": "connect-is-active"
  },
  {
    "timestamp_utc": "2024-09-06T16:23:35.423Z",
    "context_application_version": "8.9.68.490",
    "context_conn_country": "MA",
    "context_device_manufacturer": "apple",
    "context_device_model": "iPhone14,5",
    "context_device_type": "mobile",
    "context_os_name": "ios",
    "context_os_version": "17.5.1",
    "context_receiver_service_timestamp": 1725640005624,
    "context_time": 1725639815423,
    "message_button_identifier": "",
    "message_cmp_message_type": null,
    "message_dismiss_type": "auto_dismissing_message_timer_elapsed",
    "message_local_message_identifier": null,
    "message_locale": "en",
    "message_message_creative_campaign_id": 0,
    "message_message_creative_id": 0,
    "message_message_creative_template_id": 0,
    "message_message_creative_version": "",
    "message_message_format": "TOOLTIP",
    "message_message_id": 0,
    "message_message_uuid": "1290D548-FE74-4093-B9D3-8EEA368063A5",
    "message_opportunity_id": "751161a4-0a7a-4659-be53-b6ddcb7f10a3",
    "message_trigger": "connect-is-active"
  },
  {
    "timestamp_utc": "2024-07-21T18:26:40.538Z",
    "context_application_version": "8.9.54.343",
    "context_conn_country": "DE",
    "context_device_manufacturer": "apple",
    "context_device_model": "iPhone15,2",
    "context_device_type": "mobile",
    "context_os_name": "ios",
    "context_os_version": "17.5.1",
    "context_receiver_service_timestamp": 1721586425150,
    "context_time": 1721586400538,
    "message_button_identifier": "",
    "message_cmp_message_type": null,
    "message_dismiss_type": "footer_tapped",
    "message_local_message_identifier": null,
    "message_locale": "en",
    "message_message_creative_campaign_id": 74506,
    "message_message_creative_id": 17922625,
    "message_message_creative_template_id": 50441,
    "message_message_creative_version": "cards/V2",
    "message_message_format": "MODAL",
    "message_message_id": 121449,
    "message_message_uuid": "2adca869-4032-4b6c-b04c-91138e6b9556",
    "message_opportunity_id": "2adca869-4032-4b6c-b04c-91138e6b9556",
    "message_trigger": "spotify:find"
  },
  {
    "timestamp_utc": "2024-11-12T12:29:41.416Z",
    "context_application_version": "8.9.90.84",
    "context_conn_country": "FR",
    "context_device_manufacturer": "apple",
    "context_device_model": "iPhone14,5",
    "context_device_type": "mobile",
    "context_os_name": "ios",
    "context_os_version": "17.6.1",
    "context_receiver_service_timestamp": 1731414590934,
    "context_time": 1731414581416,
    "message_button_identifier": "",
    "message_cmp_message_type": "LOCAL",
    "message_dismiss_type": "auto_dismissing_message_timer_elapsed",
    "message_local_message_identifier": "com.spotify.service.connect.notifications_connect-is-active-connectToDevice-tooltip",
    "message_locale": "en",
    "message_message_creative_campaign_id": 0,
    "message_message_creative_id": 0,
    "message_message_creative_template_id": 0,
    "message_message_creative_version": "",
    "message_message_format": "TOOLTIP",
    "message_message_id": 0,
    "message_message_uuid": "1B382349-DD84-4B66-ACA4-40F0E7DE9350",
    "message_opportunity_id": "4eb6f0d9-89a0-4af7-b4eb-0f27eec8756d",
    "message_trigger": "connect-is-active"
  },
  {
    "timestamp_utc": "2024-09-17T09:26:49.852Z",
    "context_application_version": "8.9.74.535",
    "context_conn_country": "FR",
    "context_device_manufacturer": "apple",
    "context_device_model": "iPhone14,5",
    "context_device_type": "mobile",
    "context_os_name": "ios",
    "context_os_version": "17.6.1",
    "context_receiver_service_timestamp": 1726565228326,
    "context_time": 1726565209852,
    "message_button_identifier": "",
    "message_cmp_message_type": "LOCAL",
    "message_dismiss_type": "auto_dismissing_message_timer_elapsed",
    "message_local_message_identifier": "com.spotify.service.connect.notifications_connect-is-active-attach-tooltip",
    "message_locale": "en",
    "message_message_creative_campaign_id": 0,
    "message_message_creative_id": 0,
    "message_message_creative_template_id": 0,
    "message_message_creative_version": "",
    "message_message_format": "TOOLTIP",
    "message_message_id": 0,
    "message_message_uuid": "6E035D87-3196-4DED-858C-F507A9ECBE34",
    "message_opportunity_id": "251c6720-1f3d-4be1-95b1-eb82c654626b",
    "message_trigger": "connect-is-active"
  },
  {
    "timestamp_utc": "2024-11-28T18:00:52.227Z",
    "context_application_version": "8.9.94.418",
    "context_conn_country": "DE",
    "context_device_manufacturer": "apple",
    "context_device_model": "iPhone15,2",
    "context_device_type": "mobile",
    "context_os_name": "ios",
    "context_os_version": "18.0",
    "context_receiver_service_timestamp": 1732816856415,
    "context_time": 1732816852227,
    "message_button_identifier": "",
    "message_cmp_message_type": "LOCAL",
    "message_dismiss_type": "programmatic_dismissal",
    "message_local_message_identifier": "com.spotify.service.connect.notifications_connect-is-active-attach-tooltip",
    "message_locale": "en",
    "message_message_creative_campaign_id": 0,
    "message_message_creative_id": 0,
    "message_message_creative_template_id": 0,
    "message_message_creative_version": "",
    "message_message_format": "TOOLTIP",
    "message_message_id": 0,
    "message_message_uuid": "3D56295E-7773-46F7-911F-6C4C01902C4C",
    "message_opportunity_id": "90a43dc7-250f-470a-b1ab-35e003b35ae7",
    "message_trigger": "connect-is-active"
  },
  {
    "timestamp_utc": "2024-09-06T16:26:47.317Z",
    "context_application_version": "8.9.68.490",
    "context_conn_country": "MA",
    "context_device_manufacturer": "apple",
    "context_device_model": "iPhone14,5",
    "context_device_type": "mobile",
    "context_os_name": "ios",
    "context_os_version": "17.5.1",
    "context_receiver_service_timestamp": 1725640032877,
    "context_time": 1725640007317,
    "message_button_identifier": "",
    "message_cmp_message_type": null,
    "message_dismiss_type": "programmatic_dismissal",
    "message_local_message_identifier": null,
    "message_locale": "en",
    "message_message_creative_campaign_id": 0,
    "message_message_creative_id": 0,
    "message_message_creative_template_id": 0,
    "message_message_creative_version": "",
    "message_message_format": "TOOLTIP",
    "message_message_id": 0,
    "message_message_uuid": "EAED79BB-5CDB-40CE-8B5D-B1D2E5CFF5B7",
    "message_opportunity_id": "e46bc922-5bcf-4d98-901b-45aec521feab",
    "message_trigger": "connect-is-active"
  },
  {
    "timestamp_utc": "2024-10-30T20:42:27.768Z",
    "context_application_version": "8.9.84.543",
    "context_conn_country": "DE",
    "context_device_manufacturer": "apple",
    "context_device_model": "iPhone15,2",
    "context_device_type": "mobile",
    "context_os_name": "ios",
    "context_os_version": "18.0",
    "context_receiver_service_timestamp": 1730320953083,
    "context_time": 1730320947768,
    "message_button_identifier": "",
    "message_cmp_message_type": "LOCAL",
    "message_dismiss_type": "programmatic_dismissal",
    "message_local_message_identifier": "com.spotify.service.connect.notifications_connect-is-active-attach-tooltip",
    "message_locale": "en",
    "message_message_creative_campaign_id": 0,
    "message_message_creative_id": 0,
    "message_message_creative_template_id": 0,
    "message_message_creative_version": "",
    "message_message_format": "TOOLTIP",
    "message_message_id": 0,
    "message_message_uuid": "F24D0750-B3FF-41DB-9C0D-0A2344848B0E",
    "message_opportunity_id": "06969ad8-59c7-408e-bae6-cd373cff6f30",
    "message_trigger": "connect-is-active"
  },
  {
    "timestamp_utc": "2024-11-22T08:26:24.913Z",
    "context_application_version": "8.9.90.84",
    "context_conn_country": "FR",
    "context_device_manufacturer": "apple",
    "context_device_model": "iPhone14,5",
    "context_device_type": "mobile",
    "context_os_name": "ios",
    "context_os_version": "17.6.1",
    "context_receiver_service_timestamp": 1732264013749,
    "context_time": 1732263984913,
    "message_button_identifier": "",
    "message_cmp_message_type": "LOCAL",
    "message_dismiss_type": "auto_dismissing_message_timer_elapsed",
    "message_local_message_identifier": "com.spotify.service.connect.notifications_connect-is-active-connectToDevice-tooltip",
    "message_locale": "en",
    "message_message_creative_campaign_id": 0,
    "message_message_creative_id": 0,
    "message_message_creative_template_id": 0,
    "message_message_creative_version": "",
    "message_message_format": "TOOLTIP",
    "message_message_id": 0,
    "message_message_uuid": "1647E538-4A93-4BF2-9163-88512D704898",
    "message_opportunity_id": "7dea34de-025c-4f83-8381-658fd585a407",
    "message_trigger": "connect-is-active"
  },
  {
    "timestamp_utc": "2024-11-30T17:38:33.955Z",
    "context_application_version": "8.9.94.418",
    "context_conn_country": "DE",
    "context_device_manufacturer": "apple",
    "context_device_model": "iPhone15,2",
    "context_device_type": "mobile",
    "context_os_name": "ios",
    "context_os_version": "18.0",
    "context_receiver_service_timestamp": 1732988320893,
    "context_time": 1732988313955,
    "message_button_identifier": "",
    "message_cmp_message_type": "LOCAL",
    "message_dismiss_type": "programmatic_dismissal",
    "message_local_message_identifier": "com.spotify.service.connect.notifications_connect-is-active-attach-tooltip",
    "message_locale": "en",
    "message_message_creative_campaign_id": 0,
    "message_message_creative_id": 0,
    "message_message_creative_template_id": 0,
    "message_message_creative_version": "",
    "message_message_format": "TOOLTIP",
    "message_message_id": 0,
    "message_message_uuid": "4A16916C-A0D1-4C07-946E-EB95A78AB591",
    "message_opportunity_id": "d78ade52-a9a2-4a92-8e43-ad1a7cfe496c",
    "message_trigger": "connect-is-active"
  },
  {
    "timestamp_utc": "2024-09-03T09:33:57.334Z",
    "context_application_version": "8.9.68.490",
    "context_conn_country": "DE",
    "context_device_manufacturer": "apple",
    "context_device_model": "iPhone15,2",
    "context_device_type": "mobile",
    "context_os_name": "ios",
    "context_os_version": "17.5.1",
    "context_receiver_service_timestamp": 1725356039075,
    "context_time": 1725356037334,
    "message_button_identifier": "tertiary-CtaDismiss-1",
    "message_cmp_message_type": null,
    "message_dismiss_type": "message_tertiary-CtaDismiss-1_button_tapped",
    "message_local_message_identifier": null,
    "message_locale": "en",
    "message_message_creative_campaign_id": 78366,
    "message_message_creative_id": 17690049,
    "message_message_creative_template_id": 59728,
    "message_message_creative_version": "banners/V2",
    "message_message_format": "BANNER",
    "message_message_id": 132696,
    "message_message_uuid": "f1c33d89-2568-4232-8302-8d5e52669e11",
    "message_opportunity_id": "f1c33d89-2568-4232-8302-8d5e52669e11",
    "message_trigger": "spotify:find"
  },
  {
    "timestamp_utc": "2024-09-24T17:04:49.871Z",
    "context_application_version": "8.9.74.535",
    "context_conn_country": "FR",
    "context_device_manufacturer": "apple",
    "context_device_model": "iPhone14,5",
    "context_device_type": "mobile",
    "context_os_name": "ios",
    "context_os_version": "17.6.1",
    "context_receiver_service_timestamp": 1727197503820,
    "context_time": 1727197489871,
    "message_button_identifier": "",
    "message_cmp_message_type": "LOCAL",
    "message_dismiss_type": "programmatic_dismissal",
    "message_local_message_identifier": "com.spotify.service.accountswitching.accountswitchingmessaging_show-account-switch-helper-tooltip",
    "message_locale": "en",
    "message_message_creative_campaign_id": 0,
    "message_message_creative_id": 0,
    "message_message_creative_template_id": 0,
    "message_message_creative_version": "",
    "message_message_format": "TOOLTIP",
    "message_message_id": 0,
    "message_message_uuid": "6C3EAE35-133E-469B-B90D-543F62367E4F",
    "message_opportunity_id": "bd0daa00-a11b-41b4-b150-55220bc2e06a",
    "message_trigger": "show-account-switch-helper-tooltip"
  },
  {
    "timestamp_utc": "2024-09-07T17:10:44.952Z",
    "context_application_version": "8.9.68.490",
    "context_conn_country": "MA",
    "context_device_manufacturer": "apple",
    "context_device_model": "iPhone14,5",
    "context_device_type": "mobile",
    "context_os_name": "ios",
    "context_os_version": "17.5.1",
    "context_receiver_service_timestamp": 1725729048307,
    "context_time": 1725729044952,
    "message_button_identifier": "",
    "message_cmp_message_type": null,
    "message_dismiss_type": "auto_dismissing_message_timer_elapsed",
    "message_local_message_identifier": null,
    "message_locale": "en",
    "message_message_creative_campaign_id": 0,
    "message_message_creative_id": 0,
    "message_message_creative_template_id": 0,
    "message_message_creative_version": "",
    "message_message_format": "TOOLTIP",
    "message_message_id": 0,
    "message_message_uuid": "CA927EB8-F19C-4FA0-99BF-7AFAB1E66D1E",
    "message_opportunity_id": "230506c0-93f6-4280-85e2-58b3c933b31e",
    "message_trigger": "connect-is-active"
  },
  {
    "timestamp_utc": "2024-11-04T11:45:46.254Z",
    "context_application_version": "8.9.84.543",
    "context_conn_country": "FR",
    "context_device_manufacturer": "apple",
    "context_device_model": "iPhone14,5",
    "context_device_type": "mobile",
    "context_os_name": "ios",
    "context_os_version": "17.6.1",
    "context_receiver_service_timestamp": 1730720750809,
    "context_time": 1730720746254,
    "message_button_identifier": "",
    "message_cmp_message_type": "LOCAL",
    "message_dismiss_type": "programmatic_dismissal",
    "message_local_message_identifier": "watch-feed-entrypoints_watchfeed-entityexplorer-tooltip",
    "message_locale": "en",
    "message_message_creative_campaign_id": 0,
    "message_message_creative_id": 0,
    "message_message_creative_template_id": 0,
    "message_message_creative_version": "",
    "message_message_format": "TOOLTIP",
    "message_message_id": 0,
    "message_message_uuid": "BA98E215-6F03-4423-8C09-69AF75D1A6BC",
    "message_opportunity_id": "c6d3dff4-deeb-42be-8cf2-0aa7766018ab",
    "message_trigger": "watch-feed-tooltip-requested"
  },
  {
    "timestamp_utc": "2024-09-03T09:33:57.338Z",
    "context_application_version": "8.9.68.490",
    "context_conn_country": "DE",
    "context_device_manufacturer": "apple",
    "context_device_model": "iPhone15,2",
    "context_device_type": "mobile",
    "context_os_name": "ios",
    "context_os_version": "17.5.1",
    "context_receiver_service_timestamp": 1725356039075,
    "context_time": 1725356037338,
    "message_button_identifier": "tertiary-CtaDismiss-1",
    "message_cmp_message_type": null,
    "message_dismiss_type": "message_tertiary-CtaDismiss-1_button_tapped",
    "message_local_message_identifier": null,
    "message_locale": "en",
    "message_message_creative_campaign_id": 78366,
    "message_message_creative_id": 17690049,
    "message_message_creative_template_id": 59728,
    "message_message_creative_version": "banners/V2",
    "message_message_format": "BANNER",
    "message_message_id": 132696,
    "message_message_uuid": "f1c33d89-2568-4232-8302-8d5e52669e11",
    "message_opportunity_id": "f1c33d89-2568-4232-8302-8d5e52669e11",
    "message_trigger": "spotify:find"
  },
  {
    "timestamp_utc": "2024-08-13T10:03:44.348Z",
    "context_application_version": "8.9.64.456",
    "context_conn_country": "DE",
    "context_device_manufacturer": "apple",
    "context_device_model": "iPhone15,2",
    "context_device_type": "mobile",
    "context_os_name": "ios",
    "context_os_version": "17.5.1",
    "context_receiver_service_timestamp": 1723543449772,
    "context_time": 1723543424348,
    "message_button_identifier": "",
    "message_cmp_message_type": null,
    "message_dismiss_type": "programmatic_dismissal",
    "message_local_message_identifier": null,
    "message_locale": "en",
    "message_message_creative_campaign_id": 0,
    "message_message_creative_id": 0,
    "message_message_creative_template_id": 0,
    "message_message_creative_version": "",
    "message_message_format": "TOOLTIP",
    "message_message_id": 0,
    "message_message_uuid": "4D647F29-8CF7-464D-944B-6C42186A0B1E",
    "message_opportunity_id": "f39967f7-5d0d-4ae5-bb34-a29384178a40",
    "message_trigger": "connect-is-active"
  },
  {
    "timestamp_utc": "2024-09-26T12:19:15.749Z",
    "context_application_version": "8.9.76.516",
    "context_conn_country": "DE",
    "context_device_manufacturer": "apple",
    "context_device_model": "iPhone15,2",
    "context_device_type": "mobile",
    "context_os_name": "ios",
    "context_os_version": "17.5.1",
    "context_receiver_service_timestamp": 1727353173171,
    "context_time": 1727353155749,
    "message_button_identifier": "",
    "message_cmp_message_type": "LOCAL",
    "message_dismiss_type": "programmatic_dismissal",
    "message_local_message_identifier": "com.spotify.service.connect.notifications_connect-is-active-attach-tooltip",
    "message_locale": "en",
    "message_message_creative_campaign_id": 0,
    "message_message_creative_id": 0,
    "message_message_creative_template_id": 0,
    "message_message_creative_version": "",
    "message_message_format": "TOOLTIP",
    "message_message_id": 0,
    "message_message_uuid": "C6A6F4B6-C0A7-4C2A-AB8C-97A23D31518C",
    "message_opportunity_id": "26e333ab-e7aa-42fd-9d5c-68c731f1c5a7",
    "message_trigger": "connect-is-active"
  },
  {
    "timestamp_utc": "2024-08-08T11:10:10.782Z",
    "context_application_version": "8.9.62.465",
    "context_conn_country": "DE",
    "context_device_manufacturer": "apple",
    "context_device_model": "iPhone15,2",
    "context_device_type": "mobile",
    "context_os_name": "ios",
    "context_os_version": "17.5.1",
    "context_receiver_service_timestamp": 1723115436592,
    "context_time": 1723115410782,
    "message_button_identifier": "",
    "message_cmp_message_type": null,
    "message_dismiss_type": "footer_tapped",
    "message_local_message_identifier": null,
    "message_locale": "en",
    "message_message_creative_campaign_id": 74506,
    "message_message_creative_id": 17922625,
    "message_message_creative_template_id": 50441,
    "message_message_creative_version": "cards/V2",
    "message_message_format": "MODAL",
    "message_message_id": 121449,
    "message_message_uuid": "b0d2da1c-6d29-48fa-9513-1bb855bd9247",
    "message_opportunity_id": "b0d2da1c-6d29-48fa-9513-1bb855bd9247",
    "message_trigger": "spotify:playlist:37i9dQZF1DZ06evO1xXPWg"
  },
  {
    "timestamp_utc": "2024-08-14T15:16:59.401Z",
    "context_application_version": "8.9.64.456",
    "context_conn_country": "MA",
    "context_device_manufacturer": "apple",
    "context_device_model": "iPhone14,5",
    "context_device_type": "mobile",
    "context_os_name": "ios",
    "context_os_version": "17.5.1",
    "context_receiver_service_timestamp": 1723747534850,
    "context_time": 1723648619401,
    "message_button_identifier": "",
    "message_cmp_message_type": null,
    "message_dismiss_type": "auto_dismissing_message_timer_elapsed",
    "message_local_message_identifier": null,
    "message_locale": "en",
    "message_message_creative_campaign_id": 0,
    "message_message_creative_id": 0,
    "message_message_creative_template_id": 0,
    "message_message_creative_version": "",
    "message_message_format": "TOOLTIP",
    "message_message_id": 0,
    "message_message_uuid": "9E13D9D3-CCDB-4B77-AF74-8936214F3C94",
    "message_opportunity_id": "5abc2139-5a4a-45ec-b51d-792eb61d2052",
    "message_trigger": "connect-is-active"
  },
  {
    "timestamp_utc": "2024-09-24T18:40:32.504Z",
    "context_application_version": "8.9.74.535",
    "context_conn_country": "FR",
    "context_device_manufacturer": "apple",
    "context_device_model": "iPhone14,5",
    "context_device_type": "mobile",
    "context_os_name": "ios",
    "context_os_version": "17.6.1",
    "context_receiver_service_timestamp": 1727203261129,
    "context_time": 1727203232504,
    "message_button_identifier": "",
    "message_cmp_message_type": "LOCAL",
    "message_dismiss_type": "auto_dismissing_message_timer_elapsed",
    "message_local_message_identifier": "com.spotify.service.connect.notifications_connect-is-active-attach-tooltip",
    "message_locale": "en",
    "message_message_creative_campaign_id": 0,
    "message_message_creative_id": 0,
    "message_message_creative_template_id": 0,
    "message_message_creative_version": "",
    "message_message_format": "TOOLTIP",
    "message_message_id": 0,
    "message_message_uuid": "3AFD9179-4380-4763-B657-6B4F6468D3ED",
    "message_opportunity_id": "bc3abdd3-f338-41d1-a730-566cd9c9ca16",
    "message_trigger": "connect-is-active"
  },
  {
    "timestamp_utc": "2024-10-12T20:38:10.487Z",
    "context_application_version": "8.9.76.516",
    "context_conn_country": "DE",
    "context_device_manufacturer": "apple",
    "context_device_model": "iPhone15,2",
    "context_device_type": "mobile",
    "context_os_name": "ios",
    "context_os_version": "18.0",
    "context_receiver_service_timestamp": 1728765516922,
    "context_time": 1728765490487,
    "message_button_identifier": "",
    "message_cmp_message_type": "LOCAL",
    "message_dismiss_type": "programmatic_dismissal",
    "message_local_message_identifier": "com.spotify.service.connect.notifications_connect-is-active-attach-tooltip",
    "message_locale": "en",
    "message_message_creative_campaign_id": 0,
    "message_message_creative_id": 0,
    "message_message_creative_template_id": 0,
    "message_message_creative_version": "",
    "message_message_format": "TOOLTIP",
    "message_message_id": 0,
    "message_message_uuid": "FE9EE7EB-107B-42D3-A2F0-474E9C4F968F",
    "message_opportunity_id": "b3e4c212-0d38-444b-884e-c28f7c5e3f2e",
    "message_trigger": "connect-is-active"
  },
  {
    "timestamp_utc": "2024-11-30T16:07:50.557Z",
    "context_application_version": "8.9.94.418",
    "context_conn_country": "DE",
    "context_device_manufacturer": "apple",
    "context_device_model": "iPhone15,2",
    "context_device_type": "mobile",
    "context_os_name": "ios",
    "context_os_version": "18.0",
    "context_receiver_service_timestamp": 1732982870789,
    "context_time": 1732982870557,
    "message_button_identifier": "",
    "message_cmp_message_type": "LOCAL",
    "message_dismiss_type": "auto_dismissing_message_timer_elapsed",
    "message_local_message_identifier": "com.spotify.service.connect.notifications_connect-is-active-switchNetwork-tooltip",
    "message_locale": "en",
    "message_message_creative_campaign_id": 0,
    "message_message_creative_id": 0,
    "message_message_creative_template_id": 0,
    "message_message_creative_version": "",
    "message_message_format": "TOOLTIP",
    "message_message_id": 0,
    "message_message_uuid": "51D3E2D5-014A-453A-8954-D8C0376A1EB3",
    "message_opportunity_id": "966062bd-ff23-4352-86bc-fcc63565211f",
    "message_trigger": "connect-is-active"
  },
  {
    "timestamp_utc": "2024-11-26T21:24:32.459Z",
    "context_application_version": "8.9.94.418",
    "context_conn_country": "DE",
    "context_device_manufacturer": "apple",
    "context_device_model": "iPhone15,2",
    "context_device_type": "mobile",
    "context_os_name": "ios",
    "context_os_version": "18.0",
    "context_receiver_service_timestamp": 1732656293889,
    "context_time": 1732656272459,
    "message_button_identifier": "",
    "message_cmp_message_type": "LOCAL",
    "message_dismiss_type": "auto_dismissing_message_timer_elapsed",
    "message_local_message_identifier": "com.spotify.service.connectentitylogic_social-listening-joinedIPLSessionAsHost-tooltip",
    "message_locale": "en",
    "message_message_creative_campaign_id": 0,
    "message_message_creative_id": 0,
    "message_message_creative_template_id": 0,
    "message_message_creative_version": "",
    "message_message_format": "TOOLTIP",
    "message_message_id": 0,
    "message_message_uuid": "1A696AD8-C425-4730-8177-841A724B25FB",
    "message_opportunity_id": "672b47f5-73ab-46fd-8960-0d7eb0f79c2a",
    "message_trigger": "social-listening-joinedIPLSessionAsHost-tooltip-requested"
  },
  {
    "timestamp_utc": "2024-09-09T19:28:15.327Z",
    "context_application_version": "8.9.70.592",
    "context_conn_country": "DE",
    "context_device_manufacturer": "apple",
    "context_device_model": "iPhone15,2",
    "context_device_type": "mobile",
    "context_os_name": "ios",
    "context_os_version": "17.5.1",
    "context_receiver_service_timestamp": 1725910100484,
    "context_time": 1725910095327,
    "message_button_identifier": "",
    "message_cmp_message_type": "LOCAL",
    "message_dismiss_type": "auto_dismissing_message_timer_elapsed",
    "message_local_message_identifier": "com.spotify.service.connectentitylogic_social-listening-joinedIPLSessionAsHost-tooltip",
    "message_locale": "en",
    "message_message_creative_campaign_id": 0,
    "message_message_creative_id": 0,
    "message_message_creative_template_id": 0,
    "message_message_creative_version": "",
    "message_message_format": "TOOLTIP",
    "message_message_id": 0,
    "message_message_uuid": "9D340CE4-3482-4B9B-ADBE-C8FB4D7C7B7D",
    "message_opportunity_id": "2e86a65c-4dad-406a-a52c-d192d9e39c4e",
    "message_trigger": "social-listening-joinedIPLSessionAsHost-tooltip-requested"
  },
  {
    "timestamp_utc": "2024-10-14T06:31:46.646Z",
    "context_application_version": "8.9.82.628",
    "context_conn_country": "DE",
    "context_device_manufacturer": "apple",
    "context_device_model": "iPhone15,2",
    "context_device_type": "mobile",
    "context_os_name": "ios",
    "context_os_version": "18.0",
    "context_receiver_service_timestamp": 1728887518875,
    "context_time": 1728887506646,
    "message_button_identifier": "",
    "message_cmp_message_type": "LOCAL",
    "message_dismiss_type": "programmatic_dismissal",
    "message_local_message_identifier": "com.spotify.service.connect.notifications_connect-is-active-attach-tooltip",
    "message_locale": "en",
    "message_message_creative_campaign_id": 0,
    "message_message_creative_id": 0,
    "message_message_creative_template_id": 0,
    "message_message_creative_version": "",
    "message_message_format": "TOOLTIP",
    "message_message_id": 0,
    "message_message_uuid": "ABBFCCFA-8DD1-4D9E-9832-3F269DB046A0",
    "message_opportunity_id": "84473d2b-24ac-4d9f-8554-a162a411b020",
    "message_trigger": "connect-is-active"
  },
  {
    "timestamp_utc": "2024-08-21T20:33:45.086Z",
    "context_application_version": "8.9.66.462",
    "context_conn_country": "DE",
    "context_device_manufacturer": "apple",
    "context_device_model": "iPhone15,2",
    "context_device_type": "mobile",
    "context_os_name": "ios",
    "context_os_version": "17.5.1",
    "context_receiver_service_timestamp": 1724272453469,
    "context_time": 1724272425086,
    "message_button_identifier": "",
    "message_cmp_message_type": null,
    "message_dismiss_type": "auto_dismissing_message_timer_elapsed",
    "message_local_message_identifier": null,
    "message_locale": "en",
    "message_message_creative_campaign_id": 0,
    "message_message_creative_id": 0,
    "message_message_creative_template_id": 0,
    "message_message_creative_version": "",
    "message_message_format": "TOOLTIP",
    "message_message_id": 0,
    "message_message_uuid": "FDC3CE56-8FE8-4A0A-84ED-6CC49267A630",
    "message_opportunity_id": "3399d003-7e1a-4aa2-9083-311b238bc070",
    "message_trigger": "social-listening-joinedIPLSessionAsHost-tooltip-requested"
  },
  {
    "timestamp_utc": "2024-11-10T23:42:18.627Z",
    "context_application_version": "8.9.86.419",
    "context_conn_country": "FR",
    "context_device_manufacturer": "apple",
    "context_device_model": "iPhone14,5",
    "context_device_type": "mobile",
    "context_os_name": "ios",
    "context_os_version": "17.6.1",
    "context_receiver_service_timestamp": 1731282154813,
    "context_time": 1731282138627,
    "message_button_identifier": "",
    "message_cmp_message_type": "LOCAL",
    "message_dismiss_type": "programmatic_dismissal",
    "message_local_message_identifier": "com.spotify.service.episodechapters.chapterslist_EpisodeContentsShareTooltip",
    "message_locale": "en",
    "message_message_creative_campaign_id": 0,
    "message_message_creative_id": 0,
    "message_message_creative_template_id": 0,
    "message_message_creative_version": "",
    "message_message_format": "TOOLTIP",
    "message_message_id": 0,
    "message_message_uuid": "8982A423-7069-44CF-A75A-C47A0989BF4E",
    "message_opportunity_id": "21aa31b8-f154-40aa-81e3-150c807cf691",
    "message_trigger": "show-chapter-share-from-chapter-list-tooltip"
  },
  {
    "timestamp_utc": "2024-07-29T13:27:05.641Z",
    "context_application_version": "8.9.58.473",
    "context_conn_country": "DE",
    "context_device_manufacturer": "apple",
    "context_device_model": "iPhone15,2",
    "context_device_type": "mobile",
    "context_os_name": "ios",
    "context_os_version": "17.5.1",
    "context_receiver_service_timestamp": 1722259634943,
    "context_time": 1722259625641,
    "message_button_identifier": "",
    "message_cmp_message_type": null,
    "message_dismiss_type": "footer_tapped",
    "message_local_message_identifier": null,
    "message_locale": "en",
    "message_message_creative_campaign_id": 74506,
    "message_message_creative_id": 17922625,
    "message_message_creative_template_id": 50441,
    "message_message_creative_version": "cards/V2",
    "message_message_format": "MODAL",
    "message_message_id": 121449,
    "message_message_uuid": "3fdce2fe-df96-40a3-8765-2b20c8f60e51",
    "message_opportunity_id": "3fdce2fe-df96-40a3-8765-2b20c8f60e51",
    "message_trigger": "spotify:album:32gqrEoZz1QAgCI0dwc8rY"
  },
  {
    "timestamp_utc": "2024-10-26T19:59:57.040Z",
    "context_application_version": "8.9.84.543",
    "context_conn_country": "DE",
    "context_device_manufacturer": "apple",
    "context_device_model": "iPhone15,2",
    "context_device_type": "mobile",
    "context_os_name": "ios",
    "context_os_version": "18.0",
    "context_receiver_service_timestamp": 1729972800512,
    "context_time": 1729972797040,
    "message_button_identifier": "",
    "message_cmp_message_type": "LOCAL",
    "message_dismiss_type": "auto_dismissing_message_timer_elapsed",
    "message_local_message_identifier": "com.spotify.service.connect.notifications_connect-is-active-attach-tooltip",
    "message_locale": "en",
    "message_message_creative_campaign_id": 0,
    "message_message_creative_id": 0,
    "message_message_creative_template_id": 0,
    "message_message_creative_version": "",
    "message_message_format": "TOOLTIP",
    "message_message_id": 0,
    "message_message_uuid": "2E43F97B-4417-4EF8-A741-A891C629D519",
    "message_opportunity_id": "7e0e1383-3e5e-4c96-89cb-dcd69c4c4f24",
    "message_trigger": "connect-is-active"
  },
  {
    "timestamp_utc": "2024-10-13T14:15:07.398Z",
    "context_application_version": "8.9.82.628",
    "context_conn_country": "DE",
    "context_device_manufacturer": "apple",
    "context_device_model": "iPhone15,2",
    "context_device_type": "mobile",
    "context_os_name": "ios",
    "context_os_version": "18.0",
    "context_receiver_service_timestamp": 1728828911694,
    "context_time": 1728828907398,
    "message_button_identifier": "",
    "message_cmp_message_type": "LOCAL",
    "message_dismiss_type": "auto_dismissing_message_timer_elapsed",
    "message_local_message_identifier": "com.spotify.service.connect.notifications_connect-is-active-attach-tooltip",
    "message_locale": "en",
    "message_message_creative_campaign_id": 0,
    "message_message_creative_id": 0,
    "message_message_creative_template_id": 0,
    "message_message_creative_version": "",
    "message_message_format": "TOOLTIP",
    "message_message_id": 0,
    "message_message_uuid": "88185707-7A11-4850-A05F-84E6A12703A0",
    "message_opportunity_id": "9d5e1d9b-7844-4e09-9840-85115556c2b0",
    "message_trigger": "connect-is-active"
  },
  {
    "timestamp_utc": "2024-10-25T11:47:11.121Z",
    "context_application_version": "8.9.82.628",
    "context_conn_country": "FR",
    "context_device_manufacturer": "apple",
    "context_device_model": "iPhone14,5",
    "context_device_type": "mobile",
    "context_os_name": "ios",
    "context_os_version": "17.6.1",
    "context_receiver_service_timestamp": 1729856847272,
    "context_time": 1729856831121,
    "message_button_identifier": "",
    "message_cmp_message_type": "LOCAL",
    "message_dismiss_type": "auto_dismissing_message_timer_elapsed",
    "message_local_message_identifier": "com.spotify.service.connect.notifications_connect-is-active-connectToDevice-tooltip",
    "message_locale": "en",
    "message_message_creative_campaign_id": 0,
    "message_message_creative_id": 0,
    "message_message_creative_template_id": 0,
    "message_message_creative_version": "",
    "message_message_format": "TOOLTIP",
    "message_message_id": 0,
    "message_message_uuid": "312285F0-6444-4980-AA85-DC35F850A75A",
    "message_opportunity_id": "b6cec567-784f-4728-ab63-007942c010f1",
    "message_trigger": "connect-is-active"
  },
  {
    "timestamp_utc": "2024-09-06T14:29:50.643Z",
    "context_application_version": "8.9.68.490",
    "context_conn_country": "DE",
    "context_device_manufacturer": "apple",
    "context_device_model": "iPhone15,2",
    "context_device_type": "mobile",
    "context_os_name": "ios",
    "context_os_version": "17.5.1",
    "context_receiver_service_timestamp": 1725633017964,
    "context_time": 1725632990643,
    "message_button_identifier": "",
    "message_cmp_message_type": null,
    "message_dismiss_type": "programmatic_dismissal",
    "message_local_message_identifier": null,
    "message_locale": "en",
    "message_message_creative_campaign_id": 0,
    "message_message_creative_id": 0,
    "message_message_creative_template_id": 0,
    "message_message_creative_version": "",
    "message_message_format": "TOOLTIP",
    "message_message_id": 0,
    "message_message_uuid": "4A346761-3B8B-4D68-BEEF-C7B72E4EF945",
    "message_opportunity_id": "71526114-c872-4dd7-87e0-27d7fd5e1990",
    "message_trigger": "connect-is-active"
  },
  {
    "timestamp_utc": "2024-11-24T16:33:58.413Z",
    "context_application_version": "8.9.94.418",
    "context_conn_country": "DE",
    "context_device_manufacturer": "apple",
    "context_device_model": "iPhone15,2",
    "context_device_type": "mobile",
    "context_os_name": "ios",
    "context_os_version": "18.0",
    "context_receiver_service_timestamp": 1732466045934,
    "context_time": 1732466038413,
    "message_button_identifier": "",
    "message_cmp_message_type": "LOCAL",
    "message_dismiss_type": "auto_dismissing_message_timer_elapsed",
    "message_local_message_identifier": "com.spotify.service.connectentitylogic_social-listening-joinedIPLSessionAsHost-tooltip",
    "message_locale": "en",
    "message_message_creative_campaign_id": 0,
    "message_message_creative_id": 0,
    "message_message_creative_template_id": 0,
    "message_message_creative_version": "",
    "message_message_format": "TOOLTIP",
    "message_message_id": 0,
    "message_message_uuid": "11228B6E-EECF-43F0-AD7F-56EE0F598AE0",
    "message_opportunity_id": "f8684355-ef5f-4a25-8af5-b64f4de10acc",
    "message_trigger": "social-listening-joinedIPLSessionAsHost-tooltip-requested"
  },
  {
    "timestamp_utc": "2024-10-11T11:03:09.801Z",
    "context_application_version": "8.9.76.516",
    "context_conn_country": "FR",
    "context_device_manufacturer": "apple",
    "context_device_model": "iPhone14,5",
    "context_device_type": "mobile",
    "context_os_name": "ios",
    "context_os_version": "17.6.1",
    "context_receiver_service_timestamp": 1728644593710,
    "context_time": 1728644589801,
    "message_button_identifier": "tertiary-CtaDismiss-1",
    "message_cmp_message_type": "JIT",
    "message_dismiss_type": "message_tertiary-CtaDismiss-1_button_tapped",
    "message_local_message_identifier": null,
    "message_locale": "en",
    "message_message_creative_campaign_id": 85554,
    "message_message_creative_id": 18136608,
    "message_message_creative_template_id": 78842,
    "message_message_creative_version": "cards/V2",
    "message_message_format": "FULLSCREEN",
    "message_message_id": 155624,
    "message_message_uuid": "18abb0a8-94bc-4f06-88e8-bdc150cd953a",
    "message_opportunity_id": "18abb0a8-94bc-4f06-88e8-bdc150cd953a",
    "message_trigger": "spotify:home"
  },
  {
    "timestamp_utc": "2024-11-20T15:20:34.415Z",
    "context_application_version": "8.9.90.84",
    "context_conn_country": "FR",
    "context_device_manufacturer": "apple",
    "context_device_model": "iPhone14,5",
    "context_device_type": "mobile",
    "context_os_name": "ios",
    "context_os_version": "17.6.1",
    "context_receiver_service_timestamp": 1732116053235,
    "context_time": 1732116034415,
    "message_button_identifier": "",
    "message_cmp_message_type": "LOCAL",
    "message_dismiss_type": "auto_dismissing_message_timer_elapsed",
    "message_local_message_identifier": "com.spotify.service.connect.notifications_connect-is-active-attach-tooltip",
    "message_locale": "en",
    "message_message_creative_campaign_id": 0,
    "message_message_creative_id": 0,
    "message_message_creative_template_id": 0,
    "message_message_creative_version": "",
    "message_message_format": "TOOLTIP",
    "message_message_id": 0,
    "message_message_uuid": "75C392BC-C6CB-40C1-8785-A02A7CA08222",
    "message_opportunity_id": "23f6a9d7-1c3c-43f1-8d44-28f5e8c98e66",
    "message_trigger": "connect-is-active"
  },
  {
    "timestamp_utc": "2024-09-07T14:33:08.809Z",
    "context_application_version": "8.9.68.490",
    "context_conn_country": "MA",
    "context_device_manufacturer": "apple",
    "context_device_model": "iPhone14,5",
    "context_device_type": "mobile",
    "context_os_name": "ios",
    "context_os_version": "17.5.1",
    "context_receiver_service_timestamp": 1725719590349,
    "context_time": 1725719588809,
    "message_button_identifier": "",
    "message_cmp_message_type": null,
    "message_dismiss_type": "auto_dismissing_message_timer_elapsed",
    "message_local_message_identifier": null,
    "message_locale": "en",
    "message_message_creative_campaign_id": 0,
    "message_message_creative_id": 0,
    "message_message_creative_template_id": 0,
    "message_message_creative_version": "",
    "message_message_format": "TOOLTIP",
    "message_message_id": 0,
    "message_message_uuid": "7F0E7473-B3C1-4DBB-97F2-5E8C4F488559",
    "message_opportunity_id": "44ae616c-f72e-4abd-a0b4-39b6e232aea2",
    "message_trigger": "connect-is-active"
  },
  {
    "timestamp_utc": "2024-11-30T15:45:03.995Z",
    "context_application_version": "8.9.94.418",
    "context_conn_country": "DE",
    "context_device_manufacturer": "apple",
    "context_device_model": "iPhone15,2",
    "context_device_type": "mobile",
    "context_os_name": "ios",
    "context_os_version": "18.0",
    "context_receiver_service_timestamp": 1732981520578,
    "context_time": 1732981503995,
    "message_button_identifier": "",
    "message_cmp_message_type": "LOCAL",
    "message_dismiss_type": "auto_dismissing_message_timer_elapsed",
    "message_local_message_identifier": "com.spotify.service.connect.notifications_connect-is-active-attach-tooltip",
    "message_locale": "en",
    "message_message_creative_campaign_id": 0,
    "message_message_creative_id": 0,
    "message_message_creative_template_id": 0,
    "message_message_creative_version": "",
    "message_message_format": "TOOLTIP",
    "message_message_id": 0,
    "message_message_uuid": "3A292CBB-3382-40EA-B384-7D7E72F6625D",
    "message_opportunity_id": "029df68b-36a0-4d5f-b20f-2367d3b21684",
    "message_trigger": "connect-is-active"
  },
  {
    "timestamp_utc": "2024-08-13T10:09:01.331Z",
    "context_application_version": "8.9.64.456",
    "context_conn_country": "MA",
    "context_device_manufacturer": "apple",
    "context_device_model": "iPhone14,5",
    "context_device_type": "mobile",
    "context_os_name": "ios",
    "context_os_version": "17.5.1",
    "context_receiver_service_timestamp": 1723543742418,
    "context_time": 1723543741331,
    "message_button_identifier": "",
    "message_cmp_message_type": null,
    "message_dismiss_type": "auto_dismissing_message_timer_elapsed",
    "message_local_message_identifier": null,
    "message_locale": "en",
    "message_message_creative_campaign_id": 0,
    "message_message_creative_id": 0,
    "message_message_creative_template_id": 0,
    "message_message_creative_version": "",
    "message_message_format": "TOOLTIP",
    "message_message_id": 0,
    "message_message_uuid": "8FADEC5B-85D8-4621-BC4B-3BE974C1BB78",
    "message_opportunity_id": "422b042b-f609-4217-a1a4-d51db8bc0e5c",
    "message_trigger": "social-listening-joinedIPLSessionAsHost-tooltip-requested"
  },
  {
    "timestamp_utc": "2024-09-23T10:03:30.001Z",
    "context_application_version": "8.9.76.516",
    "context_conn_country": "IT",
    "context_device_manufacturer": "apple",
    "context_device_model": "iPhone15,2",
    "context_device_type": "mobile",
    "context_os_name": "ios",
    "context_os_version": "17.5.1",
    "context_receiver_service_timestamp": 1727085823842,
    "context_time": 1727085810001,
    "message_button_identifier": "",
    "message_cmp_message_type": "LOCAL",
    "message_dismiss_type": "auto_dismissing_message_timer_elapsed",
    "message_local_message_identifier": "com.spotify.service.connect.notifications_connect-is-active-attach-tooltip",
    "message_locale": "en",
    "message_message_creative_campaign_id": 0,
    "message_message_creative_id": 0,
    "message_message_creative_template_id": 0,
    "message_message_creative_version": "",
    "message_message_format": "TOOLTIP",
    "message_message_id": 0,
    "message_message_uuid": "23F46C37-B18D-4A9E-8CA0-E5BAB6A1A741",
    "message_opportunity_id": "ed2ffe32-1334-4f01-823f-546281b25f3b",
    "message_trigger": "connect-is-active"
  },
  {
    "timestamp_utc": "2024-10-30T15:33:40.266Z",
    "context_application_version": "8.9.84.543",
    "context_conn_country": "DE",
    "context_device_manufacturer": "apple",
    "context_device_model": "iPhone15,2",
    "context_device_type": "mobile",
    "context_os_name": "ios",
    "context_os_version": "18.0",
    "context_receiver_service_timestamp": 1730302433414,
    "context_time": 1730302420266,
    "message_button_identifier": "",
    "message_cmp_message_type": "LOCAL",
    "message_dismiss_type": "auto_dismissing_message_timer_elapsed",
    "message_local_message_identifier": "com.spotify.service.connect.notifications_connect-is-active-attach-tooltip",
    "message_locale": "en",
    "message_message_creative_campaign_id": 0,
    "message_message_creative_id": 0,
    "message_message_creative_template_id": 0,
    "message_message_creative_version": "",
    "message_message_format": "TOOLTIP",
    "message_message_id": 0,
    "message_message_uuid": "82682603-C9EE-4E19-BE86-BE0901005EEE",
    "message_opportunity_id": "2a10f398-5b6c-4cc0-be13-b791d63a8ad7",
    "message_trigger": "connect-is-active"
  },
  {
    "timestamp_utc": "2024-10-24T09:57:59.950Z",
    "context_application_version": "8.9.82.628",
    "context_conn_country": "FR",
    "context_device_manufacturer": "apple",
    "context_device_model": "iPhone14,5",
    "context_device_type": "mobile",
    "context_os_name": "ios",
    "context_os_version": "17.6.1",
    "context_receiver_service_timestamp": 1729763889001,
    "context_time": 1729763879950,
    "message_button_identifier": "",
    "message_cmp_message_type": "LOCAL",
    "message_dismiss_type": "programmatic_dismissal",
    "message_local_message_identifier": "watch-feed-entrypoints_watchfeed-entityexplorer-tooltip",
    "message_locale": "en",
    "message_message_creative_campaign_id": 0,
    "message_message_creative_id": 0,
    "message_message_creative_template_id": 0,
    "message_message_creative_version": "",
    "message_message_format": "TOOLTIP",
    "message_message_id": 0,
    "message_message_uuid": "DF6B1636-635D-44FC-ACF6-C6F55D6C71B8",
    "message_opportunity_id": "c125fe55-d412-432a-aefc-6086159aa3b9",
    "message_trigger": "watch-feed-tooltip-requested"
  },
  {
    "timestamp_utc": "2024-09-04T18:12:57.691Z",
    "context_application_version": "8.9.68.490",
    "context_conn_country": "DE",
    "context_device_manufacturer": "apple",
    "context_device_model": "iPhone15,2",
    "context_device_type": "mobile",
    "context_os_name": "ios",
    "context_os_version": "17.5.1",
    "context_receiver_service_timestamp": 1725473581319,
    "context_time": 1725473577691,
    "message_button_identifier": "",
    "message_cmp_message_type": null,
    "message_dismiss_type": "programmatic_dismissal",
    "message_local_message_identifier": null,
    "message_locale": "en",
    "message_message_creative_campaign_id": 0,
    "message_message_creative_id": 0,
    "message_message_creative_template_id": 0,
    "message_message_creative_version": "",
    "message_message_format": "TOOLTIP",
    "message_message_id": 0,
    "message_message_uuid": "D7B88AE6-4F3E-4AAE-8FE1-375068C581A9",
    "message_opportunity_id": "cc4c0481-b1bf-42d4-8822-e301bb1c4dbd",
    "message_trigger": "connect-is-active"
  },
  {
    "timestamp_utc": "2024-09-26T10:11:14.454Z",
    "context_application_version": "8.9.76.516",
    "context_conn_country": "DE",
    "context_device_manufacturer": "apple",
    "context_device_model": "iPhone15,2",
    "context_device_type": "mobile",
    "context_os_name": "ios",
    "context_os_version": "17.5.1",
    "context_receiver_service_timestamp": 1727345483661,
    "context_time": 1727345474454,
    "message_button_identifier": "",
    "message_cmp_message_type": "LOCAL",
    "message_dismiss_type": "auto_dismissing_message_timer_elapsed",
    "message_local_message_identifier": "com.spotify.service.accountswitching.accountswitchingmessaging_show-account-switch-helper-tooltip",
    "message_locale": "en",
    "message_message_creative_campaign_id": 0,
    "message_message_creative_id": 0,
    "message_message_creative_template_id": 0,
    "message_message_creative_version": "",
    "message_message_format": "TOOLTIP",
    "message_message_id": 0,
    "message_message_uuid": "E2057286-B1E1-4169-A405-99E67149754B",
    "message_opportunity_id": "36641d14-6769-4902-abed-41a9c8846970",
    "message_trigger": "show-account-switch-helper-tooltip"
  },
  {
    "timestamp_utc": "2024-10-25T22:31:31.260Z",
    "context_application_version": "8.9.84.543",
    "context_conn_country": "FR",
    "context_device_manufacturer": "apple",
    "context_device_model": "iPhone14,5",
    "context_device_type": "mobile",
    "context_os_name": "ios",
    "context_os_version": "17.6.1",
    "context_receiver_service_timestamp": 1729895507216,
    "context_time": 1729895491260,
    "message_button_identifier": "",
    "message_cmp_message_type": "LOCAL",
    "message_dismiss_type": "auto_dismissing_message_timer_elapsed",
    "message_local_message_identifier": "com.spotify.service.connect.notifications_connect-is-active-attach-tooltip",
    "message_locale": "en",
    "message_message_creative_campaign_id": 0,
    "message_message_creative_id": 0,
    "message_message_creative_template_id": 0,
    "message_message_creative_version": "",
    "message_message_format": "TOOLTIP",
    "message_message_id": 0,
    "message_message_uuid": "F0D98C61-0EB4-4F96-AD3B-727049BC9341",
    "message_opportunity_id": "50686b82-511a-46ad-90cc-9245ee6df0e2",
    "message_trigger": "connect-is-active"
  },
  {
    "timestamp_utc": "2024-12-05T17:36:57.649Z",
    "context_application_version": "8.9.94.418",
    "context_conn_country": "DE",
    "context_device_manufacturer": "apple",
    "context_device_model": "iPhone15,2",
    "context_device_type": "mobile",
    "context_os_name": "ios",
    "context_os_version": "18.0",
    "context_receiver_service_timestamp": 1733420238200,
    "context_time": 1733420217649,
    "message_button_identifier": "tertiary-CtaDismiss-1",
    "message_cmp_message_type": "JIT",
    "message_dismiss_type": "message_tertiary-CtaDismiss-1_button_tapped",
    "message_local_message_identifier": null,
    "message_locale": "en",
    "message_message_creative_campaign_id": 86214,
    "message_message_creative_id": 18188018,
    "message_message_creative_template_id": 81303,
    "message_message_creative_version": "cards/V2",
    "message_message_format": "FULLSCREEN",
    "message_message_id": 158526,
    "message_message_uuid": "709dc211-f342-4e54-bdd5-33f4142dbbb3",
    "message_opportunity_id": "709dc211-f342-4e54-bdd5-33f4142dbbb3",
    "message_trigger": "spotify:home"
  },
  {
    "timestamp_utc": "2024-09-24T17:04:57.202Z",
    "context_application_version": "8.9.74.535",
    "context_conn_country": "FR",
    "context_device_manufacturer": "apple",
    "context_device_model": "iPhone14,5",
    "context_device_type": "mobile",
    "context_os_name": "ios",
    "context_os_version": "17.6.1",
    "context_receiver_service_timestamp": 1727197504049,
    "context_time": 1727197497202,
    "message_button_identifier": "",
    "message_cmp_message_type": "LOCAL",
    "message_dismiss_type": "auto_dismissing_message_timer_elapsed",
    "message_local_message_identifier": "com.spotify.service.accountswitching.accountswitchingmessaging_show-account-switch-helper-tooltip",
    "message_locale": "en",
    "message_message_creative_campaign_id": 0,
    "message_message_creative_id": 0,
    "message_message_creative_template_id": 0,
    "message_message_creative_version": "",
    "message_message_format": "TOOLTIP",
    "message_message_id": 0,
    "message_message_uuid": "33C7EE75-C567-4086-8ABE-6B804E68DC31",
    "message_opportunity_id": "8715ad02-5ed8-40f1-932d-56e725f5d328",
    "message_trigger": "show-account-switch-helper-tooltip"
  },
  {
    "timestamp_utc": "2024-11-12T16:38:58.375Z",
    "context_application_version": "8.9.90.84",
    "context_conn_country": "DE",
    "context_device_manufacturer": "apple",
    "context_device_model": "iPhone15,2",
    "context_device_type": "mobile",
    "context_os_name": "ios",
    "context_os_version": "18.0",
    "context_receiver_service_timestamp": 1731429545582,
    "context_time": 1731429538375,
    "message_button_identifier": "",
    "message_cmp_message_type": "LOCAL",
    "message_dismiss_type": "programmatic_dismissal",
    "message_local_message_identifier": "com.spotify.service.connect.notifications_connect-is-active-connectToDevice-tooltip",
    "message_locale": "en",
    "message_message_creative_campaign_id": 0,
    "message_message_creative_id": 0,
    "message_message_creative_template_id": 0,
    "message_message_creative_version": "",
    "message_message_format": "TOOLTIP",
    "message_message_id": 0,
    "message_message_uuid": "DB2D7E6E-2059-468B-9E36-937DD498444F",
    "message_opportunity_id": "8bd474b1-c2d2-41c0-9327-54c117219add",
    "message_trigger": "connect-is-active"
  },
  {
    "timestamp_utc": "2024-10-12T19:32:57.745Z",
    "context_application_version": "8.9.76.516",
    "context_conn_country": "DE",
    "context_device_manufacturer": "apple",
    "context_device_model": "iPhone15,2",
    "context_device_type": "mobile",
    "context_os_name": "ios",
    "context_os_version": "18.0",
    "context_receiver_service_timestamp": 1728761583481,
    "context_time": 1728761577745,
    "message_button_identifier": "",
    "message_cmp_message_type": "LOCAL",
    "message_dismiss_type": "programmatic_dismissal",
    "message_local_message_identifier": "com.spotify.service.connect.notifications_connect-is-active-attach-tooltip",
    "message_locale": "en",
    "message_message_creative_campaign_id": 0,
    "message_message_creative_id": 0,
    "message_message_creative_template_id": 0,
    "message_message_creative_version": "",
    "message_message_format": "TOOLTIP",
    "message_message_id": 0,
    "message_message_uuid": "D6255FBF-C35A-4C45-9870-8FA97119B166",
    "message_opportunity_id": "e0c3c21b-850c-42ac-88f8-320de05d3227",
    "message_trigger": "connect-is-active"
  },
  {
    "timestamp_utc": "2024-10-12T21:52:47.967Z",
    "context_application_version": "8.9.76.516",
    "context_conn_country": "DE",
    "context_device_manufacturer": "apple",
    "context_device_model": "iPhone15,2",
    "context_device_type": "mobile",
    "context_os_name": "ios",
    "context_os_version": "18.0",
    "context_receiver_service_timestamp": 1728769969911,
    "context_time": 1728769967967,
    "message_button_identifier": "",
    "message_cmp_message_type": "LOCAL",
    "message_dismiss_type": "programmatic_dismissal",
    "message_local_message_identifier": "com.spotify.service.connect.notifications_connect-is-active-attach-tooltip",
    "message_locale": "en",
    "message_message_creative_campaign_id": 0,
    "message_message_creative_id": 0,
    "message_message_creative_template_id": 0,
    "message_message_creative_version": "",
    "message_message_format": "TOOLTIP",
    "message_message_id": 0,
    "message_message_uuid": "33D25B18-A1AD-4034-A7D5-3971C357CAA0",
    "message_opportunity_id": "93b2b0bb-e898-4b42-a542-53cd249de6bd",
    "message_trigger": "connect-is-active"
  },
  {
    "timestamp_utc": "2024-11-18T08:19:22.255Z",
    "context_application_version": "8.9.90.84",
    "context_conn_country": "FR",
    "context_device_manufacturer": "apple",
    "context_device_model": "iPhone14,5",
    "context_device_type": "mobile",
    "context_os_name": "ios",
    "context_os_version": "17.6.1",
    "context_receiver_service_timestamp": 1731917971601,
    "context_time": 1731917962255,
    "message_button_identifier": "",
    "message_cmp_message_type": "LOCAL",
    "message_dismiss_type": "auto_dismissing_message_timer_elapsed",
    "message_local_message_identifier": "com.spotify.service.connect.notifications_connect-is-active-connectToDevice-tooltip",
    "message_locale": "en",
    "message_message_creative_campaign_id": 0,
    "message_message_creative_id": 0,
    "message_message_creative_template_id": 0,
    "message_message_creative_version": "",
    "message_message_format": "TOOLTIP",
    "message_message_id": 0,
    "message_message_uuid": "C58D288C-24A7-469E-B928-BF0F0F68CABA",
    "message_opportunity_id": "ed406ac3-dd34-4e17-a28d-1c209b693613",
    "message_trigger": "connect-is-active"
  },
  {
    "timestamp_utc": "2024-09-17T09:33:16.431Z",
    "context_application_version": "8.9.74.535",
    "context_conn_country": "FR",
    "context_device_manufacturer": "apple",
    "context_device_model": "iPhone14,5",
    "context_device_type": "mobile",
    "context_os_name": "ios",
    "context_os_version": "17.6.1",
    "context_receiver_service_timestamp": 1726565615101,
    "context_time": 1726565596431,
    "message_button_identifier": "",
    "message_cmp_message_type": "LOCAL",
    "message_dismiss_type": "auto_dismissing_message_timer_elapsed",
    "message_local_message_identifier": "com.spotify.service.connect.notifications_connect-is-active-attach-tooltip",
    "message_locale": "en",
    "message_message_creative_campaign_id": 0,
    "message_message_creative_id": 0,
    "message_message_creative_template_id": 0,
    "message_message_creative_version": "",
    "message_message_format": "TOOLTIP",
    "message_message_id": 0,
    "message_message_uuid": "84E07821-E3F3-47DC-96B1-E7835DD07150",
    "message_opportunity_id": "cf74322d-1630-46a2-ba6a-df36293df730",
    "message_trigger": "connect-is-active"
  },
  {
    "timestamp_utc": "2024-08-31T08:35:46.511Z",
    "context_application_version": "8.9.68.490",
    "context_conn_country": "DE",
    "context_device_manufacturer": "apple",
    "context_device_model": "iPhone15,2",
    "context_device_type": "mobile",
    "context_os_name": "ios",
    "context_os_version": "17.5.1",
    "context_receiver_service_timestamp": 1725093348727,
    "context_time": 1725093346511,
    "message_button_identifier": "",
    "message_cmp_message_type": null,
    "message_dismiss_type": "programmatic_dismissal",
    "message_local_message_identifier": null,
    "message_locale": "en",
    "message_message_creative_campaign_id": 0,
    "message_message_creative_id": 0,
    "message_message_creative_template_id": 0,
    "message_message_creative_version": "",
    "message_message_format": "TOOLTIP",
    "message_message_id": 0,
    "message_message_uuid": "0F161002-859B-4F29-9A04-247FC180CEF5",
    "message_opportunity_id": "c39043e5-1a67-4713-b3a3-95a15f3a1cc9",
    "message_trigger": "connect-is-active"
  },
  {
    "timestamp_utc": "2024-09-07T10:38:34.952Z",
    "context_application_version": "8.9.68.490",
    "context_conn_country": "DE",
    "context_device_manufacturer": "apple",
    "context_device_model": "iPhone15,2",
    "context_device_type": "mobile",
    "context_os_name": "ios",
    "context_os_version": "17.5.1",
    "context_receiver_service_timestamp": 1725705535872,
    "context_time": 1725705514952,
    "message_button_identifier": "",
    "message_cmp_message_type": null,
    "message_dismiss_type": "programmatic_dismissal",
    "message_local_message_identifier": null,
    "message_locale": "en",
    "message_message_creative_campaign_id": 0,
    "message_message_creative_id": 0,
    "message_message_creative_template_id": 0,
    "message_message_creative_version": "",
    "message_message_format": "TOOLTIP",
    "message_message_id": 0,
    "message_message_uuid": "68716940-B11E-4E06-97E0-5980C08C4FB7",
    "message_opportunity_id": "4046a86e-308e-48a6-9e48-b60aa7a6219f",
    "message_trigger": "connect-is-active"
  },
  {
    "timestamp_utc": "2024-10-24T15:03:31.832Z",
    "context_application_version": "8.9.82.628",
    "context_conn_country": "FR",
    "context_device_manufacturer": "apple",
    "context_device_model": "iPhone14,5",
    "context_device_type": "mobile",
    "context_os_name": "ios",
    "context_os_version": "17.6.1",
    "context_receiver_service_timestamp": 1729782481399,
    "context_time": 1729782211832,
    "message_button_identifier": "",
    "message_cmp_message_type": "LOCAL",
    "message_dismiss_type": "programmatic_dismissal",
    "message_local_message_identifier": "com.spotify.service.connect.notifications_connect-is-active-attach-tooltip",
    "message_locale": "en",
    "message_message_creative_campaign_id": 0,
    "message_message_creative_id": 0,
    "message_message_creative_template_id": 0,
    "message_message_creative_version": "",
    "message_message_format": "TOOLTIP",
    "message_message_id": 0,
    "message_message_uuid": "D0A9198A-352E-4D61-844E-39CF34DC62EE",
    "message_opportunity_id": "2fbcb2e7-cb2c-46c3-81ed-e2b7a240f5c8",
    "message_trigger": "connect-is-active"
  },
  {
    "timestamp_utc": "2024-11-29T15:38:34.391Z",
    "context_application_version": "8.9.94.418",
    "context_conn_country": "DE",
    "context_device_manufacturer": "apple",
    "context_device_model": "iPhone15,2",
    "context_device_type": "mobile",
    "context_os_name": "ios",
    "context_os_version": "18.0",
    "context_receiver_service_timestamp": 1732894718664,
    "context_time": 1732894714391,
    "message_button_identifier": "",
    "message_cmp_message_type": "LOCAL",
    "message_dismiss_type": "auto_dismissing_message_timer_elapsed",
    "message_local_message_identifier": "com.spotify.service.connect.notifications_connect-is-active-attach-tooltip",
    "message_locale": "en",
    "message_message_creative_campaign_id": 0,
    "message_message_creative_id": 0,
    "message_message_creative_template_id": 0,
    "message_message_creative_version": "",
    "message_message_format": "TOOLTIP",
    "message_message_id": 0,
    "message_message_uuid": "4BDCBD4D-8E6E-4822-BF80-168E7166A4F4",
    "message_opportunity_id": "cf8e5a08-e7d3-4734-86f1-72b609bb66cb",
    "message_trigger": "connect-is-active"
  },
  {
    "timestamp_utc": "2024-10-05T11:55:49.622Z",
    "context_application_version": "8.9.76.516",
    "context_conn_country": "DE",
    "context_device_manufacturer": "apple",
    "context_device_model": "iPhone15,2",
    "context_device_type": "mobile",
    "context_os_name": "ios",
    "context_os_version": "18.0",
    "context_receiver_service_timestamp": 1728129363061,
    "context_time": 1728129349622,
    "message_button_identifier": "",
    "message_cmp_message_type": "LOCAL",
    "message_dismiss_type": "programmatic_dismissal",
    "message_local_message_identifier": "com.spotify.service.accountswitching.accountswitchingmessaging_show-account-switch-helper-tooltip",
    "message_locale": "en",
    "message_message_creative_campaign_id": 0,
    "message_message_creative_id": 0,
    "message_message_creative_template_id": 0,
    "message_message_creative_version": "",
    "message_message_format": "TOOLTIP",
    "message_message_id": 0,
    "message_message_uuid": "30621087-584B-4F69-ACE3-A806ED75CFC3",
    "message_opportunity_id": "1f19cf51-d79a-450e-8c22-0777e5771f68",
    "message_trigger": "show-account-switch-helper-tooltip"
  },
  {
    "timestamp_utc": "2024-11-27T14:33:56.620Z",
    "context_application_version": "8.9.94.418",
    "context_conn_country": "DE",
    "context_device_manufacturer": "apple",
    "context_device_model": "iPhone15,2",
    "context_device_type": "mobile",
    "context_os_name": "ios",
    "context_os_version": "18.0",
    "context_receiver_service_timestamp": 1732718062938,
    "context_time": 1732718036620,
    "message_button_identifier": "",
    "message_cmp_message_type": "LOCAL",
    "message_dismiss_type": "programmatic_dismissal",
    "message_local_message_identifier": "com.spotify.service.connect.notifications_connect-is-active-attach-tooltip",
    "message_locale": "en",
    "message_message_creative_campaign_id": 0,
    "message_message_creative_id": 0,
    "message_message_creative_template_id": 0,
    "message_message_creative_version": "",
    "message_message_format": "TOOLTIP",
    "message_message_id": 0,
    "message_message_uuid": "B95A500D-80E8-4275-95CC-167C5338800D",
    "message_opportunity_id": "0b934d45-3701-42ed-8a98-3ef0e866fcec",
    "message_trigger": "connect-is-active"
  }
]