[
  {
    "message_cluster_active_device_id": null,
    "message_device_id": "70576d60b38ac3dd2afbdce2d982b78ee452830d",
    "timestamp_utc": "2024-10-11T20:29:23.126Z",
    "context_application_version": "1.2.48.405",
    "context_conn_country": "FR",
    "context_device_manufacturer": "HP",
    "context_device_model": "HP EliteBook 830 G5",
    "context_device_type": "desktop",
    "context_os_name": "windows",
    "context_os_version": "10.0.19045",
    "context_receiver_service_timestamp": 1728678690434,
    "context_time": 1728678563126,
    "message_cluster_is_playing": false,
    "message_cluster_started_playing_at_timestamp": null,
    "message_has_been_playing_for_millis": 2162787,
    "message_is_playing": false,
    "message_started_playing_at_timestamp": 1728676502662
  },
  {
    "message_cluster_active_device_id": null,
    "message_device_id": "87a85ae44c6dc07e212017c98a9fbb2c622e1355",
    "timestamp_utc": "2024-10-05T11:55:06.395Z",
    "context_application_version": "8.9.76.516",
    "context_conn_country": "DE",
    "context_device_manufacturer": "apple",
    "context_device_model": "iPhone15,2",
    "context_device_type": "mobile",
    "context_os_name": "ios",
    "context_os_version": "18.0",
    "context_receiver_service_timestamp": 1728129308626,
    "context_time": 1728129306395,
    "message_cluster_is_playing": false,
    "message_cluster_started_playing_at_timestamp": null,
    "message_has_been_playing_for_millis": 410,
    "message_is_playing": true,
    "message_started_playing_at_timestamp": 1728129305767
  },
  {
    "message_cluster_active_device_id": null,
    "message_device_id": "871c400842b3ea2d19f5d82c00ffaf4229f372ad",
    "timestamp_utc": "2024-10-15T14:53:41.771Z",
    "context_application_version": "8.9.76.516",
    "context_conn_country": "FR",
    "context_device_manufacturer": "apple",
    "context_device_model": "iPhone14,5",
    "context_device_type": "mobile",
    "context_os_name": "ios",
    "context_os_version": "17.6.1",
    "context_receiver_service_timestamp": 1729004042570,
    "context_time": 1729004021771,
    "message_cluster_is_playing": false,
    "message_cluster_started_playing_at_timestamp": null,
    "message_has_been_playing_for_millis": 49,
    "message_is_playing": true,
    "message_started_playing_at_timestamp": 1729004021749
  },
  {
    "message_cluster_active_device_id": null,
    "message_device_id": "70576d60b38ac3dd2afbdce2d982b78ee452830d",
    "timestamp_utc": "2024-10-11T22:47:06.260Z",
    "context_application_version": "1.2.48.405",
    "context_conn_country": "FR",
    "context_device_manufacturer": "HP",
    "context_device_model": "HP EliteBook 830 G5",
    "context_device_type": "desktop",
    "context_os_name": "windows",
    "context_os_version": "10.0.19045",
    "context_receiver_service_timestamp": 1728686940510,
    "context_time": 1728686826260,
    "message_cluster_is_playing": false,
    "message_cluster_started_playing_at_timestamp": null,
    "message_has_been_playing_for_millis": 10425921,
    "message_is_playing": false,
    "message_started_playing_at_timestamp": 1728676502662
  },
  {
    "message_cluster_active_device_id": null,
    "message_device_id": "33d230a50cbedd61bb4b76ecc476e5c735852773",
    "timestamp_utc": "2024-10-15T23:40:52.937Z",
    "context_application_version": "8.9.82.628",
    "context_conn_country": "DE",
    "context_device_manufacturer": "apple",
    "context_device_model": "iPhone15,2",
    "context_device_type": "mobile",
    "context_os_name": "ios",
    "context_os_version": "18.0",
    "context_receiver_service_timestamp": 1729035675542,
    "context_time": 1729035652937,
    "message_cluster_is_playing": false,
    "message_cluster_started_playing_at_timestamp": null,
    "message_has_been_playing_for_millis": 10965458,
    "message_is_playing": false,
    "message_started_playing_at_timestamp": 1729024687810
  },
  {
    "message_cluster_active_device_id": null,
    "message_device_id": "87a85ae44c6dc07e212017c98a9fbb2c622e1355",
    "timestamp_utc": "2024-09-26T11:25:49.098Z",
    "context_application_version": "8.9.76.516",
    "context_conn_country": "DE",
    "context_device_manufacturer": "apple",
    "context_device_model": "iPhone15,2",
    "context_device_type": "mobile",
    "context_os_name": "ios",
    "context_os_version": "17.5.1",
    "context_receiver_service_timestamp": 1727349966820,
    "context_time": 1727349949098,
    "message_cluster_is_playing": true,
    "message_cluster_started_playing_at_timestamp": null,
    "message_has_been_playing_for_millis": 53890,
    "message_is_playing": true,
    "message_started_playing_at_timestamp": 1727349897540
  },
  {
    "message_cluster_active_device_id": null,
    "message_device_id": "7346b752db7b1f0c3d45e4834b6bfce1390953a9",
    "timestamp_utc": "2024-09-24T18:40:38.123Z",
    "context_application_version": "8.9.74.535",
    "context_conn_country": "FR",
    "context_device_manufacturer": "apple",
    "context_device_model": "iPhone14,5",
    "context_device_type": "mobile",
    "context_os_name": "ios",
    "context_os_version": "17.6.1",
    "context_receiver_service_timestamp": 1727203261129,
    "context_time": 1727203238123,
    "message_cluster_is_playing": false,
    "message_cluster_started_playing_at_timestamp": null,
    "message_has_been_playing_for_millis": 694,
    "message_is_playing": false,
    "message_started_playing_at_timestamp": 1727203237497
  },
  {
    "message_cluster_active_device_id": null,
    "message_device_id": "70576d60b38ac3dd2afbdce2d982b78ee452830d",
    "timestamp_utc": "2024-09-08T20:23:45.750Z",
    "context_application_version": "1.2.43.420",
    "context_conn_country": "FR",
    "context_device_manufacturer": "HP",
    "context_device_model": "HP EliteBook 830 G5",
    "context_device_type": "desktop",
    "context_os_name": "windows",
    "context_os_version": "10.0.19045",
    "context_receiver_service_timestamp": 1725827130946,
    "context_time": 1725827025750,
    "message_cluster_is_playing": false,
    "message_cluster_started_playing_at_timestamp": null,
    "message_has_been_playing_for_millis": 13385405,
    "message_is_playing": false,
    "message_started_playing_at_timestamp": 1725813725843
  },
  {
    "message_cluster_active_device_id": null,
    "message_device_id": "70576d60b38ac3dd2afbdce2d982b78ee452830d",
    "timestamp_utc": "2024-10-26T11:42:08.817Z",
    "context_application_version": "1.2.49.439",
    "context_conn_country": "FR",
    "context_device_manufacturer": "HP",
    "context_device_model": "HP EliteBook 830 G5",
    "context_device_type": "desktop",
    "context_os_name": "windows",
    "context_os_version": "10.0.19045",
    "context_receiver_service_timestamp": 1729943042749,
    "context_time": 1729942928817,
    "message_cluster_is_playing": false,
    "message_cluster_started_playing_at_timestamp": null,
    "message_has_been_playing_for_millis": 6087034,
    "message_is_playing": false,
    "message_started_playing_at_timestamp": 1729936954337
  },
  {
    "message_cluster_active_device_id": null,
    "message_device_id": "fb85e687e93d376f9445b3b5ef5782cb4dc7ff0b",
    "timestamp_utc": "2024-11-01T11:21:23.586Z",
    "context_application_version": "8.9.84.543",
    "context_conn_country": "DE",
    "context_device_manufacturer": "apple",
    "context_device_model": "iPhone15,2",
    "context_device_type": "mobile",
    "context_os_name": "ios",
    "context_os_version": "18.0",
    "context_receiver_service_timestamp": 1730460086795,
    "context_time": 1730460083586,
    "message_cluster_is_playing": false,
    "message_cluster_started_playing_at_timestamp": null,
    "message_has_been_playing_for_millis": 2450965,
    "message_is_playing": false,
    "message_started_playing_at_timestamp": 1730457632754
  },
  {
    "message_cluster_active_device_id": null,
    "message_device_id": "70576d60b38ac3dd2afbdce2d982b78ee452830d",
    "timestamp_utc": "2024-10-26T21:14:32.073Z",
    "context_application_version": "1.2.49.439",
    "context_conn_country": "FR",
    "context_device_manufacturer": "HP",
    "context_device_model": "HP EliteBook 830 G5",
    "context_device_type": "desktop",
    "context_os_name": "windows",
    "context_os_version": "10.0.19045",
    "context_receiver_service_timestamp": 1729977396205,
    "context_time": 1729977272073,
    "message_cluster_is_playing": false,
    "message_cluster_started_playing_at_timestamp": null,
    "message_has_been_playing_for_millis": 10735215,
    "message_is_playing": false,
    "message_started_playing_at_timestamp": 1729966649272
  },
  {
    "message_cluster_active_device_id": null,
    "message_device_id": "fb85e687e93d376f9445b3b5ef5782cb4dc7ff0b",
    "timestamp_utc": "2024-10-26T16:28:02.659Z",
    "context_application_version": "8.9.84.543",
    "context_conn_country": "DE",
    "context_device_manufacturer": "apple",
    "context_device_model": "iPhone15,2",
    "context_device_type": "mobile",
    "context_os_name": "ios",
    "context_os_version": "18.0",
    "context_receiver_service_timestamp": 1729960097201,
    "context_time": 1729960082659,
    "message_cluster_is_playing": false,
    "message_cluster_started_playing_at_timestamp": null,
    "message_has_been_playing_for_millis": 257,
    "message_is_playing": true,
    "message_started_playing_at_timestamp": 1729960082361
  },
  {
    "message_cluster_active_device_id": null,
    "message_device_id": "70576d60b38ac3dd2afbdce2d982b78ee452830d",
    "timestamp_utc": "2024-10-11T21:13:31.405Z",
    "context_application_version": "1.2.48.405",
    "context_conn_country": "FR",
    "context_device_manufacturer": "HP",
    "context_device_model": "HP EliteBook 830 G5",
    "context_device_type": "desktop",
    "context_os_name": "windows",
    "context_os_version": "10.0.19045",
    "context_receiver_service_timestamp": 1728681330490,
    "context_time": 1728681211405,
    "message_cluster_is_playing": false,
    "message_cluster_started_playing_at_timestamp": null,
    "message_has_been_playing_for_millis": 4811066,
    "message_is_playing": false,
    "message_started_playing_at_timestamp": 1728676502662
  },
  {
    "message_cluster_active_device_id": null,
    "message_device_id": "70576d60b38ac3dd2afbdce2d982b78ee452830d",
    "timestamp_utc": "2024-10-11T21:25:20.825Z",
    "context_application_version": "1.2.48.405",
    "context_conn_country": "FR",
    "context_device_manufacturer": "HP",
    "context_device_model": "HP EliteBook 830 G5",
    "context_device_type": "desktop",
    "context_os_name": "windows",
    "context_os_version": "10.0.19045",
    "context_receiver_service_timestamp": 1728682050519,
    "context_time": 1728681920825,
    "message_cluster_is_playing": false,
    "message_cluster_started_playing_at_timestamp": null,
    "message_has_been_playing_for_millis": 5520486,
    "message_is_playing": false,
    "message_started_playing_at_timestamp": 1728676502662
  },
  {
    "message_cluster_active_device_id": null,
    "message_device_id": "2932f0de24a6f05bf2fb1090d1a2511c496a171b",
    "timestamp_utc": "2024-09-09T09:16:23.235Z",
    "context_application_version": "8.9.70.592",
    "context_conn_country": "DE",
    "context_device_manufacturer": "apple",
    "context_device_model": "iPhone15,2",
    "context_device_type": "mobile",
    "context_os_name": "ios",
    "context_os_version": "17.5.1",
    "context_receiver_service_timestamp": 1725873401355,
    "context_time": 1725873383235,
    "message_cluster_is_playing": false,
    "message_cluster_started_playing_at_timestamp": null,
    "message_has_been_playing_for_millis": 21,
    "message_is_playing": true,
    "message_started_playing_at_timestamp": 1725873382640
  },
  {
    "message_cluster_active_device_id": null,
    "message_device_id": "70576d60b38ac3dd2afbdce2d982b78ee452830d",
    "timestamp_utc": "2024-10-26T11:44:12.137Z",
    "context_application_version": "1.2.49.439",
    "context_conn_country": "FR",
    "context_device_manufacturer": "HP",
    "context_device_model": "HP EliteBook 830 G5",
    "context_device_type": "desktop",
    "context_os_name": "windows",
    "context_os_version": "10.0.19045",
    "context_receiver_service_timestamp": 1729943192771,
    "context_time": 1729943052137,
    "message_cluster_is_playing": false,
    "message_cluster_started_playing_at_timestamp": null,
    "message_has_been_playing_for_millis": 6210354,
    "message_is_playing": false,
    "message_started_playing_at_timestamp": 1729936954337
  },
  {
    "message_cluster_active_device_id": null,
    "message_device_id": "384edbae7fafdac9c09dca4904c00215197fb287",
    "timestamp_utc": "2024-09-20T15:49:49.139Z",
    "context_application_version": "8.9.74.535",
    "context_conn_country": "DE",
    "context_device_manufacturer": "apple",
    "context_device_model": "iPhone15,2",
    "context_device_type": "mobile",
    "context_os_name": "ios",
    "context_os_version": "17.5.1",
    "context_receiver_service_timestamp": 1726847404578,
    "context_time": 1726847389139,
    "message_cluster_is_playing": true,
    "message_cluster_started_playing_at_timestamp": null,
    "message_has_been_playing_for_millis": 8992,
    "message_is_playing": true,
    "message_started_playing_at_timestamp": 1726847379710
  },
  {
    "message_cluster_active_device_id": null,
    "message_device_id": "70576d60b38ac3dd2afbdce2d982b78ee452830d",
    "timestamp_utc": "2024-10-24T17:48:00.449Z",
    "context_application_version": "1.2.49.439",
    "context_conn_country": "FR",
    "context_device_manufacturer": "HP",
    "context_device_model": "HP EliteBook 830 G5",
    "context_device_type": "desktop",
    "context_os_name": "windows",
    "context_os_version": "10.0.19045",
    "context_receiver_service_timestamp": 1729792206089,
    "context_time": 1729792080449,
    "message_cluster_is_playing": false,
    "message_cluster_started_playing_at_timestamp": null,
    "message_has_been_playing_for_millis": 2830714,
    "message_is_playing": false,
    "message_started_playing_at_timestamp": 1729789361252
  },
  {
    "message_cluster_active_device_id": null,
    "message_device_id": "70576d60b38ac3dd2afbdce2d982b78ee452830d",
    "timestamp_utc": "2024-10-11T21:33:05.510Z",
    "context_application_version": "1.2.48.405",
    "context_conn_country": "FR",
    "context_device_manufacturer": "HP",
    "context_device_model": "HP EliteBook 830 G5",
    "context_device_type": "desktop",
    "context_os_name": "windows",
    "context_os_version": "10.0.19045",
    "context_receiver_service_timestamp": 1728682500483,
    "context_time": 1728682385510,
    "message_cluster_is_playing": false,
    "message_cluster_started_playing_at_timestamp": null,
    "message_has_been_playing_for_millis": 5985171,
    "message_is_playing": false,
    "message_started_playing_at_timestamp": 1728676502662
  },
  {
    "message_cluster_active_device_id": "51ae8d46-ef8c-4c95-a952-19ccb70c8dd4_amzn_1",
    "message_device_id": "2932f0de24a6f05bf2fb1090d1a2511c496a171b",
    "timestamp_utc": "2024-09-09T19:28:08.842Z",
    "context_application_version": "8.9.70.592",
    "context_conn_country": "DE",
    "context_device_manufacturer": "apple",
    "context_device_model": "iPhone15,2",
    "context_device_type": "mobile",
    "context_os_name": "ios",
    "context_os_version": "17.5.1",
    "context_receiver_service_timestamp": 1725910089002,
    "context_time": 1725910088842,
    "message_cluster_is_playing": false,
    "message_cluster_started_playing_at_timestamp": 1725909698521,
    "message_has_been_playing_for_millis": 292,
    "message_is_playing": true,
    "message_started_playing_at_timestamp": 1725910087888
  },
  {
    "message_cluster_active_device_id": null,
    "message_device_id": "87a85ae44c6dc07e212017c98a9fbb2c622e1355",
    "timestamp_utc": "2024-10-05T16:18:58Z",
    "context_application_version": "8.9.76.516",
    "context_conn_country": "AT",
    "context_device_manufacturer": "apple",
    "context_device_model": "iPhone15,2",
    "context_device_type": "mobile",
    "context_os_name": "ios",
    "context_os_version": "18.0",
    "context_receiver_service_timestamp": 1728145145517,
    "context_time": 1728145138000,
    "message_cluster_is_playing": false,
    "message_cluster_started_playing_at_timestamp": null,
    "message_has_been_playing_for_millis": 39,
    "message_is_playing": true,
    "message_started_playing_at_timestamp": 1728145137766
  },
  {
    "message_cluster_active_device_id": null,
    "message_device_id": "39fef58a9ba5b1d8f726d18e5d2d96bb6a35836c",
    "timestamp_utc": "2024-11-12T16:21:57.533Z",
    "context_application_version": "8.9.90.84",
    "context_conn_country": "DE",
    "context_device_manufacturer": "apple",
    "context_device_model": "iPhone15,2",
    "context_device_type": "mobile",
    "context_os_name": "ios",
    "context_os_version": "18.0",
    "context_receiver_service_timestamp": 1731428524802,
    "context_time": 1731428517533,
    "message_cluster_is_playing": false,
    "message_cluster_started_playing_at_timestamp": null,
    "message_has_been_playing_for_millis": 59,
    "message_is_playing": true,
    "message_started_playing_at_timestamp": 1731428517476
  },
  {
    "message_cluster_active_device_id": null,
    "message_device_id": "87a85ae44c6dc07e212017c98a9fbb2c622e1355",
    "timestamp_utc": "2024-09-22T20:35:57.248Z",
    "context_application_version": "8.9.76.516",
    "context_conn_country": "IT",
    "context_device_manufacturer": "apple",
    "context_device_model": "iPhone15,2",
    "context_device_type": "mobile",
    "context_os_name": "ios",
    "context_os_version": "17.5.1",
    "context_receiver_service_timestamp": 1727037370421,
    "context_time": 1727037357248,
    "message_cluster_is_playing": false,
    "message_cluster_started_playing_at_timestamp": null,
    "message_has_been_playing_for_millis": 811,
    "message_is_playing": false,
    "message_started_playing_at_timestamp": 1727037356378
  },
  {
    "message_cluster_active_device_id": null,
    "message_device_id": "87a85ae44c6dc07e212017c98a9fbb2c622e1355",
    "timestamp_utc": "2024-09-26T11:11:28.873Z",
    "context_application_version": "8.9.76.516",
    "context_conn_country": "DE",
    "context_device_manufacturer": "apple",
    "context_device_model": "iPhone15,2",
    "context_device_type": "mobile",
    "context_os_name": "ios",
    "context_os_version": "17.5.1",
    "context_receiver_service_timestamp": 1727349116300,
    "context_time": 1727349088873,
    "message_cluster_is_playing": false,
    "message_cluster_started_playing_at_timestamp": null,
    "message_has_been_playing_for_millis": 15670,
    "message_is_playing": true,
    "message_started_playing_at_timestamp": 1727349073029
  },
  {
    "message_cluster_active_device_id": null,
    "message_device_id": "856ce4bfc03986ce29ce730fcb018391fed42688",
    "timestamp_utc": "2024-09-07T17:37:13.185Z",
    "context_application_version": "8.9.68.490",
    "context_conn_country": "DE",
    "context_device_manufacturer": "apple",
    "context_device_model": "iPhone15,2",
    "context_device_type": "mobile",
    "context_os_name": "ios",
    "context_os_version": "17.5.1",
    "context_receiver_service_timestamp": 1725730642533,
    "context_time": 1725730633185,
    "message_cluster_is_playing": false,
    "message_cluster_started_playing_at_timestamp": null,
    "message_has_been_playing_for_millis": 394,
    "message_is_playing": true,
    "message_started_playing_at_timestamp": 1725730631857
  },
  {
    "message_cluster_active_device_id": null,
    "message_device_id": "87a85ae44c6dc07e212017c98a9fbb2c622e1355",
    "timestamp_utc": "2024-10-05T10:45:58.706Z",
    "context_application_version": "8.9.76.516",
    "context_conn_country": "DE",
    "context_device_manufacturer": "apple",
    "context_device_model": "iPhone15,2",
    "context_device_type": "mobile",
    "context_os_name": "ios",
    "context_os_version": "18.0",
    "context_receiver_service_timestamp": 1728125174979,
    "context_time": 1728125158706,
    "message_cluster_is_playing": false,
    "message_cluster_started_playing_at_timestamp": null,
    "message_has_been_playing_for_millis": 45,
    "message_is_playing": true,
    "message_started_playing_at_timestamp": 1728125158586
  },
  {
    "message_cluster_active_device_id": null,
    "message_device_id": "70576d60b38ac3dd2afbdce2d982b78ee452830d",
    "timestamp_utc": "2024-10-26T21:24:32.283Z",
    "context_application_version": "1.2.49.439",
    "context_conn_country": "FR",
    "context_device_manufacturer": "HP",
    "context_device_model": "HP EliteBook 830 G5",
    "context_device_type": "desktop",
    "context_os_name": "windows",
    "context_os_version": "10.0.19045",
    "context_receiver_service_timestamp": 1729977996223,
    "context_time": 1729977872283,
    "message_cluster_is_playing": false,
    "message_cluster_started_playing_at_timestamp": null,
    "message_has_been_playing_for_millis": 11335425,
    "message_is_playing": false,
    "message_started_playing_at_timestamp": 1729966649272
  },
  {
    "message_cluster_active_device_id": null,
    "message_device_id": "70576d60b38ac3dd2afbdce2d982b78ee452830d",
    "timestamp_utc": "2024-10-11T20:35:01.630Z",
    "context_application_version": "1.2.48.405",
    "context_conn_country": "FR",
    "context_device_manufacturer": "HP",
    "context_device_model": "HP EliteBook 830 G5",
    "context_device_type": "desktop",
    "context_os_name": "windows",
    "context_os_version": "10.0.19045",
    "context_receiver_service_timestamp": 1728679020479,
    "context_time": 1728678901630,
    "message_cluster_is_playing": false,
    "message_cluster_started_playing_at_timestamp": null,
    "message_has_been_playing_for_millis": 2501291,
    "message_is_playing": false,
    "message_started_playing_at_timestamp": 1728676502662
  },
  {
    "message_cluster_active_device_id": null,
    "message_device_id": "87a85ae44c6dc07e212017c98a9fbb2c622e1355",
    "timestamp_utc": "2024-10-05T13:33:32.602Z",
    "context_application_version": "8.9.76.516",
    "context_conn_country": "DE",
    "context_device_manufacturer": "apple",
    "context_device_model": "iPhone15,2",
    "context_device_type": "mobile",
    "context_os_name": "ios",
    "context_os_version": "18.0",
    "context_receiver_service_timestamp": 1728135242485,
    "context_time": 1728135212602,
    "message_cluster_is_playing": false,
    "message_cluster_started_playing_at_timestamp": null,
    "message_has_been_playing_for_millis": 72,
    "message_is_playing": true,
    "message_started_playing_at_timestamp": 1728135076216
  },
  {
    "message_cluster_active_device_id": null,
    "message_device_id": "70576d60b38ac3dd2afbdce2d982b78ee452830d",
    "timestamp_utc": "2024-10-24T17:48:09.973Z",
    "context_application_version": "1.2.49.439",
    "context_conn_country": "FR",
    "context_device_manufacturer": "HP",
    "context_device_model": "HP EliteBook 830 G5",
    "context_device_type": "desktop",
    "context_os_name": "windows",
    "context_os_version": "10.0.19045",
    "context_receiver_service_timestamp": 1729792206089,
    "context_time": 1729792089973,
    "message_cluster_is_playing": false,
    "message_cluster_started_playing_at_timestamp": null,
    "message_has_been_playing_for_millis": 2840240,
    "message_is_playing": false,
    "message_started_playing_at_timestamp": 1729789361252
  },
  {
    "message_cluster_active_device_id": null,
    "message_device_id": "70576d60b38ac3dd2afbdce2d982b78ee452830d",
    "timestamp_utc": "2024-09-29T21:09:41.977Z",
    "context_application_version": "1.2.47.364",
    "context_conn_country": "FR",
    "context_device_manufacturer": "HP",
    "context_device_model": "HP EliteBook 830 G5",
    "context_device_type": "desktop",
    "context_os_name": "windows",
    "context_os_version": "10.0.19045",
    "context_receiver_service_timestamp": 1727644288365,
    "context_time": 1727644181977,
    "message_cluster_is_playing": false,
    "message_cluster_started_playing_at_timestamp": null,
    "message_has_been_playing_for_millis": 9777332,
    "message_is_playing": false,
    "message_started_playing_at_timestamp": 1727634502821
  },
  {
    "message_cluster_active_device_id": null,
    "message_device_id": "70576d60b38ac3dd2afbdce2d982b78ee452830d",
    "timestamp_utc": "2024-10-26T15:02:04.680Z",
    "context_application_version": "1.2.49.439",
    "context_conn_country": "FR",
    "context_device_manufacturer": "HP",
    "context_device_model": "HP EliteBook 830 G5",
    "context_device_type": "desktop",
    "context_os_name": "windows",
    "context_os_version": "10.0.19045",
    "context_receiver_service_timestamp": 1729955041765,
    "context_time": 1729954924680,
    "message_cluster_is_playing": false,
    "message_cluster_started_playing_at_timestamp": null,
    "message_has_been_playing_for_millis": 8988458,
    "message_is_playing": false,
    "message_started_playing_at_timestamp": 1729946049094
  },
  {
    "message_cluster_active_device_id": null,
    "message_device_id": "70576d60b38ac3dd2afbdce2d982b78ee452830d",
    "timestamp_utc": "2024-10-26T11:43:28.814Z",
    "context_application_version": "1.2.49.439",
    "context_conn_country": "FR",
    "context_device_manufacturer": "HP",
    "context_device_model": "HP EliteBook 830 G5",
    "context_device_type": "desktop",
    "context_os_name": "windows",
    "context_os_version": "10.0.19045",
    "context_receiver_service_timestamp": 1729943132762,
    "context_time": 1729943008814,
    "message_cluster_is_playing": false,
    "message_cluster_started_playing_at_timestamp": null,
    "message_has_been_playing_for_millis": 6167032,
    "message_is_playing": false,
    "message_started_playing_at_timestamp": 1729936954337
  },
  {
    "message_cluster_active_device_id": null,
    "message_device_id": "fb85e687e93d376f9445b3b5ef5782cb4dc7ff0b",
    "timestamp_utc": "2024-11-03T14:38:16.890Z",
    "context_application_version": "8.9.84.543",
    "context_conn_country": "DE",
    "context_device_manufacturer": "apple",
    "context_device_model": "iPhone15,2",
    "context_device_type": "mobile",
    "context_os_name": "ios",
    "context_os_version": "18.0",
    "context_receiver_service_timestamp": 1730644705033,
    "context_time": 1730644696890,
    "message_cluster_is_playing": false,
    "message_cluster_started_playing_at_timestamp": null,
    "message_has_been_playing_for_millis": 2068,
    "message_is_playing": true,
    "message_started_playing_at_timestamp": 1730644694730
  },
  {
    "message_cluster_active_device_id": null,
    "message_device_id": "70576d60b38ac3dd2afbdce2d982b78ee452830d",
    "timestamp_utc": "2024-09-08T20:49:41.962Z",
    "context_application_version": "1.2.43.420",
    "context_conn_country": "FR",
    "context_device_manufacturer": "HP",
    "context_device_model": "HP EliteBook 830 G5",
    "context_device_type": "desktop",
    "context_os_name": "windows",
    "context_os_version": "10.0.19045",
    "context_receiver_service_timestamp": 1725828690884,
    "context_time": 1725828581962,
    "message_cluster_is_playing": false,
    "message_cluster_started_playing_at_timestamp": null,
    "message_has_been_playing_for_millis": 14941618,
    "message_is_playing": false,
    "message_started_playing_at_timestamp": 1725813725843
  },
  {
    "message_cluster_active_device_id": null,
    "message_device_id": "70576d60b38ac3dd2afbdce2d982b78ee452830d",
    "timestamp_utc": "2024-10-26T11:41:44.377Z",
    "context_application_version": "1.2.49.439",
    "context_conn_country": "FR",
    "context_device_manufacturer": "HP",
    "context_device_model": "HP EliteBook 830 G5",
    "context_device_type": "desktop",
    "context_os_name": "windows",
    "context_os_version": "10.0.19045",
    "context_receiver_service_timestamp": 1729943042749,
    "context_time": 1729942904377,
    "message_cluster_is_playing": false,
    "message_cluster_started_playing_at_timestamp": null,
    "message_has_been_playing_for_millis": 6062595,
    "message_is_playing": false,
    "message_started_playing_at_timestamp": 1729936954337
  },
  {
    "message_cluster_active_device_id": null,
    "message_device_id": "39fef58a9ba5b1d8f726d18e5d2d96bb6a35836c",
    "timestamp_utc": "2024-11-19T17:14:55.204Z",
    "context_application_version": "8.9.90.84",
    "context_conn_country": "DE",
    "context_device_manufacturer": "apple",
    "context_device_model": "iPhone15,2",
    "context_device_type": "mobile",
    "context_os_name": "ios",
    "context_os_version": "18.0",
    "context_receiver_service_timestamp": 1732036498288,
    "context_time": 1732036495204,
    "message_cluster_is_playing": false,
    "message_cluster_started_playing_at_timestamp": null,
    "message_has_been_playing_for_millis": 86,
    "message_is_playing": true,
    "message_started_playing_at_timestamp": 1732036495084
  },
  {
    "message_cluster_active_device_id": null,
    "message_device_id": "70576d60b38ac3dd2afbdce2d982b78ee452830d",
    "timestamp_utc": "2024-10-26T12:02:24.065Z",
    "context_application_version": "1.2.49.439",
    "context_conn_country": "FR",
    "context_device_manufacturer": "HP",
    "context_device_model": "HP EliteBook 830 G5",
    "context_device_type": "desktop",
    "context_os_name": "windows",
    "context_os_version": "10.0.19045",
    "context_receiver_service_timestamp": 1729944272774,
    "context_time": 1729944144065,
    "message_cluster_is_playing": false,
    "message_cluster_started_playing_at_timestamp": null,
    "message_has_been_playing_for_millis": 7302283,
    "message_is_playing": false,
    "message_started_playing_at_timestamp": 1729936954337
  },
  {
    "message_cluster_active_device_id": null,
    "message_device_id": "70576d60b38ac3dd2afbdce2d982b78ee452830d",
    "timestamp_utc": "2024-09-29T21:43:27.691Z",
    "context_application_version": "1.2.47.364",
    "context_conn_country": "FR",
    "context_device_manufacturer": "HP",
    "context_device_model": "HP EliteBook 830 G5",
    "context_device_type": "desktop",
    "context_os_name": "windows",
    "context_os_version": "10.0.19045",
    "context_receiver_service_timestamp": 1727646328348,
    "context_time": 1727646207691,
    "message_cluster_is_playing": false,
    "message_cluster_started_playing_at_timestamp": null,
    "message_has_been_playing_for_millis": 11803046,
    "message_is_playing": false,
    "message_started_playing_at_timestamp": 1727634502821
  },
  {
    "message_cluster_active_device_id": null,
    "message_device_id": "70576d60b38ac3dd2afbdce2d982b78ee452830d",
    "timestamp_utc": "2024-10-09T17:31:30.306Z",
    "context_application_version": "1.2.47.364",
    "context_conn_country": "FR",
    "context_device_manufacturer": "HP",
    "context_device_model": "HP EliteBook 830 G5",
    "context_device_type": "desktop",
    "context_os_name": "windows",
    "context_os_version": "10.0.19045",
    "context_receiver_service_timestamp": 1728495200496,
    "context_time": 1728495090306,
    "message_cluster_is_playing": false,
    "message_cluster_started_playing_at_timestamp": null,
    "message_has_been_playing_for_millis": 3109632,
    "message_is_playing": false,
    "message_started_playing_at_timestamp": 1728492081727
  },
  {
    "message_cluster_active_device_id": null,
    "message_device_id": "39fef58a9ba5b1d8f726d18e5d2d96bb6a35836c",
    "timestamp_utc": "2024-11-11T18:24:10.265Z",
    "context_application_version": "8.9.90.84",
    "context_conn_country": "DE",
    "context_device_manufacturer": "apple",
    "context_device_model": "iPhone15,2",
    "context_device_type": "mobile",
    "context_os_name": "ios",
    "context_os_version": "18.0",
    "context_receiver_service_timestamp": 1731349452693,
    "context_time": 1731349450265,
    "message_cluster_is_playing": false,
    "message_cluster_started_playing_at_timestamp": null,
    "message_has_been_playing_for_millis": 440,
    "message_is_playing": true,
    "message_started_playing_at_timestamp": 1731349448784
  },
  {
    "message_cluster_active_device_id": null,
    "message_device_id": "fb85e687e93d376f9445b3b5ef5782cb4dc7ff0b",
    "timestamp_utc": "2024-10-26T16:14:33.069Z",
    "context_application_version": "8.9.84.543",
    "context_conn_country": "DE",
    "context_device_manufacturer": "apple",
    "context_device_model": "iPhone15,2",
    "context_device_type": "mobile",
    "context_os_name": "ios",
    "context_os_version": "18.0",
    "context_receiver_service_timestamp": 1729959336636,
    "context_time": 1729959273069,
    "message_cluster_is_playing": false,
    "message_cluster_started_playing_at_timestamp": null,
    "message_has_been_playing_for_millis": 1090,
    "message_is_playing": true,
    "message_started_playing_at_timestamp": 1729959271952
  },
  {
    "message_cluster_active_device_id": null,
    "message_device_id": "70576d60b38ac3dd2afbdce2d982b78ee452830d",
    "timestamp_utc": "2024-09-29T23:57:30.974Z",
    "context_application_version": "1.2.47.364",
    "context_conn_country": "FR",
    "context_device_manufacturer": "HP",
    "context_device_model": "HP EliteBook 830 G5",
    "context_device_type": "desktop",
    "context_os_name": "windows",
    "context_os_version": "10.0.19045",
    "context_receiver_service_timestamp": 1727654368388,
    "context_time": 1727654250974,
    "message_cluster_is_playing": false,
    "message_cluster_started_playing_at_timestamp": null,
    "message_has_been_playing_for_millis": 19846329,
    "message_is_playing": false,
    "message_started_playing_at_timestamp": 1727634502821
  },
  {
    "message_cluster_active_device_id": null,
    "message_device_id": "70576d60b38ac3dd2afbdce2d982b78ee452830d",
    "timestamp_utc": "2024-09-29T23:57:18.842Z",
    "context_application_version": "1.2.47.364",
    "context_conn_country": "FR",
    "context_device_manufacturer": "HP",
    "context_device_model": "HP EliteBook 830 G5",
    "context_device_type": "desktop",
    "context_os_name": "windows",
    "context_os_version": "10.0.19045",
    "context_receiver_service_timestamp": 1727654338571,
    "context_time": 1727654238842,
    "message_cluster_is_playing": false,
    "message_cluster_started_playing_at_timestamp": null,
    "message_has_been_playing_for_millis": 19834197,
    "message_is_playing": false,
    "message_started_playing_at_timestamp": 1727634502821
  },
  {
    "message_cluster_active_device_id": null,
    "message_device_id": "70576d60b38ac3dd2afbdce2d982b78ee452830d",
    "timestamp_utc": "2024-09-29T23:24:01.223Z",
    "context_application_version": "1.2.47.364",
    "context_conn_country": "FR",
    "context_device_manufacturer": "HP",
    "context_device_model": "HP EliteBook 830 G5",
    "context_device_type": "desktop",
    "context_os_name": "windows",
    "context_os_version": "10.0.19045",
    "context_receiver_service_timestamp": 1727652358428,
    "context_time": 1727652241223,
    "message_cluster_is_playing": false,
    "message_cluster_started_playing_at_timestamp": null,
    "message_has_been_playing_for_millis": 17836578,
    "message_is_playing": false,
    "message_started_playing_at_timestamp": 1727634502821
  },
  {
    "message_cluster_active_device_id": null,
    "message_device_id": "70576d60b38ac3dd2afbdce2d982b78ee452830d",
    "timestamp_utc": "2024-11-05T02:15:45.512Z",
    "context_application_version": "1.2.49.439",
    "context_conn_country": "FR",
    "context_device_manufacturer": "HP",
    "context_device_model": "HP EliteBook 830 G5",
    "context_device_type": "desktop",
    "context_os_name": "windows",
    "context_os_version": "10.0.19045",
    "context_receiver_service_timestamp": 1730773075735,
    "context_time": 1730772945512,
    "message_cluster_is_playing": false,
    "message_cluster_started_playing_at_timestamp": null,
    "message_has_been_playing_for_millis": 7750946,
    "message_is_playing": false,
    "message_started_playing_at_timestamp": 1730765312641
  },
  {
    "message_cluster_active_device_id": null,
    "message_device_id": "70576d60b38ac3dd2afbdce2d982b78ee452830d",
    "timestamp_utc": "2024-10-11T22:41:25.702Z",
    "context_application_version": "1.2.48.405",
    "context_conn_country": "FR",
    "context_device_manufacturer": "HP",
    "context_device_model": "HP EliteBook 830 G5",
    "context_device_type": "desktop",
    "context_os_name": "windows",
    "context_os_version": "10.0.19045",
    "context_receiver_service_timestamp": 1728686610529,
    "context_time": 1728686485702,
    "message_cluster_is_playing": false,
    "message_cluster_started_playing_at_timestamp": null,
    "message_has_been_playing_for_millis": 10085364,
    "message_is_playing": false,
    "message_started_playing_at_timestamp": 1728676502662
  },
  {
    "message_cluster_active_device_id": null,
    "message_device_id": "87a85ae44c6dc07e212017c98a9fbb2c622e1355",
    "timestamp_utc": "2024-09-22T09:35:25.822Z",
    "context_application_version": "8.9.76.516",
    "context_conn_country": "DE",
    "context_device_manufacturer": "apple",
    "context_device_model": "iPhone15,2",
    "context_device_type": "mobile",
    "context_os_name": "ios",
    "context_os_version": "17.5.1",
    "context_receiver_service_timestamp": 1726997733648,
    "context_time": 1726997725822,
    "message_cluster_is_playing": false,
    "message_cluster_started_playing_at_timestamp": null,
    "message_has_been_playing_for_millis": 372,
    "message_is_playing": true,
    "message_started_playing_at_timestamp": 1726997725093
  },
  {
    "message_cluster_active_device_id": null,
    "message_device_id": "87a85ae44c6dc07e212017c98a9fbb2c622e1355",
    "timestamp_utc": "2024-10-05T16:53:27.048Z",
    "context_application_version": "8.9.76.516",
    "context_conn_country": "AT",
    "context_device_manufacturer": "apple",
    "context_device_model": "iPhone15,2",
    "context_device_type": "mobile",
    "context_os_name": "ios",
    "context_os_version": "18.0",
    "context_receiver_service_timestamp": 1728147212878,
    "context_time": 1728147207048,
    "message_cluster_is_playing": false,
    "message_cluster_started_playing_at_timestamp": null,
    "message_has_been_playing_for_millis": 643,
    "message_is_playing": true,
    "message_started_playing_at_timestamp": 1728147205983
  },
  {
    "message_cluster_active_device_id": null,
    "message_device_id": "70576d60b38ac3dd2afbdce2d982b78ee452830d",
    "timestamp_utc": "2024-09-08T20:48:22.469Z",
    "context_application_version": "1.2.43.420",
    "context_conn_country": "FR",
    "context_device_manufacturer": "HP",
    "context_device_model": "HP EliteBook 830 G5",
    "context_device_type": "desktop",
    "context_os_name": "windows",
    "context_os_version": "10.0.19045",
    "context_receiver_service_timestamp": 1725828600902,
    "context_time": 1725828502469,
    "message_cluster_is_playing": false,
    "message_cluster_started_playing_at_timestamp": null,
    "message_has_been_playing_for_millis": 14862124,
    "message_is_playing": false,
    "message_started_playing_at_timestamp": 1725813725843
  },
  {
    "message_cluster_active_device_id": null,
    "message_device_id": "70576d60b38ac3dd2afbdce2d982b78ee452830d",
    "timestamp_utc": "2024-10-26T11:52:24.216Z",
    "context_application_version": "1.2.49.439",
    "context_conn_country": "FR",
    "context_device_manufacturer": "HP",
    "context_device_model": "HP EliteBook 830 G5",
    "context_device_type": "desktop",
    "context_os_name": "windows",
    "context_os_version": "10.0.19045",
    "context_receiver_service_timestamp": 1729943672786,
    "context_time": 1729943544216,
    "message_cluster_is_playing": false,
    "message_cluster_started_playing_at_timestamp": null,
    "message_has_been_playing_for_millis": 6702433,
    "message_is_playing": false,
    "message_started_playing_at_timestamp": 1729936954337
  },
  {
    "message_cluster_active_device_id": null,
    "message_device_id": "33d230a50cbedd61bb4b76ecc476e5c735852773",
    "timestamp_utc": "2024-10-19T08:57:52.054Z",
    "context_application_version": "8.9.82.628",
    "context_conn_country": "DE",
    "context_device_manufacturer": "apple",
    "context_device_model": "iPhone15,2",
    "context_device_type": "mobile",
    "context_os_name": "ios",
    "context_os_version": "18.0",
    "context_receiver_service_timestamp": 1729328290382,
    "context_time": 1729328272054,
    "message_cluster_is_playing": true,
    "message_cluster_started_playing_at_timestamp": null,
    "message_has_been_playing_for_millis": 338495,
    "message_is_playing": true,
    "message_started_playing_at_timestamp": 1729327933714
  },
  {
    "message_cluster_active_device_id": null,
    "message_device_id": "70576d60b38ac3dd2afbdce2d982b78ee452830d",
    "timestamp_utc": "2024-10-09T17:31:26.263Z",
    "context_application_version": "1.2.47.364",
    "context_conn_country": "FR",
    "context_device_manufacturer": "HP",
    "context_device_model": "HP EliteBook 830 G5",
    "context_device_type": "desktop",
    "context_os_name": "windows",
    "context_os_version": "10.0.19045",
    "context_receiver_service_timestamp": 1728495200496,
    "context_time": 1728495086263,
    "message_cluster_is_playing": false,
    "message_cluster_started_playing_at_timestamp": null,
    "message_has_been_playing_for_millis": 3105589,
    "message_is_playing": false,
    "message_started_playing_at_timestamp": 1728492081727
  },
  {
    "message_cluster_active_device_id": null,
    "message_device_id": "70576d60b38ac3dd2afbdce2d982b78ee452830d",
    "timestamp_utc": "2024-11-04T19:24:49.911Z",
    "context_application_version": "1.2.49.439",
    "context_conn_country": "FR",
    "context_device_manufacturer": "HP",
    "context_device_model": "HP EliteBook 830 G5",
    "context_device_type": "desktop",
    "context_os_name": "windows",
    "context_os_version": "10.0.19045",
    "context_receiver_service_timestamp": 1730748417207,
    "context_time": 1730748289911,
    "message_cluster_is_playing": false,
    "message_cluster_started_playing_at_timestamp": null,
    "message_has_been_playing_for_millis": 4320,
    "message_is_playing": false,
    "message_started_playing_at_timestamp": 1730748403064
  },
  {
    "message_cluster_active_device_id": null,
    "message_device_id": "70576d60b38ac3dd2afbdce2d982b78ee452830d",
    "timestamp_utc": "2024-11-03T14:36:19.924Z",
    "context_application_version": "1.2.49.439",
    "context_conn_country": "FR",
    "context_device_manufacturer": "HP",
    "context_device_model": "HP EliteBook 830 G5",
    "context_device_type": "desktop",
    "context_os_name": "windows",
    "context_os_version": "10.0.19045",
    "context_receiver_service_timestamp": 1730644698034,
    "context_time": 1730644579924,
    "message_cluster_is_playing": false,
    "message_cluster_started_playing_at_timestamp": null,
    "message_has_been_playing_for_millis": 836654,
    "message_is_playing": false,
    "message_started_playing_at_timestamp": 1730643860028
  },
  {
    "message_cluster_active_device_id": null,
    "message_device_id": "d5de2a1869bb442f234e2726bf99c0049a5641d2",
    "timestamp_utc": "2024-11-07T11:49:22.798Z",
    "context_application_version": "8.9.86.419",
    "context_conn_country": "FR",
    "context_device_manufacturer": "apple",
    "context_device_model": "iPhone14,5",
    "context_device_type": "mobile",
    "context_os_name": "ios",
    "context_os_version": "17.6.1",
    "context_receiver_service_timestamp": 1730980169188,
    "context_time": 1730980162798,
    "message_cluster_is_playing": false,
    "message_cluster_started_playing_at_timestamp": null,
    "message_has_been_playing_for_millis": 31665,
    "message_is_playing": true,
    "message_started_playing_at_timestamp": 1730980131101
  },
  {
    "message_cluster_active_device_id": null,
    "message_device_id": "70576d60b38ac3dd2afbdce2d982b78ee452830d",
    "timestamp_utc": "2024-10-11T22:11:06.158Z",
    "context_application_version": "1.2.48.405",
    "context_conn_country": "FR",
    "context_device_manufacturer": "HP",
    "context_device_model": "HP EliteBook 830 G5",
    "context_device_type": "desktop",
    "context_os_name": "windows",
    "context_os_version": "10.0.19045",
    "context_receiver_service_timestamp": 1728684780488,
    "context_time": 1728684666158,
    "message_cluster_is_playing": false,
    "message_cluster_started_playing_at_timestamp": null,
    "message_has_been_playing_for_millis": 8265820,
    "message_is_playing": false,
    "message_started_playing_at_timestamp": 1728676502662
  },
  {
    "message_cluster_active_device_id": null,
    "message_device_id": "70576d60b38ac3dd2afbdce2d982b78ee452830d",
    "timestamp_utc": "2024-09-30T00:07:31.230Z",
    "context_application_version": "1.2.47.364",
    "context_conn_country": "FR",
    "context_device_manufacturer": "HP",
    "context_device_model": "HP EliteBook 830 G5",
    "context_device_type": "desktop",
    "context_os_name": "windows",
    "context_os_version": "10.0.19045",
    "context_receiver_service_timestamp": 1727654968599,
    "context_time": 1727654851230,
    "message_cluster_is_playing": false,
    "message_cluster_started_playing_at_timestamp": null,
    "message_has_been_playing_for_millis": 20446585,
    "message_is_playing": false,
    "message_started_playing_at_timestamp": 1727634502821
  },
  {
    "message_cluster_active_device_id": null,
    "message_device_id": "70576d60b38ac3dd2afbdce2d982b78ee452830d",
    "timestamp_utc": "2024-10-11T20:29:23.946Z",
    "context_application_version": "1.2.48.405",
    "context_conn_country": "FR",
    "context_device_manufacturer": "HP",
    "context_device_model": "HP EliteBook 830 G5",
    "context_device_type": "desktop",
    "context_os_name": "windows",
    "context_os_version": "10.0.19045",
    "context_receiver_service_timestamp": 1728678690434,
    "context_time": 1728678563946,
    "message_cluster_is_playing": false,
    "message_cluster_started_playing_at_timestamp": null,
    "message_has_been_playing_for_millis": 2163607,
    "message_is_playing": false,
    "message_started_playing_at_timestamp": 1728676502662
  },
  {
    "message_cluster_active_device_id": null,
    "message_device_id": "70576d60b38ac3dd2afbdce2d982b78ee452830d",
    "timestamp_utc": "2024-10-26T22:04:34.457Z",
    "context_application_version": "1.2.49.439",
    "context_conn_country": "FR",
    "context_device_manufacturer": "HP",
    "context_device_model": "HP EliteBook 830 G5",
    "context_device_type": "desktop",
    "context_os_name": "windows",
    "context_os_version": "10.0.19045",
    "context_receiver_service_timestamp": 1729980396217,
    "context_time": 1729980274457,
    "message_cluster_is_playing": false,
    "message_cluster_started_playing_at_timestamp": null,
    "message_has_been_playing_for_millis": 13737598,
    "message_is_playing": false,
    "message_started_playing_at_timestamp": 1729966649272
  },
  {
    "message_cluster_active_device_id": null,
    "message_device_id": "33d230a50cbedd61bb4b76ecc476e5c735852773",
    "timestamp_utc": "2024-10-15T23:40:53.372Z",
    "context_application_version": "8.9.82.628",
    "context_conn_country": "DE",
    "context_device_manufacturer": "apple",
    "context_device_model": "iPhone15,2",
    "context_device_type": "mobile",
    "context_os_name": "ios",
    "context_os_version": "18.0",
    "context_receiver_service_timestamp": 1729035675542,
    "context_time": 1729035653372,
    "message_cluster_is_playing": false,
    "message_cluster_started_playing_at_timestamp": null,
    "message_has_been_playing_for_millis": 10965893,
    "message_is_playing": false,
    "message_started_playing_at_timestamp": 1729024687810
  },
  {
    "message_cluster_active_device_id": null,
    "message_device_id": "fb85e687e93d376f9445b3b5ef5782cb4dc7ff0b",
    "timestamp_utc": "2024-11-03T16:51:18.785Z",
    "context_application_version": "8.9.84.543",
    "context_conn_country": "DE",
    "context_device_manufacturer": "apple",
    "context_device_model": "iPhone15,2",
    "context_device_type": "mobile",
    "context_os_name": "ios",
    "context_os_version": "18.0",
    "context_receiver_service_timestamp": 1730652683945,
    "context_time": 1730652678785,
    "message_cluster_is_playing": false,
    "message_cluster_started_playing_at_timestamp": null,
    "message_has_been_playing_for_millis": 43,
    "message_is_playing": true,
    "message_started_playing_at_timestamp": 1730652678663
  },
  {
    "message_cluster_active_device_id": null,
    "message_device_id": "70576d60b38ac3dd2afbdce2d982b78ee452830d",
    "timestamp_utc": "2024-09-29T21:49:34.428Z",
    "context_application_version": "1.2.47.364",
    "context_conn_country": "FR",
    "context_device_manufacturer": "HP",
    "context_device_model": "HP EliteBook 830 G5",
    "context_device_type": "desktop",
    "context_os_name": "windows",
    "context_os_version": "10.0.19045",
    "context_receiver_service_timestamp": 1727646688365,
    "context_time": 1727646574428,
    "message_cluster_is_playing": false,
    "message_cluster_started_playing_at_timestamp": null,
    "message_has_been_playing_for_millis": 12169783,
    "message_is_playing": false,
    "message_started_playing_at_timestamp": 1727634502821
  },
  {
    "message_cluster_active_device_id": null,
    "message_device_id": "70576d60b38ac3dd2afbdce2d982b78ee452830d",
    "timestamp_utc": "2024-09-29T20:52:47.909Z",
    "context_application_version": "1.2.47.364",
    "context_conn_country": "FR",
    "context_device_manufacturer": "HP",
    "context_device_model": "HP EliteBook 830 G5",
    "context_device_type": "desktop",
    "context_os_name": "windows",
    "context_os_version": "10.0.19045",
    "context_receiver_service_timestamp": 1727643268359,
    "context_time": 1727643167909,
    "message_cluster_is_playing": false,
    "message_cluster_started_playing_at_timestamp": null,
    "message_has_been_playing_for_millis": 8763264,
    "message_is_playing": false,
    "message_started_playing_at_timestamp": 1727634502821
  },
  {
    "message_cluster_active_device_id": null,
    "message_device_id": "70576d60b38ac3dd2afbdce2d982b78ee452830d",
    "timestamp_utc": "2024-10-11T20:52:32.864Z",
    "context_application_version": "1.2.48.405",
    "context_conn_country": "FR",
    "context_device_manufacturer": "HP",
    "context_device_model": "HP EliteBook 830 G5",
    "context_device_type": "desktop",
    "context_os_name": "windows",
    "context_os_version": "10.0.19045",
    "context_receiver_service_timestamp": 1728680070498,
    "context_time": 1728679952864,
    "message_cluster_is_playing": false,
    "message_cluster_started_playing_at_timestamp": null,
    "message_has_been_playing_for_millis": 3552525,
    "message_is_playing": false,
    "message_started_playing_at_timestamp": 1728676502662
  },
  {
    "message_cluster_active_device_id": null,
    "message_device_id": "70576d60b38ac3dd2afbdce2d982b78ee452830d",
    "timestamp_utc": "2024-10-27T13:20:28.462Z",
    "context_application_version": "1.2.49.439",
    "context_conn_country": "FR",
    "context_device_manufacturer": "HP",
    "context_device_model": "HP EliteBook 830 G5",
    "context_device_type": "desktop",
    "context_os_name": "windows",
    "context_os_version": "10.0.19045",
    "context_receiver_service_timestamp": 1730035364865,
    "context_time": 1730035228462,
    "message_cluster_is_playing": false,
    "message_cluster_started_playing_at_timestamp": null,
    "message_has_been_playing_for_millis": 1435337,
    "message_is_playing": false,
    "message_started_playing_at_timestamp": 1730033906357
  },
  {
    "message_cluster_active_device_id": null,
    "message_device_id": "70576d60b38ac3dd2afbdce2d982b78ee452830d",
    "timestamp_utc": "2024-10-26T11:41:36.445Z",
    "context_application_version": "1.2.49.439",
    "context_conn_country": "FR",
    "context_device_manufacturer": "HP",
    "context_device_model": "HP EliteBook 830 G5",
    "context_device_type": "desktop",
    "context_os_name": "windows",
    "context_os_version": "10.0.19045",
    "context_receiver_service_timestamp": 1729943012748,
    "context_time": 1729942896445,
    "message_cluster_is_playing": false,
    "message_cluster_started_playing_at_timestamp": null,
    "message_has_been_playing_for_millis": 6054662,
    "message_is_playing": false,
    "message_started_playing_at_timestamp": 1729936954337
  },
  {
    "message_cluster_active_device_id": null,
    "message_device_id": "70576d60b38ac3dd2afbdce2d982b78ee452830d",
    "timestamp_utc": "2024-09-29T23:47:18.868Z",
    "context_application_version": "1.2.47.364",
    "context_conn_country": "FR",
    "context_device_manufacturer": "HP",
    "context_device_model": "HP EliteBook 830 G5",
    "context_device_type": "desktop",
    "context_os_name": "windows",
    "context_os_version": "10.0.19045",
    "context_receiver_service_timestamp": 1727653738381,
    "context_time": 1727653638868,
    "message_cluster_is_playing": false,
    "message_cluster_started_playing_at_timestamp": null,
    "message_has_been_playing_for_millis": 19234223,
    "message_is_playing": false,
    "message_started_playing_at_timestamp": 1727634502821
  },
  {
    "message_cluster_active_device_id": null,
    "message_device_id": "70576d60b38ac3dd2afbdce2d982b78ee452830d",
    "timestamp_utc": "2024-10-26T11:38:47.828Z",
    "context_application_version": "1.2.49.439",
    "context_conn_country": "FR",
    "context_device_manufacturer": "HP",
    "context_device_model": "HP EliteBook 830 G5",
    "context_device_type": "desktop",
    "context_os_name": "windows",
    "context_os_version": "10.0.19045",
    "context_receiver_service_timestamp": 1729942862740,
    "context_time": 1729942727828,
    "message_cluster_is_playing": false,
    "message_cluster_started_playing_at_timestamp": null,
    "message_has_been_playing_for_millis": 5886046,
    "message_is_playing": false,
    "message_started_playing_at_timestamp": 1729936954337
  },
  {
    "message_cluster_active_device_id": null,
    "message_device_id": "70576d60b38ac3dd2afbdce2d982b78ee452830d",
    "timestamp_utc": "2024-10-09T17:31:20.592Z",
    "context_application_version": "1.2.47.364",
    "context_conn_country": "FR",
    "context_device_manufacturer": "HP",
    "context_device_model": "HP EliteBook 830 G5",
    "context_device_type": "desktop",
    "context_os_name": "windows",
    "context_os_version": "10.0.19045",
    "context_receiver_service_timestamp": 1728495200496,
    "context_time": 1728495080592,
    "message_cluster_is_playing": false,
    "message_cluster_started_playing_at_timestamp": null,
    "message_has_been_playing_for_millis": 3099918,
    "message_is_playing": false,
    "message_started_playing_at_timestamp": 1728492081727
  },
  {
    "message_cluster_active_device_id": "70576d60b38ac3dd2afbdce2d982b78ee452830d",
    "message_device_id": "fb85e687e93d376f9445b3b5ef5782cb4dc7ff0b",
    "timestamp_utc": "2024-11-03T14:38:15.224Z",
    "context_application_version": "8.9.84.543",
    "context_conn_country": "DE",
    "context_device_manufacturer": "apple",
    "context_device_model": "iPhone15,2",
    "context_device_type": "mobile",
    "context_os_name": "ios",
    "context_os_version": "18.0",
    "context_receiver_service_timestamp": 1730644705033,
    "context_time": 1730644695224,
    "message_cluster_is_playing": false,
    "message_cluster_started_playing_at_timestamp": 1730643860028,
    "message_has_been_playing_for_millis": 402,
    "message_is_playing": false,
    "message_started_playing_at_timestamp": 1730644694730
  },
  {
    "message_cluster_active_device_id": null,
    "message_device_id": "70576d60b38ac3dd2afbdce2d982b78ee452830d",
    "timestamp_utc": "2024-10-26T14:15:46.469Z",
    "context_application_version": "1.2.49.439",
    "context_conn_country": "FR",
    "context_device_manufacturer": "HP",
    "context_device_model": "HP EliteBook 830 G5",
    "context_device_type": "desktop",
    "context_os_name": "windows",
    "context_os_version": "10.0.19045",
    "context_receiver_service_timestamp": 1729952281699,
    "context_time": 1729952146469,
    "message_cluster_is_playing": false,
    "message_cluster_started_playing_at_timestamp": null,
    "message_has_been_playing_for_millis": 6210246,
    "message_is_playing": false,
    "message_started_playing_at_timestamp": 1729946049094
  },
  {
    "message_cluster_active_device_id": null,
    "message_device_id": "70576d60b38ac3dd2afbdce2d982b78ee452830d",
    "timestamp_utc": "2024-10-11T20:31:09.778Z",
    "context_application_version": "1.2.48.405",
    "context_conn_country": "FR",
    "context_device_manufacturer": "HP",
    "context_device_model": "HP EliteBook 830 G5",
    "context_device_type": "desktop",
    "context_os_name": "windows",
    "context_os_version": "10.0.19045",
    "context_receiver_service_timestamp": 1728678780459,
    "context_time": 1728678669778,
    "message_cluster_is_playing": false,
    "message_cluster_started_playing_at_timestamp": null,
    "message_has_been_playing_for_millis": 2269439,
    "message_is_playing": false,
    "message_started_playing_at_timestamp": 1728676502662
  },
  {
    "message_cluster_active_device_id": null,
    "message_device_id": "fb85e687e93d376f9445b3b5ef5782cb4dc7ff0b",
    "timestamp_utc": "2024-11-01T11:21:22.111Z",
    "context_application_version": "8.9.84.543",
    "context_conn_country": "DE",
    "context_device_manufacturer": "apple",
    "context_device_model": "iPhone15,2",
    "context_device_type": "mobile",
    "context_os_name": "ios",
    "context_os_version": "18.0",
    "context_receiver_service_timestamp": 1730460086795,
    "context_time": 1730460082111,
    "message_cluster_is_playing": false,
    "message_cluster_started_playing_at_timestamp": null,
    "message_has_been_playing_for_millis": 2449489,
    "message_is_playing": false,
    "message_started_playing_at_timestamp": 1730457632754
  },
  {
    "message_cluster_active_device_id": null,
    "message_device_id": "70576d60b38ac3dd2afbdce2d982b78ee452830d",
    "timestamp_utc": "2024-10-26T15:12:05.179Z",
    "context_application_version": "1.2.49.439",
    "context_conn_country": "FR",
    "context_device_manufacturer": "HP",
    "context_device_model": "HP EliteBook 830 G5",
    "context_device_type": "desktop",
    "context_os_name": "windows",
    "context_os_version": "10.0.19045",
    "context_receiver_service_timestamp": 1729955641717,
    "context_time": 1729955525179,
    "message_cluster_is_playing": false,
    "message_cluster_started_playing_at_timestamp": null,
    "message_has_been_playing_for_millis": 9588956,
    "message_is_playing": false,
    "message_started_playing_at_timestamp": 1729946049094
  },
  {
    "message_cluster_active_device_id": null,
    "message_device_id": "70576d60b38ac3dd2afbdce2d982b78ee452830d",
    "timestamp_utc": "2024-10-11T22:57:06.107Z",
    "context_application_version": "1.2.48.405",
    "context_conn_country": "FR",
    "context_device_manufacturer": "HP",
    "context_device_model": "HP EliteBook 830 G5",
    "context_device_type": "desktop",
    "context_os_name": "windows",
    "context_os_version": "10.0.19045",
    "context_receiver_service_timestamp": 1728687540518,
    "context_time": 1728687426107,
    "message_cluster_is_playing": false,
    "message_cluster_started_playing_at_timestamp": null,
    "message_has_been_playing_for_millis": 11025768,
    "message_is_playing": false,
    "message_started_playing_at_timestamp": 1728676502662
  },
  {
    "message_cluster_active_device_id": null,
    "message_device_id": "87a85ae44c6dc07e212017c98a9fbb2c622e1355",
    "timestamp_utc": "2024-10-05T18:37:28.771Z",
    "context_application_version": "8.9.76.516",
    "context_conn_country": "AT",
    "context_device_manufacturer": "apple",
    "context_device_model": "iPhone15,2",
    "context_device_type": "mobile",
    "context_os_name": "ios",
    "context_os_version": "18.0",
    "context_receiver_service_timestamp": 1728153455516,
    "context_time": 1728153448771,
    "message_cluster_is_playing": false,
    "message_cluster_started_playing_at_timestamp": null,
    "message_has_been_playing_for_millis": 203,
    "message_is_playing": true,
    "message_started_playing_at_timestamp": 1728153448325
  },
  {
    "message_cluster_active_device_id": null,
    "message_device_id": "7346b752db7b1f0c3d45e4834b6bfce1390953a9",
    "timestamp_utc": "2024-09-24T18:40:39.245Z",
    "context_application_version": "8.9.74.535",
    "context_conn_country": "FR",
    "context_device_manufacturer": "apple",
    "context_device_model": "iPhone14,5",
    "context_device_type": "mobile",
    "context_os_name": "ios",
    "context_os_version": "17.6.1",
    "context_receiver_service_timestamp": 1727203261129,
    "context_time": 1727203239245,
    "message_cluster_is_playing": false,
    "message_cluster_started_playing_at_timestamp": null,
    "message_has_been_playing_for_millis": 1816,
    "message_is_playing": false,
    "message_started_playing_at_timestamp": 1727203237497
  },
  {
    "message_cluster_active_device_id": null,
    "message_device_id": "70576d60b38ac3dd2afbdce2d982b78ee452830d",
    "timestamp_utc": "2024-09-29T20:42:47.836Z",
    "context_application_version": "1.2.47.364",
    "context_conn_country": "FR",
    "context_device_manufacturer": "HP",
    "context_device_model": "HP EliteBook 830 G5",
    "context_device_type": "desktop",
    "context_os_name": "windows",
    "context_os_version": "10.0.19045",
    "context_receiver_service_timestamp": 1727642668386,
    "context_time": 1727642567836,
    "message_cluster_is_playing": false,
    "message_cluster_started_playing_at_timestamp": null,
    "message_has_been_playing_for_millis": 8163190,
    "message_is_playing": false,
    "message_started_playing_at_timestamp": 1727634502821
  },
  {
    "message_cluster_active_device_id": null,
    "message_device_id": "70576d60b38ac3dd2afbdce2d982b78ee452830d",
    "timestamp_utc": "2024-09-29T21:19:42.023Z",
    "context_application_version": "1.2.47.364",
    "context_conn_country": "FR",
    "context_device_manufacturer": "HP",
    "context_device_model": "HP EliteBook 830 G5",
    "context_device_type": "desktop",
    "context_os_name": "windows",
    "context_os_version": "10.0.19045",
    "context_receiver_service_timestamp": 1727644888373,
    "context_time": 1727644782023,
    "message_cluster_is_playing": false,
    "message_cluster_started_playing_at_timestamp": null,
    "message_has_been_playing_for_millis": 10377378,
    "message_is_playing": false,
    "message_started_playing_at_timestamp": 1727634502821
  },
  {
    "message_cluster_active_device_id": null,
    "message_device_id": "33d230a50cbedd61bb4b76ecc476e5c735852773",
    "timestamp_utc": "2024-10-19T11:25:29.803Z",
    "context_application_version": "8.9.82.628",
    "context_conn_country": "DE",
    "context_device_manufacturer": "apple",
    "context_device_model": "iPhone15,2",
    "context_device_type": "mobile",
    "context_os_name": "ios",
    "context_os_version": "18.0",
    "context_receiver_service_timestamp": 1729337156519,
    "context_time": 1729337129803,
    "message_cluster_is_playing": false,
    "message_cluster_started_playing_at_timestamp": null,
    "message_has_been_playing_for_millis": 124,
    "message_is_playing": true,
    "message_started_playing_at_timestamp": 1729337129624
  },
  {
    "message_cluster_active_device_id": null,
    "message_device_id": "70576d60b38ac3dd2afbdce2d982b78ee452830d",
    "timestamp_utc": "2024-10-26T15:12:08.968Z",
    "context_application_version": "1.2.49.439",
    "context_conn_country": "FR",
    "context_device_manufacturer": "HP",
    "context_device_model": "HP EliteBook 830 G5",
    "context_device_type": "desktop",
    "context_os_name": "windows",
    "context_os_version": "10.0.19045",
    "context_receiver_service_timestamp": 1729955641717,
    "context_time": 1729955528968,
    "message_cluster_is_playing": false,
    "message_cluster_started_playing_at_timestamp": null,
    "message_has_been_playing_for_millis": 9592746,
    "message_is_playing": false,
    "message_started_playing_at_timestamp": 1729946049094
  },
  {
    "message_cluster_active_device_id": null,
    "message_device_id": "70576d60b38ac3dd2afbdce2d982b78ee452830d",
    "timestamp_utc": "2024-09-08T19:21:49.881Z",
    "context_application_version": "1.2.43.420",
    "context_conn_country": "FR",
    "context_device_manufacturer": "HP",
    "context_device_model": "HP EliteBook 830 G5",
    "context_device_type": "desktop",
    "context_os_name": "windows",
    "context_os_version": "10.0.19045",
    "context_receiver_service_timestamp": 1725823411030,
    "context_time": 1725823309881,
    "message_cluster_is_playing": false,
    "message_cluster_started_playing_at_timestamp": null,
    "message_has_been_playing_for_millis": 9669536,
    "message_is_playing": false,
    "message_started_playing_at_timestamp": 1725813725843
  },
  {
    "message_cluster_active_device_id": null,
    "message_device_id": "70576d60b38ac3dd2afbdce2d982b78ee452830d",
    "timestamp_utc": "2024-10-26T12:06:38.320Z",
    "context_application_version": "1.2.49.439",
    "context_conn_country": "FR",
    "context_device_manufacturer": "HP",
    "context_device_model": "HP EliteBook 830 G5",
    "context_device_type": "desktop",
    "context_os_name": "windows",
    "context_os_version": "10.0.19045",
    "context_receiver_service_timestamp": 1729944512712,
    "context_time": 1729944398320,
    "message_cluster_is_playing": false,
    "message_cluster_started_playing_at_timestamp": null,
    "message_has_been_playing_for_millis": 7556537,
    "message_is_playing": false,
    "message_started_playing_at_timestamp": 1729936954337
  },
  {
    "message_cluster_active_device_id": null,
    "message_device_id": "017960887cc9a64f682e4f5f84856593a48c3075",
    "timestamp_utc": "2024-11-12T12:59:38.701Z",
    "context_application_version": "8.9.90.84",
    "context_conn_country": "FR",
    "context_device_manufacturer": "apple",
    "context_device_model": "iPhone14,5",
    "context_device_type": "mobile",
    "context_os_name": "ios",
    "context_os_version": "17.6.1",
    "context_receiver_service_timestamp": 1731416391367,
    "context_time": 1731416378701,
    "message_cluster_is_playing": false,
    "message_cluster_started_playing_at_timestamp": null,
    "message_has_been_playing_for_millis": 262,
    "message_is_playing": true,
    "message_started_playing_at_timestamp": 1731416378383
  },
  {
    "message_cluster_active_device_id": null,
    "message_device_id": "70576d60b38ac3dd2afbdce2d982b78ee452830d",
    "timestamp_utc": "2024-10-26T21:09:52.156Z",
    "context_application_version": "1.2.49.439",
    "context_conn_country": "FR",
    "context_device_manufacturer": "HP",
    "context_device_model": "HP EliteBook 830 G5",
    "context_device_type": "desktop",
    "context_os_name": "windows",
    "context_os_version": "10.0.19045",
    "context_receiver_service_timestamp": 1729977126181,
    "context_time": 1729976992156,
    "message_cluster_is_playing": false,
    "message_cluster_started_playing_at_timestamp": null,
    "message_has_been_playing_for_millis": 10455297,
    "message_is_playing": false,
    "message_started_playing_at_timestamp": 1729966649272
  },
  {
    "message_cluster_active_device_id": null,
    "message_device_id": "33d230a50cbedd61bb4b76ecc476e5c735852773",
    "timestamp_utc": "2024-10-17T18:38:34.508Z",
    "context_application_version": "8.9.82.628",
    "context_conn_country": "DE",
    "context_device_manufacturer": "apple",
    "context_device_model": "iPhone15,2",
    "context_device_type": "mobile",
    "context_os_name": "ios",
    "context_os_version": "18.0",
    "context_receiver_service_timestamp": 1729190315375,
    "context_time": 1729190314508,
    "message_cluster_is_playing": false,
    "message_cluster_started_playing_at_timestamp": null,
    "message_has_been_playing_for_millis": 174,
    "message_is_playing": true,
    "message_started_playing_at_timestamp": 1729190314298
  },
  {
    "message_cluster_active_device_id": null,
    "message_device_id": "70576d60b38ac3dd2afbdce2d982b78ee452830d",
    "timestamp_utc": "2024-10-26T11:41:32.448Z",
    "context_application_version": "1.2.49.439",
    "context_conn_country": "FR",
    "context_device_manufacturer": "HP",
    "context_device_model": "HP EliteBook 830 G5",
    "context_device_type": "desktop",
    "context_os_name": "windows",
    "context_os_version": "10.0.19045",
    "context_receiver_service_timestamp": 1729943012748,
    "context_time": 1729942892448,
    "message_cluster_is_playing": false,
    "message_cluster_started_playing_at_timestamp": null,
    "message_has_been_playing_for_millis": 6050666,
    "message_is_playing": false,
    "message_started_playing_at_timestamp": 1729936954337
  },
  {
    "message_cluster_active_device_id": null,
    "message_device_id": "70576d60b38ac3dd2afbdce2d982b78ee452830d",
    "timestamp_utc": "2024-10-26T11:43:27.388Z",
    "context_application_version": "1.2.49.439",
    "context_conn_country": "FR",
    "context_device_manufacturer": "HP",
    "context_device_model": "HP EliteBook 830 G5",
    "context_device_type": "desktop",
    "context_os_name": "windows",
    "context_os_version": "10.0.19045",
    "context_receiver_service_timestamp": 1729943132762,
    "context_time": 1729943007388,
    "message_cluster_is_playing": false,
    "message_cluster_started_playing_at_timestamp": null,
    "message_has_been_playing_for_millis": 6165605,
    "message_is_playing": false,
    "message_started_playing_at_timestamp": 1729936954337
  },
  {
    "message_cluster_active_device_id": null,
    "message_device_id": "70576d60b38ac3dd2afbdce2d982b78ee452830d",
    "timestamp_utc": "2024-10-11T22:31:26.276Z",
    "context_application_version": "1.2.48.405",
    "context_conn_country": "FR",
    "context_device_manufacturer": "HP",
    "context_device_model": "HP EliteBook 830 G5",
    "context_device_type": "desktop",
    "context_os_name": "windows",
    "context_os_version": "10.0.19045",
    "context_receiver_service_timestamp": 1728686010516,
    "context_time": 1728685886276,
    "message_cluster_is_playing": false,
    "message_cluster_started_playing_at_timestamp": null,
    "message_has_been_playing_for_millis": 9485937,
    "message_is_playing": false,
    "message_started_playing_at_timestamp": 1728676502662
  },
  {
    "message_cluster_active_device_id": null,
    "message_device_id": "7346b752db7b1f0c3d45e4834b6bfce1390953a9",
    "timestamp_utc": "2024-09-27T10:12:56.299Z",
    "context_application_version": "8.9.74.535",
    "context_conn_country": "FR",
    "context_device_manufacturer": "apple",
    "context_device_model": "iPhone14,5",
    "context_device_type": "mobile",
    "context_os_name": "ios",
    "context_os_version": "17.6.1",
    "context_receiver_service_timestamp": 1727431998268,
    "context_time": 1727431976299,
    "message_cluster_is_playing": false,
    "message_cluster_started_playing_at_timestamp": null,
    "message_has_been_playing_for_millis": 65,
    "message_is_playing": true,
    "message_started_playing_at_timestamp": 1727431976174
  },
  {
    "message_cluster_active_device_id": null,
    "message_device_id": "33d230a50cbedd61bb4b76ecc476e5c735852773",
    "timestamp_utc": "2024-10-20T06:20:07.053Z",
    "context_application_version": "8.9.82.628",
    "context_conn_country": "DE",
    "context_device_manufacturer": "apple",
    "context_device_model": "iPhone15,2",
    "context_device_type": "mobile",
    "context_os_name": "ios",
    "context_os_version": "18.0",
    "context_receiver_service_timestamp": 1729450734498,
    "context_time": 1729405207053,
    "message_cluster_is_playing": false,
    "message_cluster_started_playing_at_timestamp": null,
    "message_has_been_playing_for_millis": 66738712,
    "message_is_playing": false,
    "message_started_playing_at_timestamp": 1729338469492
  },
  {
    "message_cluster_active_device_id": null,
    "message_device_id": "fb85e687e93d376f9445b3b5ef5782cb4dc7ff0b",
    "timestamp_utc": "2024-10-27T11:14:13.906Z",
    "context_application_version": "8.9.84.543",
    "context_conn_country": "DE",
    "context_device_manufacturer": "apple",
    "context_device_model": "iPhone15,2",
    "context_device_type": "mobile",
    "context_os_name": "ios",
    "context_os_version": "18.0",
    "context_receiver_service_timestamp": 1730027658219,
    "context_time": 1730027653906,
    "message_cluster_is_playing": false,
    "message_cluster_started_playing_at_timestamp": null,
    "message_has_been_playing_for_millis": 54834236,
    "message_is_playing": false,
    "message_started_playing_at_timestamp": 1729972818761
  },
  {
    "message_cluster_active_device_id": null,
    "message_device_id": "70576d60b38ac3dd2afbdce2d982b78ee452830d",
    "timestamp_utc": "2024-09-08T19:28:01.721Z",
    "context_application_version": "1.2.43.420",
    "context_conn_country": "FR",
    "context_device_manufacturer": "HP",
    "context_device_model": "HP EliteBook 830 G5",
    "context_device_type": "desktop",
    "context_os_name": "windows",
    "context_os_version": "10.0.19045",
    "context_receiver_service_timestamp": 1725823770948,
    "context_time": 1725823681721,
    "message_cluster_is_playing": false,
    "message_cluster_started_playing_at_timestamp": null,
    "message_has_been_playing_for_millis": 10041376,
    "message_is_playing": false,
    "message_started_playing_at_timestamp": 1725813725843
  },
  {
    "message_cluster_active_device_id": null,
    "message_device_id": "70576d60b38ac3dd2afbdce2d982b78ee452830d",
    "timestamp_utc": "2024-10-26T11:41:43.045Z",
    "context_application_version": "1.2.49.439",
    "context_conn_country": "FR",
    "context_device_manufacturer": "HP",
    "context_device_model": "HP EliteBook 830 G5",
    "context_device_type": "desktop",
    "context_os_name": "windows",
    "context_os_version": "10.0.19045",
    "context_receiver_service_timestamp": 1729943042749,
    "context_time": 1729942903045,
    "message_cluster_is_playing": false,
    "message_cluster_started_playing_at_timestamp": null,
    "message_has_been_playing_for_millis": 6061262,
    "message_is_playing": false,
    "message_started_playing_at_timestamp": 1729936954337
  },
  {
    "message_cluster_active_device_id": null,
    "message_device_id": "70576d60b38ac3dd2afbdce2d982b78ee452830d",
    "timestamp_utc": "2024-10-26T12:03:41.010Z",
    "context_application_version": "1.2.49.439",
    "context_conn_country": "FR",
    "context_device_manufacturer": "HP",
    "context_device_model": "HP EliteBook 830 G5",
    "context_device_type": "desktop",
    "context_os_name": "windows",
    "context_os_version": "10.0.19045",
    "context_receiver_service_timestamp": 1729944362769,
    "context_time": 1729944221010,
    "message_cluster_is_playing": false,
    "message_cluster_started_playing_at_timestamp": null,
    "message_has_been_playing_for_millis": 7379227,
    "message_is_playing": false,
    "message_started_playing_at_timestamp": 1729936954337
  },
  {
    "message_cluster_active_device_id": null,
    "message_device_id": "70576d60b38ac3dd2afbdce2d982b78ee452830d",
    "timestamp_utc": "2024-10-26T11:41:42.632Z",
    "context_application_version": "1.2.49.439",
    "context_conn_country": "FR",
    "context_device_manufacturer": "HP",
    "context_device_model": "HP EliteBook 830 G5",
    "context_device_type": "desktop",
    "context_os_name": "windows",
    "context_os_version": "10.0.19045",
    "context_receiver_service_timestamp": 1729943042749,
    "context_time": 1729942902632,
    "message_cluster_is_playing": false,
    "message_cluster_started_playing_at_timestamp": null,
    "message_has_been_playing_for_millis": 6060850,
    "message_is_playing": false,
    "message_started_playing_at_timestamp": 1729936954337
  },
  {
    "message_cluster_active_device_id": null,
    "message_device_id": "70576d60b38ac3dd2afbdce2d982b78ee452830d",
    "timestamp_utc": "2024-10-11T21:28:59.011Z",
    "context_application_version": "1.2.48.405",
    "context_conn_country": "FR",
    "context_device_manufacturer": "HP",
    "context_device_model": "HP EliteBook 830 G5",
    "context_device_type": "desktop",
    "context_os_name": "windows",
    "context_os_version": "10.0.19045",
    "context_receiver_service_timestamp": 1728682260499,
    "context_time": 1728682139011,
    "message_cluster_is_playing": false,
    "message_cluster_started_playing_at_timestamp": null,
    "message_has_been_playing_for_millis": 5738672,
    "message_is_playing": false,
    "message_started_playing_at_timestamp": 1728676502662
  },
  {
    "message_cluster_active_device_id": null,
    "message_device_id": "70576d60b38ac3dd2afbdce2d982b78ee452830d",
    "timestamp_utc": "2024-09-29T23:14:01.295Z",
    "context_application_version": "1.2.47.364",
    "context_conn_country": "FR",
    "context_device_manufacturer": "HP",
    "context_device_model": "HP EliteBook 830 G5",
    "context_device_type": "desktop",
    "context_os_name": "windows",
    "context_os_version": "10.0.19045",
    "context_receiver_service_timestamp": 1727651758583,
    "context_time": 1727651641295,
    "message_cluster_is_playing": false,
    "message_cluster_started_playing_at_timestamp": null,
    "message_has_been_playing_for_millis": 17236650,
    "message_is_playing": false,
    "message_started_playing_at_timestamp": 1727634502821
  },
  {
    "message_cluster_active_device_id": "70576d60b38ac3dd2afbdce2d982b78ee452830d",
    "message_device_id": "fb85e687e93d376f9445b3b5ef5782cb4dc7ff0b",
    "timestamp_utc": "2024-10-24T14:47:27.357Z",
    "context_application_version": "8.9.84.543",
    "context_conn_country": "DE",
    "context_device_manufacturer": "apple",
    "context_device_model": "iPhone15,2",
    "context_device_type": "mobile",
    "context_os_name": "ios",
    "context_os_version": "18.0",
    "context_receiver_service_timestamp": 1729781271656,
    "context_time": 1729781247357,
    "message_cluster_is_playing": true,
    "message_cluster_started_playing_at_timestamp": 1729778890544,
    "message_has_been_playing_for_millis": 286,
    "message_is_playing": true,
    "message_started_playing_at_timestamp": 1729781246119
  },
  {
    "message_cluster_active_device_id": null,
    "message_device_id": "70576d60b38ac3dd2afbdce2d982b78ee452830d",
    "timestamp_utc": "2024-10-27T13:08:32.852Z",
    "context_application_version": "1.2.49.439",
    "context_conn_country": "FR",
    "context_device_manufacturer": "HP",
    "context_device_model": "HP EliteBook 830 G5",
    "context_device_type": "desktop",
    "context_os_name": "windows",
    "context_os_version": "10.0.19045",
    "context_receiver_service_timestamp": 1730034644852,
    "context_time": 1730034512852,
    "message_cluster_is_playing": false,
    "message_cluster_started_playing_at_timestamp": null,
    "message_has_been_playing_for_millis": 719727,
    "message_is_playing": false,
    "message_started_playing_at_timestamp": 1730033906357
  },
  {
    "message_cluster_active_device_id": null,
    "message_device_id": "70576d60b38ac3dd2afbdce2d982b78ee452830d",
    "timestamp_utc": "2024-10-26T11:41:34.862Z",
    "context_application_version": "1.2.49.439",
    "context_conn_country": "FR",
    "context_device_manufacturer": "HP",
    "context_device_model": "HP EliteBook 830 G5",
    "context_device_type": "desktop",
    "context_os_name": "windows",
    "context_os_version": "10.0.19045",
    "context_receiver_service_timestamp": 1729943012748,
    "context_time": 1729942894862,
    "message_cluster_is_playing": false,
    "message_cluster_started_playing_at_timestamp": null,
    "message_has_been_playing_for_millis": 6053079,
    "message_is_playing": false,
    "message_started_playing_at_timestamp": 1729936954337
  }
]