[
  {
    "message_source_device_id": "a702f7d32a813ce7ec127b51e600c854c006b878",
    "message_target_device_id": "74b54c57-103e-49bd-9fa8-d8f0ff089be7",
    "timestamp_utc": "2024-11-28T18:11:11.385Z",
    "context_time": 1732817471385,
    "message_command_correlation_id": "K3jMQcyQxZ4QPpspctmh5g==",
    "message_delivery_status_code": 1,
    "message_set_volume_value": 16777,
    "message_source_device_type": "COMPUTER",
    "message_source_device_version": "1.2.51.345.gcc39d911",
    "message_source_device_volume": 34600,
    "message_source_device_volume_steps": 64,
    "message_target_device_brand": "Amazon",
    "message_target_device_model": "Echo_Dot",
    "message_target_device_software_version": "esdk:3.203.235-g416668ac/track-playback",
    "message_target_device_type": "SPEAKER",
    "message_target_device_volume": 8519,
    "message_target_device_volume_steps": 16
  },
  {
    "message_source_device_id": "a702f7d32a813ce7ec127b51e600c854c006b878",
    "message_target_device_id": "a7d4648f-6357-47ae-88ef-3b52d59aea74",
    "timestamp_utc": "2024-10-30T22:08:22.777Z",
    "context_time": 1730326102777,
    "message_command_correlation_id": "foYojCrO2yQG3B6FOiloaw==",
    "message_delivery_status_code": 1,
    "message_set_volume_value": 15695,
    "message_source_device_type": "COMPUTER",
    "message_source_device_version": "1.2.49.439.gfae492c7",
    "message_source_device_volume": 25365,
    "message_source_device_volume_steps": 64,
    "message_target_device_brand": "Amazon",
    "message_target_device_model": "Echo_Dot",
    "message_target_device_software_version": "esdk:3.203.235-g416668ac/track-playback",
    "message_target_device_type": "SPEAKER",
    "message_target_device_volume": 18349,
    "message_target_device_volume_steps": 16
  },
  {
    "message_source_device_id": "a702f7d32a813ce7ec127b51e600c854c006b878",
    "message_target_device_id": "74b54c57-103e-49bd-9fa8-d8f0ff089be7",
    "timestamp_utc": "2024-11-26T20:15:24.937Z",
    "context_time": 1732652124937,
    "message_command_correlation_id": "T+LBdAS+fyzEW88sDXwySg==",
    "message_delivery_status_code": 1,
    "message_set_volume_value": 17575,
    "message_source_device_type": "COMPUTER",
    "message_source_device_version": "1.2.51.345.gcc39d911",
    "message_source_device_volume": 34600,
    "message_source_device_volume_steps": 64,
    "message_target_device_brand": "Amazon",
    "message_target_device_model": "Echo_Dot",
    "message_target_device_software_version": "esdk:3.203.235-g416668ac/track-playback",
    "message_target_device_type": "SPEAKER",
    "message_target_device_volume": 19660,
    "message_target_device_volume_steps": 16
  },
  {
    "message_source_device_id": "a702f7d32a813ce7ec127b51e600c854c006b878",
    "message_target_device_id": "74b54c57-103e-49bd-9fa8-d8f0ff089be7",
    "timestamp_utc": "2024-11-26T20:15:28.419Z",
    "context_time": 1732652128419,
    "message_command_correlation_id": "0oIw7fslFkAy4Z+ya8K0hQ==",
    "message_delivery_status_code": 1,
    "message_set_volume_value": 14872,
    "message_source_device_type": "COMPUTER",
    "message_source_device_version": "1.2.51.345.gcc39d911",
    "message_source_device_volume": 34600,
    "message_source_device_volume_steps": 64,
    "message_target_device_brand": "Amazon",
    "message_target_device_model": "Echo_Dot",
    "message_target_device_software_version": "esdk:3.203.235-g416668ac/track-playback",
    "message_target_device_type": "SPEAKER",
    "message_target_device_volume": 22281,
    "message_target_device_volume_steps": 16
  },
  {
    "message_source_device_id": "a702f7d32a813ce7ec127b51e600c854c006b878",
    "message_target_device_id": "a7d4648f-6357-47ae-88ef-3b52d59aea74",
    "timestamp_utc": "2024-10-30T21:09:27.568Z",
    "context_time": 1730322567568,
    "message_command_correlation_id": "NwvmkFeqi5vgPEwK3PgQbw==",
    "message_delivery_status_code": 1,
    "message_set_volume_value": 18528,
    "message_source_device_type": "UNKNOWN",
    "message_source_device_version": "",
    "message_source_device_volume": 0,
    "message_source_device_volume_steps": 0,
    "message_target_device_brand": "Amazon",
    "message_target_device_model": "Echo_Dot",
    "message_target_device_software_version": "esdk:3.203.235-g416668ac/track-playback",
    "message_target_device_type": "SPEAKER",
    "message_target_device_volume": 11140,
    "message_target_device_volume_steps": 16
  },
  {
    "message_source_device_id": "a702f7d32a813ce7ec127b51e600c854c006b878",
    "message_target_device_id": "a7d4648f-6357-47ae-88ef-3b52d59aea74",
    "timestamp_utc": "2024-10-30T22:08:22.764Z",
    "context_time": 1730326102764,
    "message_command_correlation_id": "sgkM8QqO7YV2K4ZLR7zfMw==",
    "message_delivery_status_code": 1,
    "message_set_volume_value": 15607,
    "message_source_device_type": "COMPUTER",
    "message_source_device_version": "1.2.49.439.gfae492c7",
    "message_source_device_volume": 25365,
    "message_source_device_volume_steps": 64,
    "message_target_device_brand": "Amazon",
    "message_target_device_model": "Echo_Dot",
    "message_target_device_software_version": "esdk:3.203.235-g416668ac/track-playback",
    "message_target_device_type": "SPEAKER",
    "message_target_device_volume": 18349,
    "message_target_device_volume_steps": 16
  },
  {
    "message_source_device_id": "a702f7d32a813ce7ec127b51e600c854c006b878",
    "message_target_device_id": "0c0db6f3-79e3-4fa6-8710-e64f7c335988",
    "timestamp_utc": "2024-11-15T22:42:28.695Z",
    "context_time": 1731710548695,
    "message_command_correlation_id": "+MWMQ+wyN28EGmuW7LW68Q==",
    "message_delivery_status_code": 1,
    "message_set_volume_value": 20600,
    "message_source_device_type": "COMPUTER",
    "message_source_device_version": "1.2.49.439.gfae492c7",
    "message_source_device_volume": 25365,
    "message_source_device_volume_steps": 64,
    "message_target_device_brand": "Amazon",
    "message_target_device_model": "Echo_Dot",
    "message_target_device_software_version": "esdk:3.203.235-g416668ac/track-playback",
    "message_target_device_type": "SPEAKER",
    "message_target_device_volume": 13107,
    "message_target_device_volume_steps": 16
  },
  {
    "message_source_device_id": "a702f7d32a813ce7ec127b51e600c854c006b878",
    "message_target_device_id": "a7d4648f-6357-47ae-88ef-3b52d59aea74",
    "timestamp_utc": "2024-10-30T21:09:16.257Z",
    "context_time": 1730322556257,
    "message_command_correlation_id": "v3EEvYYxTlPNXzVEJBAY/g==",
    "message_delivery_status_code": 1,
    "message_set_volume_value": 11384,
    "message_source_device_type": "UNKNOWN",
    "message_source_device_version": "",
    "message_source_device_volume": 0,
    "message_source_device_volume_steps": 0,
    "message_target_device_brand": "Amazon",
    "message_target_device_model": "Echo_Dot",
    "message_target_device_software_version": "esdk:3.203.235-g416668ac/track-playback",
    "message_target_device_type": "SPEAKER",
    "message_target_device_volume": 19660,
    "message_target_device_volume_steps": 16
  },
  {
    "message_source_device_id": "a702f7d32a813ce7ec127b51e600c854c006b878",
    "message_target_device_id": "74b54c57-103e-49bd-9fa8-d8f0ff089be7",
    "timestamp_utc": "2024-11-26T20:15:27.412Z",
    "context_time": 1732652127412,
    "message_command_correlation_id": "ldsBiUx+uL7Js9XHfpTxDA==",
    "message_delivery_status_code": 1,
    "message_set_volume_value": 22461,
    "message_source_device_type": "COMPUTER",
    "message_source_device_version": "1.2.51.345.gcc39d911",
    "message_source_device_volume": 34600,
    "message_source_device_volume_steps": 64,
    "message_target_device_brand": "Amazon",
    "message_target_device_model": "Echo_Dot",
    "message_target_device_software_version": "esdk:3.203.235-g416668ac/track-playback",
    "message_target_device_type": "SPEAKER",
    "message_target_device_volume": 11796,
    "message_target_device_volume_steps": 16
  },
  {
    "message_source_device_id": "a702f7d32a813ce7ec127b51e600c854c006b878",
    "message_target_device_id": "a7d4648f-6357-47ae-88ef-3b52d59aea74",
    "timestamp_utc": "2024-10-30T21:09:07.158Z",
    "context_time": 1730322547158,
    "message_command_correlation_id": "e83lAlbxaocJNyju/9NOng==",
    "message_delivery_status_code": 1,
    "message_set_volume_value": 16507,
    "message_source_device_type": "UNKNOWN",
    "message_source_device_version": "",
    "message_source_device_volume": 0,
    "message_source_device_volume_steps": 0,
    "message_target_device_brand": "Amazon",
    "message_target_device_model": "Echo_Dot",
    "message_target_device_software_version": "esdk:3.203.235-g416668ac/track-playback",
    "message_target_device_type": "SPEAKER",
    "message_target_device_volume": 13107,
    "message_target_device_volume_steps": 16
  },
  {
    "message_source_device_id": "a702f7d32a813ce7ec127b51e600c854c006b878",
    "message_target_device_id": "0c0db6f3-79e3-4fa6-8710-e64f7c335988",
    "timestamp_utc": "2024-11-17T18:16:31.527Z",
    "context_time": 1731867391527,
    "message_command_correlation_id": "xq1jcoD/Buo20N/VzYekUQ==",
    "message_delivery_status_code": 1,
    "message_set_volume_value": 9678,
    "message_source_device_type": "COMPUTER",
    "message_source_device_version": "1.2.50.335.g5e2860a8",
    "message_source_device_volume": 25365,
    "message_source_device_volume_steps": 64,
    "message_target_device_brand": "Amazon",
    "message_target_device_model": "Echo_Dot",
    "message_target_device_software_version": "esdk:3.203.235-g416668ac/track-playback",
    "message_target_device_type": "SPEAKER",
    "message_target_device_volume": 17039,
    "message_target_device_volume_steps": 16
  },
  {
    "message_source_device_id": "a702f7d32a813ce7ec127b51e600c854c006b878",
    "message_target_device_id": "0c0db6f3-79e3-4fa6-8710-e64f7c335988",
    "timestamp_utc": "2024-11-17T19:19:03.670Z",
    "context_time": 1731871143670,
    "message_command_correlation_id": "67x0/W8X+DQ4e6Yg/DMQrw==",
    "message_delivery_status_code": 1,
    "message_set_volume_value": 12150,
    "message_source_device_type": "COMPUTER",
    "message_source_device_version": "1.2.50.335.g5e2860a8",
    "message_source_device_volume": 25365,
    "message_source_device_volume_steps": 64,
    "message_target_device_brand": "Amazon",
    "message_target_device_model": "Echo_Dot",
    "message_target_device_software_version": "esdk:3.203.235-g416668ac/track-playback",
    "message_target_device_type": "SPEAKER",
    "message_target_device_volume": 16383,
    "message_target_device_volume_steps": 16
  },
  {
    "message_source_device_id": "a702f7d32a813ce7ec127b51e600c854c006b878",
    "message_target_device_id": "a7d4648f-6357-47ae-88ef-3b52d59aea74",
    "timestamp_utc": "2024-10-30T22:08:22.929Z",
    "context_time": 1730326102929,
    "message_command_correlation_id": "esuVg9oyi5aRoYKdm7VkfQ==",
    "message_delivery_status_code": 1,
    "message_set_volume_value": 13917,
    "message_source_device_type": "COMPUTER",
    "message_source_device_version": "1.2.49.439.gfae492c7",
    "message_source_device_volume": 25365,
    "message_source_device_volume_steps": 64,
    "message_target_device_brand": "Amazon",
    "message_target_device_model": "Echo_Dot",
    "message_target_device_software_version": "esdk:3.203.235-g416668ac/track-playback",
    "message_target_device_type": "SPEAKER",
    "message_target_device_volume": 15607,
    "message_target_device_volume_steps": 16
  },
  {
    "message_source_device_id": "a702f7d32a813ce7ec127b51e600c854c006b878",
    "message_target_device_id": "a7d4648f-6357-47ae-88ef-3b52d59aea74",
    "timestamp_utc": "2024-10-30T21:09:10.840Z",
    "context_time": 1730322550840,
    "message_command_correlation_id": "LpiQ9i3BDiI2KrRwBBoO1w==",
    "message_delivery_status_code": 1,
    "message_set_volume_value": 19736,
    "message_source_device_type": "UNKNOWN",
    "message_source_device_version": "",
    "message_source_device_volume": 0,
    "message_source_device_volume_steps": 0,
    "message_target_device_brand": "Amazon",
    "message_target_device_model": "Echo_Dot",
    "message_target_device_software_version": "esdk:3.203.235-g416668ac/track-playback",
    "message_target_device_type": "SPEAKER",
    "message_target_device_volume": 16383,
    "message_target_device_volume_steps": 16
  },
  {
    "message_source_device_id": "a702f7d32a813ce7ec127b51e600c854c006b878",
    "message_target_device_id": "0c0db6f3-79e3-4fa6-8710-e64f7c335988",
    "timestamp_utc": "2024-11-15T22:44:29.754Z",
    "context_time": 1731710669754,
    "message_command_correlation_id": "kNEPYlUinm+SEKSB1OUstQ==",
    "message_delivery_status_code": 1,
    "message_set_volume_value": 17184,
    "message_source_device_type": "COMPUTER",
    "message_source_device_version": "1.2.49.439.gfae492c7",
    "message_source_device_volume": 25365,
    "message_source_device_volume_steps": 64,
    "message_target_device_brand": "Amazon",
    "message_target_device_model": "Echo_Dot",
    "message_target_device_software_version": "esdk:3.203.235-g416668ac/track-playback",
    "message_target_device_type": "SPEAKER",
    "message_target_device_volume": 20315,
    "message_target_device_volume_steps": 16
  },
  {
    "message_source_device_id": "a702f7d32a813ce7ec127b51e600c854c006b878",
    "message_target_device_id": "a7d4648f-6357-47ae-88ef-3b52d59aea74",
    "timestamp_utc": "2024-10-30T22:08:23.255Z",
    "context_time": 1730326103255,
    "message_command_correlation_id": "U0qYqE+GX87HYujuwVpocA==",
    "message_delivery_status_code": 1,
    "message_set_volume_value": 13556,
    "message_source_device_type": "COMPUTER",
    "message_source_device_version": "1.2.49.439.gfae492c7",
    "message_source_device_volume": 25365,
    "message_source_device_volume_steps": 64,
    "message_target_device_brand": "Amazon",
    "message_target_device_model": "Echo_Dot",
    "message_target_device_software_version": "esdk:3.203.235-g416668ac/track-playback",
    "message_target_device_type": "SPEAKER",
    "message_target_device_volume": 15607,
    "message_target_device_volume_steps": 16
  },
  {
    "message_source_device_id": "a702f7d32a813ce7ec127b51e600c854c006b878",
    "message_target_device_id": "74b54c57-103e-49bd-9fa8-d8f0ff089be7",
    "timestamp_utc": "2024-11-26T20:15:26.630Z",
    "context_time": 1732652126630,
    "message_command_correlation_id": "B6+5rcte5Ylsqxupo3DmDQ==",
    "message_delivery_status_code": 1,
    "message_set_volume_value": 11698,
    "message_source_device_type": "COMPUTER",
    "message_source_device_version": "1.2.51.345.gcc39d911",
    "message_source_device_volume": 34600,
    "message_source_device_volume_steps": 64,
    "message_target_device_brand": "Amazon",
    "message_target_device_model": "Echo_Dot",
    "message_target_device_software_version": "esdk:3.203.235-g416668ac/track-playback",
    "message_target_device_type": "SPEAKER",
    "message_target_device_volume": 17694,
    "message_target_device_volume_steps": 16
  }
]