[
  {
    "timestamp_utc": "2024-11-24T22:47:06.934Z",
    "context_application_version": "8.9.94.418",
    "context_conn_country": "DE",
    "context_device_manufacturer": "apple",
    "context_device_model": "iPhone15,2",
    "context_device_type": "mobile",
    "context_os_name": "ios",
    "context_os_version": "18.0",
    "context_receiver_service_timestamp": 1732488432867,
    "context_time": 1732488426934,
    "message_app_id": "",
    "message_auth_id": "7EB838AE-89DD-4086-9947-82F21738F098",
    "message_client_id": "e9ab34d1eb27410fb103ec7a88e5aea0",
    "message_integration_initiated": true,
    "message_is_offline": false,
    "message_redirect_uri": "bumble://spotify/callback",
    "message_response_type": "code",
    "message_scopes": [
      "user-top-read"
    ]
  }
]