[
  {
    "timestamp_utc": "2024-11-28T23:58:06.956Z",
    "context_application_version": "8.9.94.418",
    "context_conn_country": "DE",
    "context_device_manufacturer": "apple",
    "context_device_model": "iPhone15,2",
    "context_device_type": "mobile",
    "context_os_name": "ios",
    "context_os_version": "18.0",
    "context_receiver_service_timestamp": 1732838316801,
    "context_time": 1732838286956,
    "message_context_url": "context://spotify:playlist:1dSwMAOQ9xjfQ5JkHFe6MW",
    "message_observer_duration": 516,
    "message_state_duration": 186
  },
  {
    "timestamp_utc": "2024-10-12T20:59:04.203Z",
    "context_application_version": "8.9.76.516",
    "context_conn_country": "DE",
    "context_device_manufacturer": "apple",
    "context_device_model": "iPhone15,2",
    "context_device_type": "mobile",
    "context_os_name": "ios",
    "context_os_version": "18.0",
    "context_receiver_service_timestamp": 1728766908041,
    "context_time": 1728766744203,
    "message_context_url": "context://spotify:album:66gwccrHzFnLCjH3TDQSrf",
    "message_observer_duration": 500,
    "message_state_duration": 208
  },
  {
    "timestamp_utc": "2024-11-30T15:44:58.008Z",
    "context_application_version": "8.9.94.418",
    "context_conn_country": "DE",
    "context_device_manufacturer": "apple",
    "context_device_model": "iPhone15,2",
    "context_device_type": "mobile",
    "context_os_name": "ios",
    "context_os_version": "18.0",
    "context_receiver_service_timestamp": 1732981520578,
    "context_time": 1732981498008,
    "message_context_url": "context://spotify:playlist:37i9dQZF1E8Maj7qYjDOCB",
    "message_observer_duration": 546,
    "message_state_duration": 219
  },
  {
    "timestamp_utc": "2024-11-29T15:38:36.355Z",
    "context_application_version": "8.9.94.418",
    "context_conn_country": "DE",
    "context_device_manufacturer": "apple",
    "context_device_model": "iPhone15,2",
    "context_device_type": "mobile",
    "context_os_name": "ios",
    "context_os_version": "18.0",
    "context_receiver_service_timestamp": 1732894718664,
    "context_time": 1732894716355,
    "message_context_url": "context://spotify:playlist:357fWKFTiDhpt9C69CMG4q",
    "message_observer_duration": 1087,
    "message_state_duration": 630
  },
  {
    "timestamp_utc": "2024-11-28T23:59:12.852Z",
    "context_application_version": "8.9.94.418",
    "context_conn_country": "DE",
    "context_device_manufacturer": "apple",
    "context_device_model": "iPhone15,2",
    "context_device_type": "mobile",
    "context_os_name": "ios",
    "context_os_version": "18.0",
    "context_receiver_service_timestamp": 1732838362487,
    "context_time": 1732838352852,
    "message_context_url": "context://spotify:playlist:0I3aEQyxrT9CJZStbEQ9fE",
    "message_observer_duration": 542,
    "message_state_duration": 221
  },
  {
    "timestamp_utc": "2024-11-30T11:31:41.807Z",
    "context_application_version": "8.9.94.418",
    "context_conn_country": "DE",
    "context_device_manufacturer": "apple",
    "context_device_model": "iPhone15,2",
    "context_device_type": "mobile",
    "context_os_name": "ios",
    "context_os_version": "18.0",
    "context_receiver_service_timestamp": 1732966306718,
    "context_time": 1732966301807,
    "message_context_url": "context://spotify:playlist:58CuILLZsboAT9R5aWS6R0",
    "message_observer_duration": 610,
    "message_state_duration": 276
  },
  {
    "timestamp_utc": "2024-10-30T22:07:48.670Z",
    "context_application_version": "1.2.49.439",
    "context_conn_country": "DE",
    "context_device_manufacturer": "Apple Inc.",
    "context_device_model": "MacBookPro17,1",
    "context_device_type": "desktop",
    "context_os_name": "osx",
    "context_os_version": "14.1.2",
    "context_receiver_service_timestamp": 1730325910995,
    "context_time": 1730326068670,
    "message_context_url": "context://spotify:playlist:37i9dQZF1EVHGWrwldPRtj",
    "message_observer_duration": 545,
    "message_state_duration": 230
  },
  {
    "timestamp_utc": "2024-11-30T11:52:29.553Z",
    "context_application_version": "8.9.94.418",
    "context_conn_country": "DE",
    "context_device_manufacturer": "apple",
    "context_device_model": "iPhone15,2",
    "context_device_type": "mobile",
    "context_os_name": "ios",
    "context_os_version": "18.0",
    "context_receiver_service_timestamp": 1732967563337,
    "context_time": 1732967549553,
    "message_context_url": "context://spotify:playlist:37i9dQZF1E8Cd5ncRcuhZA",
    "message_observer_duration": 578,
    "message_state_duration": 234
  },
  {
    "timestamp_utc": "2024-10-12T21:08:32.469Z",
    "context_application_version": "8.9.76.516",
    "context_conn_country": "DE",
    "context_device_manufacturer": "apple",
    "context_device_model": "iPhone15,2",
    "context_device_type": "mobile",
    "context_os_name": "ios",
    "context_os_version": "18.0",
    "context_receiver_service_timestamp": 1728767371899,
    "context_time": 1728767312469,
    "message_context_url": "context://spotify:album:07sqZJy5rXeLNLz9JcSYW5",
    "message_observer_duration": 817,
    "message_state_duration": 496
  },
  {
    "timestamp_utc": "2024-11-30T11:46:40.624Z",
    "context_application_version": "8.9.94.418",
    "context_conn_country": "DE",
    "context_device_manufacturer": "apple",
    "context_device_model": "iPhone15,2",
    "context_device_type": "mobile",
    "context_os_name": "ios",
    "context_os_version": "18.0",
    "context_receiver_service_timestamp": 1732967214441,
    "context_time": 1732967200624,
    "message_context_url": "context://spotify:playlist:0MXTzGjSrA99SyTWNpnU6l",
    "message_observer_duration": 608,
    "message_state_duration": 245
  },
  {
    "timestamp_utc": "2024-11-30T11:52:42.249Z",
    "context_application_version": "8.9.94.418",
    "context_conn_country": "DE",
    "context_device_manufacturer": "apple",
    "context_device_model": "iPhone15,2",
    "context_device_type": "mobile",
    "context_os_name": "ios",
    "context_os_version": "18.0",
    "context_receiver_service_timestamp": 1732967563337,
    "context_time": 1732967562249,
    "message_context_url": "context://spotify:playlist:37i9dQZF1E8Cd5ncRcuhZA",
    "message_observer_duration": 556,
    "message_state_duration": 241
  },
  {
    "timestamp_utc": "2024-10-12T20:38:24.995Z",
    "context_application_version": "8.9.76.516",
    "context_conn_country": "DE",
    "context_device_manufacturer": "apple",
    "context_device_model": "iPhone15,2",
    "context_device_type": "mobile",
    "context_os_name": "ios",
    "context_os_version": "18.0",
    "context_receiver_service_timestamp": 1728765517290,
    "context_time": 1728765504995,
    "message_context_url": "context://spotify:album:66gwccrHzFnLCjH3TDQSrf",
    "message_observer_duration": 545,
    "message_state_duration": 262
  },
  {
    "timestamp_utc": "2024-11-29T00:01:05.864Z",
    "context_application_version": "8.9.94.418",
    "context_conn_country": "DE",
    "context_device_manufacturer": "apple",
    "context_device_model": "iPhone15,2",
    "context_device_type": "mobile",
    "context_os_name": "ios",
    "context_os_version": "18.0",
    "context_receiver_service_timestamp": 1732838490590,
    "context_time": 1732838465864,
    "message_context_url": "context://spotify:playlist:6sPkDFYJLQ1eNNjURZbAoZ",
    "message_observer_duration": 564,
    "message_state_duration": 232
  },
  {
    "timestamp_utc": "2024-11-13T15:48:12.512Z",
    "context_application_version": "8.9.90.84",
    "context_conn_country": "DE",
    "context_device_manufacturer": "apple",
    "context_device_model": "iPhone15,2",
    "context_device_type": "mobile",
    "context_os_name": "ios",
    "context_os_version": "18.0",
    "context_receiver_service_timestamp": 1731512901356,
    "context_time": 1731512892512,
    "message_context_url": "context://spotify:playlist:37i9dQZF1E8PstvR5Pk7eZ",
    "message_observer_duration": 616,
    "message_state_duration": 288
  }
]