[
  {
    "message_cta_url": "spotify:concert:5Sbnm9ap7oVx0NYvsYAeC4",
    "timestamp_utc": "2024-06-27T07:28:36.252Z",
    "context_application_version": "8.9.50.491",
    "context_conn_country": "DE",
    "context_device_manufacturer": "apple",
    "context_device_model": "iPhone15,2",
    "context_device_type": "mobile",
    "context_os_name": "ios",
    "context_os_version": "17.5.1",
    "context_receiver_service_timestamp": 1719473321203,
    "context_time": 1719473316252,
    "message_button_identifier": "clickActionContainer-1",
    "message_cmp_message_type": null,
    "message_cta_identifier": "URL",
    "message_interaction_type": "message_clickActionContainer-1_tapped",
    "message_local_message_identifier": null,
    "message_locale": "en",
    "message_message_creative_campaign_id": 78366,
    "message_message_creative_id": 17690049,
    "message_message_creative_template_id": 59728,
    "message_message_creative_version": "banners/V2",
    "message_message_format": "BANNER",
    "message_message_id": 132696,
    "message_message_uuid": "7cde2cff-c10d-4f50-a608-685f8d9408cc",
    "message_opportunity_id": "7cde2cff-c10d-4f50-a608-685f8d9408cc",
    "message_trigger": "spotify:playlist:37i9dQZF1E8SqCENuEDs7Q"
  },
  {
    "message_cta_url": "",
    "timestamp_utc": "2024-08-14T06:40:59.004Z",
    "context_application_version": "8.9.64.456",
    "context_conn_country": "FR",
    "context_device_manufacturer": "apple",
    "context_device_model": "iPhone12,1",
    "context_device_type": "mobile",
    "context_os_name": "ios",
    "context_os_version": "17.5.1",
    "context_receiver_service_timestamp": 1723617682688,
    "context_time": 1723617659004,
    "message_button_identifier": "Button_Action",
    "message_cmp_message_type": null,
    "message_cta_identifier": "OPEN_ADS_TRACKING_PERMISSIONS_DIALOG",
    "message_interaction_type": "message_Button_Action_tapped",
    "message_local_message_identifier": null,
    "message_locale": "en",
    "message_message_creative_campaign_id": 62918,
    "message_message_creative_id": 11195716,
    "message_message_creative_template_id": 71929,
    "message_message_creative_version": "cards/V2",
    "message_message_format": "FULLSCREEN",
    "message_message_id": 70521,
    "message_message_uuid": "a86a1319-9928-4caf-9b87-d7aa7b55db33",
    "message_opportunity_id": "a86a1319-9928-4caf-9b87-d7aa7b55db33",
    "message_trigger": "adsidentitytracking:app-tracking-transparency:v1"
  },
  {
    "message_cta_url": "https://www.spotify.com/legal/privacy-policy/plain/",
    "timestamp_utc": "2024-08-14T06:40:56.649Z",
    "context_application_version": "8.9.64.456",
    "context_conn_country": "FR",
    "context_device_manufacturer": "apple",
    "context_device_model": "iPhone12,1",
    "context_device_type": "mobile",
    "context_os_name": "ios",
    "context_os_version": "17.5.1",
    "context_receiver_service_timestamp": 1723617682688,
    "context_time": 1723617656649,
    "message_button_identifier": "Legal_Link",
    "message_cmp_message_type": null,
    "message_cta_identifier": "EXTERNAL_URL",
    "message_interaction_type": "message_Legal_Link_tapped",
    "message_local_message_identifier": null,
    "message_locale": "en",
    "message_message_creative_campaign_id": 62918,
    "message_message_creative_id": 11195716,
    "message_message_creative_template_id": 71929,
    "message_message_creative_version": "cards/V2",
    "message_message_format": "FULLSCREEN",
    "message_message_id": 70521,
    "message_message_uuid": "a86a1319-9928-4caf-9b87-d7aa7b55db33",
    "message_opportunity_id": "a86a1319-9928-4caf-9b87-d7aa7b55db33",
    "message_trigger": "adsidentitytracking:app-tracking-transparency:v1"
  },
  {
    "message_cta_url": "",
    "timestamp_utc": "2024-08-14T11:24:39.312Z",
    "context_application_version": "8.9.64.456",
    "context_conn_country": "FR",
    "context_device_manufacturer": "apple",
    "context_device_model": "iPhone12,1",
    "context_device_type": "mobile",
    "context_os_name": "ios",
    "context_os_version": "17.5.1",
    "context_receiver_service_timestamp": 1723634704056,
    "context_time": 1723634679312,
    "message_button_identifier": "Button_Action",
    "message_cmp_message_type": null,
    "message_cta_identifier": "OPEN_ADS_TRACKING_PERMISSIONS_DIALOG",
    "message_interaction_type": "message_Button_Action_tapped",
    "message_local_message_identifier": null,
    "message_locale": "en",
    "message_message_creative_campaign_id": 62918,
    "message_message_creative_id": 11195716,
    "message_message_creative_template_id": 71929,
    "message_message_creative_version": "cards/V2",
    "message_message_format": "FULLSCREEN",
    "message_message_id": 70521,
    "message_message_uuid": "73187e4f-512b-46c0-9375-7e3cdc1d1a3a",
    "message_opportunity_id": "73187e4f-512b-46c0-9375-7e3cdc1d1a3a",
    "message_trigger": "adsidentitytracking:app-tracking-transparency:v1"
  },
  {
    "message_cta_url": "",
    "timestamp_utc": "2024-07-06T17:12:16.342Z",
    "context_application_version": "8.9.50.491",
    "context_conn_country": "FR",
    "context_device_manufacturer": "apple",
    "context_device_model": "iPhone14,5",
    "context_device_type": "mobile",
    "context_os_name": "ios",
    "context_os_version": "17.4.1",
    "context_receiver_service_timestamp": 1720285945065,
    "context_time": 1720285936342,
    "message_button_identifier": "Button_Action",
    "message_cmp_message_type": null,
    "message_cta_identifier": "OPEN_ADS_TRACKING_PERMISSIONS_DIALOG",
    "message_interaction_type": "message_Button_Action_tapped",
    "message_local_message_identifier": null,
    "message_locale": "en",
    "message_message_creative_campaign_id": 62918,
    "message_message_creative_id": 11195716,
    "message_message_creative_template_id": 71929,
    "message_message_creative_version": "cards/V2",
    "message_message_format": "FULLSCREEN",
    "message_message_id": 70521,
    "message_message_uuid": "3086070c-1119-478c-8942-8d166e0d3382",
    "message_opportunity_id": "3086070c-1119-478c-8942-8d166e0d3382",
    "message_trigger": "adsidentitytracking:app-tracking-transparency:v1"
  }
]