[
  {
    "message_device_id": "c46f09f3e68605dce11c1c121a01d66d6fd35092",
    "message_discovered_device_id": "2cbb59d1be31055dc059ee93dbdc89bf",
    "timestamp_utc": "2024-11-04T18:26:00.496Z",
    "context_application_version": "8.9.86.551",
    "context_conn_country": "DE",
    "context_device_manufacturer": "samsung",
    "context_device_model": "SM-A725F",
    "context_device_type": "mobile",
    "context_os_name": "android",
    "context_os_version": "14",
    "context_receiver_service_timestamp": 1733220183008,
    "context_time": 1730744760496,
    "message_capabilities_resolved": false,
    "message_discover_method": "cast",
    "message_discovered_brand_display_name": "google",
    "message_discovered_device_availablilty": "not_logged_in",
    "message_discovered_device_public_key": null,
    "message_discovered_device_type": "cast_video",
    "message_discovered_library_version": "",
    "message_discovered_model_display_name": "2K AI Smart TV"
  },
  {
    "message_device_id": "c46f09f3e68605dce11c1c121a01d66d6fd35092",
    "message_discovered_device_id": "2cbb59d1be31055dc059ee93dbdc89bf",
    "timestamp_utc": "2024-11-12T18:02:05.278Z",
    "context_application_version": "8.9.90.127",
    "context_conn_country": "DE",
    "context_device_manufacturer": "samsung",
    "context_device_model": "SM-A725F",
    "context_device_type": "mobile",
    "context_os_name": "android",
    "context_os_version": "14",
    "context_receiver_service_timestamp": 1733220210246,
    "context_time": 1731434525278,
    "message_capabilities_resolved": false,
    "message_discover_method": "cast",
    "message_discovered_brand_display_name": "google",
    "message_discovered_device_availablilty": "not_logged_in",
    "message_discovered_device_public_key": null,
    "message_discovered_device_type": "cast_video",
    "message_discovered_library_version": "",
    "message_discovered_model_display_name": "2K AI Smart TV"
  },
  {
    "message_device_id": "a702f7d32a813ce7ec127b51e600c854c006b878",
    "message_discovered_device_id": "4D454930-0200-1000-8001-D8AFF194DA7F",
    "timestamp_utc": "2024-12-01T18:11:49.480Z",
    "context_application_version": "1.2.51.345",
    "context_conn_country": "DE",
    "context_device_manufacturer": "Apple Inc.",
    "context_device_model": "MacBookPro17,1",
    "context_device_type": "desktop",
    "context_os_name": "osx",
    "context_os_version": "14.1.2",
    "context_receiver_service_timestamp": 1733076531230,
    "context_time": 1733076709480,
    "message_capabilities_resolved": false,
    "message_discover_method": "dial",
    "message_discovered_brand_display_name": "Panasonic",
    "message_discovered_device_availablilty": "not_installed",
    "message_discovered_device_public_key": null,
    "message_discovered_device_type": "tv",
    "message_discovered_library_version": "",
    "message_discovered_model_display_name": "Panasonic VIErA"
  }
]