[
  {
    "message_discovered_device_id": "74b54c57-103e-49bd-9fa8-d8f0ff089be7_amzn_1",
    "message_discovered_device_name": "Nassimas Echo Dot",
    "timestamp_utc": "2024-12-03T09:40:30.373Z",
    "context_application_version": "1.2.51.345",
    "context_conn_country": "FR",
    "context_device_manufacturer": "HP",
    "context_device_model": "HP EliteBook 830 G5",
    "context_device_type": "desktop",
    "context_os_name": "windows",
    "context_os_version": "10.0.19045",
    "context_receiver_service_timestamp": 1733218836002,
    "context_time": 1733218830373,
    "context_user_agent": null,
    "message_discovered_device_brand_display_name": "Amazon",
    "message_discovered_device_is_active": false,
    "message_discovered_device_is_local": false,
    "message_discovered_device_model": "Echo_Dot",
    "message_discovered_device_state": "timed_out_wakeup",
    "message_discovered_device_type": "speaker"
  },
  {
    "message_discovered_device_id": "5852495f-710c-46bd-85f0-333c956be18a_amzn_1",
    "message_discovered_device_name": "Nassimas Echo Dot",
    "timestamp_utc": "2024-10-22T11:49:10.523Z",
    "context_application_version": "8.9.82.628",
    "context_conn_country": "FR",
    "context_device_manufacturer": "apple",
    "context_device_model": "iPhone14,5",
    "context_device_type": "mobile",
    "context_os_name": "ios",
    "context_os_version": "17.6.1",
    "context_receiver_service_timestamp": 1729598750354,
    "context_time": 1729597750523,
    "context_user_agent": null,
    "message_discovered_device_brand_display_name": "Amazon",
    "message_discovered_device_is_active": false,
    "message_discovered_device_is_local": false,
    "message_discovered_device_model": "Echo_Dot",
    "message_discovered_device_state": "waking_up",
    "message_discovered_device_type": "speaker"
  },
  {
    "message_discovered_device_id": "a702f7d32a813ce7ec127b51e600c854c006b878",
    "message_discovered_device_name": "Nassima’s MacBook Pro",
    "timestamp_utc": "2024-12-03T09:40:30.373Z",
    "context_application_version": "1.2.51.345",
    "context_conn_country": "FR",
    "context_device_manufacturer": "HP",
    "context_device_model": "HP EliteBook 830 G5",
    "context_device_type": "desktop",
    "context_os_name": "windows",
    "context_os_version": "10.0.19045",
    "context_receiver_service_timestamp": 1733218836002,
    "context_time": 1733218830373,
    "context_user_agent": null,
    "message_discovered_device_brand_display_name": "spotify",
    "message_discovered_device_is_active": false,
    "message_discovered_device_is_local": false,
    "message_discovered_device_model": "MacBookPro17,1",
    "message_discovered_device_state": "logged_in",
    "message_discovered_device_type": "computer"
  },
  {
    "message_discovered_device_id": "74b54c57-103e-49bd-9fa8-d8f0ff089be7_amzn_1",
    "message_discovered_device_name": "Nassimas Echo Dot",
    "timestamp_utc": "2024-11-26T20:18:48.118Z",
    "context_application_version": "1.2.51.345",
    "context_conn_country": "DE",
    "context_device_manufacturer": "Apple Inc.",
    "context_device_model": "MacBookPro17,1",
    "context_device_type": "desktop",
    "context_os_name": "osx",
    "context_os_version": "14.1.2",
    "context_receiver_service_timestamp": 1732652137116,
    "context_time": 1732652328118,
    "context_user_agent": null,
    "message_discovered_device_brand_display_name": "Amazon",
    "message_discovered_device_is_active": true,
    "message_discovered_device_is_local": false,
    "message_discovered_device_model": "Echo_Dot",
    "message_discovered_device_state": "logged_in",
    "message_discovered_device_type": "speaker"
  },
  {
    "message_discovered_device_id": "b4c46545c4c854927e7259b1dd0c9f5d34456a13",
    "message_discovered_device_name": "iPhone",
    "timestamp_utc": "2024-11-29T11:30:10.344Z",
    "context_application_version": "8.9.94.418",
    "context_conn_country": "DE",
    "context_device_manufacturer": "apple",
    "context_device_model": "iPhone15,2",
    "context_device_type": "mobile",
    "context_os_name": "ios",
    "context_os_version": "18.0",
    "context_receiver_service_timestamp": 1732879810458,
    "context_time": 1732879810344,
    "context_user_agent": null,
    "message_discovered_device_brand_display_name": "Apple",
    "message_discovered_device_is_active": true,
    "message_discovered_device_is_local": true,
    "message_discovered_device_model": "iPhone",
    "message_discovered_device_state": "logged_in",
    "message_discovered_device_type": "smartphone"
  },
  {
    "message_discovered_device_id": "7346b752db7b1f0c3d45e4834b6bfce1390953a9",
    "message_discovered_device_name": "iPhone",
    "timestamp_utc": "2024-09-24T18:40:24.570Z",
    "context_application_version": "8.9.74.535",
    "context_conn_country": "FR",
    "context_device_manufacturer": "apple",
    "context_device_model": "iPhone14,5",
    "context_device_type": "mobile",
    "context_os_name": "ios",
    "context_os_version": "17.6.1",
    "context_receiver_service_timestamp": 1727203231130,
    "context_time": 1727203224570,
    "context_user_agent": null,
    "message_discovered_device_brand_display_name": "Apple",
    "message_discovered_device_is_active": false,
    "message_discovered_device_is_local": true,
    "message_discovered_device_model": "iPhone",
    "message_discovered_device_state": "logged_in",
    "message_discovered_device_type": "smartphone"
  },
  {
    "message_discovered_device_id": "70576d60b38ac3dd2afbdce2d982b78ee452830d",
    "message_discovered_device_name": "DESKTOP-PV6HUBK",
    "timestamp_utc": "2024-09-24T18:40:44.434Z",
    "context_application_version": "8.9.74.535",
    "context_conn_country": "FR",
    "context_device_manufacturer": "apple",
    "context_device_model": "iPhone14,5",
    "context_device_type": "mobile",
    "context_os_name": "ios",
    "context_os_version": "17.6.1",
    "context_receiver_service_timestamp": 1727203261129,
    "context_time": 1727203244434,
    "context_user_agent": null,
    "message_discovered_device_brand_display_name": "spotify",
    "message_discovered_device_is_active": false,
    "message_discovered_device_is_local": true,
    "message_discovered_device_model": "PC laptop",
    "message_discovered_device_state": "logged_in",
    "message_discovered_device_type": "computer"
  },
  {
    "message_discovered_device_id": "0d549e5159c85a1ad46d8463f0c6c971b7293180",
    "message_discovered_device_name": "iPhone",
    "timestamp_utc": "2024-10-22T11:49:10.522Z",
    "context_application_version": "8.9.82.628",
    "context_conn_country": "FR",
    "context_device_manufacturer": "apple",
    "context_device_model": "iPhone14,5",
    "context_device_type": "mobile",
    "context_os_name": "ios",
    "context_os_version": "17.6.1",
    "context_receiver_service_timestamp": 1729598750354,
    "context_time": 1729597750522,
    "context_user_agent": null,
    "message_discovered_device_brand_display_name": "Apple",
    "message_discovered_device_is_active": false,
    "message_discovered_device_is_local": true,
    "message_discovered_device_model": "iPhone",
    "message_discovered_device_state": "logged_in",
    "message_discovered_device_type": "smartphone"
  },
  {
    "message_discovered_device_id": "74b54c57-103e-49bd-9fa8-d8f0ff089be7_amzn_1",
    "message_discovered_device_name": "Nassimas Echo Dot",
    "timestamp_utc": "2024-11-29T11:30:10.344Z",
    "context_application_version": "8.9.94.418",
    "context_conn_country": "DE",
    "context_device_manufacturer": "apple",
    "context_device_model": "iPhone15,2",
    "context_device_type": "mobile",
    "context_os_name": "ios",
    "context_os_version": "18.0",
    "context_receiver_service_timestamp": 1732879810458,
    "context_time": 1732879810344,
    "context_user_agent": null,
    "message_discovered_device_brand_display_name": "Amazon",
    "message_discovered_device_is_active": false,
    "message_discovered_device_is_local": false,
    "message_discovered_device_model": "Echo_Dot",
    "message_discovered_device_state": "logged_in",
    "message_discovered_device_type": "speaker"
  },
  {
    "message_discovered_device_id": "0d549e5159c85a1ad46d8463f0c6c971b7293180",
    "message_discovered_device_name": "iPhone",
    "timestamp_utc": "2024-10-22T11:49:10.523Z",
    "context_application_version": "8.9.82.628",
    "context_conn_country": "FR",
    "context_device_manufacturer": "apple",
    "context_device_model": "iPhone14,5",
    "context_device_type": "mobile",
    "context_os_name": "ios",
    "context_os_version": "17.6.1",
    "context_receiver_service_timestamp": 1729598750354,
    "context_time": 1729597750523,
    "context_user_agent": null,
    "message_discovered_device_brand_display_name": "Apple",
    "message_discovered_device_is_active": false,
    "message_discovered_device_is_local": true,
    "message_discovered_device_model": "iPhone",
    "message_discovered_device_state": "logged_in",
    "message_discovered_device_type": "smartphone"
  },
  {
    "message_discovered_device_id": "a702f7d32a813ce7ec127b51e600c854c006b878",
    "message_discovered_device_name": "Nassima’s MacBook Pro",
    "timestamp_utc": "2024-11-26T20:18:48.117Z",
    "context_application_version": "1.2.51.345",
    "context_conn_country": "DE",
    "context_device_manufacturer": "Apple Inc.",
    "context_device_model": "MacBookPro17,1",
    "context_device_type": "desktop",
    "context_os_name": "osx",
    "context_os_version": "14.1.2",
    "context_receiver_service_timestamp": 1732652137116,
    "context_time": 1732652328117,
    "context_user_agent": null,
    "message_discovered_device_brand_display_name": "spotify",
    "message_discovered_device_is_active": false,
    "message_discovered_device_is_local": true,
    "message_discovered_device_model": "MacBookPro17,1",
    "message_discovered_device_state": "logged_in",
    "message_discovered_device_type": "computer"
  },
  {
    "message_discovered_device_id": "7346b752db7b1f0c3d45e4834b6bfce1390953a9",
    "message_discovered_device_name": "iPhone",
    "timestamp_utc": "2024-09-24T18:40:44.434Z",
    "context_application_version": "8.9.74.535",
    "context_conn_country": "FR",
    "context_device_manufacturer": "apple",
    "context_device_model": "iPhone14,5",
    "context_device_type": "mobile",
    "context_os_name": "ios",
    "context_os_version": "17.6.1",
    "context_receiver_service_timestamp": 1727203261129,
    "context_time": 1727203244434,
    "context_user_agent": null,
    "message_discovered_device_brand_display_name": "Apple",
    "message_discovered_device_is_active": true,
    "message_discovered_device_is_local": true,
    "message_discovered_device_model": "iPhone",
    "message_discovered_device_state": "logged_in",
    "message_discovered_device_type": "smartphone"
  },
  {
    "message_discovered_device_id": "b4c46545c4c854927e7259b1dd0c9f5d34456a13",
    "message_discovered_device_name": "iPhone",
    "timestamp_utc": "2024-11-29T11:30:10.344Z",
    "context_application_version": "8.9.94.418",
    "context_conn_country": "DE",
    "context_device_manufacturer": "apple",
    "context_device_model": "iPhone15,2",
    "context_device_type": "mobile",
    "context_os_name": "ios",
    "context_os_version": "18.0",
    "context_receiver_service_timestamp": 1732879810458,
    "context_time": 1732879810344,
    "context_user_agent": null,
    "message_discovered_device_brand_display_name": "Apple",
    "message_discovered_device_is_active": true,
    "message_discovered_device_is_local": true,
    "message_discovered_device_model": "iPhone",
    "message_discovered_device_state": "logged_in",
    "message_discovered_device_type": "smartphone"
  },
  {
    "message_discovered_device_id": "70576d60b38ac3dd2afbdce2d982b78ee452830d",
    "message_discovered_device_name": "DESKTOP-PV6HUBK",
    "timestamp_utc": "2024-09-24T18:40:24.570Z",
    "context_application_version": "8.9.74.535",
    "context_conn_country": "FR",
    "context_device_manufacturer": "apple",
    "context_device_model": "iPhone14,5",
    "context_device_type": "mobile",
    "context_os_name": "ios",
    "context_os_version": "17.6.1",
    "context_receiver_service_timestamp": 1727203231130,
    "context_time": 1727203224570,
    "context_user_agent": null,
    "message_discovered_device_brand_display_name": "spotify",
    "message_discovered_device_is_active": true,
    "message_discovered_device_is_local": true,
    "message_discovered_device_model": "PC laptop",
    "message_discovered_device_state": "logged_in",
    "message_discovered_device_type": "computer"
  },
  {
    "message_discovered_device_id": "33d230a50cbedd61bb4b76ecc476e5c735852773",
    "message_discovered_device_name": "iPhone",
    "timestamp_utc": "2024-10-22T11:49:10.523Z",
    "context_application_version": "8.9.82.628",
    "context_conn_country": "FR",
    "context_device_manufacturer": "apple",
    "context_device_model": "iPhone14,5",
    "context_device_type": "mobile",
    "context_os_name": "ios",
    "context_os_version": "17.6.1",
    "context_receiver_service_timestamp": 1729598750354,
    "context_time": 1729597750523,
    "context_user_agent": null,
    "message_discovered_device_brand_display_name": "Apple",
    "message_discovered_device_is_active": true,
    "message_discovered_device_is_local": false,
    "message_discovered_device_model": "iPhone",
    "message_discovered_device_state": "logged_in",
    "message_discovered_device_type": "smartphone"
  },
  {
    "message_discovered_device_id": "c46f09f3e68605dce11c1c121a01d66d6fd35092",
    "message_discovered_device_name": "A72 de Safa",
    "timestamp_utc": "2024-09-12T15:07:25.051Z",
    "context_application_version": "8.9.70.556",
    "context_conn_country": "DE",
    "context_device_manufacturer": "samsung",
    "context_device_model": "SM-A725F",
    "context_device_type": "mobile",
    "context_os_name": "android",
    "context_os_version": "14",
    "context_receiver_service_timestamp": 1727959034471,
    "context_time": 1726153645051,
    "context_user_agent": null,
    "message_discovered_device_brand_display_name": "samsung",
    "message_discovered_device_is_active": true,
    "message_discovered_device_is_local": true,
    "message_discovered_device_model": "SM-A725F",
    "message_discovered_device_state": "LOGGED_IN",
    "message_discovered_device_type": "SMARTPHONE"
  },
  {
    "message_discovered_device_id": "70576d60b38ac3dd2afbdce2d982b78ee452830d",
    "message_discovered_device_name": "DESKTOP-PV6HUBK",
    "timestamp_utc": "2024-12-03T09:40:30.372Z",
    "context_application_version": "1.2.51.345",
    "context_conn_country": "FR",
    "context_device_manufacturer": "HP",
    "context_device_model": "HP EliteBook 830 G5",
    "context_device_type": "desktop",
    "context_os_name": "windows",
    "context_os_version": "10.0.19045",
    "context_receiver_service_timestamp": 1733218836002,
    "context_time": 1733218830372,
    "context_user_agent": null,
    "message_discovered_device_brand_display_name": "spotify",
    "message_discovered_device_is_active": true,
    "message_discovered_device_is_local": true,
    "message_discovered_device_model": "PC laptop",
    "message_discovered_device_state": "logged_in",
    "message_discovered_device_type": "computer"
  }
]