[
  {
    "message_context_uri": "spotify:playlist:37i9dQZF1EQp62d3Dl7ECY",
    "timestamp_utc": "2024-10-08T15:58:20.227Z",
    "context_application_version": "8.9.76.516",
    "context_conn_country": "FR",
    "context_device_manufacturer": "apple",
    "context_device_model": "iPhone14,5",
    "context_device_type": "mobile",
    "context_os_name": "ios",
    "context_os_version": "17.6.1",
    "context_receiver_service_timestamp": 1728403111808,
    "context_time": 1728403100227,
    "message_autoplay_tracks_count": 50,
    "message_endpoint": "hm://context-resolve/v1/autoplay",
    "message_request_latency": 1176,
    "message_response_status": 200
  },
  {
    "message_context_uri": "spotify:playlist:0Z6cGgEjtDq0ehhb2AZjGb",
    "timestamp_utc": "2024-09-08T17:55:27.252Z",
    "context_application_version": "1.2.43.420",
    "context_conn_country": "FR",
    "context_device_manufacturer": "HP",
    "context_device_model": "HP EliteBook 830 G5",
    "context_device_type": "desktop",
    "context_os_name": "windows",
    "context_os_version": "10.0.19045",
    "context_receiver_service_timestamp": 1725818220831,
    "context_time": 1725818127252,
    "message_autoplay_tracks_count": 50,
    "message_endpoint": "hm://context-resolve/v1/autoplay",
    "message_request_latency": 575,
    "message_response_status": 200
  },
  {
    "message_context_uri": "spotify:search:balance+ton+quoi",
    "timestamp_utc": "2024-09-09T12:44:24.833Z",
    "context_application_version": "8.9.70.592",
    "context_conn_country": "DE",
    "context_device_manufacturer": "apple",
    "context_device_model": "iPhone15,2",
    "context_device_type": "mobile",
    "context_os_name": "ios",
    "context_os_version": "17.5.1",
    "context_receiver_service_timestamp": 1725885876973,
    "context_time": 1725885864833,
    "message_autoplay_tracks_count": 50,
    "message_endpoint": "hm://context-resolve/v1/autoplay",
    "message_request_latency": 319,
    "message_response_status": 200
  },
  {
    "message_context_uri": "spotify:playlist:37i9dQZF1DWZUozJiHy44Y",
    "timestamp_utc": "2024-11-26T12:24:12.225Z",
    "context_application_version": "1.2.50.335",
    "context_conn_country": "FR",
    "context_device_manufacturer": "HP",
    "context_device_model": "HP EliteBook 830 G5",
    "context_device_type": "desktop",
    "context_os_name": "windows",
    "context_os_version": "10.0.19045",
    "context_receiver_service_timestamp": 1733218780663,
    "context_time": 1732623852225,
    "message_autoplay_tracks_count": 0,
    "message_endpoint": "hm://context-resolve/v1/autoplay",
    "message_request_latency": 56,
    "message_response_status": 500
  },
  {
    "message_context_uri": "spotify:search:do+ri+mi",
    "timestamp_utc": "2024-12-03T21:50:36.977Z",
    "context_application_version": "8.9.94.418",
    "context_conn_country": "DE",
    "context_device_manufacturer": "apple",
    "context_device_model": "iPhone15,2",
    "context_device_type": "mobile",
    "context_os_name": "ios",
    "context_os_version": "18.0",
    "context_receiver_service_timestamp": 1733262641960,
    "context_time": 1733262636977,
    "message_autoplay_tracks_count": 50,
    "message_endpoint": "hm://context-resolve/v1/autoplay",
    "message_request_latency": 3769,
    "message_response_status": 200
  },
  {
    "message_context_uri": "spotify:playlist:37i9dQZF1EQpj7X7UK8OOF",
    "timestamp_utc": "2024-09-13T15:14:20.717Z",
    "context_application_version": "8.9.68.490",
    "context_conn_country": "FR",
    "context_device_manufacturer": "apple",
    "context_device_model": "iPhone14,5",
    "context_device_type": "mobile",
    "context_os_name": "ios",
    "context_os_version": "17.6.1",
    "context_receiver_service_timestamp": 1726240475581,
    "context_time": 1726240460717,
    "message_autoplay_tracks_count": 50,
    "message_endpoint": "hm://context-resolve/v1/autoplay",
    "message_request_latency": 3335,
    "message_response_status": 200
  },
  {
    "message_context_uri": "spotify:playlist:0tJcVULNzIS6oiODD53hfF",
    "timestamp_utc": "2024-09-16T13:56:03.027Z",
    "context_application_version": "8.9.74.568",
    "context_conn_country": "DE",
    "context_device_manufacturer": "samsung",
    "context_device_model": "SM-A725F",
    "context_device_type": "mobile",
    "context_os_name": "android",
    "context_os_version": "14",
    "context_receiver_service_timestamp": 1727959047942,
    "context_time": 1726494963027,
    "message_autoplay_tracks_count": 0,
    "message_endpoint": "hm://context-resolve/v1/autoplay",
    "message_request_latency": 55,
    "message_response_status": 500
  },
  {
    "message_context_uri": "spotify:playlist:0tJcVULNzIS6oiODD53hfF",
    "timestamp_utc": "2024-09-17T16:53:41.476Z",
    "context_application_version": "8.9.74.568",
    "context_conn_country": "DE",
    "context_device_manufacturer": "samsung",
    "context_device_model": "SM-A725F",
    "context_device_type": "mobile",
    "context_os_name": "android",
    "context_os_version": "14",
    "context_receiver_service_timestamp": 1727959049913,
    "context_time": 1726592021476,
    "message_autoplay_tracks_count": 0,
    "message_endpoint": "hm://context-resolve/v1/autoplay",
    "message_request_latency": 55,
    "message_response_status": 500
  },
  {
    "message_context_uri": "spotify:playlist:37i9dQZF1E4Cpj7tK5yC6M",
    "timestamp_utc": "2024-10-15T09:11:47.283Z",
    "context_application_version": "1.2.48.405",
    "context_conn_country": "FR",
    "context_device_manufacturer": "HP",
    "context_device_model": "HP EliteBook 830 G5",
    "context_device_type": "desktop",
    "context_os_name": "windows",
    "context_os_version": "10.0.19045",
    "context_receiver_service_timestamp": 1728995357877,
    "context_time": 1728983507283,
    "message_autoplay_tracks_count": 0,
    "message_endpoint": "hm://context-resolve/v1/autoplay",
    "message_request_latency": 36,
    "message_response_status": 500
  },
  {
    "message_context_uri": "spotify:playlist:0tJcVULNzIS6oiODD53hfF",
    "timestamp_utc": "2024-09-21T11:43:58.961Z",
    "context_application_version": "8.9.74.568",
    "context_conn_country": "DE",
    "context_device_manufacturer": "samsung",
    "context_device_model": "SM-A725F",
    "context_device_type": "mobile",
    "context_os_name": "android",
    "context_os_version": "14",
    "context_receiver_service_timestamp": 1727959059183,
    "context_time": 1726919038961,
    "message_autoplay_tracks_count": 0,
    "message_endpoint": "hm://context-resolve/v1/autoplay",
    "message_request_latency": 81,
    "message_response_status": 500
  },
  {
    "message_context_uri": "spotify:playlist:37i9dQZF1E4Cpj7tK5yC6M",
    "timestamp_utc": "2024-10-22T11:57:52.527Z",
    "context_application_version": "8.9.82.628",
    "context_conn_country": "FR",
    "context_device_manufacturer": "apple",
    "context_device_model": "iPhone14,5",
    "context_device_type": "mobile",
    "context_os_name": "ios",
    "context_os_version": "17.6.1",
    "context_receiver_service_timestamp": 1729598754076,
    "context_time": 1729598272527,
    "message_autoplay_tracks_count": 0,
    "message_endpoint": "hm://context-resolve/v1/autoplay",
    "message_request_latency": 22,
    "message_response_status": 500
  },
  {
    "message_context_uri": "spotify:search:%D8%AA%D9%84%D9%83",
    "timestamp_utc": "2024-10-25T22:35:17.357Z",
    "context_application_version": "1.2.49.439",
    "context_conn_country": "FR",
    "context_device_manufacturer": "HP",
    "context_device_model": "HP EliteBook 830 G5",
    "context_device_type": "desktop",
    "context_os_name": "windows",
    "context_os_version": "10.0.19045",
    "context_receiver_service_timestamp": 1729895837540,
    "context_time": 1729895717357,
    "message_autoplay_tracks_count": 50,
    "message_endpoint": "hm://context-resolve/v1/autoplay",
    "message_request_latency": 853,
    "message_response_status": 200
  },
  {
    "message_context_uri": "spotify:search:dog+days+are+over",
    "timestamp_utc": "2024-09-07T17:41:43.428Z",
    "context_application_version": "8.9.68.490",
    "context_conn_country": "DE",
    "context_device_manufacturer": "apple",
    "context_device_model": "iPhone15,2",
    "context_device_type": "mobile",
    "context_os_name": "ios",
    "context_os_version": "17.5.1",
    "context_receiver_service_timestamp": 1725730913114,
    "context_time": 1725730903428,
    "message_autoplay_tracks_count": 50,
    "message_endpoint": "hm://context-resolve/v1/autoplay",
    "message_request_latency": 861,
    "message_response_status": 200
  },
  {
    "message_context_uri": "spotify:user:24io176nqwf2vw61thcc4t7fd:collection",
    "timestamp_utc": "2024-11-04T16:04:58.319Z",
    "context_application_version": "1.2.49.439",
    "context_conn_country": "FR",
    "context_device_manufacturer": "HP",
    "context_device_model": "HP EliteBook 830 G5",
    "context_device_type": "desktop",
    "context_os_name": "windows",
    "context_os_version": "10.0.19045",
    "context_receiver_service_timestamp": 1730736471115,
    "context_time": 1730736298319,
    "message_autoplay_tracks_count": 0,
    "message_endpoint": "hm://context-resolve/v1/autoplay",
    "message_request_latency": 123,
    "message_response_status": 500
  },
  {
    "message_context_uri": "spotify:playlist:3t479tNNbZPejxSrFmFAQd",
    "timestamp_utc": "2024-10-26T15:58:09.135Z",
    "context_application_version": "8.9.84.543",
    "context_conn_country": "DE",
    "context_device_manufacturer": "apple",
    "context_device_model": "iPhone15,2",
    "context_device_type": "mobile",
    "context_os_name": "ios",
    "context_os_version": "18.0",
    "context_receiver_service_timestamp": 1729958297509,
    "context_time": 1729958289135,
    "message_autoplay_tracks_count": 50,
    "message_endpoint": "hm://context-resolve/v1/autoplay",
    "message_request_latency": 505,
    "message_response_status": 200
  },
  {
    "message_context_uri": "spotify:playlist:0Z6cGgEjtDq0ehhb2AZjGb",
    "timestamp_utc": "2024-09-26T12:04:07.968Z",
    "context_application_version": "8.9.74.535",
    "context_conn_country": "FR",
    "context_device_manufacturer": "apple",
    "context_device_model": "iPhone14,5",
    "context_device_type": "mobile",
    "context_os_name": "ios",
    "context_os_version": "17.6.1",
    "context_receiver_service_timestamp": 1727352269222,
    "context_time": 1727352247968,
    "message_autoplay_tracks_count": 50,
    "message_endpoint": "hm://context-resolve/v1/autoplay",
    "message_request_latency": 484,
    "message_response_status": 200
  },
  {
    "message_context_uri": "spotify:playlist:37i9dQZF1E4FhRRLh0mmxG",
    "timestamp_utc": "2024-11-12T16:23:07.174Z",
    "context_application_version": "8.9.90.84",
    "context_conn_country": "DE",
    "context_device_manufacturer": "apple",
    "context_device_model": "iPhone15,2",
    "context_device_type": "mobile",
    "context_os_name": "ios",
    "context_os_version": "18.0",
    "context_receiver_service_timestamp": 1731428615323,
    "context_time": 1731428587174,
    "message_autoplay_tracks_count": 50,
    "message_endpoint": "hm://context-resolve/v1/autoplay",
    "message_request_latency": 342,
    "message_response_status": 200
  },
  {
    "message_context_uri": "spotify:user:24io176nqwf2vw61thcc4t7fd:collection:your-episodes",
    "timestamp_utc": "2024-10-04T05:54:46.963Z",
    "context_application_version": "8.9.78.513",
    "context_conn_country": "DE",
    "context_device_manufacturer": "samsung",
    "context_device_model": "SM-A725F",
    "context_device_type": "mobile",
    "context_os_name": "android",
    "context_os_version": "14",
    "context_receiver_service_timestamp": 1733220018757,
    "context_time": 1728021286963,
    "message_autoplay_tracks_count": 0,
    "message_endpoint": "hm://context-resolve/v1/autopodcast",
    "message_request_latency": 58,
    "message_response_status": 500
  },
  {
    "message_context_uri": "spotify:search:talj+tal",
    "timestamp_utc": "2024-11-23T11:28:23.575Z",
    "context_application_version": "8.9.94.418",
    "context_conn_country": "FR",
    "context_device_manufacturer": "apple",
    "context_device_model": "iPhone14,5",
    "context_device_type": "mobile",
    "context_os_name": "ios",
    "context_os_version": "17.6.1",
    "context_receiver_service_timestamp": 1732361317558,
    "context_time": 1732361303575,
    "message_autoplay_tracks_count": 50,
    "message_endpoint": "hm://context-resolve/v1/autoplay",
    "message_request_latency": 424,
    "message_response_status": 200
  },
  {
    "message_context_uri": "spotify:playlist:37i9dQZF1E37nR4RXi8Eft",
    "timestamp_utc": "2024-10-10T23:48:26.160Z",
    "context_application_version": "1.2.48.405",
    "context_conn_country": "FR",
    "context_device_manufacturer": "HP",
    "context_device_model": "HP EliteBook 830 G5",
    "context_device_type": "desktop",
    "context_os_name": "windows",
    "context_os_version": "10.0.19045",
    "context_receiver_service_timestamp": 1728631092961,
    "context_time": 1728604106160,
    "message_autoplay_tracks_count": 0,
    "message_endpoint": "hm://context-resolve/v1/autoplay",
    "message_request_latency": 16,
    "message_response_status": 500
  },
  {
    "message_context_uri": "spotify:playlist:0tJcVULNzIS6oiODD53hfF",
    "timestamp_utc": "2024-09-16T14:10:45.209Z",
    "context_application_version": "8.9.74.568",
    "context_conn_country": "DE",
    "context_device_manufacturer": "samsung",
    "context_device_model": "SM-A725F",
    "context_device_type": "mobile",
    "context_os_name": "android",
    "context_os_version": "14",
    "context_receiver_service_timestamp": 1727959048638,
    "context_time": 1726495845209,
    "message_autoplay_tracks_count": 0,
    "message_endpoint": "hm://context-resolve/v1/autoplay",
    "message_request_latency": 54,
    "message_response_status": 500
  },
  {
    "message_context_uri": "spotify:playlist:37i9dQZF1E4nkJdTNgxG0s",
    "timestamp_utc": "2024-11-17T11:38:36.276Z",
    "context_application_version": "1.2.50.335",
    "context_conn_country": "FR",
    "context_device_manufacturer": "HP",
    "context_device_model": "HP EliteBook 830 G5",
    "context_device_type": "desktop",
    "context_os_name": "windows",
    "context_os_version": "10.0.19045",
    "context_receiver_service_timestamp": 1731843761326,
    "context_time": 1731843516276,
    "message_autoplay_tracks_count": 0,
    "message_endpoint": "hm://context-resolve/v1/autoplay",
    "message_request_latency": 28,
    "message_response_status": 500
  },
  {
    "message_context_uri": "spotify:playlist:37i9dQZF1DWTwnEm1IYyoj",
    "timestamp_utc": "2024-11-07T07:32:50.496Z",
    "context_application_version": "1.2.49.439",
    "context_conn_country": "FR",
    "context_device_manufacturer": "HP",
    "context_device_model": "HP EliteBook 830 G5",
    "context_device_type": "desktop",
    "context_os_name": "windows",
    "context_os_version": "10.0.19045",
    "context_receiver_service_timestamp": 1730965205392,
    "context_time": 1730964770496,
    "message_autoplay_tracks_count": 0,
    "message_endpoint": "hm://context-resolve/v1/autoplay",
    "message_request_latency": 9,
    "message_response_status": 500
  },
  {
    "message_context_uri": "spotify:user:24io176nqwf2vw61thcc4t7fd:collection:your-episodes",
    "timestamp_utc": "2024-10-04T05:03:27.525Z",
    "context_application_version": "8.9.78.513",
    "context_conn_country": "DE",
    "context_device_manufacturer": "samsung",
    "context_device_model": "SM-A725F",
    "context_device_type": "mobile",
    "context_os_name": "android",
    "context_os_version": "14",
    "context_receiver_service_timestamp": 1733220018162,
    "context_time": 1728018207525,
    "message_autoplay_tracks_count": 0,
    "message_endpoint": "hm://context-resolve/v1/autopodcast",
    "message_request_latency": 43,
    "message_response_status": 500
  },
  {
    "message_context_uri": "spotify:search:mahb",
    "timestamp_utc": "2024-12-03T21:56:16.879Z",
    "context_application_version": "8.9.94.418",
    "context_conn_country": "DE",
    "context_device_manufacturer": "apple",
    "context_device_model": "iPhone15,2",
    "context_device_type": "mobile",
    "context_os_name": "ios",
    "context_os_version": "18.0",
    "context_receiver_service_timestamp": 1733262991624,
    "context_time": 1733262976879,
    "message_autoplay_tracks_count": 50,
    "message_endpoint": "hm://context-resolve/v1/autoplay",
    "message_request_latency": 319,
    "message_response_status": 200
  },
  {
    "message_context_uri": "spotify:search:life+could+be+a+dream",
    "timestamp_utc": "2024-11-16T20:07:38.811Z",
    "context_application_version": "8.9.90.84",
    "context_conn_country": "FR",
    "context_device_manufacturer": "apple",
    "context_device_model": "iPhone14,5",
    "context_device_type": "mobile",
    "context_os_name": "ios",
    "context_os_version": "17.6.1",
    "context_receiver_service_timestamp": 1731787666240,
    "context_time": 1731787658811,
    "message_autoplay_tracks_count": 50,
    "message_endpoint": "hm://context-resolve/v1/autoplay",
    "message_request_latency": 533,
    "message_response_status": 200
  },
  {
    "message_context_uri": "spotify:show:4nRmqhTiufdByd2WuSsIHA",
    "timestamp_utc": "2024-10-11T15:59:05.053Z",
    "context_application_version": "8.9.76.516",
    "context_conn_country": "FR",
    "context_device_manufacturer": "apple",
    "context_device_model": "iPhone14,5",
    "context_device_type": "mobile",
    "context_os_name": "ios",
    "context_os_version": "17.6.1",
    "context_receiver_service_timestamp": 1728662362323,
    "context_time": 1728662345053,
    "message_autoplay_tracks_count": 18,
    "message_endpoint": "hm://context-resolve/v1/autopodcast",
    "message_request_latency": 370,
    "message_response_status": 200
  },
  {
    "message_context_uri": "spotify:playlist:37i9dQZF1DZ06evO03FbPP",
    "timestamp_utc": "2024-09-13T17:32:31.812Z",
    "context_application_version": "8.9.70.556",
    "context_conn_country": "DE",
    "context_device_manufacturer": "samsung",
    "context_device_model": "SM-A725F",
    "context_device_type": "mobile",
    "context_os_name": "android",
    "context_os_version": "14",
    "context_receiver_service_timestamp": 1727959043687,
    "context_time": 1726248751812,
    "message_autoplay_tracks_count": 0,
    "message_endpoint": "hm://context-resolve/v1/autoplay",
    "message_request_latency": 54,
    "message_response_status": 500
  },
  {
    "message_context_uri": "spotify:playlist:37i9dQZF1EQqkOPvHGajmW",
    "timestamp_utc": "2024-09-08T13:13:03.939Z",
    "context_application_version": "8.9.68.490",
    "context_conn_country": "FR",
    "context_device_manufacturer": "apple",
    "context_device_model": "iPhone14,5",
    "context_device_type": "mobile",
    "context_os_name": "ios",
    "context_os_version": "17.5.1",
    "context_receiver_service_timestamp": 1725801199425,
    "context_time": 1725801183939,
    "message_autoplay_tracks_count": 0,
    "message_endpoint": "hm://context-resolve/v1/autoplay",
    "message_request_latency": 2357,
    "message_response_status": 500
  },
  {
    "message_context_uri": "spotify:search:%D9%83%D9%84%D9%85%D8%A7%D8%AA+%D9%85%D8%A7%D8%AC%D8%AF%D8%A9+%D8%A7%D9%84%D8%B1%D9%88%D9%85%D9%8A",
    "timestamp_utc": "2024-09-19T09:21:21.037Z",
    "context_application_version": "8.9.74.535",
    "context_conn_country": "FR",
    "context_device_manufacturer": "apple",
    "context_device_model": "iPhone14,5",
    "context_device_type": "mobile",
    "context_os_name": "ios",
    "context_os_version": "17.6.1",
    "context_receiver_service_timestamp": 1726737695748,
    "context_time": 1726737681037,
    "message_autoplay_tracks_count": 50,
    "message_endpoint": "hm://context-resolve/v1/autoplay",
    "message_request_latency": 559,
    "message_response_status": 200
  },
  {
    "message_context_uri": "spotify:playlist:0Z6cGgEjtDq0ehhb2AZjGb",
    "timestamp_utc": "2024-10-25T19:27:22.949Z",
    "context_application_version": "1.2.49.439",
    "context_conn_country": "FR",
    "context_device_manufacturer": "HP",
    "context_device_model": "HP EliteBook 830 G5",
    "context_device_type": "desktop",
    "context_os_name": "windows",
    "context_os_version": "10.0.19045",
    "context_receiver_service_timestamp": 1729884572674,
    "context_time": 1729884442949,
    "message_autoplay_tracks_count": 50,
    "message_endpoint": "hm://context-resolve/v1/autoplay",
    "message_request_latency": 623,
    "message_response_status": 200
  },
  {
    "message_context_uri": "spotify:playlist:0Z6cGgEjtDq0ehhb2AZjGb",
    "timestamp_utc": "2024-09-26T13:42:22.302Z",
    "context_application_version": "8.9.74.535",
    "context_conn_country": "FR",
    "context_device_manufacturer": "apple",
    "context_device_model": "iPhone14,5",
    "context_device_type": "mobile",
    "context_os_name": "ios",
    "context_os_version": "17.6.1",
    "context_receiver_service_timestamp": 1727358159690,
    "context_time": 1727358142302,
    "message_autoplay_tracks_count": 50,
    "message_endpoint": "hm://context-resolve/v1/autoplay",
    "message_request_latency": 759,
    "message_response_status": 200
  },
  {
    "message_context_uri": "spotify:playlist:4XlSeenN34nEeV86ZuDOA1",
    "timestamp_utc": "2024-10-12T23:23:03.192Z",
    "context_application_version": "8.9.76.516",
    "context_conn_country": "FR",
    "context_device_manufacturer": "apple",
    "context_device_model": "iPhone14,5",
    "context_device_type": "mobile",
    "context_os_name": "ios",
    "context_os_version": "17.6.1",
    "context_receiver_service_timestamp": 1728803920767,
    "context_time": 1728775383192,
    "message_autoplay_tracks_count": 0,
    "message_endpoint": "hm://context-resolve/v1/autoplay",
    "message_request_latency": 18,
    "message_response_status": 500
  },
  {
    "message_context_uri": "spotify:playlist:37i9dQZF1E8OjoyxcCdiMs",
    "timestamp_utc": "2024-12-03T23:46:16.751Z",
    "context_application_version": "1.2.51.345",
    "context_conn_country": "FR",
    "context_device_manufacturer": "HP",
    "context_device_model": "HP EliteBook 830 G5",
    "context_device_type": "desktop",
    "context_os_name": "windows",
    "context_os_version": "10.0.19045",
    "context_receiver_service_timestamp": 1733306870669,
    "context_time": 1733269576751,
    "message_autoplay_tracks_count": 0,
    "message_endpoint": "hm://context-resolve/v1/autoplay",
    "message_request_latency": 6,
    "message_response_status": 500
  },
  {
    "message_context_uri": "spotify:user:24io176nqwf2vw61thcc4t7fd:collection:your-episodes",
    "timestamp_utc": "2024-10-04T09:24:09.993Z",
    "context_application_version": "8.9.78.513",
    "context_conn_country": "DE",
    "context_device_manufacturer": "samsung",
    "context_device_model": "SM-A725F",
    "context_device_type": "mobile",
    "context_os_name": "android",
    "context_os_version": "14",
    "context_receiver_service_timestamp": 1733220018972,
    "context_time": 1728033849993,
    "message_autoplay_tracks_count": 0,
    "message_endpoint": "hm://context-resolve/v1/autopodcast",
    "message_request_latency": 140,
    "message_response_status": 500
  },
  {
    "message_context_uri": "spotify:playlist:37i9dQZF1E8SBbXqZKbr0Y",
    "timestamp_utc": "2024-11-26T12:14:02.602Z",
    "context_application_version": "8.9.94.418",
    "context_conn_country": "DE",
    "context_device_manufacturer": "apple",
    "context_device_model": "iPhone15,2",
    "context_device_type": "mobile",
    "context_os_name": "ios",
    "context_os_version": "18.0",
    "context_receiver_service_timestamp": 1732623262205,
    "context_time": 1732623242602,
    "message_autoplay_tracks_count": 50,
    "message_endpoint": "hm://context-resolve/v1/autoplay",
    "message_request_latency": 354,
    "message_response_status": 200
  },
  {
    "message_context_uri": "spotify:playlist:37i9dQZF1E4AHTAvXCuyml",
    "timestamp_utc": "2024-10-21T20:32:29.970Z",
    "context_application_version": "1.2.48.405",
    "context_conn_country": "FR",
    "context_device_manufacturer": "HP",
    "context_device_model": "HP EliteBook 830 G5",
    "context_device_type": "desktop",
    "context_os_name": "windows",
    "context_os_version": "10.0.19045",
    "context_receiver_service_timestamp": 1729542884920,
    "context_time": 1729542749970,
    "message_autoplay_tracks_count": 50,
    "message_endpoint": "hm://context-resolve/v1/autoplay",
    "message_request_latency": 400,
    "message_response_status": 200
  },
  {
    "message_context_uri": "spotify:user:24io176nqwf2vw61thcc4t7fd:collection:your-episodes",
    "timestamp_utc": "2024-10-14T05:07:57.506Z",
    "context_application_version": "8.9.82.620",
    "context_conn_country": "DE",
    "context_device_manufacturer": "samsung",
    "context_device_model": "SM-A725F",
    "context_device_type": "mobile",
    "context_os_name": "android",
    "context_os_version": "14",
    "context_receiver_service_timestamp": 1733220081733,
    "context_time": 1728882477506,
    "message_autoplay_tracks_count": 0,
    "message_endpoint": "hm://context-resolve/v1/autopodcast",
    "message_request_latency": 71,
    "message_response_status": 500
  },
  {
    "message_context_uri": "spotify:playlist:37i9dQZF1DZ06evO2au2S3",
    "timestamp_utc": "2024-11-14T12:36:32.337Z",
    "context_application_version": "8.9.90.84",
    "context_conn_country": "FR",
    "context_device_manufacturer": "apple",
    "context_device_model": "iPhone14,5",
    "context_device_type": "mobile",
    "context_os_name": "ios",
    "context_os_version": "17.6.1",
    "context_receiver_service_timestamp": 1731587807551,
    "context_time": 1731587792337,
    "message_autoplay_tracks_count": 50,
    "message_endpoint": "hm://context-resolve/v1/autoplay",
    "message_request_latency": 568,
    "message_response_status": 200
  },
  {
    "message_context_uri": "spotify:album:4AUaBCDE7eQbTQknX7EkY1",
    "timestamp_utc": "2024-10-26T15:48:05.702Z",
    "context_application_version": "8.9.84.543",
    "context_conn_country": "DE",
    "context_device_manufacturer": "apple",
    "context_device_model": "iPhone15,2",
    "context_device_type": "mobile",
    "context_os_name": "ios",
    "context_os_version": "18.0",
    "context_receiver_service_timestamp": 1729957705842,
    "context_time": 1729957685702,
    "message_autoplay_tracks_count": 0,
    "message_endpoint": "hm://context-resolve/v1/autoplay",
    "message_request_latency": 7051,
    "message_response_status": 500
  },
  {
    "message_context_uri": "spotify:playlist:0tJcVULNzIS6oiODD53hfF",
    "timestamp_utc": "2024-09-06T17:15:40.192Z",
    "context_application_version": "8.9.70.556",
    "context_conn_country": "DE",
    "context_device_manufacturer": "samsung",
    "context_device_model": "SM-A725F",
    "context_device_type": "mobile",
    "context_os_name": "android",
    "context_os_version": "14",
    "context_receiver_service_timestamp": 1726142100415,
    "context_time": 1725642940192,
    "message_autoplay_tracks_count": 0,
    "message_endpoint": "hm://context-resolve/v1/autoplay",
    "message_request_latency": 20,
    "message_response_status": 500
  },
  {
    "message_context_uri": "spotify:search:turning+tables",
    "timestamp_utc": "2024-09-07T14:45:45.185Z",
    "context_application_version": "8.9.68.490",
    "context_conn_country": "DE",
    "context_device_manufacturer": "apple",
    "context_device_model": "iPhone15,2",
    "context_device_type": "mobile",
    "context_os_name": "ios",
    "context_os_version": "17.5.1",
    "context_receiver_service_timestamp": 1725720368924,
    "context_time": 1725720345185,
    "message_autoplay_tracks_count": 50,
    "message_endpoint": "hm://context-resolve/v1/autoplay",
    "message_request_latency": 353,
    "message_response_status": 200
  },
  {
    "message_context_uri": "spotify:playlist:37i9dQZF1E8OjoyxcCdiMs",
    "timestamp_utc": "2024-12-03T21:40:43.773Z",
    "context_application_version": "8.9.94.418",
    "context_conn_country": "DE",
    "context_device_manufacturer": "apple",
    "context_device_model": "iPhone15,2",
    "context_device_type": "mobile",
    "context_os_name": "ios",
    "context_os_version": "18.0",
    "context_receiver_service_timestamp": 1733262072212,
    "context_time": 1733262043773,
    "message_autoplay_tracks_count": 50,
    "message_endpoint": "hm://context-resolve/v1/autoplay",
    "message_request_latency": 340,
    "message_response_status": 200
  },
  {
    "message_context_uri": "spotify:playlist:0tJcVULNzIS6oiODD53hfF",
    "timestamp_utc": "2024-09-16T14:00:49.314Z",
    "context_application_version": "8.9.74.568",
    "context_conn_country": "DE",
    "context_device_manufacturer": "samsung",
    "context_device_model": "SM-A725F",
    "context_device_type": "mobile",
    "context_os_name": "android",
    "context_os_version": "14",
    "context_receiver_service_timestamp": 1727959048312,
    "context_time": 1726495249314,
    "message_autoplay_tracks_count": 0,
    "message_endpoint": "hm://context-resolve/v1/autoplay",
    "message_request_latency": 32,
    "message_response_status": 500
  },
  {
    "message_context_uri": "spotify:playlist:37i9dQZF1DWWSIbOa2nxvR",
    "timestamp_utc": "2024-10-05T20:13:12.711Z",
    "context_application_version": "8.9.76.516",
    "context_conn_country": "AT",
    "context_device_manufacturer": "apple",
    "context_device_model": "iPhone15,2",
    "context_device_type": "mobile",
    "context_os_name": "ios",
    "context_os_version": "18.0",
    "context_receiver_service_timestamp": 1728159206310,
    "context_time": 1728159192711,
    "message_autoplay_tracks_count": 50,
    "message_endpoint": "hm://context-resolve/v1/autoplay",
    "message_request_latency": 550,
    "message_response_status": 200
  },
  {
    "message_context_uri": "spotify:playlist:5fNUR3fRGBFPm6Uuu7sFTI",
    "timestamp_utc": "2024-10-19T13:46:40.341Z",
    "context_application_version": "1.2.48.405",
    "context_conn_country": "FR",
    "context_device_manufacturer": "HP",
    "context_device_model": "HP EliteBook 830 G5",
    "context_device_type": "desktop",
    "context_os_name": "windows",
    "context_os_version": "10.0.19045",
    "context_receiver_service_timestamp": 1729345732989,
    "context_time": 1729345600341,
    "message_autoplay_tracks_count": 50,
    "message_endpoint": "hm://context-resolve/v1/autoplay",
    "message_request_latency": 790,
    "message_response_status": 200
  },
  {
    "message_context_uri": "spotify:playlist:0tJcVULNzIS6oiODD53hfF",
    "timestamp_utc": "2024-09-26T11:38:37.839Z",
    "context_application_version": "8.9.76.538",
    "context_conn_country": "DE",
    "context_device_manufacturer": "samsung",
    "context_device_model": "SM-A725F",
    "context_device_type": "mobile",
    "context_os_name": "android",
    "context_os_version": "14",
    "context_receiver_service_timestamp": 1727959063136,
    "context_time": 1727350717839,
    "message_autoplay_tracks_count": 0,
    "message_endpoint": "hm://context-resolve/v1/autoplay",
    "message_request_latency": 2345,
    "message_response_status": 500
  },
  {
    "message_context_uri": "spotify:search:las",
    "timestamp_utc": "2024-11-30T21:44:03.252Z",
    "context_application_version": "8.9.94.418",
    "context_conn_country": "FR",
    "context_device_manufacturer": "apple",
    "context_device_model": "iPhone14,5",
    "context_device_type": "mobile",
    "context_os_name": "ios",
    "context_os_version": "18.1.1",
    "context_receiver_service_timestamp": 1733003069388,
    "context_time": 1733003043252,
    "message_autoplay_tracks_count": 50,
    "message_endpoint": "hm://context-resolve/v1/autoplay",
    "message_request_latency": 297,
    "message_response_status": 200
  },
  {
    "message_context_uri": "spotify:playlist:1CcdleDT9EPp6oNJDoKr6D",
    "timestamp_utc": "2024-10-05T13:55:33.226Z",
    "context_application_version": "8.9.76.516",
    "context_conn_country": "DE",
    "context_device_manufacturer": "apple",
    "context_device_model": "iPhone15,2",
    "context_device_type": "mobile",
    "context_os_name": "ios",
    "context_os_version": "18.0",
    "context_receiver_service_timestamp": 1728136562644,
    "context_time": 1728136533226,
    "message_autoplay_tracks_count": 50,
    "message_endpoint": "hm://context-resolve/v1/autoplay",
    "message_request_latency": 500,
    "message_response_status": 200
  },
  {
    "message_context_uri": "spotify:search:%D8%AA%D9%84%D9%83",
    "timestamp_utc": "2024-10-29T20:29:09.875Z",
    "context_application_version": "8.9.84.543",
    "context_conn_country": "FR",
    "context_device_manufacturer": "apple",
    "context_device_model": "iPhone14,5",
    "context_device_type": "mobile",
    "context_os_name": "ios",
    "context_os_version": "17.6.1",
    "context_receiver_service_timestamp": 1730233751299,
    "context_time": 1730233749875,
    "message_autoplay_tracks_count": 50,
    "message_endpoint": "hm://context-resolve/v1/autoplay",
    "message_request_latency": 1100,
    "message_response_status": 200
  },
  {
    "message_context_uri": "spotify:user:24io176nqwf2vw61thcc4t7fd:collection:your-episodes",
    "timestamp_utc": "2024-10-07T04:48:49.381Z",
    "context_application_version": "8.9.78.513",
    "context_conn_country": "DE",
    "context_device_manufacturer": "samsung",
    "context_device_model": "SM-A725F",
    "context_device_type": "mobile",
    "context_os_name": "android",
    "context_os_version": "14",
    "context_receiver_service_timestamp": 1733220031262,
    "context_time": 1728276529381,
    "message_autoplay_tracks_count": 0,
    "message_endpoint": "hm://context-resolve/v1/autopodcast",
    "message_request_latency": 33,
    "message_response_status": 500
  },
  {
    "message_context_uri": "spotify:playlist:37i9dQZF1E8KQeyAHu1z2w",
    "timestamp_utc": "2024-11-27T18:26:57.091Z",
    "context_application_version": "8.9.94.418",
    "context_conn_country": "DE",
    "context_device_manufacturer": "apple",
    "context_device_model": "iPhone15,2",
    "context_device_type": "mobile",
    "context_os_name": "ios",
    "context_os_version": "18.0",
    "context_receiver_service_timestamp": 1732732044221,
    "context_time": 1732732017091,
    "message_autoplay_tracks_count": 50,
    "message_endpoint": "hm://context-resolve/v1/autoplay",
    "message_request_latency": 364,
    "message_response_status": 200
  },
  {
    "message_context_uri": "spotify:playlist:37i9dQZF1EVHGWrwldPRtj",
    "timestamp_utc": "2024-11-21T17:31:43.934Z",
    "context_application_version": "8.9.90.84",
    "context_conn_country": "DE",
    "context_device_manufacturer": "apple",
    "context_device_model": "iPhone15,2",
    "context_device_type": "mobile",
    "context_os_name": "ios",
    "context_os_version": "18.0",
    "context_receiver_service_timestamp": 1732466009258,
    "context_time": 1732210303934,
    "message_autoplay_tracks_count": 0,
    "message_endpoint": "hm://context-resolve/v1/autoplay",
    "message_request_latency": 13,
    "message_response_status": 500
  },
  {
    "message_context_uri": "spotify:playlist:0Z6cGgEjtDq0ehhb2AZjGb",
    "timestamp_utc": "2024-11-07T23:12:12.586Z",
    "context_application_version": "1.2.49.439",
    "context_conn_country": "FR",
    "context_device_manufacturer": "HP",
    "context_device_model": "HP EliteBook 830 G5",
    "context_device_type": "desktop",
    "context_os_name": "windows",
    "context_os_version": "10.0.19045",
    "context_receiver_service_timestamp": 1731241805048,
    "context_time": 1731021132586,
    "message_autoplay_tracks_count": 0,
    "message_endpoint": "hm://context-resolve/v1/autoplay",
    "message_request_latency": 19,
    "message_response_status": 500
  },
  {
    "message_context_uri": "spotify:search:this+is+the+life",
    "timestamp_utc": "2024-11-18T12:58:51.352Z",
    "context_application_version": "8.9.90.84",
    "context_conn_country": "FR",
    "context_device_manufacturer": "apple",
    "context_device_model": "iPhone14,5",
    "context_device_type": "mobile",
    "context_os_name": "ios",
    "context_os_version": "17.6.1",
    "context_receiver_service_timestamp": 1731934755957,
    "context_time": 1731934731352,
    "message_autoplay_tracks_count": 50,
    "message_endpoint": "hm://context-resolve/v1/autoplay",
    "message_request_latency": 393,
    "message_response_status": 200
  },
  {
    "message_context_uri": "spotify:user:24io176nqwf2vw61thcc4t7fd:collection:your-episodes",
    "timestamp_utc": "2024-09-12T18:53:41.315Z",
    "context_application_version": "8.9.70.556",
    "context_conn_country": "DE",
    "context_device_manufacturer": "samsung",
    "context_device_model": "SM-A725F",
    "context_device_type": "mobile",
    "context_os_name": "android",
    "context_os_version": "14",
    "context_receiver_service_timestamp": 1727959038608,
    "context_time": 1726167221315,
    "message_autoplay_tracks_count": 0,
    "message_endpoint": "hm://context-resolve/v1/autopodcast",
    "message_request_latency": 57,
    "message_response_status": 500
  },
  {
    "message_context_uri": "spotify:search:when",
    "timestamp_utc": "2024-09-20T12:20:55.486Z",
    "context_application_version": "8.9.74.535",
    "context_conn_country": "DE",
    "context_device_manufacturer": "apple",
    "context_device_model": "iPhone15,2",
    "context_device_type": "mobile",
    "context_os_name": "ios",
    "context_os_version": "17.5.1",
    "context_receiver_service_timestamp": 1726834876157,
    "context_time": 1726834855486,
    "message_autoplay_tracks_count": 50,
    "message_endpoint": "hm://context-resolve/v1/autoplay",
    "message_request_latency": 1123,
    "message_response_status": 200
  },
  {
    "message_context_uri": "spotify:playlist:0tJcVULNzIS6oiODD53hfF",
    "timestamp_utc": "2024-09-16T14:03:24.117Z",
    "context_application_version": "8.9.74.568",
    "context_conn_country": "DE",
    "context_device_manufacturer": "samsung",
    "context_device_model": "SM-A725F",
    "context_device_type": "mobile",
    "context_os_name": "android",
    "context_os_version": "14",
    "context_receiver_service_timestamp": 1727959048493,
    "context_time": 1726495404117,
    "message_autoplay_tracks_count": 0,
    "message_endpoint": "hm://context-resolve/v1/autoplay",
    "message_request_latency": 58,
    "message_response_status": 500
  },
  {
    "message_context_uri": "spotify:playlist:37i9dQZF1E4t24wJAaAtlp",
    "timestamp_utc": "2024-11-11T19:51:57.545Z",
    "context_application_version": "8.9.90.84",
    "context_conn_country": "FR",
    "context_device_manufacturer": "apple",
    "context_device_model": "iPhone14,5",
    "context_device_type": "mobile",
    "context_os_name": "ios",
    "context_os_version": "17.6.1",
    "context_receiver_service_timestamp": 1731354727404,
    "context_time": 1731354717545,
    "message_autoplay_tracks_count": 50,
    "message_endpoint": "hm://context-resolve/v1/autoplay",
    "message_request_latency": 431,
    "message_response_status": 200
  },
  {
    "message_context_uri": "spotify:playlist:37i9dQZF1DZ06evO2R7cA0",
    "timestamp_utc": "2024-11-15T08:47:27.248Z",
    "context_application_version": "8.9.90.84",
    "context_conn_country": "FR",
    "context_device_manufacturer": "apple",
    "context_device_model": "iPhone14,5",
    "context_device_type": "mobile",
    "context_os_name": "ios",
    "context_os_version": "17.6.1",
    "context_receiver_service_timestamp": 1731660592818,
    "context_time": 1731660447248,
    "message_autoplay_tracks_count": 0,
    "message_endpoint": "hm://context-resolve/v1/autoplay",
    "message_request_latency": 231,
    "message_response_status": 500
  },
  {
    "message_context_uri": "spotify:user:24io176nqwf2vw61thcc4t7fd:collection:your-episodes",
    "timestamp_utc": "2024-11-15T08:58:56.061Z",
    "context_application_version": "8.9.90.127",
    "context_conn_country": "DE",
    "context_device_manufacturer": "samsung",
    "context_device_model": "SM-A725F",
    "context_device_type": "mobile",
    "context_os_name": "android",
    "context_os_version": "14",
    "context_receiver_service_timestamp": 1733220219271,
    "context_time": 1731661136061,
    "message_autoplay_tracks_count": 0,
    "message_endpoint": "hm://context-resolve/v1/autopodcast",
    "message_request_latency": 41,
    "message_response_status": 500
  },
  {
    "message_context_uri": "spotify:search:cosmic+love",
    "timestamp_utc": "2024-09-16T18:41:29.711Z",
    "context_application_version": "8.9.74.535",
    "context_conn_country": "IT",
    "context_device_manufacturer": "apple",
    "context_device_model": "iPhone15,2",
    "context_device_type": "mobile",
    "context_os_name": "ios",
    "context_os_version": "17.5.1",
    "context_receiver_service_timestamp": 1726512100883,
    "context_time": 1726512089711,
    "message_autoplay_tracks_count": 50,
    "message_endpoint": "hm://context-resolve/v1/autoplay",
    "message_request_latency": 384,
    "message_response_status": 200
  },
  {
    "message_context_uri": "spotify:search:celiba",
    "timestamp_utc": "2024-12-03T22:13:48.025Z",
    "context_application_version": "8.9.94.418",
    "context_conn_country": "DE",
    "context_device_manufacturer": "apple",
    "context_device_model": "iPhone15,2",
    "context_device_type": "mobile",
    "context_os_name": "ios",
    "context_os_version": "18.0",
    "context_receiver_service_timestamp": 1733264052212,
    "context_time": 1733264028025,
    "message_autoplay_tracks_count": 50,
    "message_endpoint": "hm://context-resolve/v1/autoplay",
    "message_request_latency": 533,
    "message_response_status": 200
  },
  {
    "message_context_uri": "spotify:search:what's+that+supposed+to+be+about+baby",
    "timestamp_utc": "2024-11-24T19:29:09.180Z",
    "context_application_version": "8.9.94.418",
    "context_conn_country": "FR",
    "context_device_manufacturer": "apple",
    "context_device_model": "iPhone14,5",
    "context_device_type": "mobile",
    "context_os_name": "ios",
    "context_os_version": "17.6.1",
    "context_receiver_service_timestamp": 1732476551727,
    "context_time": 1732476549180,
    "message_autoplay_tracks_count": 50,
    "message_endpoint": "hm://context-resolve/v1/autoplay",
    "message_request_latency": 317,
    "message_response_status": 200
  },
  {
    "message_context_uri": "spotify:playlist:0tJcVULNzIS6oiODD53hfF",
    "timestamp_utc": "2024-09-13T14:13:59.657Z",
    "context_application_version": "8.9.70.556",
    "context_conn_country": "DE",
    "context_device_manufacturer": "samsung",
    "context_device_model": "SM-A725F",
    "context_device_type": "mobile",
    "context_os_name": "android",
    "context_os_version": "14",
    "context_receiver_service_timestamp": 1727959040124,
    "context_time": 1726236839657,
    "message_autoplay_tracks_count": 0,
    "message_endpoint": "hm://context-resolve/v1/autoplay",
    "message_request_latency": 42,
    "message_response_status": 500
  },
  {
    "message_context_uri": "spotify:user:24io176nqwf2vw61thcc4t7fd:collection:your-episodes",
    "timestamp_utc": "2024-10-04T11:44:11.242Z",
    "context_application_version": "8.9.78.513",
    "context_conn_country": "DE",
    "context_device_manufacturer": "samsung",
    "context_device_model": "SM-A725F",
    "context_device_type": "mobile",
    "context_os_name": "android",
    "context_os_version": "14",
    "context_receiver_service_timestamp": 1733220019274,
    "context_time": 1728042251242,
    "message_autoplay_tracks_count": 0,
    "message_endpoint": "hm://context-resolve/v1/autopodcast",
    "message_request_latency": 28,
    "message_response_status": 500
  }
]