[
  {
    "message_short_link": null,
    "timestamp_utc": "2024-09-22T22:45:50.513Z",
    "context_application_version": "web-player_2024-09-22_1727040773689_3cea5c6",
    "context_conn_country": "FR",
    "context_device_manufacturer": null,
    "context_device_model": null,
    "context_device_type": null,
    "context_os_name": null,
    "context_os_version": null,
    "context_receiver_service_timestamp": 1727045255772,
    "context_time": 1727045150513,
    "context_user_agent": "Mozilla/5.0 (Windows NT 10.0; Win64; x64) AppleWebKit/537.36 (KHTML, like Gecko) Chrome/129.0.0.0 Safari/537.36 Edg/129.0.0.0",
    "message_deeplink_session_id": "5636365cf214412d",
    "message_entity_uri": "spotify:track:6kIKaWfJlrYqkHxmqHflDz",
    "message_link": "https://open.spotify.com/track/6kIKaWfJlrYqkHxmqHflDz?si=ttorRGnJR8OFxMHNj6gQ3w&context=spotify%3Aplaylist%3A5KV3lt1Nou7Lcry5OQT9re%3Arecommended&nd=1&dlsi=5636365cf214412d",
    "message_shortlink_source": null,
    "message_source": "Mozilla/5.0 (Windows NT 10.0; Win64; x64) AppleWebKit/537.36 (KHTML, like Gecko) Chrome/129.0.0.0 Safari/537.36 Edg/129.0.0.0"
  },
  {
    "message_short_link": null,
    "timestamp_utc": "2024-08-14T11:34:36.487Z",
    "context_application_version": "8.9.64.456",
    "context_conn_country": "FR",
    "context_device_manufacturer": "apple",
    "context_device_model": "iPhone12,1",
    "context_device_type": "mobile",
    "context_os_name": "ios",
    "context_os_version": "17.5.1",
    "context_receiver_service_timestamp": 1723635285176,
    "context_time": 1723635276487,
    "context_user_agent": null,
    "message_deeplink_session_id": "448d71f69e02d66e",
    "message_entity_uri": "spotify:",
    "message_link": "https://open.spotify.com/",
    "message_shortlink_source": "BranchIO",
    "message_source": "com.spotify.client.branch-handler"
  },
  {
    "message_short_link": null,
    "timestamp_utc": "2024-11-19T19:53:14.844Z",
    "context_application_version": "mobile-web-player_2024-11-19_1732042611969_05b65cd",
    "context_conn_country": "TR",
    "context_device_manufacturer": null,
    "context_device_model": null,
    "context_device_type": null,
    "context_os_name": null,
    "context_os_version": null,
    "context_receiver_service_timestamp": 1732045995461,
    "context_time": 1732045994844,
    "context_user_agent": "Mozilla/5.0 (iPhone; CPU iPhone OS 17_6_1 like Mac OS X) AppleWebKit/605.1.15 (KHTML, like Gecko) Version/17.6 Mobile/15E148 Safari/604.1",
    "message_deeplink_session_id": "f20ea388eb4b4d86",
    "message_entity_uri": "spotify:track:63vL5oxWrlvaJ0ayNaQnbX",
    "message_link": "https://open.spotify.com/track/63vL5oxWrlvaJ0ayNaQnbX?si=usnUFfawQzWoq226PnXzSg&nd=1&utm_medium=organic&_branch_referrer=H4sIAAAAAAAAA7WN3YrCMBSEnya9EVpNtYJQlgXthagosuidnLZJDcaceJL49%2FQbBR9BGBiYj5k5em%2FdJMucRa%2FkIwVrU63MKfuxhG1ofIlWmITxoQxaHwLp8viqsPyX8SrqhdNPu8FzjDxBc4pe5NfFCO870leY9%2BGxgo2p9yyvnGL5NDjzV0m4bZ47vHBerM3%2Bue3eT6B1HSe%2B%2F8Z4YdpIB4kU4AOJEqkDo5qEjWckpCBSpjvUhDcnqFxirbTobUECqX%2BV9lk%2FOgEAAA%3D%3D&product=open&%24full_url=https%3A%2F%2Fopen.spotify.com%2Ftrack%2F63vL5oxWrlvaJ0ayNaQnbX%3Fsi%3DusnUFfawQzWoq226PnXzSg&feature=organic&_branch_match_id=1385101704339252699",
    "message_shortlink_source": null,
    "message_source": "Mozilla/5.0 (iPhone; CPU iPhone OS 17_6_1 like Mac OS X) AppleWebKit/605.1.15 (KHTML, like Gecko) Version/17.6 Mobile/15E148 Safari/604.1"
  },
  {
    "message_short_link": null,
    "timestamp_utc": "2024-08-14T11:34:36.303Z",
    "context_application_version": "8.9.64.456",
    "context_conn_country": "FR",
    "context_device_manufacturer": "apple",
    "context_device_model": "iPhone12,1",
    "context_device_type": "mobile",
    "context_os_name": "ios",
    "context_os_version": "17.5.1",
    "context_receiver_service_timestamp": 1723635285176,
    "context_time": 1723635276303,
    "context_user_agent": null,
    "message_deeplink_session_id": "f72124348981fc9b",
    "message_entity_uri": "spotify:",
    "message_link": "https://open.spotify.com/",
    "message_shortlink_source": null,
    "message_source": "com.spotify.client.universallink"
  },
  {
    "message_short_link": null,
    "timestamp_utc": "2024-07-12T09:07:18.207Z",
    "context_application_version": "web-player_2024-07-12_1720771312091_d9b44ac",
    "context_conn_country": "FR",
    "context_device_manufacturer": null,
    "context_device_model": null,
    "context_device_type": null,
    "context_os_name": null,
    "context_os_version": null,
    "context_receiver_service_timestamp": 1720775303840,
    "context_time": 1720775238207,
    "context_user_agent": "Mozilla/5.0 (Windows NT 10.0; Win64; x64) AppleWebKit/537.36 (KHTML, like Gecko) Chrome/126.0.0.0 Safari/537.36 Edg/126.0.0.0",
    "message_deeplink_session_id": "6c5884065a1a48e4",
    "message_entity_uri": "spotify:track:4g3oBHp2SWcMAN17pLRhu2",
    "message_link": "https://open.spotify.com/intl-fr/track/4g3oBHp2SWcMAN17pLRhu2",
    "message_shortlink_source": null,
    "message_source": "Mozilla/5.0 (Windows NT 10.0; Win64; x64) AppleWebKit/537.36 (KHTML, like Gecko) Chrome/126.0.0.0 Safari/537.36 Edg/126.0.0.0"
  },
  {
    "message_short_link": null,
    "timestamp_utc": "2024-06-24T08:16:02.092Z",
    "context_application_version": "web-player_2024-06-24_1719212361158_0842679",
    "context_conn_country": "FR",
    "context_device_manufacturer": null,
    "context_device_model": null,
    "context_device_type": null,
    "context_os_name": null,
    "context_os_version": null,
    "context_receiver_service_timestamp": 1719216973010,
    "context_time": 1719216962092,
    "context_user_agent": "Mozilla/5.0 (Windows NT 10.0; Win64; x64) AppleWebKit/537.36 (KHTML, like Gecko) Chrome/126.0.0.0 Safari/537.36",
    "message_deeplink_session_id": "7ed6dc1d385f4557",
    "message_entity_uri": "spotify:show:2SzUipMOE2kZomtbWAu5Sz",
    "message_link": "https://open.spotify.com/show/2SzUipMOE2kZomtbWAu5Sz",
    "message_shortlink_source": null,
    "message_source": "Mozilla/5.0 (Windows NT 10.0; Win64; x64) AppleWebKit/537.36 (KHTML, like Gecko) Chrome/126.0.0.0 Safari/537.36"
  },
  {
    "message_short_link": null,
    "timestamp_utc": "2024-11-19T12:36:04.036Z",
    "context_application_version": "8.9.90.84",
    "context_conn_country": "FR",
    "context_device_manufacturer": "apple",
    "context_device_model": "iPhone14,5",
    "context_device_type": "mobile",
    "context_os_name": "ios",
    "context_os_version": "17.6.1",
    "context_receiver_service_timestamp": 1732019793729,
    "context_time": 1732019764036,
    "context_user_agent": null,
    "message_deeplink_session_id": "544295b53c883e7c",
    "message_entity_uri": "spotify:track:3s8s1eh4pTtQkqrsl7mnqf",
    "message_link": "https://open.spotify.com/intl-fr/track/3s8s1eh4pTtQkqrsl7mnqf?si=50df48e33e5e4085",
    "message_shortlink_source": null,
    "message_source": "com.spotify.client.universallink"
  },
  {
    "message_short_link": null,
    "timestamp_utc": "2024-07-04T16:35:44.714Z",
    "context_application_version": "8.9.50.491",
    "context_conn_country": "DE",
    "context_device_manufacturer": "apple",
    "context_device_model": "iPhone15,2",
    "context_device_type": "mobile",
    "context_os_name": "ios",
    "context_os_version": "17.5.1",
    "context_receiver_service_timestamp": 1720110949264,
    "context_time": 1720110944714,
    "context_user_agent": null,
    "message_deeplink_session_id": "2026e2906282d0f2",
    "message_entity_uri": "spotify:",
    "message_link": "spotify://",
    "message_shortlink_source": null,
    "message_source": ""
  },
  {
    "message_short_link": null,
    "timestamp_utc": "2024-06-12T00:07:51.892Z",
    "context_application_version": "web-player_2024-06-11_1718147379796_8fd24db",
    "context_conn_country": "FR",
    "context_device_manufacturer": null,
    "context_device_model": null,
    "context_device_type": null,
    "context_os_name": null,
    "context_os_version": null,
    "context_receiver_service_timestamp": 1718150881119,
    "context_time": 1718150871892,
    "context_user_agent": "Mozilla/5.0 (Windows NT 10.0; Win64; x64) AppleWebKit/537.36 (KHTML, like Gecko) Chrome/125.0.0.0 Safari/537.36",
    "message_deeplink_session_id": "a96e0c48574045bd",
    "message_entity_uri": "spotify:show:2SzUipMOE2kZomtbWAu5Sz",
    "message_link": "https://open.spotify.com/show/2SzUipMOE2kZomtbWAu5Sz",
    "message_shortlink_source": null,
    "message_source": "Mozilla/5.0 (Windows NT 10.0; Win64; x64) AppleWebKit/537.36 (KHTML, like Gecko) Chrome/125.0.0.0 Safari/537.36"
  },
  {
    "message_short_link": null,
    "timestamp_utc": "2024-07-15T21:56:38.011Z",
    "context_application_version": "8.9.54.343",
    "context_conn_country": "DE",
    "context_device_manufacturer": "apple",
    "context_device_model": "iPhone15,2",
    "context_device_type": "mobile",
    "context_os_name": "ios",
    "context_os_version": "17.5.1",
    "context_receiver_service_timestamp": 1721080627588,
    "context_time": 1721080598011,
    "context_user_agent": null,
    "message_deeplink_session_id": "a21b4c2386bad6f",
    "message_entity_uri": "spotify:",
    "message_link": "spotify://",
    "message_shortlink_source": null,
    "message_source": ""
  },
  {
    "message_short_link": null,
    "timestamp_utc": "2024-06-21T07:48:37.452Z",
    "context_application_version": "web-player_2024-06-21_1718948226571_be6aa3f",
    "context_conn_country": "FR",
    "context_device_manufacturer": null,
    "context_device_model": null,
    "context_device_type": null,
    "context_os_name": null,
    "context_os_version": null,
    "context_receiver_service_timestamp": 1718956128837,
    "context_time": 1718956117452,
    "context_user_agent": "Mozilla/5.0 (Windows NT 10.0; Win64; x64) AppleWebKit/537.36 (KHTML, like Gecko) Chrome/126.0.0.0 Safari/537.36",
    "message_deeplink_session_id": "8d24d8ea60434c30",
    "message_entity_uri": "spotify:show:2SzUipMOE2kZomtbWAu5Sz",
    "message_link": "https://open.spotify.com/show/2SzUipMOE2kZomtbWAu5Sz",
    "message_shortlink_source": null,
    "message_source": "Mozilla/5.0 (Windows NT 10.0; Win64; x64) AppleWebKit/537.36 (KHTML, like Gecko) Chrome/126.0.0.0 Safari/537.36"
  },
  {
    "message_short_link": null,
    "timestamp_utc": "2024-07-08T17:33:05.099Z",
    "context_application_version": "8.9.50.491",
    "context_conn_country": "DE",
    "context_device_manufacturer": "apple",
    "context_device_model": "iPhone15,2",
    "context_device_type": "mobile",
    "context_os_name": "ios",
    "context_os_version": "17.5.1",
    "context_receiver_service_timestamp": 1720459994207,
    "context_time": 1720459985099,
    "context_user_agent": null,
    "message_deeplink_session_id": "20bf305d4205833c",
    "message_entity_uri": "spotify:playlist:0f90SJ6aDzPl6s2SublWe8",
    "message_link": "https://open.spotify.com/playlist/0f90SJ6aDzPl6s2SublWe8?si=GdGN7Tt8RH253itL9F-WVA&pi=e-dJ7k9bYdRuGL&fbclid=PAZXh0bgNhZW0CMTEAAab5YFsqF6mOKxQHegopsttLCd8k-SoVwoPVcfrk8bgS2eEqsgDSXbEFEu0_aem_1RcESyWSkF3SzH4KTFsv6Q",
    "message_shortlink_source": null,
    "message_source": "com.spotify.client.universallink"
  },
  {
    "message_short_link": null,
    "timestamp_utc": "2024-06-12T20:53:54.615Z",
    "context_application_version": "web-player_2024-06-12_1718214567315_9a3ed86",
    "context_conn_country": "FR",
    "context_device_manufacturer": null,
    "context_device_model": null,
    "context_device_type": null,
    "context_os_name": null,
    "context_os_version": null,
    "context_receiver_service_timestamp": 1718310013873,
    "context_time": 1718225634615,
    "context_user_agent": "Mozilla/5.0 (Windows NT 10.0; Win64; x64) AppleWebKit/537.36 (KHTML, like Gecko) Chrome/125.0.0.0 Safari/537.36",
    "message_deeplink_session_id": "724dfd9f1cf7471d",
    "message_entity_uri": "spotify:show:2SzUipMOE2kZomtbWAu5Sz",
    "message_link": "https://open.spotify.com/show/2SzUipMOE2kZomtbWAu5Sz",
    "message_shortlink_source": null,
    "message_source": "Mozilla/5.0 (Windows NT 10.0; Win64; x64) AppleWebKit/537.36 (KHTML, like Gecko) Chrome/125.0.0.0 Safari/537.36"
  },
  {
    "message_short_link": null,
    "timestamp_utc": "2024-06-26T00:30:50.935Z",
    "context_application_version": "web-player_2024-06-25_1719352496367_ec0bc1d",
    "context_conn_country": "FR",
    "context_device_manufacturer": null,
    "context_device_model": null,
    "context_device_type": null,
    "context_os_name": null,
    "context_os_version": null,
    "context_receiver_service_timestamp": 1719361861527,
    "context_time": 1719361850935,
    "context_user_agent": "Mozilla/5.0 (Windows NT 10.0; Win64; x64) AppleWebKit/537.36 (KHTML, like Gecko) Chrome/126.0.0.0 Safari/537.36",
    "message_deeplink_session_id": "6b06df7ef5bf4323",
    "message_entity_uri": "spotify:show:2SzUipMOE2kZomtbWAu5Sz",
    "message_link": "https://open.spotify.com/show/2SzUipMOE2kZomtbWAu5Sz",
    "message_shortlink_source": null,
    "message_source": "Mozilla/5.0 (Windows NT 10.0; Win64; x64) AppleWebKit/537.36 (KHTML, like Gecko) Chrome/126.0.0.0 Safari/537.36"
  },
  {
    "message_short_link": null,
    "timestamp_utc": "2024-06-26T12:06:02.676Z",
    "context_application_version": "web-player_2024-06-26_1719399446684_5dbaaa3",
    "context_conn_country": "FR",
    "context_device_manufacturer": null,
    "context_device_model": null,
    "context_device_type": null,
    "context_os_name": null,
    "context_os_version": null,
    "context_receiver_service_timestamp": 1719403573021,
    "context_time": 1719403562676,
    "context_user_agent": "Mozilla/5.0 (Windows NT 10.0; Win64; x64) AppleWebKit/537.36 (KHTML, like Gecko) Chrome/126.0.0.0 Safari/537.36",
    "message_deeplink_session_id": "19fedeec57a848d8",
    "message_entity_uri": "spotify:playlist:37i9dQZF1EQncLwOalG3K7",
    "message_link": "https://open.spotify.com/playlist/37i9dQZF1EQncLwOalG3K7",
    "message_shortlink_source": null,
    "message_source": "Mozilla/5.0 (Windows NT 10.0; Win64; x64) AppleWebKit/537.36 (KHTML, like Gecko) Chrome/126.0.0.0 Safari/537.36"
  },
  {
    "message_short_link": null,
    "timestamp_utc": "2024-10-19T13:04:00.723Z",
    "context_application_version": "1.2.48.405",
    "context_conn_country": "FR",
    "context_device_manufacturer": "HP",
    "context_device_model": "HP EliteBook 830 G5",
    "context_device_type": "desktop",
    "context_os_name": "windows",
    "context_os_version": "10.0.19045",
    "context_receiver_service_timestamp": 1729343156983,
    "context_time": 1729343040723,
    "context_user_agent": null,
    "message_deeplink_session_id": "f2dcbd19d28848fe",
    "message_entity_uri": "spotify:playlist:5fNUR3fRGBFPm6Uuu7sFTI",
    "message_link": "https://open.spotify.com/playlist/5fNUR3fRGBFPm6Uuu7sFTI?si=2242eaf9a3da4cad&dlsi=f2dcbd19d28848fe",
    "message_shortlink_source": null,
    "message_source": "Mozilla/5.0 (Windows NT 10.0; Win64; x64) AppleWebKit/537.36 (KHTML, like Gecko) Chrome/128.0.6613.138 Spotify/1.2.48.405 Safari/537.36"
  },
  {
    "message_short_link": null,
    "timestamp_utc": "2024-06-23T08:55:52.189Z",
    "context_application_version": "web-player_2024-06-22_1719043902703_e0010ef",
    "context_conn_country": "FR",
    "context_device_manufacturer": null,
    "context_device_model": null,
    "context_device_type": null,
    "context_os_name": null,
    "context_os_version": null,
    "context_receiver_service_timestamp": 1719132963094,
    "context_time": 1719132952189,
    "context_user_agent": "Mozilla/5.0 (Windows NT 10.0; Win64; x64) AppleWebKit/537.36 (KHTML, like Gecko) Chrome/126.0.0.0 Safari/537.36",
    "message_deeplink_session_id": "b7d5d97944d84c93",
    "message_entity_uri": "spotify:playlist:2sl5lWuZXRibkptB43lUlb",
    "message_link": "https://open.spotify.com/playlist/2sl5lWuZXRibkptB43lUlb",
    "message_shortlink_source": null,
    "message_source": "Mozilla/5.0 (Windows NT 10.0; Win64; x64) AppleWebKit/537.36 (KHTML, like Gecko) Chrome/126.0.0.0 Safari/537.36"
  },
  {
    "message_short_link": null,
    "timestamp_utc": "2024-07-15T21:56:45.845Z",
    "context_application_version": "8.9.54.343",
    "context_conn_country": "DE",
    "context_device_manufacturer": "apple",
    "context_device_model": "iPhone15,2",
    "context_device_type": "mobile",
    "context_os_name": "ios",
    "context_os_version": "17.5.1",
    "context_receiver_service_timestamp": 1721080627588,
    "context_time": 1721080605845,
    "context_user_agent": null,
    "message_deeplink_session_id": "f4d2a54b890446d",
    "message_entity_uri": "spotify:",
    "message_link": "spotify://",
    "message_shortlink_source": null,
    "message_source": ""
  },
  {
    "message_short_link": null,
    "timestamp_utc": "2024-06-26T23:35:40.444Z",
    "context_application_version": "web-player_2024-06-26_1719434335843_5a14434",
    "context_conn_country": "FR",
    "context_device_manufacturer": null,
    "context_device_model": null,
    "context_device_type": null,
    "context_os_name": null,
    "context_os_version": null,
    "context_receiver_service_timestamp": 1719444950877,
    "context_time": 1719444940444,
    "context_user_agent": "Mozilla/5.0 (Windows NT 10.0; Win64; x64) AppleWebKit/537.36 (KHTML, like Gecko) Chrome/126.0.0.0 Safari/537.36",
    "message_deeplink_session_id": "c00967d3cbb744eb",
    "message_entity_uri": "spotify:playlist:37i9dQZF1EQncLwOalG3K7",
    "message_link": "https://open.spotify.com/playlist/37i9dQZF1EQncLwOalG3K7",
    "message_shortlink_source": null,
    "message_source": "Mozilla/5.0 (Windows NT 10.0; Win64; x64) AppleWebKit/537.36 (KHTML, like Gecko) Chrome/126.0.0.0 Safari/537.36"
  },
  {
    "message_short_link": null,
    "timestamp_utc": "2024-11-19T13:11:12.996Z",
    "context_application_version": "8.9.90.84",
    "context_conn_country": "FR",
    "context_device_manufacturer": "apple",
    "context_device_model": "iPhone14,5",
    "context_device_type": "mobile",
    "context_os_name": "ios",
    "context_os_version": "17.6.1",
    "context_receiver_service_timestamp": 1732021874599,
    "context_time": 1732021872996,
    "context_user_agent": null,
    "message_deeplink_session_id": "eb64f8c8e1ad45b0",
    "message_entity_uri": "spotify:track:518h38JXHfQPLgpjadIoYG",
    "message_link": "https://open.spotify.com/track/518h38JXHfQPLgpjadIoYG?si=vJX0mbE5R2qiPp1lk6XDQA",
    "message_shortlink_source": null,
    "message_source": "com.spotify.client.universallink"
  },
  {
    "message_short_link": null,
    "timestamp_utc": "2024-06-24T10:03:15.965Z",
    "context_application_version": "web-player_2024-06-24_1719220190202_67f2a22",
    "context_conn_country": "FR",
    "context_device_manufacturer": null,
    "context_device_model": null,
    "context_device_type": null,
    "context_os_name": null,
    "context_os_version": null,
    "context_receiver_service_timestamp": 1719223409040,
    "context_time": 1719223395965,
    "context_user_agent": "Mozilla/5.0 (Windows NT 10.0; Win64; x64) AppleWebKit/537.36 (KHTML, like Gecko) Chrome/126.0.0.0 Safari/537.36",
    "message_deeplink_session_id": "7e5a8d77c0594628",
    "message_entity_uri": "spotify:playlist:37i9dQZF1E4qDFCLab1bJ8",
    "message_link": "https://open.spotify.com/playlist/37i9dQZF1E4qDFCLab1bJ8",
    "message_shortlink_source": null,
    "message_source": "Mozilla/5.0 (Windows NT 10.0; Win64; x64) AppleWebKit/537.36 (KHTML, like Gecko) Chrome/126.0.0.0 Safari/537.36"
  },
  {
    "message_short_link": null,
    "timestamp_utc": "2024-08-14T11:34:38.484Z",
    "context_application_version": "8.9.64.456",
    "context_conn_country": "FR",
    "context_device_manufacturer": "apple",
    "context_device_model": "iPhone12,1",
    "context_device_type": "mobile",
    "context_os_name": "ios",
    "context_os_version": "17.5.1",
    "context_receiver_service_timestamp": 1723635285176,
    "context_time": 1723635278484,
    "context_user_agent": null,
    "message_deeplink_session_id": "7216b8e0781ecdb1",
    "message_entity_uri": "spotify:",
    "message_link": "https://open.spotify.com/",
    "message_shortlink_source": "BranchIO",
    "message_source": "com.spotify.client.branch-handler"
  },
  {
    "message_short_link": null,
    "timestamp_utc": "2024-08-14T06:39:17.326Z",
    "context_application_version": "8.9.64.456",
    "context_conn_country": "FR",
    "context_device_manufacturer": "apple",
    "context_device_model": "iPhone12,1",
    "context_device_type": "mobile",
    "context_os_name": "ios",
    "context_os_version": "17.5.1",
    "context_receiver_service_timestamp": 1723617565408,
    "context_time": 1723617557326,
    "context_user_agent": null,
    "message_deeplink_session_id": "1fab5ef6da23bbb5",
    "message_entity_uri": "spotify:",
    "message_link": "https://open.spotify.com/",
    "message_shortlink_source": null,
    "message_source": "com.spotify.client.universallink"
  },
  {
    "message_short_link": null,
    "timestamp_utc": "2024-07-04T17:08:54.585Z",
    "context_application_version": "8.9.50.491",
    "context_conn_country": "FR",
    "context_device_manufacturer": "apple",
    "context_device_model": "iPhone9,4",
    "context_device_type": "mobile",
    "context_os_name": "ios",
    "context_os_version": "15.8.2",
    "context_receiver_service_timestamp": 1720133406975,
    "context_time": 1720112934585,
    "context_user_agent": null,
    "message_deeplink_session_id": "c3f9ef4249acf7ef",
    "message_entity_uri": "spotify:track:7LKbaK4RD00Nso9EJk4opn",
    "message_link": "https://open.spotify.com/track/7LKbaK4RD00Nso9EJk4opn",
    "message_shortlink_source": null,
    "message_source": "com.spotify.client.universallink"
  },
  {
    "message_short_link": null,
    "timestamp_utc": "2024-09-22T22:45:48.741Z",
    "context_application_version": "1.2.45.454",
    "context_conn_country": "FR",
    "context_device_manufacturer": "HP",
    "context_device_model": "HP EliteBook 830 G5",
    "context_device_type": "desktop",
    "context_os_name": "windows",
    "context_os_version": "10.0.19045",
    "context_receiver_service_timestamp": 1727045242537,
    "context_time": 1727045148741,
    "context_user_agent": null,
    "message_deeplink_session_id": "5636365cf214412d",
    "message_entity_uri": "spotify:track:6kIKaWfJlrYqkHxmqHflDz?context=spotify%3Aplaylist%3A5KV3lt1Nou7Lcry5OQT9re",
    "message_link": "https://open.spotify.com/track/6kIKaWfJlrYqkHxmqHflDz?context=spotify%3Aplaylist%3A5KV3lt1Nou7Lcry5OQT9re%3Arecommended&si=ttorRGnJR8OFxMHNj6gQ3w&dlsi=5636365cf214412d",
    "message_shortlink_source": null,
    "message_source": "Mozilla/5.0 (Windows NT 10.0; Win64; x64) AppleWebKit/537.36 (KHTML, like Gecko) Chrome/127.0.6533.100 Spotify/1.2.45.454 Safari/537.36"
  },
  {
    "message_short_link": null,
    "timestamp_utc": "2024-06-13T20:20:03.515Z",
    "context_application_version": "web-player_2024-06-13_1718306908829_6aa9dc9",
    "context_conn_country": "FR",
    "context_device_manufacturer": null,
    "context_device_model": null,
    "context_device_type": null,
    "context_os_name": null,
    "context_os_version": null,
    "context_receiver_service_timestamp": 1718310013873,
    "context_time": 1718310003515,
    "context_user_agent": "Mozilla/5.0 (Windows NT 10.0; Win64; x64) AppleWebKit/537.36 (KHTML, like Gecko) Chrome/125.0.0.0 Safari/537.36",
    "message_deeplink_session_id": "f199024b1f914413",
    "message_entity_uri": "spotify:show:2SzUipMOE2kZomtbWAu5Sz",
    "message_link": "https://open.spotify.com/show/2SzUipMOE2kZomtbWAu5Sz",
    "message_shortlink_source": null,
    "message_source": "Mozilla/5.0 (Windows NT 10.0; Win64; x64) AppleWebKit/537.36 (KHTML, like Gecko) Chrome/125.0.0.0 Safari/537.36"
  },
  {
    "message_short_link": null,
    "timestamp_utc": "2024-07-12T09:07:02.082Z",
    "context_application_version": "web-player_2024-07-12_1720771312091_d9b44ac",
    "context_conn_country": "FR",
    "context_device_manufacturer": null,
    "context_device_model": null,
    "context_device_type": null,
    "context_os_name": null,
    "context_os_version": null,
    "context_receiver_service_timestamp": 1720775288001,
    "context_time": 1720775222082,
    "context_user_agent": "Mozilla/5.0 (Windows NT 10.0; Win64; x64) AppleWebKit/537.36 (KHTML, like Gecko) Chrome/126.0.0.0 Safari/537.36 Edg/126.0.0.0",
    "message_deeplink_session_id": "e2c80a09e7fd4c8f",
    "message_entity_uri": "spotify:track:4g3oBHp2SWcMAN17pLRhu2",
    "message_link": "https://open.spotify.com/intl-fr/track/4g3oBHp2SWcMAN17pLRhu2",
    "message_shortlink_source": null,
    "message_source": "Mozilla/5.0 (Windows NT 10.0; Win64; x64) AppleWebKit/537.36 (KHTML, like Gecko) Chrome/126.0.0.0 Safari/537.36 Edg/126.0.0.0"
  },
  {
    "message_short_link": null,
    "timestamp_utc": "2024-07-03T08:46:12.357Z",
    "context_application_version": "web-player_2024-07-03_1719991808202_372afc1",
    "context_conn_country": "FR",
    "context_device_manufacturer": null,
    "context_device_model": null,
    "context_device_type": null,
    "context_os_name": null,
    "context_os_version": null,
    "context_receiver_service_timestamp": 1719996382656,
    "context_time": 1719996372357,
    "context_user_agent": "Mozilla/5.0 (Windows NT 10.0; Win64; x64) AppleWebKit/537.36 (KHTML, like Gecko) Chrome/126.0.0.0 Safari/537.36",
    "message_deeplink_session_id": "aa9ef8d990774a9c",
    "message_entity_uri": "spotify:show:2SzUipMOE2kZomtbWAu5Sz",
    "message_link": "https://open.spotify.com/show/2SzUipMOE2kZomtbWAu5Sz",
    "message_shortlink_source": null,
    "message_source": "Mozilla/5.0 (Windows NT 10.0; Win64; x64) AppleWebKit/537.36 (KHTML, like Gecko) Chrome/126.0.0.0 Safari/537.36"
  },
  {
    "message_short_link": null,
    "timestamp_utc": "2024-09-22T22:47:43.263Z",
    "context_application_version": "8.9.74.535",
    "context_conn_country": "FR",
    "context_device_manufacturer": "apple",
    "context_device_model": "iPhone14,5",
    "context_device_type": "mobile",
    "context_os_name": "ios",
    "context_os_version": "17.6.1",
    "context_receiver_service_timestamp": 1727045292832,
    "context_time": 1727045263263,
    "context_user_agent": null,
    "message_deeplink_session_id": "2fa19106c8068b80",
    "message_entity_uri": "spotify:track:6kIKaWfJlrYqkHxmqHflDz",
    "message_link": "https://open.spotify.com/track/6kIKaWfJlrYqkHxmqHflDz?si=ttorRGnJR8OFxMHNj6gQ3w&context=spotify%3Aplaylist%3A5KV3lt1Nou7Lcry5OQT9re%3Arecommended",
    "message_shortlink_source": null,
    "message_source": "com.spotify.client.universallink"
  },
  {
    "message_short_link": null,
    "timestamp_utc": "2024-08-14T11:34:42.161Z",
    "context_application_version": "mobile-web-player_2024-08-14_1723631677731_c546fc5",
    "context_conn_country": "FR",
    "context_device_manufacturer": null,
    "context_device_model": null,
    "context_device_type": null,
    "context_os_name": null,
    "context_os_version": null,
    "context_receiver_service_timestamp": 1723635282891,
    "context_time": 1723635282161,
    "context_user_agent": "Mozilla/5.0 (iPhone; CPU iPhone OS 17_5_1 like Mac OS X) AppleWebKit/605.1.15 (KHTML, like Gecko) Version/17.5 Mobile/15E148 Safari/604.1",
    "message_deeplink_session_id": "cfc1877730dd473b",
    "message_entity_uri": null,
    "message_link": "https://open.spotify.com/download",
    "message_shortlink_source": null,
    "message_source": "Mozilla/5.0 (iPhone; CPU iPhone OS 17_5_1 like Mac OS X) AppleWebKit/605.1.15 (KHTML, like Gecko) Version/17.5 Mobile/15E148 Safari/604.1"
  },
  {
    "message_short_link": null,
    "timestamp_utc": "2024-06-14T20:07:10.746Z",
    "context_application_version": "web-player_2024-06-14_1718388118927_26dd3bf",
    "context_conn_country": "FR",
    "context_device_manufacturer": null,
    "context_device_model": null,
    "context_device_type": null,
    "context_os_name": null,
    "context_os_version": null,
    "context_receiver_service_timestamp": 1718395641223,
    "context_time": 1718395630746,
    "context_user_agent": "Mozilla/5.0 (Windows NT 10.0; Win64; x64) AppleWebKit/537.36 (KHTML, like Gecko) Chrome/125.0.0.0 Safari/537.36",
    "message_deeplink_session_id": "81e0d7e6aa1a451a",
    "message_entity_uri": "spotify:show:2SzUipMOE2kZomtbWAu5Sz",
    "message_link": "https://open.spotify.com/show/2SzUipMOE2kZomtbWAu5Sz",
    "message_shortlink_source": null,
    "message_source": "Mozilla/5.0 (Windows NT 10.0; Win64; x64) AppleWebKit/537.36 (KHTML, like Gecko) Chrome/125.0.0.0 Safari/537.36"
  },
  {
    "message_short_link": null,
    "timestamp_utc": "2024-08-14T11:34:38.103Z",
    "context_application_version": "8.9.64.456",
    "context_conn_country": "FR",
    "context_device_manufacturer": "apple",
    "context_device_model": "iPhone12,1",
    "context_device_type": "mobile",
    "context_os_name": "ios",
    "context_os_version": "17.5.1",
    "context_receiver_service_timestamp": 1723635285176,
    "context_time": 1723635278103,
    "context_user_agent": null,
    "message_deeplink_session_id": "2e7034686a507249",
    "message_entity_uri": "spotify:",
    "message_link": "https://open.spotify.com/",
    "message_shortlink_source": null,
    "message_source": "com.spotify.client.universallink"
  },
  {
    "message_short_link": null,
    "timestamp_utc": "2024-06-10T12:02:37.836Z",
    "context_application_version": "web-player_2024-06-10_1718016057623_ab04b88",
    "context_conn_country": "FR",
    "context_device_manufacturer": null,
    "context_device_model": null,
    "context_device_type": null,
    "context_os_name": null,
    "context_os_version": null,
    "context_receiver_service_timestamp": 1718020967201,
    "context_time": 1718020957836,
    "context_user_agent": "Mozilla/5.0 (Windows NT 10.0; Win64; x64) AppleWebKit/537.36 (KHTML, like Gecko) Chrome/125.0.0.0 Safari/537.36",
    "message_deeplink_session_id": "c121e2059d764d71",
    "message_entity_uri": "spotify:show:2SzUipMOE2kZomtbWAu5Sz",
    "message_link": "https://open.spotify.com/show/2SzUipMOE2kZomtbWAu5Sz",
    "message_shortlink_source": null,
    "message_source": "Mozilla/5.0 (Windows NT 10.0; Win64; x64) AppleWebKit/537.36 (KHTML, like Gecko) Chrome/125.0.0.0 Safari/537.36"
  },
  {
    "message_short_link": null,
    "timestamp_utc": "2024-07-12T22:03:14.953Z",
    "context_application_version": "8.9.50.491",
    "context_conn_country": "FR",
    "context_device_manufacturer": "apple",
    "context_device_model": "iPhone14,5",
    "context_device_type": "mobile",
    "context_os_name": "ios",
    "context_os_version": "17.4.1",
    "context_receiver_service_timestamp": 1720821816206,
    "context_time": 1720821794953,
    "context_user_agent": null,
    "message_deeplink_session_id": "f1ac4e53f512abff",
    "message_entity_uri": "spotify:episode:4fb3J3l1hDf5ckv9Nn2mxn",
    "message_link": "https://open.spotify.com/episode/4fb3J3l1hDf5ckv9Nn2mxn?si=U4j7hGLfTeimi4fm6pnXRw",
    "message_shortlink_source": null,
    "message_source": "com.spotify.client.universallink"
  },
  {
    "message_short_link": null,
    "timestamp_utc": "2024-06-10T12:31:01.893Z",
    "context_application_version": "web-player_2024-06-10_1718018343734_1cdb0fc",
    "context_conn_country": "FR",
    "context_device_manufacturer": null,
    "context_device_model": null,
    "context_device_type": null,
    "context_os_name": null,
    "context_os_version": null,
    "context_receiver_service_timestamp": 1718022671415,
    "context_time": 1718022661893,
    "context_user_agent": "Mozilla/5.0 (Windows NT 10.0; Win64; x64) AppleWebKit/537.36 (KHTML, like Gecko) Chrome/125.0.0.0 Safari/537.36",
    "message_deeplink_session_id": "b8e055e646e84fcf",
    "message_entity_uri": "spotify:playlist:37i9dQZF1DWYUCqLrWKr4p",
    "message_link": "https://open.spotify.com/playlist/37i9dQZF1DWYUCqLrWKr4p",
    "message_shortlink_source": null,
    "message_source": "Mozilla/5.0 (Windows NT 10.0; Win64; x64) AppleWebKit/537.36 (KHTML, like Gecko) Chrome/125.0.0.0 Safari/537.36"
  },
  {
    "message_short_link": null,
    "timestamp_utc": "2024-11-10T23:42:11.128Z",
    "context_application_version": "8.9.86.419",
    "context_conn_country": "FR",
    "context_device_manufacturer": "apple",
    "context_device_model": "iPhone14,5",
    "context_device_type": "mobile",
    "context_os_name": "ios",
    "context_os_version": "17.6.1",
    "context_receiver_service_timestamp": 1731282131749,
    "context_time": 1731282131128,
    "context_user_agent": null,
    "message_deeplink_session_id": "15674caac0a404e0",
    "message_entity_uri": "spotify:episode:2UjXwwKoZjTsguAhO89Mz8",
    "message_link": "https://open.spotify.com/episode/2UjXwwKoZjTsguAhO89Mz8?si=A8oXE2ikS2Gwo8p8W6UL3Q&t=1651&context=spotify%3Aplaylist%3A0xcu2feAYxxlOW09UPf5zK",
    "message_shortlink_source": null,
    "message_source": "com.spotify.client.universallink"
  },
  {
    "message_short_link": null,
    "timestamp_utc": "2024-10-15T20:38:03.835Z",
    "context_application_version": "8.9.82.628",
    "context_conn_country": "DE",
    "context_device_manufacturer": "apple",
    "context_device_model": "iPhone15,2",
    "context_device_type": "mobile",
    "context_os_name": "ios",
    "context_os_version": "18.0",
    "context_receiver_service_timestamp": 1729024687695,
    "context_time": 1729024683835,
    "context_user_agent": null,
    "message_deeplink_session_id": "f80481be94b5e32e",
    "message_entity_uri": "spotify:artist:76wDwepIombkHCdm0kas1h",
    "message_link": "https://open.spotify.com/artist/76wDwepIombkHCdm0kas1h?si=vfO4pEnsRbmfjnIa26FbOw",
    "message_shortlink_source": null,
    "message_source": "com.spotify.client.universallink"
  },
  {
    "message_short_link": null,
    "timestamp_utc": "2024-08-14T06:39:17.505Z",
    "context_application_version": "8.9.64.456",
    "context_conn_country": "FR",
    "context_device_manufacturer": "apple",
    "context_device_model": "iPhone12,1",
    "context_device_type": "mobile",
    "context_os_name": "ios",
    "context_os_version": "17.5.1",
    "context_receiver_service_timestamp": 1723617565408,
    "context_time": 1723617557505,
    "context_user_agent": null,
    "message_deeplink_session_id": "c0ea72f0746ff4a0",
    "message_entity_uri": "spotify:",
    "message_link": "https://open.spotify.com/",
    "message_shortlink_source": "BranchIO",
    "message_source": "com.spotify.client.branch-handler"
  },
  {
    "message_short_link": null,
    "timestamp_utc": "2024-07-03T07:53:07.496Z",
    "context_application_version": "web-player_2024-07-03_1719989201554_c9232dc",
    "context_conn_country": "FR",
    "context_device_manufacturer": null,
    "context_device_model": null,
    "context_device_type": null,
    "context_os_name": null,
    "context_os_version": null,
    "context_receiver_service_timestamp": 1719993197639,
    "context_time": 1719993187496,
    "context_user_agent": "Mozilla/5.0 (Windows NT 10.0; Win64; x64) AppleWebKit/537.36 (KHTML, like Gecko) Chrome/126.0.0.0 Safari/537.36",
    "message_deeplink_session_id": "cc15396abb194977",
    "message_entity_uri": "spotify:show:2SzUipMOE2kZomtbWAu5Sz",
    "message_link": "https://open.spotify.com/show/2SzUipMOE2kZomtbWAu5Sz",
    "message_shortlink_source": null,
    "message_source": "Mozilla/5.0 (Windows NT 10.0; Win64; x64) AppleWebKit/537.36 (KHTML, like Gecko) Chrome/126.0.0.0 Safari/537.36"
  },
  {
    "message_short_link": null,
    "timestamp_utc": "2024-06-21T14:05:21.746Z",
    "context_application_version": "web-player_2024-06-21_1718973900964_9a221c6",
    "context_conn_country": "FR",
    "context_device_manufacturer": null,
    "context_device_model": null,
    "context_device_type": null,
    "context_os_name": null,
    "context_os_version": null,
    "context_receiver_service_timestamp": 1718978732008,
    "context_time": 1718978721746,
    "context_user_agent": "Mozilla/5.0 (Windows NT 10.0; Win64; x64) AppleWebKit/537.36 (KHTML, like Gecko) Chrome/126.0.0.0 Safari/537.36",
    "message_deeplink_session_id": "e085dc0d0b284d84",
    "message_entity_uri": "spotify:search:the+beatles",
    "message_link": "https://open.spotify.com/search/the%20beatles",
    "message_shortlink_source": null,
    "message_source": "Mozilla/5.0 (Windows NT 10.0; Win64; x64) AppleWebKit/537.36 (KHTML, like Gecko) Chrome/126.0.0.0 Safari/537.36"
  },
  {
    "message_short_link": null,
    "timestamp_utc": "2024-07-04T16:35:55.319Z",
    "context_application_version": "8.9.50.491",
    "context_conn_country": "DE",
    "context_device_manufacturer": "apple",
    "context_device_model": "iPhone15,2",
    "context_device_type": "mobile",
    "context_os_name": "ios",
    "context_os_version": "17.5.1",
    "context_receiver_service_timestamp": 1720110964308,
    "context_time": 1720110955319,
    "context_user_agent": null,
    "message_deeplink_session_id": "b8d0a0a69cf38704",
    "message_entity_uri": "spotify:",
    "message_link": "spotify://",
    "message_shortlink_source": null,
    "message_source": ""
  },
  {
    "message_short_link": null,
    "timestamp_utc": "2024-06-25T13:15:11.568Z",
    "context_application_version": "web-player_2024-06-25_1719311988471_2c440fe",
    "context_conn_country": "FR",
    "context_device_manufacturer": null,
    "context_device_model": null,
    "context_device_type": null,
    "context_os_name": null,
    "context_os_version": null,
    "context_receiver_service_timestamp": 1719321321619,
    "context_time": 1719321311568,
    "context_user_agent": "Mozilla/5.0 (Windows NT 10.0; Win64; x64) AppleWebKit/537.36 (KHTML, like Gecko) Chrome/126.0.0.0 Safari/537.36",
    "message_deeplink_session_id": "f87361ce11f94085",
    "message_entity_uri": "spotify:playlist:37i9dQZF1DX55yuR78Invt",
    "message_link": "https://open.spotify.com/playlist/37i9dQZF1DX55yuR78Invt",
    "message_shortlink_source": null,
    "message_source": "Mozilla/5.0 (Windows NT 10.0; Win64; x64) AppleWebKit/537.36 (KHTML, like Gecko) Chrome/126.0.0.0 Safari/537.36"
  },
  {
    "message_short_link": null,
    "timestamp_utc": "2024-07-20T23:43:48.498Z",
    "context_application_version": "8.9.54.343",
    "context_conn_country": "FR",
    "context_device_manufacturer": "apple",
    "context_device_model": "iPhone14,5",
    "context_device_type": "mobile",
    "context_os_name": "ios",
    "context_os_version": "17.4.1",
    "context_receiver_service_timestamp": 1721519036648,
    "context_time": 1721519028498,
    "context_user_agent": null,
    "message_deeplink_session_id": "82597b592bcd929d",
    "message_entity_uri": "spotify:playlist:6btdOySzA0vlkIGMHuCrPt",
    "message_link": "https://open.spotify.com/playlist/6btdOySzA0vlkIGMHuCrPt",
    "message_shortlink_source": null,
    "message_source": "com.spotify.client.universallink"
  },
  {
    "message_short_link": null,
    "timestamp_utc": "2024-11-13T04:30:09.611Z",
    "context_application_version": "mobile-web-player_2024-11-12_1731452812379_3824e6a",
    "context_conn_country": "FR",
    "context_device_manufacturer": null,
    "context_device_model": null,
    "context_device_type": null,
    "context_os_name": null,
    "context_os_version": null,
    "context_receiver_service_timestamp": 1731472210017,
    "context_time": 1731472209611,
    "context_user_agent": "Mozilla/5.0 (iPhone; CPU iPhone OS 17_6_1 like Mac OS X) AppleWebKit/605.1.15 (KHTML, like Gecko) Version/17.6 Mobile/15E148 Safari/604.1",
    "message_deeplink_session_id": "3baab149f6a04ea1",
    "message_entity_uri": "spotify:episode:2UjXwwKoZjTsguAhO89Mz8",
    "message_link": "https://open.spotify.com/episode/2UjXwwKoZjTsguAhO89Mz8?si=5-sQFtIRTwCu4_LnMLQwYg&context=spotify%3Aplaylist%3A0xcu2feAYxxlOW09UPf5zK&t=1159&nd=1&utm_medium=organic&_branch_referrer=H4sIAAAAAAAAA9WOXWuDMBSGf028m9pYRx3IkA5htNJ1a9naG4kx0bRZEvKBthf77Yul%2BxGDc%2FGcj%2Bfw9tYq8xRFRknL6CVESoWciXP0rLRsHba5VEQEAM6p47x2muf9pICkALD0Na3DPxvLbz8iihnZEk9wf%2FoahpU8nnamc0W%2FWWTVdQGS0jCQvKQPZlva1%2FfdsHTzei2q9XY4dAA%2BYiksGa0%2FuT8GME0KxdGFM2NvTTxiBykpDuPIN59xtn%2Bj6XXl3cmazdLsFhlx3iB8%2FkexPYp24oASZJ0mudQdEgwHP5pQojUTXd1oORii80o2jPvA8QeiSLNfCOuA7MwBAAA%3D&product=open&%24full_url=https%3A%2F%2Fopen.spotify.com%2Fepisode%2F2UjXwwKoZjTsguAhO89Mz8%3Fsi%3D5-sQFtIRTwCu4_LnMLQwYg%26context%3Dspotify%253Aplaylist%253A0xcu2feAYxxlOW09UPf5zK%26t%3D1159&feature=organic&_branch_match_id=1385101704339252699",
    "message_shortlink_source": null,
    "message_source": "Mozilla/5.0 (iPhone; CPU iPhone OS 17_6_1 like Mac OS X) AppleWebKit/605.1.15 (KHTML, like Gecko) Version/17.6 Mobile/15E148 Safari/604.1"
  },
  {
    "message_short_link": null,
    "timestamp_utc": "2024-08-14T12:26:58.128Z",
    "context_application_version": "mobile-web-player_2024-08-14_1723631677731_c546fc5",
    "context_conn_country": "FR",
    "context_device_manufacturer": null,
    "context_device_model": null,
    "context_device_type": null,
    "context_os_name": null,
    "context_os_version": null,
    "context_receiver_service_timestamp": 1723638419314,
    "context_time": 1723638418128,
    "context_user_agent": "Mozilla/5.0 (iPhone; CPU iPhone OS 17_5_1 like Mac OS X) AppleWebKit/605.1.15 (KHTML, like Gecko) Version/17.5 Mobile/15E148 Safari/604.1",
    "message_deeplink_session_id": "48a04b356f0945a8",
    "message_entity_uri": null,
    "message_link": "https://open.spotify.com/download",
    "message_shortlink_source": null,
    "message_source": "Mozilla/5.0 (iPhone; CPU iPhone OS 17_5_1 like Mac OS X) AppleWebKit/605.1.15 (KHTML, like Gecko) Version/17.5 Mobile/15E148 Safari/604.1"
  },
  {
    "message_short_link": null,
    "timestamp_utc": "2024-06-27T12:12:38.877Z",
    "context_application_version": "web-player_2024-06-27_1719486987260_b3ebbab",
    "context_conn_country": "FR",
    "context_device_manufacturer": null,
    "context_device_model": null,
    "context_device_type": null,
    "context_os_name": null,
    "context_os_version": null,
    "context_receiver_service_timestamp": 1719490378733,
    "context_time": 1719490358877,
    "context_user_agent": "Mozilla/5.0 (Windows NT 10.0; Win64; x64) AppleWebKit/537.36 (KHTML, like Gecko) Chrome/126.0.0.0 Safari/537.36",
    "message_deeplink_session_id": "8876309d0343474e",
    "message_entity_uri": "spotify:playlist:37i9dQZF1EQncLwOalG3K7",
    "message_link": "https://open.spotify.com/playlist/37i9dQZF1EQncLwOalG3K7",
    "message_shortlink_source": null,
    "message_source": "Mozilla/5.0 (Windows NT 10.0; Win64; x64) AppleWebKit/537.36 (KHTML, like Gecko) Chrome/126.0.0.0 Safari/537.36"
  },
  {
    "message_short_link": null,
    "timestamp_utc": "2024-11-13T04:44:00.291Z",
    "context_application_version": "mobile-web-player_2024-11-12_1731452812379_3824e6a",
    "context_conn_country": "FR",
    "context_device_manufacturer": null,
    "context_device_model": null,
    "context_device_type": null,
    "context_os_name": null,
    "context_os_version": null,
    "context_receiver_service_timestamp": 1731473040839,
    "context_time": 1731473040291,
    "context_user_agent": "Mozilla/5.0 (iPhone; CPU iPhone OS 17_6_1 like Mac OS X) AppleWebKit/605.1.15 (KHTML, like Gecko) Version/17.6 Mobile/15E148 Safari/604.1",
    "message_deeplink_session_id": "229610e48d9b4ae9",
    "message_entity_uri": "spotify:episode:2UjXwwKoZjTsguAhO89Mz8",
    "message_link": "https://open.spotify.com/episode/2UjXwwKoZjTsguAhO89Mz8?si=5-sQFtIRTwCu4_LnMLQwYg&context=spotify%3Aplaylist%3A0xcu2feAYxxlOW09UPf5zK&t=1159&nd=1&utm_medium=organic&_branch_referrer=H4sIAAAAAAAAA9WOXWuDMBSGf028m9pYRx3IkA5htNJ1a9naG4kx0bRZEvKBthf77Yul%2BxGDc%2FGcj%2Bfw9tYq8xRFRknL6CVESoWciXP0rLRsHba5VEQEAM6p47x2muf9pICkALD0Na3DPxvLbz8iihnZEk9wf%2FoahpU8nnamc0W%2FWWTVdQGS0jCQvKQPZlva1%2FfdsHTzei2q9XY4dAA%2BYiksGa0%2FuT8GME0KxdGFM2NvTTxiBykpDuPIN59xtn%2Bj6XXl3cmazdLsFhlx3iB8%2FkexPYp24oASZJ0mudQdEgwHP5pQojUTXd1oORii80o2jPvA8QeiSLNfCOuA7MwBAAA%3D&product=open&%24full_url=https%3A%2F%2Fopen.spotify.com%2Fepisode%2F2UjXwwKoZjTsguAhO89Mz8%3Fsi%3D5-sQFtIRTwCu4_LnMLQwYg%26context%3Dspotify%253Aplaylist%253A0xcu2feAYxxlOW09UPf5zK%26t%3D1159&feature=organic&_branch_match_id=1385101704339252699",
    "message_shortlink_source": null,
    "message_source": "Mozilla/5.0 (iPhone; CPU iPhone OS 17_6_1 like Mac OS X) AppleWebKit/605.1.15 (KHTML, like Gecko) Version/17.6 Mobile/15E148 Safari/604.1"
  }
]