[
  {
    "timestamp_utc": "2024-11-16T18:34:22.540Z",
    "context_application_version": "1.2.50.335",
    "context_conn_country": "FR",
    "context_device_manufacturer": "HP",
    "context_device_model": "HP EliteBook 830 G5",
    "context_device_type": "desktop",
    "context_os_name": "windows",
    "context_os_version": "10.0.19045",
    "context_receiver_service_timestamp": 1731808561897,
    "context_time": 1731782062540,
    "context_user_agent": null,
    "message_configuration_assignment_id": null,
    "message_fetch_type": null,
    "message_installation_id": "33323261326661392d666239332d343132362d616166652d373730646466383164333430",
    "message_platform": "WEB",
    "message_rc_client_id": "desktop-ui",
    "message_rc_client_version": null,
    "message_reason": "Timeout"
  },
  {
    "timestamp_utc": "2024-09-09T11:55:02.317Z",
    "context_application_version": "1.2.45.454",
    "context_conn_country": "FR",
    "context_device_manufacturer": "HP",
    "context_device_model": "HP EliteBook 830 G5",
    "context_device_type": "desktop",
    "context_os_name": "windows",
    "context_os_version": "10.0.19045",
    "context_receiver_service_timestamp": 1725883343181,
    "context_time": 1725882902317,
    "context_user_agent": null,
    "message_configuration_assignment_id": null,
    "message_fetch_type": null,
    "message_installation_id": "33323261326661392d666239332d343132362d616166652d373730646466383164333430",
    "message_platform": "WEB",
    "message_rc_client_id": "desktop-ui",
    "message_rc_client_version": null,
    "message_reason": "Timeout"
  },
  {
    "timestamp_utc": "2024-12-01T22:19:43.376Z",
    "context_application_version": "1.2.51.345",
    "context_conn_country": "FR",
    "context_device_manufacturer": "HP",
    "context_device_model": "HP EliteBook 830 G5",
    "context_device_type": "desktop",
    "context_os_name": "windows",
    "context_os_version": "10.0.19045",
    "context_receiver_service_timestamp": 1733218780619,
    "context_time": 1733091583376,
    "context_user_agent": null,
    "message_configuration_assignment_id": null,
    "message_fetch_type": null,
    "message_installation_id": "33323261326661392d666239332d343132362d616166652d373730646466383164333430",
    "message_platform": "WEB",
    "message_rc_client_id": "desktop-ui",
    "message_rc_client_version": null,
    "message_reason": "Timeout"
  },
  {
    "timestamp_utc": "2024-12-03T09:39:26.170Z",
    "context_application_version": "1.2.51.345",
    "context_conn_country": "FR",
    "context_device_manufacturer": "HP",
    "context_device_model": "HP EliteBook 830 G5",
    "context_device_type": "desktop",
    "context_os_name": "windows",
    "context_os_version": "10.0.19045",
    "context_receiver_service_timestamp": 1733218780619,
    "context_time": 1733218766170,
    "context_user_agent": null,
    "message_configuration_assignment_id": null,
    "message_fetch_type": null,
    "message_installation_id": "33323261326661392d666239332d343132362d616166652d373730646466383164333430",
    "message_platform": "WEB",
    "message_rc_client_id": "desktop-ui",
    "message_rc_client_version": null,
    "message_reason": "Timeout"
  },
  {
    "timestamp_utc": "2024-10-10T23:48:51.565Z",
    "context_application_version": "1.2.48.405",
    "context_conn_country": "FR",
    "context_device_manufacturer": "HP",
    "context_device_model": "HP EliteBook 830 G5",
    "context_device_type": "desktop",
    "context_os_name": "windows",
    "context_os_version": "10.0.19045",
    "context_receiver_service_timestamp": 1728631920549,
    "context_time": 1728604131565,
    "context_user_agent": null,
    "message_configuration_assignment_id": null,
    "message_fetch_type": null,
    "message_installation_id": "33323261326661392d666239332d343132362d616166652d373730646466383164333430",
    "message_platform": "WEB",
    "message_rc_client_id": "desktop-ui",
    "message_rc_client_version": null,
    "message_reason": "Timeout"
  },
  {
    "timestamp_utc": "2024-11-30T11:25:00.068Z",
    "context_application_version": "1.2.51.345",
    "context_conn_country": "FR",
    "context_device_manufacturer": "HP",
    "context_device_model": "HP EliteBook 830 G5",
    "context_device_type": "desktop",
    "context_os_name": "windows",
    "context_os_version": "10.0.19045",
    "context_receiver_service_timestamp": 1733218779792,
    "context_time": 1732965900068,
    "context_user_agent": null,
    "message_configuration_assignment_id": null,
    "message_fetch_type": null,
    "message_installation_id": "33323261326661392d666239332d343132362d616166652d373730646466383164333430",
    "message_platform": "WEB",
    "message_rc_client_id": "desktop-ui",
    "message_rc_client_version": null,
    "message_reason": "Timeout"
  },
  {
    "timestamp_utc": "2024-09-25T12:06:57.662Z",
    "context_application_version": "1.2.47.364",
    "context_conn_country": "FR",
    "context_device_manufacturer": "HP",
    "context_device_model": "HP EliteBook 830 G5",
    "context_device_type": "desktop",
    "context_os_name": "windows",
    "context_os_version": "10.0.19045",
    "context_receiver_service_timestamp": 1727270256813,
    "context_time": 1727266017662,
    "context_user_agent": null,
    "message_configuration_assignment_id": null,
    "message_fetch_type": null,
    "message_installation_id": "33323261326661392d666239332d343132362d616166652d373730646466383164333430",
    "message_platform": "WEB",
    "message_rc_client_id": "desktop-ui",
    "message_rc_client_version": null,
    "message_reason": "Timeout"
  },
  {
    "timestamp_utc": "2024-12-02T18:40:42.974Z",
    "context_application_version": "1.2.51.345",
    "context_conn_country": "FR",
    "context_device_manufacturer": "HP",
    "context_device_model": "HP EliteBook 830 G5",
    "context_device_type": "desktop",
    "context_os_name": "windows",
    "context_os_version": "10.0.19045",
    "context_receiver_service_timestamp": 1733218780619,
    "context_time": 1733164842974,
    "context_user_agent": null,
    "message_configuration_assignment_id": null,
    "message_fetch_type": null,
    "message_installation_id": "33323261326661392d666239332d343132362d616166652d373730646466383164333430",
    "message_platform": "WEB",
    "message_rc_client_id": "desktop-ui",
    "message_rc_client_version": null,
    "message_reason": "Timeout"
  },
  {
    "timestamp_utc": "2024-12-03T08:28:04.510Z",
    "context_application_version": "1.2.51.345",
    "context_conn_country": "FR",
    "context_device_manufacturer": "HP",
    "context_device_model": "HP EliteBook 830 G5",
    "context_device_type": "desktop",
    "context_os_name": "windows",
    "context_os_version": "10.0.19045",
    "context_receiver_service_timestamp": 1733218780619,
    "context_time": 1733214484510,
    "context_user_agent": null,
    "message_configuration_assignment_id": null,
    "message_fetch_type": null,
    "message_installation_id": "33323261326661392d666239332d343132362d616166652d373730646466383164333430",
    "message_platform": "WEB",
    "message_rc_client_id": "desktop-ui",
    "message_rc_client_version": null,
    "message_reason": "Timeout"
  },
  {
    "timestamp_utc": "2024-11-29T10:57:25.251Z",
    "context_application_version": "1.2.51.345",
    "context_conn_country": "FR",
    "context_device_manufacturer": "HP",
    "context_device_model": "HP EliteBook 830 G5",
    "context_device_type": "desktop",
    "context_os_name": "windows",
    "context_os_version": "10.0.19045",
    "context_receiver_service_timestamp": 1733218779792,
    "context_time": 1732877845251,
    "context_user_agent": null,
    "message_configuration_assignment_id": null,
    "message_fetch_type": null,
    "message_installation_id": "33323261326661392d666239332d343132362d616166652d373730646466383164333430",
    "message_platform": "WEB",
    "message_rc_client_id": "desktop-ui",
    "message_rc_client_version": null,
    "message_reason": "Timeout"
  }
]