[
  {
    "timestamp_utc": "2024-11-26T16:55:53.112Z",
    "context_application_version": "1.2.51.345",
    "context_conn_country": "DE",
    "context_device_manufacturer": "Apple Inc.",
    "context_device_model": "MacBookPro17,1",
    "context_device_type": "desktop",
    "context_os_name": "osx",
    "context_os_version": "14.1.2",
    "context_receiver_service_timestamp": 1732639967446,
    "context_time": 1732640153112,
    "message_action_hash": null,
    "message_auth_method": "auto_login",
    "message_oauth_user_agent": null,
    "message_use_auth_client": true
  },
  {
    "timestamp_utc": "2024-11-20T10:42:23.916Z",
    "context_application_version": "1.2.50.335",
    "context_conn_country": "FR",
    "context_device_manufacturer": "HP",
    "context_device_model": "HP EliteBook 830 G5",
    "context_device_type": "desktop",
    "context_os_name": "windows",
    "context_os_version": "10.0.19045",
    "context_receiver_service_timestamp": 1732099530595,
    "context_time": 1732099343916,
    "message_action_hash": null,
    "message_auth_method": "auto_login",
    "message_oauth_user_agent": null,
    "message_use_auth_client": false
  },
  {
    "timestamp_utc": "2024-10-22T10:48:15.470Z",
    "context_application_version": "1.2.48.405",
    "context_conn_country": "FR",
    "context_device_manufacturer": "HP",
    "context_device_model": "HP EliteBook 830 G5",
    "context_device_type": "desktop",
    "context_os_name": "windows",
    "context_os_version": "10.0.19045",
    "context_receiver_service_timestamp": 1729594296627,
    "context_time": 1729594095470,
    "message_action_hash": null,
    "message_auth_method": "auto_login",
    "message_oauth_user_agent": null,
    "message_use_auth_client": false
  },
  {
    "timestamp_utc": "2024-11-26T09:07:34.841Z",
    "context_application_version": "1.2.50.335",
    "context_conn_country": "FR",
    "context_device_manufacturer": "HP",
    "context_device_model": "HP EliteBook 830 G5",
    "context_device_type": "desktop",
    "context_os_name": "windows",
    "context_os_version": "10.0.19045",
    "context_receiver_service_timestamp": 1732612058228,
    "context_time": 1732612054841,
    "message_action_hash": null,
    "message_auth_method": "auto_login",
    "message_oauth_user_agent": null,
    "message_use_auth_client": false
  },
  {
    "timestamp_utc": "2024-12-04T10:02:49.902Z",
    "context_application_version": "1.2.51.345",
    "context_conn_country": "FR",
    "context_device_manufacturer": "HP",
    "context_device_model": "HP EliteBook 830 G5",
    "context_device_type": "desktop",
    "context_os_name": "windows",
    "context_os_version": "10.0.19045",
    "context_receiver_service_timestamp": 1733306871602,
    "context_time": 1733306569902,
    "message_action_hash": null,
    "message_auth_method": "auto_login",
    "message_oauth_user_agent": null,
    "message_use_auth_client": true
  },
  {
    "timestamp_utc": "2024-10-10T17:45:14.178Z",
    "context_application_version": "1.2.47.364",
    "context_conn_country": "FR",
    "context_device_manufacturer": "HP",
    "context_device_model": "HP EliteBook 830 G5",
    "context_device_type": "desktop",
    "context_os_name": "windows",
    "context_os_version": "10.0.19045",
    "context_receiver_service_timestamp": 1728582626666,
    "context_time": 1728582314178,
    "message_action_hash": null,
    "message_auth_method": "auto_login",
    "message_oauth_user_agent": null,
    "message_use_auth_client": false
  },
  {
    "timestamp_utc": "2024-11-20T16:27:16.814Z",
    "context_application_version": "1.2.50.335",
    "context_conn_country": "FR",
    "context_device_manufacturer": "HP",
    "context_device_model": "HP EliteBook 830 G5",
    "context_device_type": "desktop",
    "context_os_name": "windows",
    "context_os_version": "10.0.19045",
    "context_receiver_service_timestamp": 1732120168991,
    "context_time": 1732120036814,
    "message_action_hash": null,
    "message_auth_method": "auto_login",
    "message_oauth_user_agent": null,
    "message_use_auth_client": false
  },
  {
    "timestamp_utc": "2024-11-17T14:06:58.076Z",
    "context_application_version": "1.2.50.335",
    "context_conn_country": "DE",
    "context_device_manufacturer": "Apple Inc.",
    "context_device_model": "MacBookPro17,1",
    "context_device_type": "desktop",
    "context_os_name": "osx",
    "context_os_version": "14.1.2",
    "context_receiver_service_timestamp": 1731852237476,
    "context_time": 1731852418076,
    "message_action_hash": null,
    "message_auth_method": "auto_login",
    "message_oauth_user_agent": null,
    "message_use_auth_client": false
  },
  {
    "timestamp_utc": "2024-10-23T07:11:52.240Z",
    "context_application_version": "1.2.48.405",
    "context_conn_country": "DE",
    "context_device_manufacturer": "Apple Inc.",
    "context_device_model": "MacBookPro17,1",
    "context_device_type": "desktop",
    "context_os_name": "osx",
    "context_os_version": "14.1.2",
    "context_receiver_service_timestamp": 1729667360770,
    "context_time": 1729667512240,
    "message_action_hash": null,
    "message_auth_method": "auto_login",
    "message_oauth_user_agent": null,
    "message_use_auth_client": false
  },
  {
    "timestamp_utc": "2024-10-24T14:06:09.519Z",
    "context_application_version": "1.2.48.405",
    "context_conn_country": "FR",
    "context_device_manufacturer": "HP",
    "context_device_model": "HP EliteBook 830 G5",
    "context_device_type": "desktop",
    "context_os_name": "windows",
    "context_os_version": "10.0.19045",
    "context_receiver_service_timestamp": 1729778883115,
    "context_time": 1729778769519,
    "message_action_hash": null,
    "message_auth_method": "auto_login",
    "message_oauth_user_agent": null,
    "message_use_auth_client": false
  },
  {
    "timestamp_utc": "2024-10-15T09:48:17.088Z",
    "context_application_version": "1.2.48.405",
    "context_conn_country": "FR",
    "context_device_manufacturer": "HP",
    "context_device_model": "HP EliteBook 830 G5",
    "context_device_type": "desktop",
    "context_os_name": "windows",
    "context_os_version": "10.0.19045",
    "context_receiver_service_timestamp": 1728995360075,
    "context_time": 1728985697088,
    "message_action_hash": null,
    "message_auth_method": "auto_login",
    "message_oauth_user_agent": null,
    "message_use_auth_client": false
  },
  {
    "timestamp_utc": "2024-11-18T17:08:09.509Z",
    "context_application_version": "1.2.50.335",
    "context_conn_country": "FR",
    "context_device_manufacturer": "HP",
    "context_device_model": "HP EliteBook 830 G5",
    "context_device_type": "desktop",
    "context_os_name": "windows",
    "context_os_version": "10.0.19045",
    "context_receiver_service_timestamp": 1731949874599,
    "context_time": 1731949689509,
    "message_action_hash": null,
    "message_auth_method": "auto_login",
    "message_oauth_user_agent": null,
    "message_use_auth_client": false
  },
  {
    "timestamp_utc": "2024-10-30T21:16:19.594Z",
    "context_application_version": "1.2.49.439",
    "context_conn_country": "DE",
    "context_device_manufacturer": "Apple Inc.",
    "context_device_model": "MacBookPro17,1",
    "context_device_type": "desktop",
    "context_os_name": "osx",
    "context_os_version": "14.1.2",
    "context_receiver_service_timestamp": 1730322818970,
    "context_time": 1730322979594,
    "message_action_hash": null,
    "message_auth_method": "auto_login",
    "message_oauth_user_agent": null,
    "message_use_auth_client": false
  },
  {
    "timestamp_utc": "2024-09-22T18:48:56.336Z",
    "context_application_version": "1.2.45.454",
    "context_conn_country": "FR",
    "context_device_manufacturer": "HP",
    "context_device_model": "HP EliteBook 830 G5",
    "context_device_type": "desktop",
    "context_os_name": "windows",
    "context_os_version": "10.0.19045",
    "context_receiver_service_timestamp": 1727031181228,
    "context_time": 1727030936336,
    "message_action_hash": null,
    "message_auth_method": "auto_login",
    "message_oauth_user_agent": null,
    "message_use_auth_client": false
  },
  {
    "timestamp_utc": "2024-09-26T16:20:13.562Z",
    "context_application_version": "1.2.47.364",
    "context_conn_country": "FR",
    "context_device_manufacturer": "HP",
    "context_device_model": "HP EliteBook 830 G5",
    "context_device_type": "desktop",
    "context_os_name": "windows",
    "context_os_version": "10.0.19045",
    "context_receiver_service_timestamp": 1727367722426,
    "context_time": 1727367613562,
    "message_action_hash": null,
    "message_auth_method": "auto_login",
    "message_oauth_user_agent": null,
    "message_use_auth_client": false
  },
  {
    "timestamp_utc": "2024-09-21T10:15:59.377Z",
    "context_application_version": "1.2.45.454",
    "context_conn_country": "FR",
    "context_device_manufacturer": "HP",
    "context_device_model": "HP EliteBook 830 G5",
    "context_device_type": "desktop",
    "context_os_name": "windows",
    "context_os_version": "10.0.19045",
    "context_receiver_service_timestamp": 1726913879133,
    "context_time": 1726913759377,
    "message_action_hash": null,
    "message_auth_method": "auto_login",
    "message_oauth_user_agent": null,
    "message_use_auth_client": false
  },
  {
    "timestamp_utc": "2024-10-09T16:38:08.536Z",
    "context_application_version": "1.2.47.364",
    "context_conn_country": "FR",
    "context_device_manufacturer": "HP",
    "context_device_model": "HP EliteBook 830 G5",
    "context_device_type": "desktop",
    "context_os_name": "windows",
    "context_os_version": "10.0.19045",
    "context_receiver_service_timestamp": 1728492080561,
    "context_time": 1728491888536,
    "message_action_hash": null,
    "message_auth_method": "auto_login",
    "message_oauth_user_agent": null,
    "message_use_auth_client": false
  },
  {
    "timestamp_utc": "2024-12-03T23:45:48.665Z",
    "context_application_version": "1.2.51.345",
    "context_conn_country": "FR",
    "context_device_manufacturer": "HP",
    "context_device_model": "HP EliteBook 830 G5",
    "context_device_type": "desktop",
    "context_os_name": "windows",
    "context_os_version": "10.0.19045",
    "context_receiver_service_timestamp": 1733306870669,
    "context_time": 1733269548665,
    "message_action_hash": null,
    "message_auth_method": "auto_login",
    "message_oauth_user_agent": null,
    "message_use_auth_client": true
  },
  {
    "timestamp_utc": "2024-11-19T13:19:18.173Z",
    "context_application_version": "1.2.50.335",
    "context_conn_country": "FR",
    "context_device_manufacturer": "HP",
    "context_device_model": "HP EliteBook 830 G5",
    "context_device_type": "desktop",
    "context_os_name": "windows",
    "context_os_version": "10.0.19045",
    "context_receiver_service_timestamp": 1732022602995,
    "context_time": 1732022358173,
    "message_action_hash": null,
    "message_auth_method": "auto_login",
    "message_oauth_user_agent": null,
    "message_use_auth_client": false
  },
  {
    "timestamp_utc": "2024-11-25T21:48:21.930Z",
    "context_application_version": "1.2.50.335",
    "context_conn_country": "FR",
    "context_device_manufacturer": "HP",
    "context_device_model": "HP EliteBook 830 G5",
    "context_device_type": "desktop",
    "context_os_name": "windows",
    "context_os_version": "10.0.19045",
    "context_receiver_service_timestamp": 1732571309944,
    "context_time": 1732571301930,
    "message_action_hash": null,
    "message_auth_method": "auto_login",
    "message_oauth_user_agent": null,
    "message_use_auth_client": false
  },
  {
    "timestamp_utc": "2024-10-15T09:54:54.920Z",
    "context_application_version": "1.2.48.405",
    "context_conn_country": "FR",
    "context_device_manufacturer": "HP",
    "context_device_model": "HP EliteBook 830 G5",
    "context_device_type": "desktop",
    "context_os_name": "windows",
    "context_os_version": "10.0.19045",
    "context_receiver_service_timestamp": 1728995367808,
    "context_time": 1728986094920,
    "message_action_hash": null,
    "message_auth_method": "auto_login",
    "message_oauth_user_agent": null,
    "message_use_auth_client": false
  },
  {
    "timestamp_utc": "2024-11-02T12:15:09.281Z",
    "context_application_version": "1.2.49.439",
    "context_conn_country": "FR",
    "context_device_manufacturer": "HP",
    "context_device_model": "HP EliteBook 830 G5",
    "context_device_type": "desktop",
    "context_os_name": "windows",
    "context_os_version": "10.0.19045",
    "context_receiver_service_timestamp": 1730549907048,
    "context_time": 1730549709281,
    "message_action_hash": null,
    "message_auth_method": "auto_login",
    "message_oauth_user_agent": null,
    "message_use_auth_client": false
  },
  {
    "timestamp_utc": "2024-10-14T18:55:53.137Z",
    "context_application_version": "1.2.48.405",
    "context_conn_country": "FR",
    "context_device_manufacturer": "HP",
    "context_device_model": "HP EliteBook 830 G5",
    "context_device_type": "desktop",
    "context_os_name": "windows",
    "context_os_version": "10.0.19045",
    "context_receiver_service_timestamp": 1728932264175,
    "context_time": 1728932153137,
    "message_action_hash": null,
    "message_auth_method": "auto_login",
    "message_oauth_user_agent": null,
    "message_use_auth_client": false
  },
  {
    "timestamp_utc": "2024-11-14T08:29:29.326Z",
    "context_application_version": "1.2.49.439",
    "context_conn_country": "FR",
    "context_device_manufacturer": "HP",
    "context_device_model": "HP EliteBook 830 G5",
    "context_device_type": "desktop",
    "context_os_name": "windows",
    "context_os_version": "10.0.19045",
    "context_receiver_service_timestamp": 1731573210589,
    "context_time": 1731572969326,
    "message_action_hash": null,
    "message_auth_method": "auto_login",
    "message_oauth_user_agent": null,
    "message_use_auth_client": false
  },
  {
    "timestamp_utc": "2024-10-15T12:26:43.686Z",
    "context_application_version": "1.2.48.405",
    "context_conn_country": "FR",
    "context_device_manufacturer": "HP",
    "context_device_model": "HP EliteBook 830 G5",
    "context_device_type": "desktop",
    "context_os_name": "windows",
    "context_os_version": "10.0.19045",
    "context_receiver_service_timestamp": 1728995442477,
    "context_time": 1728995203686,
    "message_action_hash": null,
    "message_auth_method": "auto_login",
    "message_oauth_user_agent": null,
    "message_use_auth_client": false
  },
  {
    "timestamp_utc": "2024-11-09T08:47:43.346Z",
    "context_application_version": "1.2.49.439",
    "context_conn_country": "DE",
    "context_device_manufacturer": "Apple Inc.",
    "context_device_model": "MacBookPro17,1",
    "context_device_type": "desktop",
    "context_os_name": "osx",
    "context_os_version": "14.1.2",
    "context_receiver_service_timestamp": 1731141895765,
    "context_time": 1731142063346,
    "message_action_hash": null,
    "message_auth_method": "auto_login",
    "message_oauth_user_agent": null,
    "message_use_auth_client": false
  },
  {
    "timestamp_utc": "2024-10-25T16:03:42.721Z",
    "context_application_version": "1.2.49.439",
    "context_conn_country": "FR",
    "context_device_manufacturer": "HP",
    "context_device_model": "HP EliteBook 830 G5",
    "context_device_type": "desktop",
    "context_os_name": "windows",
    "context_os_version": "10.0.19045",
    "context_receiver_service_timestamp": 1729872341220,
    "context_time": 1729872222721,
    "message_action_hash": null,
    "message_auth_method": "auto_login",
    "message_oauth_user_agent": null,
    "message_use_auth_client": false
  },
  {
    "timestamp_utc": "2024-09-28T10:47:50.267Z",
    "context_application_version": "1.2.47.364",
    "context_conn_country": "FR",
    "context_device_manufacturer": "HP",
    "context_device_model": "HP EliteBook 830 G5",
    "context_device_type": "desktop",
    "context_os_name": "windows",
    "context_os_version": "10.0.19045",
    "context_receiver_service_timestamp": 1727520570567,
    "context_time": 1727520470267,
    "message_action_hash": null,
    "message_auth_method": "auto_login",
    "message_oauth_user_agent": null,
    "message_use_auth_client": false
  },
  {
    "timestamp_utc": "2024-09-12T21:00:53.373Z",
    "context_application_version": "1.2.45.454",
    "context_conn_country": "FR",
    "context_device_manufacturer": "HP",
    "context_device_model": "HP EliteBook 830 G5",
    "context_device_type": "desktop",
    "context_os_name": "windows",
    "context_os_version": "10.0.19045",
    "context_receiver_service_timestamp": 1726174952771,
    "context_time": 1726174853373,
    "message_action_hash": null,
    "message_auth_method": "auto_login",
    "message_oauth_user_agent": null,
    "message_use_auth_client": false
  },
  {
    "timestamp_utc": "2024-11-12T21:51:22.272Z",
    "context_application_version": "1.2.49.439",
    "context_conn_country": "FR",
    "context_device_manufacturer": "HP",
    "context_device_model": "HP EliteBook 830 G5",
    "context_device_type": "desktop",
    "context_os_name": "windows",
    "context_os_version": "10.0.19045",
    "context_receiver_service_timestamp": 1731448464184,
    "context_time": 1731448282272,
    "message_action_hash": null,
    "message_auth_method": "auto_login",
    "message_oauth_user_agent": null,
    "message_use_auth_client": false
  },
  {
    "timestamp_utc": "2024-11-10T12:27:43.426Z",
    "context_application_version": "1.2.49.439",
    "context_conn_country": "FR",
    "context_device_manufacturer": "HP",
    "context_device_model": "HP EliteBook 830 G5",
    "context_device_type": "desktop",
    "context_os_name": "windows",
    "context_os_version": "10.0.19045",
    "context_receiver_service_timestamp": 1731241825289,
    "context_time": 1731241663426,
    "message_action_hash": null,
    "message_auth_method": "auto_login",
    "message_oauth_user_agent": null,
    "message_use_auth_client": false
  },
  {
    "timestamp_utc": "2024-10-09T07:55:46.781Z",
    "context_application_version": "1.2.47.364",
    "context_conn_country": "FR",
    "context_device_manufacturer": "HP",
    "context_device_model": "HP EliteBook 830 G5",
    "context_device_type": "desktop",
    "context_os_name": "windows",
    "context_os_version": "10.0.19045",
    "context_receiver_service_timestamp": 1728460799768,
    "context_time": 1728460546781,
    "message_action_hash": null,
    "message_auth_method": "auto_login",
    "message_oauth_user_agent": null,
    "message_use_auth_client": false
  },
  {
    "timestamp_utc": "2024-10-10T18:03:08.072Z",
    "context_application_version": "1.2.47.364",
    "context_conn_country": "FR",
    "context_device_manufacturer": "HP",
    "context_device_model": "HP EliteBook 830 G5",
    "context_device_type": "desktop",
    "context_os_name": "windows",
    "context_os_version": "10.0.19045",
    "context_receiver_service_timestamp": 1728583670175,
    "context_time": 1728583388072,
    "message_action_hash": null,
    "message_auth_method": "auto_login",
    "message_oauth_user_agent": null,
    "message_use_auth_client": false
  },
  {
    "timestamp_utc": "2024-11-07T23:41:18.646Z",
    "context_application_version": "1.2.49.439",
    "context_conn_country": "FR",
    "context_device_manufacturer": "HP",
    "context_device_model": "HP EliteBook 830 G5",
    "context_device_type": "desktop",
    "context_os_name": "windows",
    "context_os_version": "10.0.19045",
    "context_receiver_service_timestamp": 1731241810826,
    "context_time": 1731022878646,
    "message_action_hash": null,
    "message_auth_method": "auto_login",
    "message_oauth_user_agent": null,
    "message_use_auth_client": false
  },
  {
    "timestamp_utc": "2024-11-14T09:42:46.421Z",
    "context_application_version": "1.2.49.439",
    "context_conn_country": "FR",
    "context_device_manufacturer": "HP",
    "context_device_model": "HP EliteBook 830 G5",
    "context_device_type": "desktop",
    "context_os_name": "windows",
    "context_os_version": "10.0.19045",
    "context_receiver_service_timestamp": 1731577493065,
    "context_time": 1731577366421,
    "message_action_hash": null,
    "message_auth_method": "auto_login",
    "message_oauth_user_agent": null,
    "message_use_auth_client": false
  },
  {
    "timestamp_utc": "2024-11-07T23:11:41.803Z",
    "context_application_version": "1.2.49.439",
    "context_conn_country": "FR",
    "context_device_manufacturer": "HP",
    "context_device_model": "HP EliteBook 830 G5",
    "context_device_type": "desktop",
    "context_os_name": "windows",
    "context_os_version": "10.0.19045",
    "context_receiver_service_timestamp": 1731022999795,
    "context_time": 1731021101803,
    "message_action_hash": null,
    "message_auth_method": "auto_login",
    "message_oauth_user_agent": null,
    "message_use_auth_client": false
  },
  {
    "timestamp_utc": "2024-11-04T10:16:18.498Z",
    "context_application_version": "1.2.49.439",
    "context_conn_country": "FR",
    "context_device_manufacturer": "HP",
    "context_device_model": "HP EliteBook 830 G5",
    "context_device_type": "desktop",
    "context_os_name": "windows",
    "context_os_version": "10.0.19045",
    "context_receiver_service_timestamp": 1730736464190,
    "context_time": 1730715378498,
    "message_action_hash": null,
    "message_auth_method": "auto_login",
    "message_oauth_user_agent": null,
    "message_use_auth_client": false
  },
  {
    "timestamp_utc": "2024-10-20T08:00:36.637Z",
    "context_application_version": "1.2.48.405",
    "context_conn_country": "FR",
    "context_device_manufacturer": "HP",
    "context_device_model": "HP EliteBook 830 G5",
    "context_device_type": "desktop",
    "context_os_name": "windows",
    "context_os_version": "10.0.19045",
    "context_receiver_service_timestamp": 1729411369357,
    "context_time": 1729411236637,
    "message_action_hash": null,
    "message_auth_method": "auto_login",
    "message_oauth_user_agent": null,
    "message_use_auth_client": false
  },
  {
    "timestamp_utc": "2024-09-24T17:50:44.988Z",
    "context_application_version": "1.2.45.454",
    "context_conn_country": "FR",
    "context_device_manufacturer": "HP",
    "context_device_model": "HP EliteBook 830 G5",
    "context_device_type": "desktop",
    "context_os_name": "windows",
    "context_os_version": "10.0.19045",
    "context_receiver_service_timestamp": 1727201119804,
    "context_time": 1727200244988,
    "message_action_hash": null,
    "message_auth_method": "auto_login",
    "message_oauth_user_agent": null,
    "message_use_auth_client": false
  },
  {
    "timestamp_utc": "2024-09-09T19:12:13.215Z",
    "context_application_version": "1.2.45.454",
    "context_conn_country": "DE",
    "context_device_manufacturer": "Apple Inc.",
    "context_device_model": "MacBookPro17,1",
    "context_device_type": "desktop",
    "context_os_name": "osx",
    "context_os_version": "14.1.2",
    "context_receiver_service_timestamp": 1725909066766,
    "context_time": 1725909133215,
    "message_action_hash": null,
    "message_auth_method": "auto_login",
    "message_oauth_user_agent": null,
    "message_use_auth_client": false
  },
  {
    "timestamp_utc": "2024-10-18T08:36:53.494Z",
    "context_application_version": "1.2.48.405",
    "context_conn_country": "FR",
    "context_device_manufacturer": "HP",
    "context_device_model": "HP EliteBook 830 G5",
    "context_device_type": "desktop",
    "context_os_name": "windows",
    "context_os_version": "10.0.19045",
    "context_receiver_service_timestamp": 1729240733020,
    "context_time": 1729240613494,
    "message_action_hash": null,
    "message_auth_method": "auto_login",
    "message_oauth_user_agent": null,
    "message_use_auth_client": false
  },
  {
    "timestamp_utc": "2024-10-16T13:49:20.880Z",
    "context_application_version": "1.2.48.405",
    "context_conn_country": "FR",
    "context_device_manufacturer": "HP",
    "context_device_model": "HP EliteBook 830 G5",
    "context_device_type": "desktop",
    "context_os_name": "windows",
    "context_os_version": "10.0.19045",
    "context_receiver_service_timestamp": 1729086819062,
    "context_time": 1729086560880,
    "message_action_hash": null,
    "message_auth_method": "auto_login",
    "message_oauth_user_agent": null,
    "message_use_auth_client": false
  },
  {
    "timestamp_utc": "2024-10-11T19:51:47.508Z",
    "context_application_version": "1.2.48.405",
    "context_conn_country": "FR",
    "context_device_manufacturer": "HP",
    "context_device_model": "HP EliteBook 830 G5",
    "context_device_type": "desktop",
    "context_os_name": "windows",
    "context_os_version": "10.0.19045",
    "context_receiver_service_timestamp": 1728676414477,
    "context_time": 1728676307508,
    "message_action_hash": null,
    "message_auth_method": "auto_login",
    "message_oauth_user_agent": null,
    "message_use_auth_client": false
  },
  {
    "timestamp_utc": "2024-12-03T09:39:08.311Z",
    "context_application_version": "1.2.51.345",
    "context_conn_country": "FR",
    "context_device_manufacturer": "HP",
    "context_device_model": "HP EliteBook 830 G5",
    "context_device_type": "desktop",
    "context_os_name": "windows",
    "context_os_version": "10.0.19045",
    "context_receiver_service_timestamp": 1733218787130,
    "context_time": 1733218748311,
    "message_action_hash": null,
    "message_auth_method": "auto_login",
    "message_oauth_user_agent": null,
    "message_use_auth_client": true
  },
  {
    "timestamp_utc": "2024-10-24T13:57:00.020Z",
    "context_application_version": "1.2.48.405",
    "context_conn_country": "FR",
    "context_device_manufacturer": "HP",
    "context_device_model": "HP EliteBook 830 G5",
    "context_device_type": "desktop",
    "context_os_name": "windows",
    "context_os_version": "10.0.19045",
    "context_receiver_service_timestamp": 1729778411387,
    "context_time": 1729778220020,
    "message_action_hash": null,
    "message_auth_method": "auto_login",
    "message_oauth_user_agent": null,
    "message_use_auth_client": false
  },
  {
    "timestamp_utc": "2024-11-15T08:54:19.311Z",
    "context_application_version": "1.2.49.439",
    "context_conn_country": "FR",
    "context_device_manufacturer": "HP",
    "context_device_model": "HP EliteBook 830 G5",
    "context_device_type": "desktop",
    "context_os_name": "windows",
    "context_os_version": "10.0.19045",
    "context_receiver_service_timestamp": 1731759552167,
    "context_time": 1731660859311,
    "message_action_hash": null,
    "message_auth_method": "auto_login",
    "message_oauth_user_agent": null,
    "message_use_auth_client": false
  },
  {
    "timestamp_utc": "2024-09-25T13:15:46.346Z",
    "context_application_version": "1.2.47.364",
    "context_conn_country": "FR",
    "context_device_manufacturer": "HP",
    "context_device_model": "HP EliteBook 830 G5",
    "context_device_type": "desktop",
    "context_os_name": "windows",
    "context_os_version": "10.0.19045",
    "context_receiver_service_timestamp": 1727270247371,
    "context_time": 1727270146346,
    "message_action_hash": null,
    "message_auth_method": "auto_login",
    "message_oauth_user_agent": null,
    "message_use_auth_client": false
  },
  {
    "timestamp_utc": "2024-10-12T19:38:58.594Z",
    "context_application_version": "1.2.48.405",
    "context_conn_country": "FR",
    "context_device_manufacturer": "HP",
    "context_device_model": "HP EliteBook 830 G5",
    "context_device_type": "desktop",
    "context_os_name": "windows",
    "context_os_version": "10.0.19045",
    "context_receiver_service_timestamp": 1728762047455,
    "context_time": 1728761938594,
    "message_action_hash": null,
    "message_auth_method": "auto_login",
    "message_oauth_user_agent": null,
    "message_use_auth_client": false
  },
  {
    "timestamp_utc": "2024-11-18T13:14:07.507Z",
    "context_application_version": "1.2.50.335",
    "context_conn_country": "FR",
    "context_device_manufacturer": "HP",
    "context_device_model": "HP EliteBook 830 G5",
    "context_device_type": "desktop",
    "context_os_name": "windows",
    "context_os_version": "10.0.19045",
    "context_receiver_service_timestamp": 1731945746775,
    "context_time": 1731935647507,
    "message_action_hash": null,
    "message_auth_method": "auto_login",
    "message_oauth_user_agent": null,
    "message_use_auth_client": false
  },
  {
    "timestamp_utc": "2024-09-20T06:08:17.194Z",
    "context_application_version": "1.2.45.454",
    "context_conn_country": "FR",
    "context_device_manufacturer": "HP",
    "context_device_model": "HP EliteBook 830 G5",
    "context_device_type": "desktop",
    "context_os_name": "windows",
    "context_os_version": "10.0.19045",
    "context_receiver_service_timestamp": 1726913865368,
    "context_time": 1726812497194,
    "message_action_hash": null,
    "message_auth_method": "auto_login",
    "message_oauth_user_agent": null,
    "message_use_auth_client": false
  },
  {
    "timestamp_utc": "2024-09-15T10:01:58.766Z",
    "context_application_version": "1.2.45.454",
    "context_conn_country": "FR",
    "context_device_manufacturer": "HP",
    "context_device_model": "HP EliteBook 830 G5",
    "context_device_type": "desktop",
    "context_os_name": "windows",
    "context_os_version": "10.0.19045",
    "context_receiver_service_timestamp": 1726394611323,
    "context_time": 1726394518766,
    "message_action_hash": null,
    "message_auth_method": "auto_login",
    "message_oauth_user_agent": null,
    "message_use_auth_client": false
  },
  {
    "timestamp_utc": "2024-09-30T07:50:00.619Z",
    "context_application_version": "1.2.47.364",
    "context_conn_country": "FR",
    "context_device_manufacturer": "HP",
    "context_device_model": "HP EliteBook 830 G5",
    "context_device_type": "desktop",
    "context_os_name": "windows",
    "context_os_version": "10.0.19045",
    "context_receiver_service_timestamp": 1727682849581,
    "context_time": 1727682600619,
    "message_action_hash": null,
    "message_auth_method": "auto_login",
    "message_oauth_user_agent": null,
    "message_use_auth_client": false
  },
  {
    "timestamp_utc": "2024-09-25T07:55:48.931Z",
    "context_application_version": "1.2.45.454",
    "context_conn_country": "FR",
    "context_device_manufacturer": "HP",
    "context_device_model": "HP EliteBook 830 G5",
    "context_device_type": "desktop",
    "context_os_name": "windows",
    "context_os_version": "10.0.19045",
    "context_receiver_service_timestamp": 1727251103488,
    "context_time": 1727250948931,
    "message_action_hash": null,
    "message_auth_method": "auto_login",
    "message_oauth_user_agent": null,
    "message_use_auth_client": false
  },
  {
    "timestamp_utc": "2024-11-18T16:00:15.134Z",
    "context_application_version": "1.2.50.335",
    "context_conn_country": "FR",
    "context_device_manufacturer": "HP",
    "context_device_model": "HP EliteBook 830 G5",
    "context_device_type": "desktop",
    "context_os_name": "windows",
    "context_os_version": "10.0.19045",
    "context_receiver_service_timestamp": 1731945747985,
    "context_time": 1731945615134,
    "message_action_hash": null,
    "message_auth_method": "auto_login",
    "message_oauth_user_agent": null,
    "message_use_auth_client": false
  },
  {
    "timestamp_utc": "2024-11-23T09:27:00.843Z",
    "context_application_version": "1.2.50.335",
    "context_conn_country": "FR",
    "context_device_manufacturer": "HP",
    "context_device_model": "HP EliteBook 830 G5",
    "context_device_type": "desktop",
    "context_os_name": "windows",
    "context_os_version": "10.0.19045",
    "context_receiver_service_timestamp": 1732354211908,
    "context_time": 1732354020843,
    "message_action_hash": null,
    "message_auth_method": "auto_login",
    "message_oauth_user_agent": null,
    "message_use_auth_client": false
  },
  {
    "timestamp_utc": "2024-09-23T09:38:22.622Z",
    "context_application_version": "1.2.45.454",
    "context_conn_country": "FR",
    "context_device_manufacturer": "HP",
    "context_device_model": "HP EliteBook 830 G5",
    "context_device_type": "desktop",
    "context_os_name": "windows",
    "context_os_version": "10.0.19045",
    "context_receiver_service_timestamp": 1727084516910,
    "context_time": 1727084302622,
    "message_action_hash": null,
    "message_auth_method": "auto_login",
    "message_oauth_user_agent": null,
    "message_use_auth_client": false
  },
  {
    "timestamp_utc": "2024-09-25T12:06:42.107Z",
    "context_application_version": "1.2.47.364",
    "context_conn_country": "FR",
    "context_device_manufacturer": "HP",
    "context_device_model": "HP EliteBook 830 G5",
    "context_device_type": "desktop",
    "context_os_name": "windows",
    "context_os_version": "10.0.19045",
    "context_receiver_service_timestamp": 1727270245558,
    "context_time": 1727266002107,
    "message_action_hash": null,
    "message_auth_method": "auto_login",
    "message_oauth_user_agent": null,
    "message_use_auth_client": false
  },
  {
    "timestamp_utc": "2024-10-28T08:56:54.705Z",
    "context_application_version": "1.2.49.439",
    "context_conn_country": "FR",
    "context_device_manufacturer": "HP",
    "context_device_model": "HP EliteBook 830 G5",
    "context_device_type": "desktop",
    "context_os_name": "windows",
    "context_os_version": "10.0.19045",
    "context_receiver_service_timestamp": 1730282920218,
    "context_time": 1730105814705,
    "message_action_hash": null,
    "message_auth_method": "auto_login",
    "message_oauth_user_agent": null,
    "message_use_auth_client": false
  },
  {
    "timestamp_utc": "2024-12-01T22:19:04.178Z",
    "context_application_version": "1.2.51.345",
    "context_conn_country": "FR",
    "context_device_manufacturer": "HP",
    "context_device_model": "HP EliteBook 830 G5",
    "context_device_type": "desktop",
    "context_os_name": "windows",
    "context_os_version": "10.0.19045",
    "context_receiver_service_timestamp": 1733218786743,
    "context_time": 1733091544178,
    "message_action_hash": null,
    "message_auth_method": "auto_login",
    "message_oauth_user_agent": null,
    "message_use_auth_client": true
  },
  {
    "timestamp_utc": "2024-10-08T08:09:09.933Z",
    "context_application_version": "1.2.47.364",
    "context_conn_country": "FR",
    "context_device_manufacturer": "HP",
    "context_device_model": "HP EliteBook 830 G5",
    "context_device_type": "desktop",
    "context_os_name": "windows",
    "context_os_version": "10.0.19045",
    "context_receiver_service_timestamp": 1728375171110,
    "context_time": 1728374949933,
    "message_action_hash": null,
    "message_auth_method": "auto_login",
    "message_oauth_user_agent": null,
    "message_use_auth_client": false
  },
  {
    "timestamp_utc": "2024-11-19T15:14:54.996Z",
    "context_application_version": "1.2.50.335",
    "context_conn_country": "FR",
    "context_device_manufacturer": "HP",
    "context_device_model": "HP EliteBook 830 G5",
    "context_device_type": "desktop",
    "context_os_name": "windows",
    "context_os_version": "10.0.19045",
    "context_receiver_service_timestamp": 1732099530595,
    "context_time": 1732029294996,
    "message_action_hash": null,
    "message_auth_method": "auto_login",
    "message_oauth_user_agent": null,
    "message_use_auth_client": false
  },
  {
    "timestamp_utc": "2024-11-17T11:38:07.644Z",
    "context_application_version": "1.2.50.335",
    "context_conn_country": "FR",
    "context_device_manufacturer": "HP",
    "context_device_model": "HP EliteBook 830 G5",
    "context_device_type": "desktop",
    "context_os_name": "windows",
    "context_os_version": "10.0.19045",
    "context_receiver_service_timestamp": 1731843761149,
    "context_time": 1731843487644,
    "message_action_hash": null,
    "message_auth_method": "auto_login",
    "message_oauth_user_agent": null,
    "message_use_auth_client": false
  },
  {
    "timestamp_utc": "2024-11-07T07:32:18.149Z",
    "context_application_version": "1.2.49.439",
    "context_conn_country": "FR",
    "context_device_manufacturer": "HP",
    "context_device_model": "HP EliteBook 830 G5",
    "context_device_type": "desktop",
    "context_os_name": "windows",
    "context_os_version": "10.0.19045",
    "context_receiver_service_timestamp": 1730965187088,
    "context_time": 1730964738149,
    "message_action_hash": null,
    "message_auth_method": "auto_login",
    "message_oauth_user_agent": null,
    "message_use_auth_client": false
  },
  {
    "timestamp_utc": "2024-09-15T17:27:19.916Z",
    "context_application_version": "1.2.45.454",
    "context_conn_country": "FR",
    "context_device_manufacturer": "HP",
    "context_device_model": "HP EliteBook 830 G5",
    "context_device_type": "desktop",
    "context_os_name": "windows",
    "context_os_version": "10.0.19045",
    "context_receiver_service_timestamp": 1726421332671,
    "context_time": 1726421239916,
    "message_action_hash": null,
    "message_auth_method": "auto_login",
    "message_oauth_user_agent": null,
    "message_use_auth_client": false
  },
  {
    "timestamp_utc": "2024-10-19T13:03:36.229Z",
    "context_application_version": "1.2.48.405",
    "context_conn_country": "FR",
    "context_device_manufacturer": "HP",
    "context_device_model": "HP EliteBook 830 G5",
    "context_device_type": "desktop",
    "context_os_name": "windows",
    "context_os_version": "10.0.19045",
    "context_receiver_service_timestamp": 1729343147046,
    "context_time": 1729343016229,
    "message_action_hash": null,
    "message_auth_method": "auto_login",
    "message_oauth_user_agent": null,
    "message_use_auth_client": false
  },
  {
    "timestamp_utc": "2024-09-23T13:45:22.869Z",
    "context_application_version": "1.2.45.454",
    "context_conn_country": "FR",
    "context_device_manufacturer": "HP",
    "context_device_model": "HP EliteBook 830 G5",
    "context_device_type": "desktop",
    "context_os_name": "windows",
    "context_os_version": "10.0.19045",
    "context_receiver_service_timestamp": 1727099248282,
    "context_time": 1727099122869,
    "message_action_hash": null,
    "message_auth_method": "auto_login",
    "message_oauth_user_agent": null,
    "message_use_auth_client": false
  },
  {
    "timestamp_utc": "2024-09-12T12:01:49.987Z",
    "context_application_version": "1.2.45.454",
    "context_conn_country": "FR",
    "context_device_manufacturer": "HP",
    "context_device_model": "HP EliteBook 830 G5",
    "context_device_type": "desktop",
    "context_os_name": "windows",
    "context_os_version": "10.0.19045",
    "context_receiver_service_timestamp": 1726142689603,
    "context_time": 1726142509987,
    "message_action_hash": null,
    "message_auth_method": "auto_login",
    "message_oauth_user_agent": null,
    "message_use_auth_client": false
  },
  {
    "timestamp_utc": "2024-11-16T18:33:58.848Z",
    "context_application_version": "1.2.50.335",
    "context_conn_country": "FR",
    "context_device_manufacturer": "HP",
    "context_device_model": "HP EliteBook 830 G5",
    "context_device_type": "desktop",
    "context_os_name": "windows",
    "context_os_version": "10.0.19045",
    "context_receiver_service_timestamp": 1731782403363,
    "context_time": 1731782038848,
    "message_action_hash": null,
    "message_auth_method": "auto_login",
    "message_oauth_user_agent": null,
    "message_use_auth_client": false
  },
  {
    "timestamp_utc": "2024-10-10T23:48:13.461Z",
    "context_application_version": "1.2.48.405",
    "context_conn_country": "FR",
    "context_device_manufacturer": "HP",
    "context_device_model": "HP EliteBook 830 G5",
    "context_device_type": "desktop",
    "context_os_name": "windows",
    "context_os_version": "10.0.19045",
    "context_receiver_service_timestamp": 1728631092248,
    "context_time": 1728604093461,
    "message_action_hash": null,
    "message_auth_method": "auto_login",
    "message_oauth_user_agent": null,
    "message_use_auth_client": false
  },
  {
    "timestamp_utc": "2024-11-16T12:17:01.884Z",
    "context_application_version": "1.2.49.439",
    "context_conn_country": "FR",
    "context_device_manufacturer": "HP",
    "context_device_model": "HP EliteBook 830 G5",
    "context_device_type": "desktop",
    "context_os_name": "windows",
    "context_os_version": "10.0.19045",
    "context_receiver_service_timestamp": 1731759564856,
    "context_time": 1731759421884,
    "message_action_hash": null,
    "message_auth_method": "auto_login",
    "message_oauth_user_agent": null,
    "message_use_auth_client": false
  },
  {
    "timestamp_utc": "2024-10-15T09:50:14.528Z",
    "context_application_version": "1.2.48.405",
    "context_conn_country": "FR",
    "context_device_manufacturer": "HP",
    "context_device_model": "HP EliteBook 830 G5",
    "context_device_type": "desktop",
    "context_os_name": "windows",
    "context_os_version": "10.0.19045",
    "context_receiver_service_timestamp": 1728995361941,
    "context_time": 1728985814528,
    "message_action_hash": null,
    "message_auth_method": "auto_login",
    "message_oauth_user_agent": null,
    "message_use_auth_client": false
  },
  {
    "timestamp_utc": "2024-09-25T18:11:57.390Z",
    "context_application_version": "1.2.47.364",
    "context_conn_country": "FR",
    "context_device_manufacturer": "HP",
    "context_device_model": "HP EliteBook 830 G5",
    "context_device_type": "desktop",
    "context_os_name": "windows",
    "context_os_version": "10.0.19045",
    "context_receiver_service_timestamp": 1727288022229,
    "context_time": 1727287917390,
    "message_action_hash": null,
    "message_auth_method": "auto_login",
    "message_oauth_user_agent": null,
    "message_use_auth_client": false
  },
  {
    "timestamp_utc": "2024-10-15T10:08:23.784Z",
    "context_application_version": "1.2.48.405",
    "context_conn_country": "FR",
    "context_device_manufacturer": "HP",
    "context_device_model": "HP EliteBook 830 G5",
    "context_device_type": "desktop",
    "context_os_name": "windows",
    "context_os_version": "10.0.19045",
    "context_receiver_service_timestamp": 1728995430709,
    "context_time": 1728986903784,
    "message_action_hash": null,
    "message_auth_method": "auto_login",
    "message_oauth_user_agent": null,
    "message_use_auth_client": false
  },
  {
    "timestamp_utc": "2024-11-17T01:53:10.272Z",
    "context_application_version": "1.2.50.335",
    "context_conn_country": "FR",
    "context_device_manufacturer": "HP",
    "context_device_model": "HP EliteBook 830 G5",
    "context_device_type": "desktop",
    "context_os_name": "windows",
    "context_os_version": "10.0.19045",
    "context_receiver_service_timestamp": 1731808550630,
    "context_time": 1731808390272,
    "message_action_hash": null,
    "message_auth_method": "auto_login",
    "message_oauth_user_agent": null,
    "message_use_auth_client": false
  },
  {
    "timestamp_utc": "2024-11-17T09:33:45.955Z",
    "context_application_version": "1.2.50.335",
    "context_conn_country": "FR",
    "context_device_manufacturer": "HP",
    "context_device_model": "HP EliteBook 830 G5",
    "context_device_type": "desktop",
    "context_os_name": "windows",
    "context_os_version": "10.0.19045",
    "context_receiver_service_timestamp": 1731836270644,
    "context_time": 1731836025955,
    "message_action_hash": null,
    "message_auth_method": "auto_login",
    "message_oauth_user_agent": null,
    "message_use_auth_client": false
  },
  {
    "timestamp_utc": "2024-10-10T10:50:33.490Z",
    "context_application_version": "1.2.47.364",
    "context_conn_country": "FR",
    "context_device_manufacturer": "HP",
    "context_device_model": "HP EliteBook 830 G5",
    "context_device_type": "desktop",
    "context_os_name": "windows",
    "context_os_version": "10.0.19045",
    "context_receiver_service_timestamp": 1728557547038,
    "context_time": 1728557433490,
    "message_action_hash": null,
    "message_auth_method": "auto_login",
    "message_oauth_user_agent": null,
    "message_use_auth_client": false
  },
  {
    "timestamp_utc": "2024-12-02T18:40:16.815Z",
    "context_application_version": "1.2.51.345",
    "context_conn_country": "FR",
    "context_device_manufacturer": "HP",
    "context_device_model": "HP EliteBook 830 G5",
    "context_device_type": "desktop",
    "context_os_name": "windows",
    "context_os_version": "10.0.19045",
    "context_receiver_service_timestamp": 1733218786964,
    "context_time": 1733164816815,
    "message_action_hash": null,
    "message_auth_method": "auto_login",
    "message_oauth_user_agent": null,
    "message_use_auth_client": true
  },
  {
    "timestamp_utc": "2024-12-03T08:27:25.630Z",
    "context_application_version": "1.2.51.345",
    "context_conn_country": "FR",
    "context_device_manufacturer": "HP",
    "context_device_model": "HP EliteBook 830 G5",
    "context_device_type": "desktop",
    "context_os_name": "windows",
    "context_os_version": "10.0.19045",
    "context_receiver_service_timestamp": 1733218787130,
    "context_time": 1733214445630,
    "message_action_hash": null,
    "message_auth_method": "auto_login",
    "message_oauth_user_agent": null,
    "message_use_auth_client": true
  },
  {
    "timestamp_utc": "2024-10-21T19:34:55.204Z",
    "context_application_version": "1.2.48.405",
    "context_conn_country": "FR",
    "context_device_manufacturer": "HP",
    "context_device_model": "HP EliteBook 830 G5",
    "context_device_type": "desktop",
    "context_os_name": "windows",
    "context_os_version": "10.0.19045",
    "context_receiver_service_timestamp": 1729539411269,
    "context_time": 1729539295204,
    "message_action_hash": null,
    "message_auth_method": "auto_login",
    "message_oauth_user_agent": null,
    "message_use_auth_client": false
  },
  {
    "timestamp_utc": "2024-09-22T08:46:24.538Z",
    "context_application_version": "1.2.45.454",
    "context_conn_country": "FR",
    "context_device_manufacturer": "HP",
    "context_device_model": "HP EliteBook 830 G5",
    "context_device_type": "desktop",
    "context_os_name": "windows",
    "context_os_version": "10.0.19045",
    "context_receiver_service_timestamp": 1726995026581,
    "context_time": 1726994784538,
    "message_action_hash": null,
    "message_auth_method": "auto_login",
    "message_oauth_user_agent": null,
    "message_use_auth_client": false
  },
  {
    "timestamp_utc": "2024-09-09T11:54:42.154Z",
    "context_application_version": "1.2.45.454",
    "context_conn_country": "FR",
    "context_device_manufacturer": "HP",
    "context_device_model": "HP EliteBook 830 G5",
    "context_device_type": "desktop",
    "context_os_name": "windows",
    "context_os_version": "10.0.19045",
    "context_receiver_service_timestamp": 1725883331456,
    "context_time": 1725882882154,
    "message_action_hash": null,
    "message_auth_method": "auto_login",
    "message_oauth_user_agent": null,
    "message_use_auth_client": false
  },
  {
    "timestamp_utc": "2024-11-10T22:38:57.320Z",
    "context_application_version": "1.2.49.439",
    "context_conn_country": "FR",
    "context_device_manufacturer": "HP",
    "context_device_model": "HP EliteBook 830 G5",
    "context_device_type": "desktop",
    "context_os_name": "windows",
    "context_os_version": "10.0.19045",
    "context_receiver_service_timestamp": 1731278548257,
    "context_time": 1731278337320,
    "message_action_hash": null,
    "message_auth_method": "auto_login",
    "message_oauth_user_agent": null,
    "message_use_auth_client": false
  },
  {
    "timestamp_utc": "2024-09-21T22:18:32.153Z",
    "context_application_version": "1.2.45.454",
    "context_conn_country": "FR",
    "context_device_manufacturer": "HP",
    "context_device_model": "HP EliteBook 830 G5",
    "context_device_type": "desktop",
    "context_os_name": "windows",
    "context_os_version": "10.0.19045",
    "context_receiver_service_timestamp": 1726995026581,
    "context_time": 1726957112153,
    "message_action_hash": null,
    "message_auth_method": "auto_login",
    "message_oauth_user_agent": null,
    "message_use_auth_client": false
  },
  {
    "timestamp_utc": "2024-10-16T07:57:16.990Z",
    "context_application_version": "1.2.48.405",
    "context_conn_country": "FR",
    "context_device_manufacturer": "HP",
    "context_device_model": "HP EliteBook 830 G5",
    "context_device_type": "desktop",
    "context_os_name": "windows",
    "context_os_version": "10.0.19045",
    "context_receiver_service_timestamp": 1729065572117,
    "context_time": 1729065436990,
    "message_action_hash": null,
    "message_auth_method": "auto_login",
    "message_oauth_user_agent": null,
    "message_use_auth_client": false
  },
  {
    "timestamp_utc": "2024-09-18T13:08:19.245Z",
    "context_application_version": "1.2.45.454",
    "context_conn_country": "FR",
    "context_device_manufacturer": "HP",
    "context_device_model": "HP EliteBook 830 G5",
    "context_device_type": "desktop",
    "context_os_name": "windows",
    "context_os_version": "10.0.19045",
    "context_receiver_service_timestamp": 1726665029510,
    "context_time": 1726664899245,
    "message_action_hash": null,
    "message_auth_method": "auto_login",
    "message_oauth_user_agent": null,
    "message_use_auth_client": false
  },
  {
    "timestamp_utc": "2024-09-30T21:29:31.663Z",
    "context_application_version": "1.2.47.364",
    "context_conn_country": "FR",
    "context_device_manufacturer": "HP",
    "context_device_model": "HP EliteBook 830 G5",
    "context_device_type": "desktop",
    "context_os_name": "windows",
    "context_os_version": "10.0.19045",
    "context_receiver_service_timestamp": 1727731873562,
    "context_time": 1727731771663,
    "message_action_hash": null,
    "message_auth_method": "auto_login",
    "message_oauth_user_agent": null,
    "message_use_auth_client": false
  },
  {
    "timestamp_utc": "2024-10-15T09:11:17.258Z",
    "context_application_version": "1.2.48.405",
    "context_conn_country": "FR",
    "context_device_manufacturer": "HP",
    "context_device_model": "HP EliteBook 830 G5",
    "context_device_type": "desktop",
    "context_os_name": "windows",
    "context_os_version": "10.0.19045",
    "context_receiver_service_timestamp": 1728995349174,
    "context_time": 1728983477258,
    "message_action_hash": null,
    "message_auth_method": "auto_login",
    "message_oauth_user_agent": null,
    "message_use_auth_client": false
  },
  {
    "timestamp_utc": "2024-11-11T14:58:34.514Z",
    "context_application_version": "1.2.49.439",
    "context_conn_country": "FR",
    "context_device_manufacturer": "HP",
    "context_device_model": "HP EliteBook 830 G5",
    "context_device_type": "desktop",
    "context_os_name": "windows",
    "context_os_version": "10.0.19045",
    "context_receiver_service_timestamp": 1731337267510,
    "context_time": 1731337114514,
    "message_action_hash": null,
    "message_auth_method": "auto_login",
    "message_oauth_user_agent": null,
    "message_use_auth_client": false
  },
  {
    "timestamp_utc": "2024-09-08T16:22:04.022Z",
    "context_application_version": "1.2.43.420",
    "context_conn_country": "FR",
    "context_device_manufacturer": "HP",
    "context_device_model": "HP EliteBook 830 G5",
    "context_device_type": "desktop",
    "context_os_name": "windows",
    "context_os_version": "10.0.19045",
    "context_receiver_service_timestamp": 1725812970884,
    "context_time": 1725812524022,
    "message_action_hash": null,
    "message_auth_method": "auto_login",
    "message_oauth_user_agent": null,
    "message_use_auth_client": false
  },
  {
    "timestamp_utc": "2024-11-08T15:23:17.965Z",
    "context_application_version": "1.2.49.439",
    "context_conn_country": "FR",
    "context_device_manufacturer": "HP",
    "context_device_model": "HP EliteBook 830 G5",
    "context_device_type": "desktop",
    "context_os_name": "windows",
    "context_os_version": "10.0.19045",
    "context_receiver_service_timestamp": 1731241810947,
    "context_time": 1731079397965,
    "message_action_hash": null,
    "message_auth_method": "auto_login",
    "message_oauth_user_agent": null,
    "message_use_auth_client": false
  },
  {
    "timestamp_utc": "2024-09-24T14:50:31.688Z",
    "context_application_version": "1.2.45.454",
    "context_conn_country": "FR",
    "context_device_manufacturer": "HP",
    "context_device_model": "HP EliteBook 830 G5",
    "context_device_type": "desktop",
    "context_os_name": "windows",
    "context_os_version": "10.0.19045",
    "context_receiver_service_timestamp": 1727189885445,
    "context_time": 1727189431688,
    "message_action_hash": null,
    "message_auth_method": "auto_login",
    "message_oauth_user_agent": null,
    "message_use_auth_client": false
  },
  {
    "timestamp_utc": "2024-09-23T08:12:51.184Z",
    "context_application_version": "1.2.45.454",
    "context_conn_country": "FR",
    "context_device_manufacturer": "HP",
    "context_device_model": "HP EliteBook 830 G5",
    "context_device_type": "desktop",
    "context_os_name": "windows",
    "context_os_version": "10.0.19045",
    "context_receiver_service_timestamp": 1727084516910,
    "context_time": 1727079171184,
    "message_action_hash": null,
    "message_auth_method": "auto_login",
    "message_oauth_user_agent": null,
    "message_use_auth_client": false
  },
  {
    "timestamp_utc": "2024-11-30T11:24:21.042Z",
    "context_application_version": "1.2.51.345",
    "context_conn_country": "FR",
    "context_device_manufacturer": "HP",
    "context_device_model": "HP EliteBook 830 G5",
    "context_device_type": "desktop",
    "context_os_name": "windows",
    "context_os_version": "10.0.19045",
    "context_receiver_service_timestamp": 1733218786618,
    "context_time": 1732965861042,
    "message_action_hash": null,
    "message_auth_method": "auto_login",
    "message_oauth_user_agent": null,
    "message_use_auth_client": true
  },
  {
    "timestamp_utc": "2024-09-30T11:11:30.333Z",
    "context_application_version": "1.2.47.364",
    "context_conn_country": "FR",
    "context_device_manufacturer": "HP",
    "context_device_model": "HP EliteBook 830 G5",
    "context_device_type": "desktop",
    "context_os_name": "windows",
    "context_os_version": "10.0.19045",
    "context_receiver_service_timestamp": 1727694937531,
    "context_time": 1727694690333,
    "message_action_hash": null,
    "message_auth_method": "auto_login",
    "message_oauth_user_agent": null,
    "message_use_auth_client": false
  },
  {
    "timestamp_utc": "2024-10-04T07:57:58.587Z",
    "context_application_version": "1.2.47.364",
    "context_conn_country": "FR",
    "context_device_manufacturer": "HP",
    "context_device_model": "HP EliteBook 830 G5",
    "context_device_type": "desktop",
    "context_os_name": "windows",
    "context_os_version": "10.0.19045",
    "context_receiver_service_timestamp": 1728028898470,
    "context_time": 1728028678587,
    "message_action_hash": null,
    "message_auth_method": "auto_login",
    "message_oauth_user_agent": null,
    "message_use_auth_client": false
  },
  {
    "timestamp_utc": "2024-11-03T14:21:37.676Z",
    "context_application_version": "1.2.49.439",
    "context_conn_country": "FR",
    "context_device_manufacturer": "HP",
    "context_device_model": "HP EliteBook 830 G5",
    "context_device_type": "desktop",
    "context_os_name": "windows",
    "context_os_version": "10.0.19045",
    "context_receiver_service_timestamp": 1730643817837,
    "context_time": 1730643697676,
    "message_action_hash": null,
    "message_auth_method": "auto_login",
    "message_oauth_user_agent": null,
    "message_use_auth_client": false
  },
  {
    "timestamp_utc": "2024-09-12T16:50:05.850Z",
    "context_application_version": "1.2.45.454",
    "context_conn_country": "FR",
    "context_device_manufacturer": "HP",
    "context_device_model": "HP EliteBook 830 G5",
    "context_device_type": "desktop",
    "context_os_name": "windows",
    "context_os_version": "10.0.19045",
    "context_receiver_service_timestamp": 1726159984228,
    "context_time": 1726159805850,
    "message_action_hash": null,
    "message_auth_method": "auto_login",
    "message_oauth_user_agent": null,
    "message_use_auth_client": false
  },
  {
    "timestamp_utc": "2024-11-29T10:56:57.501Z",
    "context_application_version": "1.2.51.345",
    "context_conn_country": "FR",
    "context_device_manufacturer": "HP",
    "context_device_model": "HP EliteBook 830 G5",
    "context_device_type": "desktop",
    "context_os_name": "windows",
    "context_os_version": "10.0.19045",
    "context_receiver_service_timestamp": 1733218786618,
    "context_time": 1732877817501,
    "message_action_hash": null,
    "message_auth_method": "auto_login",
    "message_oauth_user_agent": null,
    "message_use_auth_client": true
  },
  {
    "timestamp_utc": "2024-10-30T10:06:38.665Z",
    "context_application_version": "1.2.49.439",
    "context_conn_country": "FR",
    "context_device_manufacturer": "HP",
    "context_device_model": "HP EliteBook 830 G5",
    "context_device_type": "desktop",
    "context_os_name": "windows",
    "context_os_version": "10.0.19045",
    "context_receiver_service_timestamp": 1730549906387,
    "context_time": 1730282798665,
    "message_action_hash": null,
    "message_auth_method": "auto_login",
    "message_oauth_user_agent": null,
    "message_use_auth_client": false
  },
  {
    "timestamp_utc": "2024-10-24T16:59:45.055Z",
    "context_application_version": "1.2.49.439",
    "context_conn_country": "FR",
    "context_device_manufacturer": "HP",
    "context_device_model": "HP EliteBook 830 G5",
    "context_device_type": "desktop",
    "context_os_name": "windows",
    "context_os_version": "10.0.19045",
    "context_receiver_service_timestamp": 1729789302870,
    "context_time": 1729789185055,
    "message_action_hash": null,
    "message_auth_method": "auto_login",
    "message_oauth_user_agent": null,
    "message_use_auth_client": false
  },
  {
    "timestamp_utc": "2024-11-26T09:05:13.019Z",
    "context_application_version": "1.2.50.335",
    "context_conn_country": "FR",
    "context_device_manufacturer": "HP",
    "context_device_model": "HP EliteBook 830 G5",
    "context_device_type": "desktop",
    "context_os_name": "windows",
    "context_os_version": "10.0.19045",
    "context_receiver_service_timestamp": 1732611916710,
    "context_time": 1732611913019,
    "message_action_hash": null,
    "message_auth_method": "auto_login",
    "message_oauth_user_agent": null,
    "message_use_auth_client": false
  },
  {
    "timestamp_utc": "2024-10-15T12:33:54.177Z",
    "context_application_version": "1.2.48.405",
    "context_conn_country": "FR",
    "context_device_manufacturer": "HP",
    "context_device_model": "HP EliteBook 830 G5",
    "context_device_type": "desktop",
    "context_os_name": "windows",
    "context_os_version": "10.0.19045",
    "context_receiver_service_timestamp": 1729010687821,
    "context_time": 1728995634177,
    "message_action_hash": null,
    "message_auth_method": "auto_login",
    "message_oauth_user_agent": null,
    "message_use_auth_client": false
  },
  {
    "timestamp_utc": "2024-10-15T16:42:56.967Z",
    "context_application_version": "1.2.48.405",
    "context_conn_country": "FR",
    "context_device_manufacturer": "HP",
    "context_device_model": "HP EliteBook 830 G5",
    "context_device_type": "desktop",
    "context_os_name": "windows",
    "context_os_version": "10.0.19045",
    "context_receiver_service_timestamp": 1729010689812,
    "context_time": 1729010576967,
    "message_action_hash": null,
    "message_auth_method": "auto_login",
    "message_oauth_user_agent": null,
    "message_use_auth_client": false
  },
  {
    "timestamp_utc": "2024-10-23T08:28:48.713Z",
    "context_application_version": "1.2.48.405",
    "context_conn_country": "FR",
    "context_device_manufacturer": "HP",
    "context_device_model": "HP EliteBook 830 G5",
    "context_device_type": "desktop",
    "context_os_name": "windows",
    "context_os_version": "10.0.19045",
    "context_receiver_service_timestamp": 1729672241521,
    "context_time": 1729672128713,
    "message_action_hash": null,
    "message_auth_method": "auto_login",
    "message_oauth_user_agent": null,
    "message_use_auth_client": false
  }
]