[
  {
    "message_is_employee": "\u0000",
    "timestamp_utc": "2024-09-08T16:40:23.971Z",
    "context_application_version": "1.2.43.420",
    "context_conn_country": "FR",
    "context_device_manufacturer": "HP",
    "context_device_model": "HP EliteBook 830 G5",
    "context_device_type": "desktop",
    "context_os_name": "windows",
    "context_os_version": "10.0.19045",
    "context_receiver_service_timestamp": 1725813720937,
    "context_time": 1725813623971,
    "message_is_critical": false,
    "message_is_successful": true,
    "message_revision": 124500454
  },
  {
    "message_is_employee": "\u0000",
    "timestamp_utc": "2024-10-24T12:33:26.090Z",
    "context_application_version": "1.2.48.405",
    "context_conn_country": "DE",
    "context_device_manufacturer": "Apple Inc.",
    "context_device_model": "MacBookPro17,1",
    "context_device_type": "desktop",
    "context_os_name": "osx",
    "context_os_version": "14.1.2",
    "context_receiver_service_timestamp": 1729773074014,
    "context_time": 1729773206090,
    "message_is_critical": false,
    "message_is_successful": true,
    "message_revision": 124900439
  },
  {
    "message_is_employee": "\u0000",
    "timestamp_utc": "2024-10-10T22:24:38.722Z",
    "context_application_version": "1.2.45.454",
    "context_conn_country": "DE",
    "context_device_manufacturer": "Apple Inc.",
    "context_device_model": "MacBookPro17,1",
    "context_device_type": "desktop",
    "context_os_name": "osx",
    "context_os_version": "14.1.2",
    "context_receiver_service_timestamp": 1728598947678,
    "context_time": 1728599078722,
    "message_is_critical": false,
    "message_is_successful": true,
    "message_revision": 124800405
  },
  {
    "message_is_employee": "\u0000",
    "timestamp_utc": "2024-09-25T08:20:16.838Z",
    "context_application_version": "1.2.45.454",
    "context_conn_country": "FR",
    "context_device_manufacturer": "HP",
    "context_device_model": "HP EliteBook 830 G5",
    "context_device_type": "desktop",
    "context_os_name": "windows",
    "context_os_version": "10.0.19045",
    "context_receiver_service_timestamp": 1727252513322,
    "context_time": 1727252416838,
    "message_is_critical": false,
    "message_is_successful": true,
    "message_revision": 124700364
  },
  {
    "message_is_employee": "\u0000",
    "timestamp_utc": "2024-10-24T14:12:55.758Z",
    "context_application_version": "1.2.48.405",
    "context_conn_country": "FR",
    "context_device_manufacturer": "HP",
    "context_device_model": "HP EliteBook 830 G5",
    "context_device_type": "desktop",
    "context_os_name": "windows",
    "context_os_version": "10.0.19045",
    "context_receiver_service_timestamp": 1729779300563,
    "context_time": 1729779175758,
    "message_is_critical": false,
    "message_is_successful": true,
    "message_revision": 124900439
  },
  {
    "message_is_employee": "\u0000",
    "timestamp_utc": "2024-11-26T09:25:41.321Z",
    "context_application_version": "1.2.50.335",
    "context_conn_country": "FR",
    "context_device_manufacturer": "HP",
    "context_device_model": "HP EliteBook 830 G5",
    "context_device_type": "desktop",
    "context_os_name": "windows",
    "context_os_version": "10.0.19045",
    "context_receiver_service_timestamp": 1733218779100,
    "context_time": 1732613141321,
    "message_is_critical": false,
    "message_is_successful": true,
    "message_revision": 125100345
  },
  {
    "message_is_employee": "\u0000",
    "timestamp_utc": "2024-11-21T18:23:01.671Z",
    "context_application_version": "1.2.50.335",
    "context_conn_country": "DE",
    "context_device_manufacturer": "Apple Inc.",
    "context_device_model": "MacBookPro17,1",
    "context_device_type": "desktop",
    "context_os_name": "osx",
    "context_os_version": "14.1.2",
    "context_receiver_service_timestamp": 1732213208934,
    "context_time": 1732213381671,
    "message_is_critical": false,
    "message_is_successful": true,
    "message_revision": 125100345
  },
  {
    "message_is_employee": "\u0000",
    "timestamp_utc": "2024-11-16T12:57:22.279Z",
    "context_application_version": "1.2.49.439",
    "context_conn_country": "FR",
    "context_device_manufacturer": "HP",
    "context_device_model": "HP EliteBook 830 G5",
    "context_device_type": "desktop",
    "context_os_name": "windows",
    "context_os_version": "10.0.19045",
    "context_receiver_service_timestamp": 1731761976659,
    "context_time": 1731761842279,
    "message_is_critical": false,
    "message_is_successful": true,
    "message_revision": 125000335
  },
  {
    "message_is_employee": "\u0000",
    "timestamp_utc": "2024-11-14T12:24:25.596Z",
    "context_application_version": "1.2.49.439",
    "context_conn_country": "DE",
    "context_device_manufacturer": "Apple Inc.",
    "context_device_model": "MacBookPro17,1",
    "context_device_type": "desktop",
    "context_os_name": "osx",
    "context_os_version": "14.1.2",
    "context_receiver_service_timestamp": 1731586911221,
    "context_time": 1731587065596,
    "message_is_critical": false,
    "message_is_successful": true,
    "message_revision": 125000335
  },
  {
    "message_is_employee": "\u0000",
    "timestamp_utc": "2024-10-10T19:15:43.113Z",
    "context_application_version": "1.2.47.364",
    "context_conn_country": "FR",
    "context_device_manufacturer": "HP",
    "context_device_model": "HP EliteBook 830 G5",
    "context_device_type": "desktop",
    "context_os_name": "windows",
    "context_os_version": "10.0.19045",
    "context_receiver_service_timestamp": 1728587870202,
    "context_time": 1728587743113,
    "message_is_critical": false,
    "message_is_successful": true,
    "message_revision": 124800405
  }
]