[
  {
    "message_is_employee": "\u0000",
    "timestamp_utc": "2024-11-25T21:48:29.804Z",
    "context_application_version": "1.2.50.335",
    "context_conn_country": "FR",
    "context_device_manufacturer": "HP",
    "context_device_model": "HP EliteBook 830 G5",
    "context_device_type": "desktop",
    "context_os_name": "windows",
    "context_os_version": "10.0.19045",
    "context_receiver_service_timestamp": 1732571309944,
    "context_time": 1732571309804,
    "message_binary_hash": "d254780d5b4202a5708621e373c0928dce0dd31e",
    "message_is_critical": false,
    "message_revision": 125100345,
    "message_source": "du",
    "message_success": true
  },
  {
    "message_is_employee": "\u0000",
    "timestamp_utc": "2024-11-21T10:26:35.404Z",
    "context_application_version": "1.2.50.335",
    "context_conn_country": "DE",
    "context_device_manufacturer": "Apple Inc.",
    "context_device_model": "MacBookPro17,1",
    "context_device_type": "desktop",
    "context_os_name": "osx",
    "context_os_version": "14.1.2",
    "context_receiver_service_timestamp": 1732185508909,
    "context_time": 1732184795404,
    "message_binary_hash": "91c0b449647063e6649c9d17f74fc6569c322bba",
    "message_is_critical": false,
    "message_revision": 125100345,
    "message_source": "du",
    "message_success": true
  },
  {
    "message_is_employee": "\u0000",
    "timestamp_utc": "2024-12-05T12:49:55.483Z",
    "context_application_version": "1.2.51.345",
    "context_conn_country": "DE",
    "context_device_manufacturer": "Apple Inc.",
    "context_device_model": "MacBookPro17,1",
    "context_device_type": "desktop",
    "context_os_name": "osx",
    "context_os_version": "14.1.2",
    "context_receiver_service_timestamp": 1733403118265,
    "context_time": 1733402995483,
    "message_binary_hash": "382064c644a31c730192fc3616de417f67f2b5d4",
    "message_is_critical": false,
    "message_revision": 125200442,
    "message_source": "du",
    "message_success": true
  },
  {
    "message_is_employee": "\u0000",
    "timestamp_utc": "2024-12-05T12:21:15.609Z",
    "context_application_version": "1.2.51.345",
    "context_conn_country": "FR",
    "context_device_manufacturer": "HP",
    "context_device_model": "HP EliteBook 830 G5",
    "context_device_type": "desktop",
    "context_os_name": "windows",
    "context_os_version": "10.0.19045",
    "context_receiver_service_timestamp": 1733401281375,
    "context_time": 1733401275609,
    "message_binary_hash": "dcb981888a50388830e45af3d3a2b66b1a711abc",
    "message_is_critical": false,
    "message_revision": 125200442,
    "message_source": "du",
    "message_success": true
  },
  {
    "message_is_employee": "\u0000",
    "timestamp_utc": "2024-11-26T09:05:16.046Z",
    "context_application_version": "1.2.50.335",
    "context_conn_country": "FR",
    "context_device_manufacturer": "HP",
    "context_device_model": "HP EliteBook 830 G5",
    "context_device_type": "desktop",
    "context_os_name": "windows",
    "context_os_version": "10.0.19045",
    "context_receiver_service_timestamp": 1732611922697,
    "context_time": 1732611916046,
    "message_binary_hash": "d254780d5b4202a5708621e373c0928dce0dd31e",
    "message_is_critical": false,
    "message_revision": 125100345,
    "message_source": "du",
    "message_success": true
  },
  {
    "message_is_employee": "\u0000",
    "timestamp_utc": "2024-09-25T08:05:57.846Z",
    "context_application_version": "1.2.45.454",
    "context_conn_country": "FR",
    "context_device_manufacturer": "HP",
    "context_device_model": "HP EliteBook 830 G5",
    "context_device_type": "desktop",
    "context_os_name": "windows",
    "context_os_version": "10.0.19045",
    "context_receiver_service_timestamp": 1727251673282,
    "context_time": 1727251557846,
    "message_binary_hash": "3374c57ad07c523539363a2869bb7196da726cf8",
    "message_is_critical": false,
    "message_revision": 124700364,
    "message_source": "du",
    "message_success": true
  },
  {
    "message_is_employee": "\u0000",
    "timestamp_utc": "2024-10-24T14:06:12.174Z",
    "context_application_version": "1.2.48.405",
    "context_conn_country": "FR",
    "context_device_manufacturer": "HP",
    "context_device_model": "HP EliteBook 830 G5",
    "context_device_type": "desktop",
    "context_os_name": "windows",
    "context_os_version": "10.0.19045",
    "context_receiver_service_timestamp": 1729778883222,
    "context_time": 1729778772174,
    "message_binary_hash": "14c2ad9750ff474832c9ee96894567f5d5ed4e90",
    "message_is_critical": false,
    "message_revision": 124900439,
    "message_source": "du",
    "message_success": true
  },
  {
    "message_is_employee": "\u0000",
    "timestamp_utc": "2024-11-26T09:07:38.052Z",
    "context_application_version": "1.2.50.335",
    "context_conn_country": "FR",
    "context_device_manufacturer": "HP",
    "context_device_model": "HP EliteBook 830 G5",
    "context_device_type": "desktop",
    "context_os_name": "windows",
    "context_os_version": "10.0.19045",
    "context_receiver_service_timestamp": 1732612061710,
    "context_time": 1732612058052,
    "message_binary_hash": "d254780d5b4202a5708621e373c0928dce0dd31e",
    "message_is_critical": false,
    "message_revision": 125100345,
    "message_source": "du",
    "message_success": true
  },
  {
    "message_is_employee": "\u0000",
    "timestamp_utc": "2024-11-23T09:37:33.866Z",
    "context_application_version": "1.2.50.335",
    "context_conn_country": "FR",
    "context_device_manufacturer": "HP",
    "context_device_model": "HP EliteBook 830 G5",
    "context_device_type": "desktop",
    "context_os_name": "windows",
    "context_os_version": "10.0.19045",
    "context_receiver_service_timestamp": 1732354807737,
    "context_time": 1732354653866,
    "message_binary_hash": "d254780d5b4202a5708621e373c0928dce0dd31e",
    "message_is_critical": false,
    "message_revision": 125100345,
    "message_source": "du",
    "message_success": true
  },
  {
    "message_is_employee": "\u0000",
    "timestamp_utc": "2024-10-10T15:28:49.189Z",
    "context_application_version": "1.2.45.454",
    "context_conn_country": "DE",
    "context_device_manufacturer": "Apple Inc.",
    "context_device_model": "MacBookPro17,1",
    "context_device_type": "desktop",
    "context_os_name": "osx",
    "context_os_version": "14.1.2",
    "context_receiver_service_timestamp": 1728575658341,
    "context_time": 1728574129189,
    "message_binary_hash": "b98d6c591431b192d19c572af3887195f9df1fab",
    "message_is_critical": false,
    "message_revision": 124800405,
    "message_source": "du",
    "message_success": true
  },
  {
    "message_is_employee": "\u0000",
    "timestamp_utc": "2024-10-10T17:58:23.843Z",
    "context_application_version": "1.2.47.364",
    "context_conn_country": "FR",
    "context_device_manufacturer": "HP",
    "context_device_model": "HP EliteBook 830 G5",
    "context_device_type": "desktop",
    "context_os_name": "windows",
    "context_os_version": "10.0.19045",
    "context_receiver_service_timestamp": 1728583226666,
    "context_time": 1728583103843,
    "message_binary_hash": "672e4222393b2248d3717181a0a25671a77a4df9",
    "message_is_critical": false,
    "message_revision": 124800405,
    "message_source": "du",
    "message_success": true
  },
  {
    "message_is_employee": "\u0000",
    "timestamp_utc": "2024-11-14T10:53:11.659Z",
    "context_application_version": "1.2.49.439",
    "context_conn_country": "DE",
    "context_device_manufacturer": "Apple Inc.",
    "context_device_model": "MacBookPro17,1",
    "context_device_type": "desktop",
    "context_os_name": "osx",
    "context_os_version": "14.1.2",
    "context_receiver_service_timestamp": 1731581786890,
    "context_time": 1731581591659,
    "message_binary_hash": "c17907a833c47c06d9fbdbf5cbae334ca312067d",
    "message_is_critical": false,
    "message_revision": 125000335,
    "message_source": "du",
    "message_success": true
  },
  {
    "message_is_employee": "\u0000",
    "timestamp_utc": "2024-10-10T18:15:46.713Z",
    "context_application_version": "1.2.47.364",
    "context_conn_country": "FR",
    "context_device_manufacturer": "HP",
    "context_device_model": "HP EliteBook 830 G5",
    "context_device_type": "desktop",
    "context_os_name": "windows",
    "context_os_version": "10.0.19045",
    "context_receiver_service_timestamp": 1728584270064,
    "context_time": 1728584146713,
    "message_binary_hash": "672e4222393b2248d3717181a0a25671a77a4df9",
    "message_is_critical": false,
    "message_revision": 124800405,
    "message_source": "du",
    "message_success": true
  },
  {
    "message_is_employee": "\u0000",
    "timestamp_utc": "2024-11-16T12:17:07.272Z",
    "context_application_version": "1.2.49.439",
    "context_conn_country": "FR",
    "context_device_manufacturer": "HP",
    "context_device_model": "HP EliteBook 830 G5",
    "context_device_type": "desktop",
    "context_os_name": "windows",
    "context_os_version": "10.0.19045",
    "context_receiver_service_timestamp": 1731759564948,
    "context_time": 1731759427272,
    "message_binary_hash": "4c0bee1b7720cfd43442d075fc3c45d96bddcac6",
    "message_is_critical": false,
    "message_revision": 125000335,
    "message_source": "du",
    "message_success": true
  },
  {
    "message_is_employee": "\u0000",
    "timestamp_utc": "2024-09-08T16:32:59.158Z",
    "context_application_version": "1.2.43.420",
    "context_conn_country": "FR",
    "context_device_manufacturer": "HP",
    "context_device_model": "HP EliteBook 830 G5",
    "context_device_type": "desktop",
    "context_os_name": "windows",
    "context_os_version": "10.0.19045",
    "context_receiver_service_timestamp": 1725813271072,
    "context_time": 1725813179158,
    "message_binary_hash": "d1efce5a1e7edcfcbb8b92390c366eb3737b914b",
    "message_is_critical": false,
    "message_revision": 124500454,
    "message_source": "du",
    "message_success": true
  },
  {
    "message_is_employee": "\u0000",
    "timestamp_utc": "2024-09-25T07:00:57.954Z",
    "context_application_version": "1.2.45.454",
    "context_conn_country": "DE",
    "context_device_manufacturer": "Apple Inc.",
    "context_device_model": "MacBookPro17,1",
    "context_device_type": "desktop",
    "context_os_name": "osx",
    "context_os_version": "14.1.2",
    "context_receiver_service_timestamp": 1727251200899,
    "context_time": 1727247657954,
    "message_binary_hash": "4d94b917c5c7fc25b0944305ec03193318251c70",
    "message_is_critical": false,
    "message_revision": 124700364,
    "message_source": "du",
    "message_success": true
  },
  {
    "message_is_employee": "\u0000",
    "timestamp_utc": "2024-10-24T11:45:26.964Z",
    "context_application_version": "1.2.48.405",
    "context_conn_country": "DE",
    "context_device_manufacturer": "Apple Inc.",
    "context_device_model": "MacBookPro17,1",
    "context_device_type": "desktop",
    "context_os_name": "osx",
    "context_os_version": "14.1.2",
    "context_receiver_service_timestamp": 1729770723946,
    "context_time": 1729770326964,
    "message_binary_hash": "0d066fbb9b0ae64a1e35cec4650cf19d973bf3d3",
    "message_is_critical": false,
    "message_revision": 124900439,
    "message_source": "du",
    "message_success": true
  }
]