[
  {
    "message_is_employee": "\u0000",
    "timestamp_utc": "2024-11-23T09:51:06.746Z",
    "context_application_version": "1.2.50.335",
    "context_conn_country": "FR",
    "context_device_manufacturer": "HP",
    "context_device_model": "HP EliteBook 830 G5",
    "context_device_type": "desktop",
    "context_os_name": "windows",
    "context_os_version": "10.0.19045",
    "context_receiver_service_timestamp": 1732356084078,
    "context_time": 1732355466746,
    "message_error_message": "FileURLRequestClient: Request failed (4/-101)",
    "message_is_critical": false,
    "message_revision": 125100345
  },
  {
    "message_is_employee": "\u0000",
    "timestamp_utc": "2024-09-29T03:32:17.138Z",
    "context_application_version": "1.2.45.454",
    "context_conn_country": "DE",
    "context_device_manufacturer": "Apple Inc.",
    "context_device_model": "MacBookPro17,1",
    "context_device_type": "desktop",
    "context_os_name": "osx",
    "context_os_version": "14.1.2",
    "context_receiver_service_timestamp": 1727580615416,
    "context_time": 1727580737138,
    "message_error_message": "FileURLRequestClient: Request failed (4/-101)",
    "message_is_critical": false,
    "message_revision": 124700364
  }
]