[
  {
    "message_is_employee": "\u0000",
    "timestamp_utc": "2024-11-21T18:22:27.872Z",
    "context_application_version": "1.2.50.335",
    "context_conn_country": "DE",
    "context_device_manufacturer": "Apple Inc.",
    "context_device_model": "MacBookPro17,1",
    "context_device_type": "desktop",
    "context_os_name": "osx",
    "context_os_version": "14.1.2",
    "context_receiver_service_timestamp": 1732213178901,
    "context_time": 1732213347872,
    "message_already_downloaded_from_revision": 0,
    "message_already_downloaded_to_revision": 0,
    "message_is_critical": false,
    "message_this_message_from_revision": 125000335,
    "message_this_message_to_revision": 125100345,
    "message_will_download": true
  },
  {
    "message_is_employee": "\u0000",
    "timestamp_utc": "2024-11-16T12:56:56.282Z",
    "context_application_version": "1.2.49.439",
    "context_conn_country": "FR",
    "context_device_manufacturer": "HP",
    "context_device_model": "HP EliteBook 830 G5",
    "context_device_type": "desktop",
    "context_os_name": "windows",
    "context_os_version": "10.0.19045",
    "context_receiver_service_timestamp": 1731761946666,
    "context_time": 1731761816282,
    "message_already_downloaded_from_revision": 0,
    "message_already_downloaded_to_revision": 0,
    "message_is_critical": false,
    "message_this_message_from_revision": 124900439,
    "message_this_message_to_revision": 125000335,
    "message_will_download": true
  },
  {
    "message_is_employee": "\u0000",
    "timestamp_utc": "2024-09-25T08:20:09.023Z",
    "context_application_version": "1.2.45.454",
    "context_conn_country": "FR",
    "context_device_manufacturer": "HP",
    "context_device_model": "HP EliteBook 830 G5",
    "context_device_type": "desktop",
    "context_os_name": "windows",
    "context_os_version": "10.0.19045",
    "context_receiver_service_timestamp": 1727252513322,
    "context_time": 1727252409023,
    "message_already_downloaded_from_revision": 0,
    "message_already_downloaded_to_revision": 0,
    "message_is_critical": false,
    "message_this_message_from_revision": 124500454,
    "message_this_message_to_revision": 124700364,
    "message_will_download": true
  },
  {
    "message_is_employee": "\u0000",
    "timestamp_utc": "2024-09-29T03:16:04.416Z",
    "context_application_version": "1.2.45.454",
    "context_conn_country": "DE",
    "context_device_manufacturer": "Apple Inc.",
    "context_device_model": "MacBookPro17,1",
    "context_device_type": "desktop",
    "context_os_name": "osx",
    "context_os_version": "14.1.2",
    "context_receiver_service_timestamp": 1727580615416,
    "context_time": 1727579764416,
    "message_already_downloaded_from_revision": 0,
    "message_already_downloaded_to_revision": 0,
    "message_is_critical": false,
    "message_this_message_from_revision": 124500454,
    "message_this_message_to_revision": 124700364,
    "message_will_download": true
  },
  {
    "message_is_employee": "\u0000",
    "timestamp_utc": "2024-11-14T12:23:54.686Z",
    "context_application_version": "1.2.49.439",
    "context_conn_country": "DE",
    "context_device_manufacturer": "Apple Inc.",
    "context_device_model": "MacBookPro17,1",
    "context_device_type": "desktop",
    "context_os_name": "osx",
    "context_os_version": "14.1.2",
    "context_receiver_service_timestamp": 1731586881220,
    "context_time": 1731587034686,
    "message_already_downloaded_from_revision": 0,
    "message_already_downloaded_to_revision": 0,
    "message_is_critical": false,
    "message_this_message_from_revision": 124900439,
    "message_this_message_to_revision": 125000335,
    "message_will_download": true
  },
  {
    "message_is_employee": "\u0000",
    "timestamp_utc": "2024-11-23T09:49:07.647Z",
    "context_application_version": "1.2.50.335",
    "context_conn_country": "FR",
    "context_device_manufacturer": "HP",
    "context_device_model": "HP EliteBook 830 G5",
    "context_device_type": "desktop",
    "context_os_name": "windows",
    "context_os_version": "10.0.19045",
    "context_receiver_service_timestamp": 1732355497683,
    "context_time": 1732355347647,
    "message_already_downloaded_from_revision": 0,
    "message_already_downloaded_to_revision": 0,
    "message_is_critical": false,
    "message_this_message_from_revision": 125000335,
    "message_this_message_to_revision": 125100345,
    "message_will_download": true
  },
  {
    "message_is_employee": "\u0000",
    "timestamp_utc": "2024-10-24T12:32:57.304Z",
    "context_application_version": "1.2.48.405",
    "context_conn_country": "DE",
    "context_device_manufacturer": "Apple Inc.",
    "context_device_model": "MacBookPro17,1",
    "context_device_type": "desktop",
    "context_os_name": "osx",
    "context_os_version": "14.1.2",
    "context_receiver_service_timestamp": 1729773044031,
    "context_time": 1729773177304,
    "message_already_downloaded_from_revision": 0,
    "message_already_downloaded_to_revision": 0,
    "message_is_critical": false,
    "message_this_message_from_revision": 124800405,
    "message_this_message_to_revision": 124900439,
    "message_will_download": true
  },
  {
    "message_is_employee": "\u0000",
    "timestamp_utc": "2024-10-24T14:12:44.176Z",
    "context_application_version": "1.2.48.405",
    "context_conn_country": "FR",
    "context_device_manufacturer": "HP",
    "context_device_model": "HP EliteBook 830 G5",
    "context_device_type": "desktop",
    "context_os_name": "windows",
    "context_os_version": "10.0.19045",
    "context_receiver_service_timestamp": 1729779281189,
    "context_time": 1729779164176,
    "message_already_downloaded_from_revision": 0,
    "message_already_downloaded_to_revision": 0,
    "message_is_critical": false,
    "message_this_message_from_revision": 124800405,
    "message_this_message_to_revision": 124900439,
    "message_will_download": true
  },
  {
    "message_is_employee": "\u0000",
    "timestamp_utc": "2024-11-25T21:49:00.699Z",
    "context_application_version": "1.2.50.335",
    "context_conn_country": "FR",
    "context_device_manufacturer": "HP",
    "context_device_model": "HP EliteBook 830 G5",
    "context_device_type": "desktop",
    "context_os_name": "windows",
    "context_os_version": "10.0.19045",
    "context_receiver_service_timestamp": 1732611916710,
    "context_time": 1732571340699,
    "message_already_downloaded_from_revision": 0,
    "message_already_downloaded_to_revision": 0,
    "message_is_critical": false,
    "message_this_message_from_revision": 125000335,
    "message_this_message_to_revision": 125100345,
    "message_will_download": true
  },
  {
    "message_is_employee": "\u0000",
    "timestamp_utc": "2024-11-26T09:25:26.598Z",
    "context_application_version": "1.2.50.335",
    "context_conn_country": "FR",
    "context_device_manufacturer": "HP",
    "context_device_model": "HP EliteBook 830 G5",
    "context_device_type": "desktop",
    "context_os_name": "windows",
    "context_os_version": "10.0.19045",
    "context_receiver_service_timestamp": 1733218779100,
    "context_time": 1732613126598,
    "message_already_downloaded_from_revision": 0,
    "message_already_downloaded_to_revision": 0,
    "message_is_critical": false,
    "message_this_message_from_revision": 125000335,
    "message_this_message_to_revision": 125100345,
    "message_will_download": true
  },
  {
    "message_is_employee": "\u0000",
    "timestamp_utc": "2024-10-10T19:14:26.560Z",
    "context_application_version": "1.2.47.364",
    "context_conn_country": "FR",
    "context_device_manufacturer": "HP",
    "context_device_model": "HP EliteBook 830 G5",
    "context_device_type": "desktop",
    "context_os_name": "windows",
    "context_os_version": "10.0.19045",
    "context_receiver_service_timestamp": 1728587782010,
    "context_time": 1728587666560,
    "message_already_downloaded_from_revision": 0,
    "message_already_downloaded_to_revision": 0,
    "message_is_critical": false,
    "message_this_message_from_revision": 124700364,
    "message_this_message_to_revision": 124800405,
    "message_will_download": true
  },
  {
    "message_is_employee": "\u0000",
    "timestamp_utc": "2024-09-08T16:39:54.640Z",
    "context_application_version": "1.2.43.420",
    "context_conn_country": "FR",
    "context_device_manufacturer": "HP",
    "context_device_model": "HP EliteBook 830 G5",
    "context_device_type": "desktop",
    "context_os_name": "windows",
    "context_os_version": "10.0.19045",
    "context_receiver_service_timestamp": 1725813690826,
    "context_time": 1725813594640,
    "message_already_downloaded_from_revision": 0,
    "message_already_downloaded_to_revision": 0,
    "message_is_critical": false,
    "message_this_message_from_revision": 124300420,
    "message_this_message_to_revision": 124500454,
    "message_will_download": true
  },
  {
    "message_is_employee": "\u0000",
    "timestamp_utc": "2024-10-10T22:24:08.193Z",
    "context_application_version": "1.2.45.454",
    "context_conn_country": "DE",
    "context_device_manufacturer": "Apple Inc.",
    "context_device_model": "MacBookPro17,1",
    "context_device_type": "desktop",
    "context_os_name": "osx",
    "context_os_version": "14.1.2",
    "context_receiver_service_timestamp": 1728598917663,
    "context_time": 1728599048193,
    "message_already_downloaded_from_revision": 0,
    "message_already_downloaded_to_revision": 0,
    "message_is_critical": false,
    "message_this_message_from_revision": 124500454,
    "message_this_message_to_revision": 124800405,
    "message_will_download": true
  }
]