[
  {
    "timestamp_utc": "2024-11-25T17:13:21.755Z",
    "context_application_version": "8.9.94.418",
    "context_conn_country": "DE",
    "context_device_manufacturer": "apple",
    "context_device_model": "iPhone15,2",
    "context_device_type": "mobile",
    "context_os_name": "ios",
    "context_os_version": "18.0",
    "context_receiver_service_timestamp": 1732554843707,
    "context_time": 1732554801755,
    "message_error_code": 7,
    "message_fatal": false,
    "message_playback_id": "aMhc4ziQQ+8sCuTQa6N8CA==",
    "message_reason": "verify-http-transport"
  },
  {
    "timestamp_utc": "2024-11-27T07:53:28.086Z",
    "context_application_version": "8.9.94.418",
    "context_conn_country": "DE",
    "context_device_manufacturer": "apple",
    "context_device_model": "iPhone15,2",
    "context_device_type": "mobile",
    "context_os_name": "ios",
    "context_os_version": "18.0",
    "context_receiver_service_timestamp": 1732694030236,
    "context_time": 1732694008086,
    "message_error_code": 7,
    "message_fatal": false,
    "message_playback_id": "1ztxzivp0B4PphLrnucmig==",
    "message_reason": "verify-http-transport"
  },
  {
    "timestamp_utc": "2024-11-11T12:18:03.950Z",
    "context_application_version": "8.9.86.419",
    "context_conn_country": "FR",
    "context_device_manufacturer": "apple",
    "context_device_model": "iPhone14,5",
    "context_device_type": "mobile",
    "context_os_name": "ios",
    "context_os_version": "17.6.1",
    "context_receiver_service_timestamp": 1731327890858,
    "context_time": 1731327483950,
    "message_error_code": 5,
    "message_fatal": false,
    "message_playback_id": "7vN/mAtXCEpzmmd0eV9Hjg==",
    "message_reason": "verify-http-transport"
  },
  {
    "timestamp_utc": "2024-11-11T12:14:55.529Z",
    "context_application_version": "8.9.86.419",
    "context_conn_country": "FR",
    "context_device_manufacturer": "apple",
    "context_device_model": "iPhone14,5",
    "context_device_type": "mobile",
    "context_os_name": "ios",
    "context_os_version": "17.6.1",
    "context_receiver_service_timestamp": 1731327889186,
    "context_time": 1731327295529,
    "message_error_code": 7,
    "message_fatal": false,
    "message_playback_id": "dYYujWErbwW/2bEUp7lPLg==",
    "message_reason": "verify-http-transport"
  },
  {
    "timestamp_utc": "2024-11-25T17:12:58.777Z",
    "context_application_version": "8.9.94.418",
    "context_conn_country": "DE",
    "context_device_manufacturer": "apple",
    "context_device_model": "iPhone15,2",
    "context_device_type": "mobile",
    "context_os_name": "ios",
    "context_os_version": "18.0",
    "context_receiver_service_timestamp": 1732554843390,
    "context_time": 1732554778777,
    "message_error_code": 7,
    "message_fatal": false,
    "message_playback_id": "gatK5gWAzUiXH24iU1rmtg==",
    "message_reason": "verify-http-transport"
  },
  {
    "timestamp_utc": "2024-11-26T12:51:07.159Z",
    "context_application_version": "8.9.94.418",
    "context_conn_country": "DE",
    "context_device_manufacturer": "apple",
    "context_device_model": "iPhone15,2",
    "context_device_type": "mobile",
    "context_os_name": "ios",
    "context_os_version": "18.0",
    "context_receiver_service_timestamp": 1732625481823,
    "context_time": 1732625467159,
    "message_error_code": 403,
    "message_fatal": true,
    "message_playback_id": "uTgbIcLAy8NjIlEncc82DA==",
    "message_reason": "verify-http-status-code"
  },
  {
    "timestamp_utc": "2024-11-11T12:17:32.524Z",
    "context_application_version": "8.9.86.419",
    "context_conn_country": "FR",
    "context_device_manufacturer": "apple",
    "context_device_model": "iPhone14,5",
    "context_device_type": "mobile",
    "context_os_name": "ios",
    "context_os_version": "17.6.1",
    "context_receiver_service_timestamp": 1731327890858,
    "context_time": 1731327452524,
    "message_error_code": 7,
    "message_fatal": false,
    "message_playback_id": "7vN/mAtXCEpzmmd0eV9Hjg==",
    "message_reason": "verify-http-transport"
  },
  {
    "timestamp_utc": "2024-11-11T11:51:32.718Z",
    "context_application_version": "8.9.86.419",
    "context_conn_country": "FR",
    "context_device_manufacturer": "apple",
    "context_device_model": "iPhone14,5",
    "context_device_type": "mobile",
    "context_os_name": "ios",
    "context_os_version": "17.6.1",
    "context_receiver_service_timestamp": 1731325922854,
    "context_time": 1731325892718,
    "message_error_code": 7,
    "message_fatal": false,
    "message_playback_id": "yJPRaXtUeQDUtV1z1M3I+g==",
    "message_reason": "verify-http-transport"
  },
  {
    "timestamp_utc": "2024-11-22T13:02:10.764Z",
    "context_application_version": "8.9.94.418",
    "context_conn_country": "FR",
    "context_device_manufacturer": "apple",
    "context_device_model": "iPhone14,5",
    "context_device_type": "mobile",
    "context_os_name": "ios",
    "context_os_version": "17.6.1",
    "context_receiver_service_timestamp": 1732280532007,
    "context_time": 1732280530764,
    "message_error_code": 8,
    "message_fatal": false,
    "message_playback_id": "KTMUFmb5yjmbrzmBVqfdog==",
    "message_reason": "verify-http-transport"
  },
  {
    "timestamp_utc": "2024-11-11T18:24:59.503Z",
    "context_application_version": "8.9.90.84",
    "context_conn_country": "DE",
    "context_device_manufacturer": "apple",
    "context_device_model": "iPhone15,2",
    "context_device_type": "mobile",
    "context_os_name": "ios",
    "context_os_version": "18.0",
    "context_receiver_service_timestamp": 1731353084740,
    "context_time": 1731349499503,
    "message_error_code": 8,
    "message_fatal": false,
    "message_playback_id": "AAAAAAAAAAAAAAAAAAAAAA==",
    "message_reason": "verify-http-transport"
  },
  {
    "timestamp_utc": "2024-11-11T13:01:39.619Z",
    "context_application_version": "8.9.86.419",
    "context_conn_country": "FR",
    "context_device_manufacturer": "apple",
    "context_device_model": "iPhone14,5",
    "context_device_type": "mobile",
    "context_os_name": "ios",
    "context_os_version": "17.6.1",
    "context_receiver_service_timestamp": 1731347049769,
    "context_time": 1731330099619,
    "message_error_code": 11,
    "message_fatal": false,
    "message_playback_id": "Mmsr4EX8I4yX41+rBedP/Q==",
    "message_reason": "http-transport"
  },
  {
    "timestamp_utc": "2024-11-24T19:53:12.776Z",
    "context_application_version": "8.9.94.418",
    "context_conn_country": "FR",
    "context_device_manufacturer": "apple",
    "context_device_model": "iPhone14,5",
    "context_device_type": "mobile",
    "context_os_name": "ios",
    "context_os_version": "17.6.1",
    "context_receiver_service_timestamp": 1732478040478,
    "context_time": 1732477992776,
    "message_error_code": 7,
    "message_fatal": false,
    "message_playback_id": "DFRvhaJa6OEzcaIZi+8iBQ==",
    "message_reason": "verify-http-transport"
  },
  {
    "timestamp_utc": "2024-11-11T11:54:03.080Z",
    "context_application_version": "8.9.86.419",
    "context_conn_country": "FR",
    "context_device_manufacturer": "apple",
    "context_device_model": "iPhone14,5",
    "context_device_type": "mobile",
    "context_os_name": "ios",
    "context_os_version": "17.6.1",
    "context_receiver_service_timestamp": 1731326082245,
    "context_time": 1731326043080,
    "message_error_code": 7,
    "message_fatal": false,
    "message_playback_id": "qnrR7EjwyF0JkpOgTgAmNg==",
    "message_reason": "verify-http-transport"
  },
  {
    "timestamp_utc": "2024-12-02T16:19:17.101Z",
    "context_application_version": "8.9.94.418",
    "context_conn_country": "FR",
    "context_device_manufacturer": "apple",
    "context_device_model": "iPhone14,5",
    "context_device_type": "mobile",
    "context_os_name": "ios",
    "context_os_version": "18.1.1",
    "context_receiver_service_timestamp": 1733156570749,
    "context_time": 1733156357101,
    "message_error_code": 5,
    "message_fatal": false,
    "message_playback_id": "gScFcoDhRl7qT1z6way62w==",
    "message_reason": "verify-http-transport"
  }
]