[
  {
    "timestamp_utc": "2024-09-12T08:04:12.193Z",
    "context_time": 1726128252193,
    "message_event_type": "EMAIL_PROVIDER_SUCCESS",
    "message_send_at": "null"
  },
  {
    "timestamp_utc": "2024-10-31T22:15:44.660Z",
    "context_time": 1730412944660,
    "message_event_type": "EMAIL_PROVIDER_SUCCESS",
    "message_send_at": "null"
  },
  {
    "timestamp_utc": "2024-10-09T09:45:55.467Z",
    "context_time": 1728467155467,
    "message_event_type": "EMAIL_PROVIDER_SUCCESS",
    "message_send_at": "null"
  },
  {
    "timestamp_utc": "2024-10-17T22:15:41.030Z",
    "context_time": 1729203341030,
    "message_event_type": "EMAIL_PROVIDER_SUCCESS",
    "message_send_at": "null"
  },
  {
    "timestamp_utc": "2024-11-18T10:18:31.242Z",
    "context_time": 1731925111242,
    "message_event_type": "EMAIL_PROVIDER_SUCCESS",
    "message_send_at": "null"
  },
  {
    "timestamp_utc": "2024-11-08T12:14:12.513Z",
    "context_time": 1731068052513,
    "message_event_type": "EMAIL_PROVIDER_SUCCESS",
    "message_send_at": "null"
  },
  {
    "timestamp_utc": "2024-11-30T21:19:33.511Z",
    "context_time": 1733001573511,
    "message_event_type": "EMAIL_PROVIDER_SUCCESS",
    "message_send_at": "null"
  },
  {
    "timestamp_utc": "2024-10-18T22:16:02.002Z",
    "context_time": 1729289762002,
    "message_event_type": "EMAIL_PROVIDER_SUCCESS",
    "message_send_at": "null"
  },
  {
    "timestamp_utc": "2024-11-27T20:20:12.463Z",
    "context_time": 1732738812463,
    "message_event_type": "EMAIL_PROVIDER_SUCCESS",
    "message_send_at": "null"
  },
  {
    "timestamp_utc": "2024-09-19T20:49:03.971Z",
    "context_time": 1726778943971,
    "message_event_type": "EMAIL_PROVIDER_SUCCESS",
    "message_send_at": "null"
  },
  {
    "timestamp_utc": "2024-10-03T09:02:58.391Z",
    "context_time": 1727946178391,
    "message_event_type": "EMAIL_PROVIDER_SUCCESS",
    "message_send_at": "null"
  },
  {
    "timestamp_utc": "2024-09-12T14:07:44.349Z",
    "context_time": 1726150064349,
    "message_event_type": "EMAIL_PROVIDER_SUCCESS",
    "message_send_at": "null"
  },
  {
    "timestamp_utc": "2024-11-16T15:18:40.449Z",
    "context_time": 1731770320449,
    "message_event_type": "EMAIL_PROVIDER_SUCCESS",
    "message_send_at": "null"
  },
  {
    "timestamp_utc": "2024-10-30T11:21:59.356Z",
    "context_time": 1730287319356,
    "message_event_type": "EMAIL_PROVIDER_SUCCESS",
    "message_send_at": "null"
  }
]