[
  {
    "timestamp_utc": "2024-08-02T13:21:16.543Z",
    "context_time": 1722604876543,
    "message_backfill_rec_uris": [
    ],
    "message_context_revision": null,
    "message_correlation_id": "061eb2e28def3c05a626c5fd78b7054567e5",
    "message_is_enhanced": true,
    "message_operation_type": "ADD_ENHANCED",
    "message_playlist_revision": null,
    "message_playlist_uri": null,
    "message_seed_index": null,
    "message_session_id": "1722556800001",
    "message_track_index": 1367,
    "message_track_uri": "spotify:track:7H71gZwWs3xPWnHM30NDUp"
  },
  {
    "timestamp_utc": "2024-08-29T14:54:17.297Z",
    "context_time": 1724943257297,
    "message_backfill_rec_uris": [
    ],
    "message_context_revision": null,
    "message_correlation_id": "0620d360ce67139f3d64e7558c2e79d77f15",
    "message_is_enhanced": true,
    "message_operation_type": "ADD_ENHANCED",
    "message_playlist_revision": null,
    "message_playlist_uri": null,
    "message_seed_index": null,
    "message_session_id": "1724889600001",
    "message_track_index": 1452,
    "message_track_uri": "spotify:track:6TYFcqqQVQPb3YsgfRhvqs"
  },
  {
    "timestamp_utc": "2024-06-28T16:42:15.983Z",
    "context_time": 1719592935983,
    "message_backfill_rec_uris": [
    ],
    "message_context_revision": null,
    "message_correlation_id": "061bf5bbbb8039d5ccc41da158fea1c36340",
    "message_is_enhanced": true,
    "message_operation_type": "ADD_ENHANCED",
    "message_playlist_revision": null,
    "message_playlist_uri": null,
    "message_seed_index": null,
    "message_session_id": "1719619200001",
    "message_track_index": 1384,
    "message_track_uri": "spotify:track:5ULVP3ZRM9gQYlySFmrGFL"
  }
]