[
  {
    "message_device_id": "0c0db6f3-79e3-4fa6-8710-e64f7c335988",
    "timestamp_utc": "1970-01-03T14:17:58.867Z",
    "context_receiver_service_timestamp": 1732354201812,
    "context_time": 224278867,
    "message_api_version": 77,
    "message_build_options": [
      "TPAPI;PLAY;DELIVERY;API_TRACE;VERBOSE;"
    ],
    "message_build_product": "esdk",
    "message_capabilities": [
      "https"
    ],
    "message_revision": 63635691
  },
  {
    "message_device_id": "74b54c57-103e-49bd-9fa8-d8f0ff089be7",
    "timestamp_utc": "1970-01-01T02:32:13.956Z",
    "context_receiver_service_timestamp": 1732652122476,
    "context_time": 9133956,
    "message_api_version": 77,
    "message_build_options": [
      "TPAPI;PLAY;DELIVERY;API_TRACE;VERBOSE;"
    ],
    "message_build_product": "esdk",
    "message_capabilities": [
      "https"
    ],
    "message_revision": 63635691
  },
  {
    "message_device_id": "76a7a779-c42e-4ba5-93d2-f0a522caac0f",
    "timestamp_utc": "1970-01-01T00:17:36.886Z",
    "context_receiver_service_timestamp": 1725711738366,
    "context_time": 1056886,
    "message_api_version": 77,
    "message_build_options": [
      "TPAPI;PLAY;DELIVERY;API_TRACE;VERBOSE;"
    ],
    "message_build_product": "esdk",
    "message_capabilities": [
      "https"
    ],
    "message_revision": 63635691
  },
  {
    "message_device_id": "c6a73aac-6663-4915-8f3b-d4b850c64074",
    "timestamp_utc": "1970-01-01T00:00:00.527Z",
    "context_receiver_service_timestamp": 1728401794836,
    "context_time": 527,
    "message_api_version": 77,
    "message_build_options": [
      "TPAPI;PLAY;DELIVERY;API_TRACE;VERBOSE;"
    ],
    "message_build_product": "esdk",
    "message_capabilities": [
      "https"
    ],
    "message_revision": 63635691
  },
  {
    "message_device_id": "06bd9660-0941-4be4-8718-5e18bd1d9617",
    "timestamp_utc": "1970-01-02T09:46:21.252Z",
    "context_receiver_service_timestamp": 1731023007807,
    "context_time": 121581252,
    "message_api_version": 77,
    "message_build_options": [
      "TPAPI;PLAY;DELIVERY;API_TRACE;VERBOSE;"
    ],
    "message_build_product": "esdk",
    "message_capabilities": [
      "https"
    ],
    "message_revision": 63635691
  },
  {
    "message_device_id": "0c0db6f3-79e3-4fa6-8710-e64f7c335988",
    "timestamp_utc": "1970-01-01T00:00:00.769Z",
    "context_receiver_service_timestamp": 1731434892536,
    "context_time": 769,
    "message_api_version": 77,
    "message_build_options": [
      "TPAPI;PLAY;DELIVERY;API_TRACE;VERBOSE;"
    ],
    "message_build_product": "esdk",
    "message_capabilities": [
      "https"
    ],
    "message_revision": 63635691
  },
  {
    "message_device_id": "a7d4648f-6357-47ae-88ef-3b52d59aea74",
    "timestamp_utc": "1970-01-01T00:00:00.270Z",
    "context_receiver_service_timestamp": 1730278279558,
    "context_time": 270,
    "message_api_version": 77,
    "message_build_options": [
      "TPAPI;PLAY;DELIVERY;API_TRACE;VERBOSE;"
    ],
    "message_build_product": "esdk",
    "message_capabilities": [
      "https"
    ],
    "message_revision": 63635691
  },
  {
    "message_device_id": "74b54c57-103e-49bd-9fa8-d8f0ff089be7",
    "timestamp_utc": "1970-01-01T21:16:07.021Z",
    "context_receiver_service_timestamp": 1732560652155,
    "context_time": 76567021,
    "message_api_version": 77,
    "message_build_options": [
      "TPAPI;PLAY;DELIVERY;API_TRACE;VERBOSE;"
    ],
    "message_build_product": "esdk",
    "message_capabilities": [
      "https"
    ],
    "message_revision": 63635691
  },
  {
    "message_device_id": "d44f9dba-2991-4a57-adf8-0f6872a507fa",
    "timestamp_utc": "1970-01-01T00:00:00.294Z",
    "context_receiver_service_timestamp": 1732465657206,
    "context_time": 294,
    "message_api_version": 77,
    "message_build_options": [
      "TPAPI;PLAY;DELIVERY;API_TRACE;VERBOSE;"
    ],
    "message_build_product": "esdk",
    "message_capabilities": [
      "https"
    ],
    "message_revision": 63635691
  },
  {
    "message_device_id": "0c0db6f3-79e3-4fa6-8710-e64f7c335988",
    "timestamp_utc": "1970-01-01T13:26:31.922Z",
    "context_receiver_service_timestamp": 1731808563851,
    "context_time": 48391922,
    "message_api_version": 77,
    "message_build_options": [
      "TPAPI;PLAY;DELIVERY;API_TRACE;VERBOSE;"
    ],
    "message_build_product": "esdk",
    "message_capabilities": [
      "https"
    ],
    "message_revision": 63635691
  },
  {
    "message_device_id": "3d6640b6-9c53-4464-9c3c-87c0fdfc7a2f",
    "timestamp_utc": "1970-01-01T00:00:00.401Z",
    "context_receiver_service_timestamp": 1728400775585,
    "context_time": 401,
    "message_api_version": 77,
    "message_build_options": [
      "TPAPI;PLAY;DELIVERY;API_TRACE;VERBOSE;"
    ],
    "message_build_product": "esdk",
    "message_capabilities": [
      "https"
    ],
    "message_revision": 63635691
  },
  {
    "message_device_id": "06bd9660-0941-4be4-8718-5e18bd1d9617",
    "timestamp_utc": "1970-01-01T04:53:24.037Z",
    "context_receiver_service_timestamp": 1730736458426,
    "context_time": 17604037,
    "message_api_version": 77,
    "message_build_options": [
      "TPAPI;PLAY;DELIVERY;API_TRACE;VERBOSE;"
    ],
    "message_build_product": "esdk",
    "message_capabilities": [
      "https"
    ],
    "message_revision": 63635691
  },
  {
    "message_device_id": "a7d4648f-6357-47ae-88ef-3b52d59aea74",
    "timestamp_utc": "1970-01-01T02:43:47.277Z",
    "context_receiver_service_timestamp": 1730302233963,
    "context_time": 9827277,
    "message_api_version": 77,
    "message_build_options": [
      "TPAPI;PLAY;DELIVERY;API_TRACE;VERBOSE;"
    ],
    "message_build_product": "esdk",
    "message_capabilities": [
      "https"
    ],
    "message_revision": 63635691
  },
  {
    "message_device_id": "74b54c57-103e-49bd-9fa8-d8f0ff089be7",
    "timestamp_utc": "1970-01-01T09:42:09.956Z",
    "context_receiver_service_timestamp": 1732961917143,
    "context_time": 34929956,
    "message_api_version": 77,
    "message_build_options": [
      "TPAPI;PLAY;DELIVERY;API_TRACE;VERBOSE;"
    ],
    "message_build_product": "esdk",
    "message_capabilities": [
      "https"
    ],
    "message_revision": 63635691
  },
  {
    "message_device_id": "e57a93fe-754d-4002-92d1-137ce95254c9",
    "timestamp_utc": "1970-01-01T07:59:06.693Z",
    "context_receiver_service_timestamp": 1728881721732,
    "context_time": 28746693,
    "message_api_version": 77,
    "message_build_options": [
      "TPAPI;PLAY;DELIVERY;API_TRACE;VERBOSE;"
    ],
    "message_build_product": "esdk",
    "message_capabilities": [
      "https"
    ],
    "message_revision": 63635691
  },
  {
    "message_device_id": "0c0db6f3-79e3-4fa6-8710-e64f7c335988",
    "timestamp_utc": "1970-01-01T10:53:25.748Z",
    "context_receiver_service_timestamp": 1731573851034,
    "context_time": 39205748,
    "message_api_version": 77,
    "message_build_options": [
      "TPAPI;PLAY;DELIVERY;API_TRACE;VERBOSE;"
    ],
    "message_build_product": "esdk",
    "message_capabilities": [
      "https"
    ],
    "message_revision": 63635691
  },
  {
    "message_device_id": "51ae8d46-ef8c-4c95-a952-19ccb70c8dd4",
    "timestamp_utc": "1970-01-01T00:32:17.536Z",
    "context_receiver_service_timestamp": 1726078637732,
    "context_time": 1937536,
    "message_api_version": 77,
    "message_build_options": [
      "TPAPI;PLAY;DELIVERY;API_TRACE;VERBOSE;"
    ],
    "message_build_product": "esdk",
    "message_capabilities": [
      "https"
    ],
    "message_revision": 63635691
  },
  {
    "message_device_id": "0c0db6f3-79e3-4fa6-8710-e64f7c335988",
    "timestamp_utc": "1970-01-02T01:43:01.020Z",
    "context_receiver_service_timestamp": 1732038935792,
    "context_time": 92581020,
    "message_api_version": 77,
    "message_build_options": [
      "TPAPI;PLAY;DELIVERY;API_TRACE;VERBOSE;"
    ],
    "message_build_product": "esdk",
    "message_capabilities": [
      "https"
    ],
    "message_revision": 63635691
  },
  {
    "message_device_id": "74b54c57-103e-49bd-9fa8-d8f0ff089be7",
    "timestamp_utc": "1970-01-01T09:54:14.596Z",
    "context_receiver_service_timestamp": 1732611937454,
    "context_time": 35654596,
    "message_api_version": 77,
    "message_build_options": [
      "TPAPI;PLAY;DELIVERY;API_TRACE;VERBOSE;"
    ],
    "message_build_product": "esdk",
    "message_capabilities": [
      "https"
    ],
    "message_revision": 63635691
  },
  {
    "message_device_id": "06bd9660-0941-4be4-8718-5e18bd1d9617",
    "timestamp_utc": "1970-01-01T00:00:00.266Z",
    "context_receiver_service_timestamp": 1730553392134,
    "context_time": 266,
    "message_api_version": 77,
    "message_build_options": [
      "TPAPI;PLAY;DELIVERY;API_TRACE;VERBOSE;"
    ],
    "message_build_product": "esdk",
    "message_capabilities": [
      "https"
    ],
    "message_revision": 63635691
  },
  {
    "message_device_id": "74b54c57-103e-49bd-9fa8-d8f0ff089be7",
    "timestamp_utc": "1970-01-01T01:18:57.331Z",
    "context_receiver_service_timestamp": 1732988193064,
    "context_time": 4737331,
    "message_api_version": 77,
    "message_build_options": [
      "TPAPI;PLAY;DELIVERY;API_TRACE;VERBOSE;"
    ],
    "message_build_product": "esdk",
    "message_capabilities": [
      "https"
    ],
    "message_revision": 63635691
  },
  {
    "message_device_id": "a7d4648f-6357-47ae-88ef-3b52d59aea74",
    "timestamp_utc": "1970-01-02T07:39:58.201Z",
    "context_receiver_service_timestamp": 1730448069767,
    "context_time": 113998201,
    "message_api_version": 77,
    "message_build_options": [
      "TPAPI;PLAY;DELIVERY;API_TRACE;VERBOSE;"
    ],
    "message_build_product": "esdk",
    "message_capabilities": [
      "https"
    ],
    "message_revision": 63635691
  },
  {
    "message_device_id": "06bd9660-0941-4be4-8718-5e18bd1d9617",
    "timestamp_utc": "1970-01-02T13:22:14.223Z",
    "context_receiver_service_timestamp": 1730882839739,
    "context_time": 134534223,
    "message_api_version": 77,
    "message_build_options": [
      "TPAPI;PLAY;DELIVERY;API_TRACE;VERBOSE;"
    ],
    "message_build_product": "esdk",
    "message_capabilities": [
      "https"
    ],
    "message_revision": 63635691
  },
  {
    "message_device_id": "0c0db6f3-79e3-4fa6-8710-e64f7c335988",
    "timestamp_utc": "1970-01-01T00:17:48.527Z",
    "context_receiver_service_timestamp": 1731603476841,
    "context_time": 1068527,
    "message_api_version": 77,
    "message_build_options": [
      "TPAPI;PLAY;DELIVERY;API_TRACE;VERBOSE;"
    ],
    "message_build_product": "esdk",
    "message_capabilities": [
      "https"
    ],
    "message_revision": 63635691
  },
  {
    "message_device_id": "5852495f-710c-46bd-85f0-333c956be18a",
    "timestamp_utc": "1970-01-01T00:00:00.297Z",
    "context_receiver_service_timestamp": 1729026481200,
    "context_time": 297,
    "message_api_version": 77,
    "message_build_options": [
      "TPAPI;PLAY;DELIVERY;API_TRACE;VERBOSE;"
    ],
    "message_build_product": "esdk",
    "message_capabilities": [
      "https"
    ],
    "message_revision": 63635691
  },
  {
    "message_device_id": "c639a89e-ba04-4927-91e7-89d496e8d9c1",
    "timestamp_utc": "1970-01-01T00:52:09.952Z",
    "context_receiver_service_timestamp": 1725705076853,
    "context_time": 3129952,
    "message_api_version": 77,
    "message_build_options": [
      "TPAPI;PLAY;DELIVERY;API_TRACE;VERBOSE;"
    ],
    "message_build_product": "esdk",
    "message_capabilities": [
      "https"
    ],
    "message_revision": 63635691
  },
  {
    "message_device_id": "0c0db6f3-79e3-4fa6-8710-e64f7c335988",
    "timestamp_utc": "1970-01-01T17:06:32.347Z",
    "context_receiver_service_timestamp": 1731512550419,
    "context_time": 61592347,
    "message_api_version": 77,
    "message_build_options": [
      "TPAPI;PLAY;DELIVERY;API_TRACE;VERBOSE;"
    ],
    "message_build_product": "esdk",
    "message_capabilities": [
      "https"
    ],
    "message_revision": 63635691
  },
  {
    "message_device_id": "c6a73aac-6663-4915-8f3b-d4b850c64074",
    "timestamp_utc": "1970-01-01T01:12:41.615Z",
    "context_receiver_service_timestamp": 1728490517969,
    "context_time": 4361615,
    "message_api_version": 77,
    "message_build_options": [
      "TPAPI;PLAY;DELIVERY;API_TRACE;VERBOSE;"
    ],
    "message_build_product": "esdk",
    "message_capabilities": [
      "https"
    ],
    "message_revision": 63635691
  },
  {
    "message_device_id": "5852495f-710c-46bd-85f0-333c956be18a",
    "timestamp_utc": "1970-01-01T16:06:41.303Z",
    "context_receiver_service_timestamp": 1729178910959,
    "context_time": 58001303,
    "message_api_version": 77,
    "message_build_options": [
      "TPAPI;PLAY;DELIVERY;API_TRACE;VERBOSE;"
    ],
    "message_build_product": "esdk",
    "message_capabilities": [
      "https"
    ],
    "message_revision": 63635691
  },
  {
    "message_device_id": "0c0db6f3-79e3-4fa6-8710-e64f7c335988",
    "timestamp_utc": "1970-01-01T16:08:31.445Z",
    "context_receiver_service_timestamp": 1731867275813,
    "context_time": 58111445,
    "message_api_version": 77,
    "message_build_options": [
      "TPAPI;PLAY;DELIVERY;API_TRACE;VERBOSE;"
    ],
    "message_build_product": "esdk",
    "message_capabilities": [
      "https"
    ],
    "message_revision": 63635691
  },
  {
    "message_device_id": "0c0db6f3-79e3-4fa6-8710-e64f7c335988",
    "timestamp_utc": "1970-01-01T17:27:32.169Z",
    "context_receiver_service_timestamp": 1731938249128,
    "context_time": 62852169,
    "message_api_version": 77,
    "message_build_options": [
      "TPAPI;PLAY;DELIVERY;API_TRACE;VERBOSE;"
    ],
    "message_build_product": "esdk",
    "message_capabilities": [
      "https"
    ],
    "message_revision": 63635691
  },
  {
    "message_device_id": "e57a93fe-754d-4002-92d1-137ce95254c9",
    "timestamp_utc": "1970-01-01T01:23:45.130Z",
    "context_receiver_service_timestamp": 1728836821637,
    "context_time": 5025130,
    "message_api_version": 77,
    "message_build_options": [
      "TPAPI;PLAY;DELIVERY;API_TRACE;VERBOSE;"
    ],
    "message_build_product": "esdk",
    "message_capabilities": [
      "https"
    ],
    "message_revision": 63635691
  },
  {
    "message_device_id": "c6a73aac-6663-4915-8f3b-d4b850c64074",
    "timestamp_utc": "1970-01-01T05:48:21.898Z",
    "context_receiver_service_timestamp": 1728676145180,
    "context_time": 20901898,
    "message_api_version": 77,
    "message_build_options": [
      "TPAPI;PLAY;DELIVERY;API_TRACE;VERBOSE;"
    ],
    "message_build_product": "esdk",
    "message_capabilities": [
      "https"
    ],
    "message_revision": 63635691
  },
  {
    "message_device_id": "0c0db6f3-79e3-4fa6-8710-e64f7c335988",
    "timestamp_utc": "1970-01-02T01:31:15.948Z",
    "context_receiver_service_timestamp": 1732446677452,
    "context_time": 91875948,
    "message_api_version": 77,
    "message_build_options": [
      "TPAPI;PLAY;DELIVERY;API_TRACE;VERBOSE;"
    ],
    "message_build_product": "esdk",
    "message_capabilities": [
      "https"
    ],
    "message_revision": 63635691
  },
  {
    "message_device_id": "0c0db6f3-79e3-4fa6-8710-e64f7c335988",
    "timestamp_utc": "1970-01-01T03:35:00.011Z",
    "context_receiver_service_timestamp": 1731448457666,
    "context_time": 12900011,
    "message_api_version": 77,
    "message_build_options": [
      "TPAPI;PLAY;DELIVERY;API_TRACE;VERBOSE;"
    ],
    "message_build_product": "esdk",
    "message_capabilities": [
      "https"
    ],
    "message_revision": 63635691
  },
  {
    "message_device_id": "76a7a779-c42e-4ba5-93d2-f0a522caac0f",
    "timestamp_utc": "1970-01-01T00:00:00.346Z",
    "context_receiver_service_timestamp": 1725710072509,
    "context_time": 346,
    "message_api_version": 77,
    "message_build_options": [
      "TPAPI;PLAY;DELIVERY;API_TRACE;VERBOSE;"
    ],
    "message_build_product": "esdk",
    "message_capabilities": [
      "https"
    ],
    "message_revision": 63635691
  },
  {
    "message_device_id": "5852495f-710c-46bd-85f0-333c956be18a",
    "timestamp_utc": "1970-01-01T01:45:14.190Z",
    "context_receiver_service_timestamp": 1729190373382,
    "context_time": 6314190,
    "message_api_version": 77,
    "message_build_options": [
      "TPAPI;PLAY;DELIVERY;API_TRACE;VERBOSE;"
    ],
    "message_build_product": "esdk",
    "message_capabilities": [
      "https"
    ],
    "message_revision": 63635691
  },
  {
    "message_device_id": "06bd9660-0941-4be4-8718-5e18bd1d9617",
    "timestamp_utc": "1970-01-02T00:07:57.270Z",
    "context_receiver_service_timestamp": 1730643821957,
    "context_time": 86877270,
    "message_api_version": 77,
    "message_build_options": [
      "TPAPI;PLAY;DELIVERY;API_TRACE;VERBOSE;"
    ],
    "message_build_product": "esdk",
    "message_capabilities": [
      "https"
    ],
    "message_revision": 63635691
  },
  {
    "message_device_id": "1da0ea74-4278-4506-ae5f-0286aa195361",
    "timestamp_utc": "1970-01-01T00:00:00.334Z",
    "context_receiver_service_timestamp": 1725802790754,
    "context_time": 334,
    "message_api_version": 77,
    "message_build_options": [
      "TPAPI;PLAY;DELIVERY;API_TRACE;VERBOSE;"
    ],
    "message_build_product": "esdk",
    "message_capabilities": [
      "https"
    ],
    "message_revision": 63635691
  },
  {
    "message_device_id": "74b54c57-103e-49bd-9fa8-d8f0ff089be7",
    "timestamp_utc": "1970-01-01T06:55:04.963Z",
    "context_receiver_service_timestamp": 1732639978322,
    "context_time": 24904963,
    "message_api_version": 77,
    "message_build_options": [
      "TPAPI;PLAY;DELIVERY;API_TRACE;VERBOSE;"
    ],
    "message_build_product": "esdk",
    "message_capabilities": [
      "https"
    ],
    "message_revision": 63635691
  },
  {
    "message_device_id": "74b54c57-103e-49bd-9fa8-d8f0ff089be7",
    "timestamp_utc": "1970-01-01T01:05:08.934Z",
    "context_receiver_service_timestamp": 1732872567277,
    "context_time": 3908934,
    "message_api_version": 77,
    "message_build_options": [
      "TPAPI;PLAY;DELIVERY;API_TRACE;VERBOSE;"
    ],
    "message_build_product": "esdk",
    "message_capabilities": [
      "https"
    ],
    "message_revision": 63635691
  },
  {
    "message_device_id": "0c0db6f3-79e3-4fa6-8710-e64f7c335988",
    "timestamp_utc": "1970-01-01T05:12:54.846Z",
    "context_receiver_service_timestamp": 1731601189340,
    "context_time": 18774846,
    "message_api_version": 77,
    "message_build_options": [
      "TPAPI;PLAY;DELIVERY;API_TRACE;VERBOSE;"
    ],
    "message_build_product": "esdk",
    "message_capabilities": [
      "https"
    ],
    "message_revision": 63635691
  },
  {
    "message_device_id": "c639a89e-ba04-4927-91e7-89d496e8d9c1",
    "timestamp_utc": "1970-01-01T06:23:09.685Z",
    "context_receiver_service_timestamp": 1725669463251,
    "context_time": 22989685,
    "message_api_version": 77,
    "message_build_options": [
      "TPAPI;PLAY;DELIVERY;API_TRACE;VERBOSE;"
    ],
    "message_build_product": "esdk",
    "message_capabilities": [
      "https"
    ],
    "message_revision": 63635691
  },
  {
    "message_device_id": "0c0db6f3-79e3-4fa6-8710-e64f7c335988",
    "timestamp_utc": "1970-01-01T04:38:14.941Z",
    "context_receiver_service_timestamp": 1731710296527,
    "context_time": 16694941,
    "message_api_version": 77,
    "message_build_options": [
      "TPAPI;PLAY;DELIVERY;API_TRACE;VERBOSE;"
    ],
    "message_build_product": "esdk",
    "message_capabilities": [
      "https"
    ],
    "message_revision": 63635691
  },
  {
    "message_device_id": "e57a93fe-754d-4002-92d1-137ce95254c9",
    "timestamp_utc": "1970-01-01T08:18:01.589Z",
    "context_receiver_service_timestamp": 1728811360566,
    "context_time": 29881589,
    "message_api_version": 77,
    "message_build_options": [
      "TPAPI;PLAY;DELIVERY;API_TRACE;VERBOSE;"
    ],
    "message_build_product": "esdk",
    "message_capabilities": [
      "https"
    ],
    "message_revision": 63635691
  },
  {
    "message_device_id": "74b54c57-103e-49bd-9fa8-d8f0ff089be7",
    "timestamp_utc": "1970-01-01T00:00:00.243Z",
    "context_receiver_service_timestamp": 1732469876902,
    "context_time": 243,
    "message_api_version": 77,
    "message_build_options": [
      "TPAPI;PLAY;DELIVERY;API_TRACE;VERBOSE;"
    ],
    "message_build_product": "esdk",
    "message_capabilities": [
      "https"
    ],
    "message_revision": 63635691
  },
  {
    "message_device_id": "0c0db6f3-79e3-4fa6-8710-e64f7c335988",
    "timestamp_utc": "1970-01-01T18:24:21.342Z",
    "context_receiver_service_timestamp": 1732115994952,
    "context_time": 66261342,
    "message_api_version": 77,
    "message_build_options": [
      "TPAPI;PLAY;DELIVERY;API_TRACE;VERBOSE;"
    ],
    "message_build_product": "esdk",
    "message_capabilities": [
      "https"
    ],
    "message_revision": 63635691
  },
  {
    "message_device_id": "74b54c57-103e-49bd-9fa8-d8f0ff089be7",
    "timestamp_utc": "1970-01-01T21:18:58.413Z",
    "context_receiver_service_timestamp": 1732814918574,
    "context_time": 76738413,
    "message_api_version": 77,
    "message_build_options": [
      "TPAPI;PLAY;DELIVERY;API_TRACE;VERBOSE;"
    ],
    "message_build_product": "esdk",
    "message_capabilities": [
      "https"
    ],
    "message_revision": 63635691
  },
  {
    "message_device_id": "c6a73aac-6663-4915-8f3b-d4b850c64074",
    "timestamp_utc": "1970-01-01T15:12:00.789Z",
    "context_receiver_service_timestamp": 1728483605640,
    "context_time": 54720789,
    "message_api_version": 77,
    "message_build_options": [
      "TPAPI;PLAY;DELIVERY;API_TRACE;VERBOSE;"
    ],
    "message_build_product": "esdk",
    "message_capabilities": [
      "https"
    ],
    "message_revision": 63635691
  },
  {
    "message_device_id": "e57a93fe-754d-4002-92d1-137ce95254c9",
    "timestamp_utc": "1970-01-01T03:43:07.478Z",
    "context_receiver_service_timestamp": 1728828717009,
    "context_time": 13387478,
    "message_api_version": 77,
    "message_build_options": [
      "TPAPI;PLAY;DELIVERY;API_TRACE;VERBOSE;"
    ],
    "message_build_product": "esdk",
    "message_capabilities": [
      "https"
    ],
    "message_revision": 63635691
  },
  {
    "message_device_id": "e57a93fe-754d-4002-92d1-137ce95254c9",
    "timestamp_utc": "1970-01-01T00:00:00.387Z",
    "context_receiver_service_timestamp": 1728757103865,
    "context_time": 387,
    "message_api_version": 77,
    "message_build_options": [
      "TPAPI;PLAY;DELIVERY;API_TRACE;VERBOSE;"
    ],
    "message_build_product": "esdk",
    "message_capabilities": [
      "https"
    ],
    "message_revision": 63635691
  },
  {
    "message_device_id": "06bd9660-0941-4be4-8718-5e18bd1d9617",
    "timestamp_utc": "1970-01-01T15:47:05.138Z",
    "context_receiver_service_timestamp": 1730706689260,
    "context_time": 56825138,
    "message_api_version": 77,
    "message_build_options": [
      "TPAPI;PLAY;DELIVERY;API_TRACE;VERBOSE;"
    ],
    "message_build_product": "esdk",
    "message_capabilities": [
      "https"
    ],
    "message_revision": 63635691
  },
  {
    "message_device_id": "e57a93fe-754d-4002-92d1-137ce95254c9",
    "timestamp_utc": "1970-01-01T00:44:35.077Z",
    "context_receiver_service_timestamp": 1728840097839,
    "context_time": 2675077,
    "message_api_version": 77,
    "message_build_options": [
      "TPAPI;PLAY;DELIVERY;API_TRACE;VERBOSE;"
    ],
    "message_build_product": "esdk",
    "message_capabilities": [
      "https"
    ],
    "message_revision": 63635691
  },
  {
    "message_device_id": "74b54c57-103e-49bd-9fa8-d8f0ff089be7",
    "timestamp_utc": "1970-01-01T14:05:36.811Z",
    "context_receiver_service_timestamp": 1733060639556,
    "context_time": 50736811,
    "message_api_version": 77,
    "message_build_options": [
      "TPAPI;PLAY;DELIVERY;API_TRACE;VERBOSE;"
    ],
    "message_build_product": "esdk",
    "message_capabilities": [
      "https"
    ],
    "message_revision": 63635691
  },
  {
    "message_device_id": "a7d4648f-6357-47ae-88ef-3b52d59aea74",
    "timestamp_utc": "1970-01-01T04:12:10.503Z",
    "context_receiver_service_timestamp": 1730319153529,
    "context_time": 15130503,
    "message_api_version": 77,
    "message_build_options": [
      "TPAPI;PLAY;DELIVERY;API_TRACE;VERBOSE;"
    ],
    "message_build_product": "esdk",
    "message_capabilities": [
      "https"
    ],
    "message_revision": 63635691
  },
  {
    "message_device_id": "0c0db6f3-79e3-4fa6-8710-e64f7c335988",
    "timestamp_utc": "1970-01-01T05:07:55.677Z",
    "context_receiver_service_timestamp": 1731533022737,
    "context_time": 18475677,
    "message_api_version": 77,
    "message_build_options": [
      "TPAPI;PLAY;DELIVERY;API_TRACE;VERBOSE;"
    ],
    "message_build_product": "esdk",
    "message_capabilities": [
      "https"
    ],
    "message_revision": 63635691
  },
  {
    "message_device_id": "51ae8d46-ef8c-4c95-a952-19ccb70c8dd4",
    "timestamp_utc": "1970-01-01T23:39:06.491Z",
    "context_receiver_service_timestamp": 1726074458670,
    "context_time": 85146491,
    "message_api_version": 77,
    "message_build_options": [
      "TPAPI;PLAY;DELIVERY;API_TRACE;VERBOSE;"
    ],
    "message_build_product": "esdk",
    "message_capabilities": [
      "https"
    ],
    "message_revision": 63635691
  },
  {
    "message_device_id": "74b54c57-103e-49bd-9fa8-d8f0ff089be7",
    "timestamp_utc": "1970-01-01T01:48:23.736Z",
    "context_receiver_service_timestamp": 1732894482473,
    "context_time": 6503736,
    "message_api_version": 77,
    "message_build_options": [
      "TPAPI;PLAY;DELIVERY;API_TRACE;VERBOSE;"
    ],
    "message_build_product": "esdk",
    "message_capabilities": [
      "https"
    ],
    "message_revision": 63635691
  },
  {
    "message_device_id": "74b54c57-103e-49bd-9fa8-d8f0ff089be7",
    "timestamp_utc": "1970-01-01T09:40:46.995Z",
    "context_receiver_service_timestamp": 1732718003879,
    "context_time": 34846995,
    "message_api_version": 77,
    "message_build_options": [
      "TPAPI;PLAY;DELIVERY;API_TRACE;VERBOSE;"
    ],
    "message_build_product": "esdk",
    "message_capabilities": [
      "https"
    ],
    "message_revision": 63635691
  },
  {
    "message_device_id": "a7d4648f-6357-47ae-88ef-3b52d59aea74",
    "timestamp_utc": "1970-01-01T00:24:51.518Z",
    "context_receiver_service_timestamp": 1730280374160,
    "context_time": 1491518,
    "message_api_version": 77,
    "message_build_options": [
      "TPAPI;PLAY;DELIVERY;API_TRACE;VERBOSE;"
    ],
    "message_build_product": "esdk",
    "message_capabilities": [
      "https"
    ],
    "message_revision": 63635691
  },
  {
    "message_device_id": "28a8b3ef-f397-4d63-afeb-0323e87ab3ba",
    "timestamp_utc": "1970-01-01T00:00:00.280Z",
    "context_receiver_service_timestamp": 1730548248617,
    "context_time": 280,
    "message_api_version": 77,
    "message_build_options": [
      "TPAPI;PLAY;DELIVERY;API_TRACE;VERBOSE;"
    ],
    "message_build_product": "esdk",
    "message_capabilities": [
      "https"
    ],
    "message_revision": 63635691
  },
  {
    "message_device_id": "74b54c57-103e-49bd-9fa8-d8f0ff089be7",
    "timestamp_utc": "1970-01-01T00:51:53.558Z",
    "context_receiver_service_timestamp": 1732723692343,
    "context_time": 3113558,
    "message_api_version": 77,
    "message_build_options": [
      "TPAPI;PLAY;DELIVERY;API_TRACE;VERBOSE;"
    ],
    "message_build_product": "esdk",
    "message_capabilities": [
      "https"
    ],
    "message_revision": 63635691
  },
  {
    "message_device_id": "74b54c57-103e-49bd-9fa8-d8f0ff089be7",
    "timestamp_utc": "1970-01-01T02:01:05.838Z",
    "context_receiver_service_timestamp": 1732571314229,
    "context_time": 7265838,
    "message_api_version": 77,
    "message_build_options": [
      "TPAPI;PLAY;DELIVERY;API_TRACE;VERBOSE;"
    ],
    "message_build_product": "esdk",
    "message_capabilities": [
      "https"
    ],
    "message_revision": 63635691
  },
  {
    "message_device_id": "0c0db6f3-79e3-4fa6-8710-e64f7c335988",
    "timestamp_utc": "1970-01-01T13:17:44.377Z",
    "context_receiver_service_timestamp": 1731759572154,
    "context_time": 47864377,
    "message_api_version": 77,
    "message_build_options": [
      "TPAPI;PLAY;DELIVERY;API_TRACE;VERBOSE;"
    ],
    "message_build_product": "esdk",
    "message_capabilities": [
      "https"
    ],
    "message_revision": 63635691
  },
  {
    "message_device_id": "0c0db6f3-79e3-4fa6-8710-e64f7c335988",
    "timestamp_utc": "1970-01-01T01:09:13.145Z",
    "context_receiver_service_timestamp": 1732127254974,
    "context_time": 4153145,
    "message_api_version": 77,
    "message_build_options": [
      "TPAPI;PLAY;DELIVERY;API_TRACE;VERBOSE;"
    ],
    "message_build_product": "esdk",
    "message_capabilities": [
      "https"
    ],
    "message_revision": 63635691
  },
  {
    "message_device_id": "c639a89e-ba04-4927-91e7-89d496e8d9c1",
    "timestamp_utc": "1970-01-01T05:20:41.695Z",
    "context_receiver_service_timestamp": 1725701197171,
    "context_time": 19241695,
    "message_api_version": 77,
    "message_build_options": [
      "TPAPI;PLAY;DELIVERY;API_TRACE;VERBOSE;"
    ],
    "message_build_product": "esdk",
    "message_capabilities": [
      "https"
    ],
    "message_revision": 63635691
  },
  {
    "message_device_id": "c6a73aac-6663-4915-8f3b-d4b850c64074",
    "timestamp_utc": "1970-01-02T09:22:30.511Z",
    "context_receiver_service_timestamp": 1728650329860,
    "context_time": 120150511,
    "message_api_version": 77,
    "message_build_options": [
      "TPAPI;PLAY;DELIVERY;API_TRACE;VERBOSE;"
    ],
    "message_build_product": "esdk",
    "message_capabilities": [
      "https"
    ],
    "message_revision": 63635691
  },
  {
    "message_device_id": "0c0db6f3-79e3-4fa6-8710-e64f7c335988",
    "timestamp_utc": "1970-01-01T23:30:17.593Z",
    "context_receiver_service_timestamp": 1731691099528,
    "context_time": 84617593,
    "message_api_version": 77,
    "message_build_options": [
      "TPAPI;PLAY;DELIVERY;API_TRACE;VERBOSE;"
    ],
    "message_build_product": "esdk",
    "message_capabilities": [
      "https"
    ],
    "message_revision": 63635691
  },
  {
    "message_device_id": "51ae8d46-ef8c-4c95-a952-19ccb70c8dd4",
    "timestamp_utc": "1970-01-01T20:01:40.204Z",
    "context_receiver_service_timestamp": 1725986982146,
    "context_time": 72100204,
    "message_api_version": 77,
    "message_build_options": [
      "TPAPI;PLAY;DELIVERY;API_TRACE;VERBOSE;"
    ],
    "message_build_product": "esdk",
    "message_capabilities": [
      "https"
    ],
    "message_revision": 63635691
  },
  {
    "message_device_id": "51ae8d46-ef8c-4c95-a952-19ccb70c8dd4",
    "timestamp_utc": "1970-01-01T00:17:58.466Z",
    "context_receiver_service_timestamp": 1725909698436,
    "context_time": 1078466,
    "message_api_version": 77,
    "message_build_options": [
      "TPAPI;PLAY;DELIVERY;API_TRACE;VERBOSE;"
    ],
    "message_build_product": "esdk",
    "message_capabilities": [
      "https"
    ],
    "message_revision": 63635691
  },
  {
    "message_device_id": "51ae8d46-ef8c-4c95-a952-19ccb70c8dd4",
    "timestamp_utc": "1970-01-01T00:00:00.836Z",
    "context_receiver_service_timestamp": 1725908020208,
    "context_time": 836,
    "message_api_version": 77,
    "message_build_options": [
      "TPAPI;PLAY;DELIVERY;API_TRACE;VERBOSE;"
    ],
    "message_build_product": "esdk",
    "message_capabilities": [
      "https"
    ],
    "message_revision": 63635691
  },
  {
    "message_device_id": "0c0db6f3-79e3-4fa6-8710-e64f7c335988",
    "timestamp_utc": "1970-01-01T01:41:57.066Z",
    "context_receiver_service_timestamp": 1732045784764,
    "context_time": 6117066,
    "message_api_version": 77,
    "message_build_options": [
      "TPAPI;PLAY;DELIVERY;API_TRACE;VERBOSE;"
    ],
    "message_build_product": "esdk",
    "message_capabilities": [
      "https"
    ],
    "message_revision": 63635691
  },
  {
    "message_device_id": "0c0db6f3-79e3-4fa6-8710-e64f7c335988",
    "timestamp_utc": "1970-01-01T00:45:47.299Z",
    "context_receiver_service_timestamp": 1731945755040,
    "context_time": 2747299,
    "message_api_version": 77,
    "message_build_options": [
      "TPAPI;PLAY;DELIVERY;API_TRACE;VERBOSE;"
    ],
    "message_build_product": "esdk",
    "message_capabilities": [
      "https"
    ],
    "message_revision": 63635691
  },
  {
    "message_device_id": "5852495f-710c-46bd-85f0-333c956be18a",
    "timestamp_utc": "1970-01-01T16:32:11.263Z",
    "context_receiver_service_timestamp": 1729088871052,
    "context_time": 59531263,
    "message_api_version": 77,
    "message_build_options": [
      "TPAPI;PLAY;DELIVERY;API_TRACE;VERBOSE;"
    ],
    "message_build_product": "esdk",
    "message_capabilities": [
      "https"
    ],
    "message_revision": 63635691
  }
]