[
  {
    "timestamp_utc": "2024-12-02T08:57:35.102Z",
    "context_application_version": "8.9.96.476",
    "context_conn_country": "DE",
    "context_device_manufacturer": "samsung",
    "context_device_model": "SM-A725F",
    "context_device_type": "mobile",
    "context_os_name": "android",
    "context_os_version": "14",
    "context_receiver_service_timestamp": 1733220274535,
    "context_time": 1733129855102,
    "message_action": "resume",
    "message_error_code": null,
    "message_error_description": "Reasons:not_paused",
    "message_error_domain": null,
    "message_error_is_recoverable": null,
    "message_impression_id": null,
    "message_remote_session_id": null
  },
  {
    "timestamp_utc": "2024-10-15T15:26:26.815Z",
    "context_application_version": "8.9.82.620",
    "context_conn_country": "DE",
    "context_device_manufacturer": "samsung",
    "context_device_model": "SM-A725F",
    "context_device_type": "mobile",
    "context_os_name": "android",
    "context_os_version": "14",
    "context_receiver_service_timestamp": 1733220091357,
    "context_time": 1729005986815,
    "message_action": "resume",
    "message_error_code": null,
    "message_error_description": "Reasons:not_paused",
    "message_error_domain": null,
    "message_error_is_recoverable": null,
    "message_impression_id": null,
    "message_remote_session_id": null
  },
  {
    "timestamp_utc": "2024-10-14T05:57:36.762Z",
    "context_application_version": "8.9.82.620",
    "context_conn_country": "DE",
    "context_device_manufacturer": "samsung",
    "context_device_model": "SM-A725F",
    "context_device_type": "mobile",
    "context_os_name": "android",
    "context_os_version": "14",
    "context_receiver_service_timestamp": 1733220084085,
    "context_time": 1728885456762,
    "message_action": "resume",
    "message_error_code": null,
    "message_error_description": "Reasons:not_paused",
    "message_error_domain": null,
    "message_error_is_recoverable": null,
    "message_impression_id": null,
    "message_remote_session_id": null
  },
  {
    "timestamp_utc": "2024-10-15T11:55:27.534Z",
    "context_application_version": "8.9.82.620",
    "context_conn_country": "DE",
    "context_device_manufacturer": "samsung",
    "context_device_model": "SM-A725F",
    "context_device_type": "mobile",
    "context_os_name": "android",
    "context_os_version": "14",
    "context_receiver_service_timestamp": 1733220089931,
    "context_time": 1728993327534,
    "message_action": "resume",
    "message_error_code": null,
    "message_error_description": "Reasons:not_paused",
    "message_error_domain": null,
    "message_error_is_recoverable": null,
    "message_impression_id": null,
    "message_remote_session_id": null
  },
  {
    "timestamp_utc": "2024-11-30T21:48:48.906Z",
    "context_application_version": "8.9.94.470",
    "context_conn_country": "DE",
    "context_device_manufacturer": "samsung",
    "context_device_model": "SM-A725F",
    "context_device_type": "mobile",
    "context_os_name": "android",
    "context_os_version": "14",
    "context_receiver_service_timestamp": 1733220267796,
    "context_time": 1733003328906,
    "message_action": "resume",
    "message_error_code": null,
    "message_error_description": "Reasons:not_paused",
    "message_error_domain": null,
    "message_error_is_recoverable": null,
    "message_impression_id": null,
    "message_remote_session_id": null
  }
]