[
  {
    "timestamp_utc": "2024-07-20T12:38:15.327Z",
    "context_time": 1721479095327,
    "message_fulfilment_responded_to_fulfillment_event_timestamp": 1721479095327,
    "message_request_type": "SUBS_FULFILMENT"
  },
  {
    "timestamp_utc": "2024-06-20T12:38:15.736Z",
    "context_time": 1718887095736,
    "message_fulfilment_responded_to_fulfillment_event_timestamp": 1718887095736,
    "message_request_type": "SUBS_FULFILMENT"
  },
  {
    "timestamp_utc": "2024-10-20T12:38:15.933Z",
    "context_time": 1729427895933,
    "message_fulfilment_responded_to_fulfillment_event_timestamp": 1729427895933,
    "message_request_type": "SUBS_FULFILMENT"
  },
  {
    "timestamp_utc": "2024-08-20T12:38:15.633Z",
    "context_time": 1724157495633,
    "message_fulfilment_responded_to_fulfillment_event_timestamp": 1724157495633,
    "message_request_type": "SUBS_FULFILMENT"
  },
  {
    "timestamp_utc": "2024-11-20T12:38:15.410Z",
    "context_time": 1732106295410,
    "message_fulfilment_responded_to_fulfillment_event_timestamp": 1732106295410,
    "message_request_type": "SUBS_FULFILMENT"
  },
  {
    "timestamp_utc": "2024-09-20T12:38:15.110Z",
    "context_time": 1726835895110,
    "message_fulfilment_responded_to_fulfillment_event_timestamp": 1726835895110,
    "message_request_type": "SUBS_FULFILMENT"
  }
]