[
  {
    "message_source": "pam.cancel",
    "timestamp_utc": "2024-08-14T06:18:38.958Z",
    "context_application_version": "8.9.64.548",
    "context_conn_country": "MA",
    "context_device_manufacturer": "samsung",
    "context_device_model": "SM-A725F",
    "context_device_type": "mobile",
    "context_os_name": "android",
    "context_os_version": "14",
    "context_receiver_service_timestamp": 1723619562607,
    "context_time": 1723616318958,
    "context_user_agent": null,
    "message_accept_language": null,
    "message_action": "CheckoutInitiated",
    "message_billing_choice": null,
    "message_current_step": "native_billing_client",
    "message_g_order_id": null,
    "message_premium_checkout_page_correlation_id": null,
    "message_purchase_status": null
  },
  {
    "message_source": "pam.cancel",
    "timestamp_utc": "2024-08-14T06:18:58.082Z",
    "context_application_version": "8.9.64.548",
    "context_conn_country": "MA",
    "context_device_manufacturer": "samsung",
    "context_device_model": "SM-A725F",
    "context_device_type": "mobile",
    "context_os_name": "android",
    "context_os_version": "14",
    "context_receiver_service_timestamp": 1723619562745,
    "context_time": 1723616338082,
    "context_user_agent": null,
    "message_accept_language": null,
    "message_action": "CheckoutInitiated",
    "message_billing_choice": null,
    "message_current_step": "native_billing_client",
    "message_g_order_id": null,
    "message_premium_checkout_page_correlation_id": null,
    "message_purchase_status": null
  },
  {
    "message_source": "pam.cancel",
    "timestamp_utc": "2024-08-14T06:20:07.410Z",
    "context_application_version": "8.9.64.548",
    "context_conn_country": "MA",
    "context_device_manufacturer": "samsung",
    "context_device_model": "SM-A725F",
    "context_device_type": "mobile",
    "context_os_name": "android",
    "context_os_version": "14",
    "context_receiver_service_timestamp": 1723619562915,
    "context_time": 1723616407410,
    "context_user_agent": null,
    "message_accept_language": null,
    "message_action": "CheckoutInitiated",
    "message_billing_choice": null,
    "message_current_step": "native_billing_client",
    "message_g_order_id": null,
    "message_premium_checkout_page_correlation_id": null,
    "message_purchase_status": null
  }
]