[
  {
    "timestamp_utc": "2024-08-14T06:20:07.588Z",
    "context_application_version": "8.9.64.548",
    "context_conn_country": "MA",
    "context_device_manufacturer": "samsung",
    "context_device_model": "SM-A725F",
    "context_device_type": "mobile",
    "context_os_name": "android",
    "context_os_version": "14",
    "context_receiver_service_timestamp": 1723619562915,
    "context_time": 1723616407588,
    "message_error_type": null,
    "message_name": "ENRICH_WEB_VIEW_SESSION",
    "message_result": "SUCCESS",
    "message_source": "pam.cancel"
  },
  {
    "timestamp_utc": "2024-08-14T06:18:58.480Z",
    "context_application_version": "8.9.64.548",
    "context_conn_country": "MA",
    "context_device_manufacturer": "samsung",
    "context_device_model": "SM-A725F",
    "context_device_type": "mobile",
    "context_os_name": "android",
    "context_os_version": "14",
    "context_receiver_service_timestamp": 1723619562745,
    "context_time": 1723616338480,
    "message_error_type": null,
    "message_name": "ENRICH_WEB_VIEW_SESSION",
    "message_result": "SUCCESS",
    "message_source": "pam.cancel"
  },
  {
    "timestamp_utc": "2024-08-14T06:18:39.530Z",
    "context_application_version": "8.9.64.548",
    "context_conn_country": "MA",
    "context_device_manufacturer": "samsung",
    "context_device_model": "SM-A725F",
    "context_device_type": "mobile",
    "context_os_name": "android",
    "context_os_version": "14",
    "context_receiver_service_timestamp": 1723619562607,
    "context_time": 1723616319530,
    "message_error_type": null,
    "message_name": "ENRICH_WEB_VIEW_SESSION",
    "message_result": "SUCCESS",
    "message_source": "pam.cancel"
  }
]