[
  {
    "timestamp_utc": "2024-08-28T18:37:12.460Z",
    "context_application_version": "8.9.68.456",
    "context_conn_country": "DE",
    "context_device_manufacturer": "samsung",
    "context_device_model": "SM-A725F",
    "context_device_type": "mobile",
    "context_os_name": "android",
    "context_os_version": "14",
    "context_receiver_service_timestamp": 1724866678112,
    "context_time": 1724870232460,
    "message_cache_hit": false,
    "message_feed_id": "music-chip",
    "message_is_offline": false
  },
  {
    "timestamp_utc": "2024-08-28T18:40:40.225Z",
    "context_application_version": "8.9.68.456",
    "context_conn_country": "DE",
    "context_device_manufacturer": "samsung",
    "context_device_model": "SM-A725F",
    "context_device_type": "mobile",
    "context_os_name": "android",
    "context_os_version": "14",
    "context_receiver_service_timestamp": 1724867042627,
    "context_time": 1724870440225,
    "message_cache_hit": true,
    "message_feed_id": "music-chip",
    "message_is_offline": true
  },
  {
    "timestamp_utc": "2024-12-03T14:49:29.542Z",
    "context_application_version": "8.9.96.476",
    "context_conn_country": "DE",
    "context_device_manufacturer": "samsung",
    "context_device_model": "SM-A725F",
    "context_device_type": "mobile",
    "context_os_name": "android",
    "context_os_version": "14",
    "context_receiver_service_timestamp": 1733237318527,
    "context_time": 1733237369542,
    "message_cache_hit": false,
    "message_feed_id": "default",
    "message_is_offline": false
  },
  {
    "timestamp_utc": "2024-12-03T13:57:04.174Z",
    "context_application_version": "8.9.96.476",
    "context_conn_country": "DE",
    "context_device_manufacturer": "samsung",
    "context_device_model": "SM-A725F",
    "context_device_type": "mobile",
    "context_os_name": "android",
    "context_os_version": "14",
    "context_receiver_service_timestamp": 1733234190618,
    "context_time": 1733234224174,
    "message_cache_hit": false,
    "message_feed_id": "default",
    "message_is_offline": false
  },
  {
    "timestamp_utc": "2024-08-28T18:26:39.779Z",
    "context_application_version": "8.9.68.456",
    "context_conn_country": "DE",
    "context_device_manufacturer": "samsung",
    "context_device_model": "SM-A725F",
    "context_device_type": "mobile",
    "context_os_name": "android",
    "context_os_version": "14",
    "context_receiver_service_timestamp": 1724866044087,
    "context_time": 1724869599779,
    "message_cache_hit": false,
    "message_feed_id": "music-chip",
    "message_is_offline": false
  },
  {
    "timestamp_utc": "2024-12-03T13:04:04.747Z",
    "context_application_version": "8.9.96.476",
    "context_conn_country": "DE",
    "context_device_manufacturer": "samsung",
    "context_device_model": "SM-A725F",
    "context_device_type": "mobile",
    "context_os_name": "android",
    "context_os_version": "14",
    "context_receiver_service_timestamp": 1733231005719,
    "context_time": 1733231044747,
    "message_cache_hit": false,
    "message_feed_id": "default",
    "message_is_offline": false
  },
  {
    "timestamp_utc": "2024-08-28T19:07:30.906Z",
    "context_application_version": "8.9.68.456",
    "context_conn_country": "DE",
    "context_device_manufacturer": "samsung",
    "context_device_model": "SM-A725F",
    "context_device_type": "mobile",
    "context_os_name": "android",
    "context_os_version": "14",
    "context_receiver_service_timestamp": 1724869266431,
    "context_time": 1724872050906,
    "message_cache_hit": true,
    "message_feed_id": "music-chip",
    "message_is_offline": true
  },
  {
    "timestamp_utc": "2024-08-28T18:48:59.754Z",
    "context_application_version": "8.9.68.456",
    "context_conn_country": "DE",
    "context_device_manufacturer": "samsung",
    "context_device_model": "SM-A725F",
    "context_device_type": "mobile",
    "context_os_name": "android",
    "context_os_version": "14",
    "context_receiver_service_timestamp": 1724868356304,
    "context_time": 1724870939754,
    "message_cache_hit": true,
    "message_feed_id": "music-chip",
    "message_is_offline": true
  },
  {
    "timestamp_utc": "2024-12-05T16:31:06.183Z",
    "context_application_version": "8.9.94.418",
    "context_conn_country": "DE",
    "context_device_manufacturer": "apple",
    "context_device_model": "iPhone15,2",
    "context_device_type": "mobile",
    "context_os_name": "ios",
    "context_os_version": "18.0",
    "context_receiver_service_timestamp": 1733417457772,
    "context_time": 1733416266183,
    "message_cache_hit": false,
    "message_feed_id": "wrapped-chip",
    "message_is_offline": false
  }
]