[
  {
    "timestamp_utc": "2024-08-28T18:48:59.735Z",
    "context_application_version": "8.9.68.456",
    "context_conn_country": "DE",
    "context_device_manufacturer": "samsung",
    "context_device_model": "SM-A725F",
    "context_device_type": "mobile",
    "context_os_name": "android",
    "context_os_version": "14",
    "context_receiver_service_timestamp": 1724868356304,
    "context_time": 1724870939735,
    "message_error_message": "java.net.UnknownHostException: Unable to resolve host \"spclient.wg.spotify.com\": No address associated with hostname",
    "message_feed_id": "music-chip",
    "message_http_status_code": null,
    "message_is_offline": true
  },
  {
    "timestamp_utc": "2024-12-03T14:49:28.538Z",
    "context_application_version": "8.9.96.476",
    "context_conn_country": "DE",
    "context_device_manufacturer": "samsung",
    "context_device_model": "SM-A725F",
    "context_device_type": "mobile",
    "context_os_name": "android",
    "context_os_version": "14",
    "context_receiver_service_timestamp": 1733237318527,
    "context_time": 1733237368538,
    "message_error_message": "",
    "message_feed_id": "default",
    "message_http_status_code": 504,
    "message_is_offline": false
  },
  {
    "timestamp_utc": "2024-08-28T18:40:40.186Z",
    "context_application_version": "8.9.68.456",
    "context_conn_country": "DE",
    "context_device_manufacturer": "samsung",
    "context_device_model": "SM-A725F",
    "context_device_type": "mobile",
    "context_os_name": "android",
    "context_os_version": "14",
    "context_receiver_service_timestamp": 1724867042627,
    "context_time": 1724870440186,
    "message_error_message": "java.net.UnknownHostException: Unable to resolve host \"spclient.wg.spotify.com\": No address associated with hostname",
    "message_feed_id": "music-chip",
    "message_http_status_code": null,
    "message_is_offline": true
  },
  {
    "timestamp_utc": "2024-12-03T13:56:57.070Z",
    "context_application_version": "8.9.96.476",
    "context_conn_country": "DE",
    "context_device_manufacturer": "samsung",
    "context_device_model": "SM-A725F",
    "context_device_type": "mobile",
    "context_os_name": "android",
    "context_os_version": "14",
    "context_receiver_service_timestamp": 1733234190618,
    "context_time": 1733234217070,
    "message_error_message": "",
    "message_feed_id": "default",
    "message_http_status_code": 504,
    "message_is_offline": false
  },
  {
    "timestamp_utc": "2024-08-28T19:07:30.894Z",
    "context_application_version": "8.9.68.456",
    "context_conn_country": "DE",
    "context_device_manufacturer": "samsung",
    "context_device_model": "SM-A725F",
    "context_device_type": "mobile",
    "context_os_name": "android",
    "context_os_version": "14",
    "context_receiver_service_timestamp": 1724869266431,
    "context_time": 1724872050894,
    "message_error_message": "java.net.UnknownHostException: Unable to resolve host \"spclient.wg.spotify.com\": No address associated with hostname",
    "message_feed_id": "music-chip",
    "message_http_status_code": null,
    "message_is_offline": true
  },
  {
    "timestamp_utc": "2024-12-03T12:00:26.691Z",
    "context_application_version": "8.9.96.476",
    "context_conn_country": "DE",
    "context_device_manufacturer": "samsung",
    "context_device_model": "SM-A725F",
    "context_device_type": "mobile",
    "context_os_name": "android",
    "context_os_version": "14",
    "context_receiver_service_timestamp": 1733227200422,
    "context_time": 1733227226691,
    "message_error_message": "",
    "message_feed_id": "default",
    "message_http_status_code": 504,
    "message_is_offline": false
  },
  {
    "timestamp_utc": "2024-12-03T13:04:03.461Z",
    "context_application_version": "8.9.96.476",
    "context_conn_country": "DE",
    "context_device_manufacturer": "samsung",
    "context_device_model": "SM-A725F",
    "context_device_type": "mobile",
    "context_os_name": "android",
    "context_os_version": "14",
    "context_receiver_service_timestamp": 1733231005719,
    "context_time": 1733231043461,
    "message_error_message": "",
    "message_feed_id": "default",
    "message_http_status_code": 504,
    "message_is_offline": false
  }
]