[
  {
    "timestamp_utc": "2024-12-03T09:12:43.242Z",
    "context_application_version": "8.9.96.476",
    "context_conn_country": "DE",
    "context_device_manufacturer": "samsung",
    "context_device_model": "SM-A725F",
    "context_device_type": "mobile",
    "context_os_name": "android",
    "context_os_version": "14",
    "context_receiver_service_timestamp": 1733220283871,
    "context_time": 1733217163242,
    "message_reason": "APP_IN_BACKGROUND, CONTEXT_SWITCHED",
    "message_trigger_pattern": "spotify:now-playing:close",
    "message_trigger_type": "URI"
  }
]