[
  {
    "timestamp_utc": "2024-09-03T13:26:04.236Z",
    "context_application_version": "8.9.68.490",
    "context_conn_country": "DE",
    "context_device_manufacturer": "apple",
    "context_device_model": "iPhone15,2",
    "context_device_type": "mobile",
    "context_os_name": "ios",
    "context_os_version": "17.5.1",
    "context_receiver_service_timestamp": 1725369979511,
    "context_time": 1725369964236,
    "message_bt_permission_status": "allowedAlways"
  },
  {
    "timestamp_utc": "2024-09-16T11:10:46.563Z",
    "context_application_version": "8.9.74.535",
    "context_conn_country": "FR",
    "context_device_manufacturer": "apple",
    "context_device_model": "iPhone14,5",
    "context_device_type": "mobile",
    "context_os_name": "ios",
    "context_os_version": "17.6.1",
    "context_receiver_service_timestamp": 1726485060147,
    "context_time": 1726485046563,
    "message_bt_permission_status": "allowedAlways"
  }
]