[
  {
    "timestamp_utc": "2024-11-14T08:42:11.689Z",
    "context_application_version": "8.9.90.84",
    "context_conn_country": "FR",
    "context_device_manufacturer": "apple",
    "context_device_model": "iPhone14,5",
    "context_device_type": "mobile",
    "context_os_name": "ios",
    "context_os_version": "17.6.1",
    "context_receiver_service_timestamp": 1731587784409,
    "context_time": 1731573731689,
    "message_action": "uninstall",
    "message_family": "accessoryCircular",
    "message_kind": "AppLaunch"
  },
  {
    "timestamp_utc": "2024-11-13T23:48:55.302Z",
    "context_application_version": "8.9.90.84",
    "context_conn_country": "FR",
    "context_device_manufacturer": "apple",
    "context_device_model": "iPhone14,5",
    "context_device_type": "mobile",
    "context_os_name": "ios",
    "context_os_version": "17.6.1",
    "context_receiver_service_timestamp": 1731573693834,
    "context_time": 1731541735302,
    "message_action": "install",
    "message_family": "accessoryCircular",
    "message_kind": "AppLaunch"
  },
  {
    "timestamp_utc": "2024-12-02T12:54:09.702Z",
    "context_application_version": "8.9.94.418",
    "context_conn_country": "FR",
    "context_device_manufacturer": "apple",
    "context_device_model": "iPhone14,5",
    "context_device_type": "mobile",
    "context_os_name": "ios",
    "context_os_version": "18.1.1",
    "context_receiver_service_timestamp": 1733144061093,
    "context_time": 1733144049702,
    "message_action": "uninstall",
    "message_family": "accessoryCircular",
    "message_kind": "AppLaunch"
  },
  {
    "timestamp_utc": "2024-12-02T12:54:09.702Z",
    "context_application_version": "8.9.94.418",
    "context_conn_country": "FR",
    "context_device_manufacturer": "apple",
    "context_device_model": "iPhone14,5",
    "context_device_type": "mobile",
    "context_os_name": "ios",
    "context_os_version": "18.1.1",
    "context_receiver_service_timestamp": 1733144061093,
    "context_time": 1733144049702,
    "message_action": "install",
    "message_family": "accessoryCircular",
    "message_kind": "AppLaunch"
  }
]