[
  {
    "timestamp_utc": "2024-11-17T19:52:36.980Z",
    "context_application_version": "8.9.90.84",
    "context_conn_country": "DE",
    "context_device_manufacturer": "apple",
    "context_device_model": "iPhone15,2",
    "context_device_type": "mobile",
    "context_os_name": "ios",
    "context_os_version": "18.0",
    "context_receiver_service_timestamp": 1731873177888,
    "context_time": 1731873156980,
    "message_reason": "session_changed",
    "message_session_id": "50b0d8ecc6042f87fad7eb0eb56f53b9",
    "message_tech": "connect",
    "message_type": "speaker"
  },
  {
    "timestamp_utc": "2024-11-29T10:57:38.104Z",
    "context_application_version": "8.9.94.418",
    "context_conn_country": "DE",
    "context_device_manufacturer": "apple",
    "context_device_model": "iPhone15,2",
    "context_device_type": "mobile",
    "context_os_name": "ios",
    "context_os_version": "18.0",
    "context_receiver_service_timestamp": 1732877872632,
    "context_time": 1732877858104,
    "message_reason": "session_changed",
    "message_session_id": "e7113ad2892f6fb8ec03c4d21360a199",
    "message_tech": "connect",
    "message_type": "speaker"
  },
  {
    "timestamp_utc": "2024-10-12T19:36:06.930Z",
    "context_application_version": "8.9.76.516",
    "context_conn_country": "DE",
    "context_device_manufacturer": "apple",
    "context_device_model": "iPhone15,2",
    "context_device_type": "mobile",
    "context_os_name": "ios",
    "context_os_version": "18.0",
    "context_receiver_service_timestamp": 1728761782804,
    "context_time": 1728761766930,
    "message_reason": "session_changed",
    "message_session_id": "0aa069c816d022aa4d7447703b30fa6c",
    "message_tech": "connect",
    "message_type": "speaker"
  },
  {
    "timestamp_utc": "2024-09-09T19:38:37.223Z",
    "context_application_version": "8.9.70.592",
    "context_conn_country": "DE",
    "context_device_manufacturer": "apple",
    "context_device_model": "iPhone15,2",
    "context_device_type": "mobile",
    "context_os_name": "ios",
    "context_os_version": "17.5.1",
    "context_receiver_service_timestamp": 1725910800735,
    "context_time": 1725910717223,
    "message_reason": "session_changed",
    "message_session_id": "fe7eb2bf8727d427112e945844f1f7bf",
    "message_tech": "connect",
    "message_type": "speaker"
  },
  {
    "timestamp_utc": "2024-10-12T19:40:11.014Z",
    "context_application_version": "8.9.76.516",
    "context_conn_country": "DE",
    "context_device_manufacturer": "apple",
    "context_device_model": "iPhone15,2",
    "context_device_type": "mobile",
    "context_os_name": "ios",
    "context_os_version": "18.0",
    "context_receiver_service_timestamp": 1728762022493,
    "context_time": 1728762011014,
    "message_reason": "session_changed",
    "message_session_id": "0aa069c816d022aa4d7447703b30fa6c",
    "message_tech": "connect",
    "message_type": "speaker"
  },
  {
    "timestamp_utc": "2024-11-17T19:11:30.293Z",
    "context_application_version": "8.9.90.84",
    "context_conn_country": "DE",
    "context_device_manufacturer": "apple",
    "context_device_model": "iPhone15,2",
    "context_device_type": "mobile",
    "context_os_name": "ios",
    "context_os_version": "18.0",
    "context_receiver_service_timestamp": 1731870696365,
    "context_time": 1731870690293,
    "message_reason": "session_changed",
    "message_session_id": "50b0d8ecc6042f87fad7eb0eb56f53b9",
    "message_tech": "connect",
    "message_type": "speaker"
  },
  {
    "timestamp_utc": "2024-11-26T21:24:25.726Z",
    "context_application_version": "8.9.94.418",
    "context_conn_country": "DE",
    "context_device_manufacturer": "apple",
    "context_device_model": "iPhone15,2",
    "context_device_type": "mobile",
    "context_os_name": "ios",
    "context_os_version": "18.0",
    "context_receiver_service_timestamp": 1732656270496,
    "context_time": 1732656265726,
    "message_reason": "session_changed",
    "message_session_id": "8b4d219937db403a6a909ee09d489628",
    "message_tech": "connect",
    "message_type": "speaker"
  },
  {
    "timestamp_utc": "2024-10-30T16:28:49.032Z",
    "context_application_version": "8.9.84.543",
    "context_conn_country": "DE",
    "context_device_manufacturer": "apple",
    "context_device_model": "iPhone15,2",
    "context_device_type": "mobile",
    "context_os_name": "ios",
    "context_os_version": "18.0",
    "context_receiver_service_timestamp": 1730307149366,
    "context_time": 1730305729032,
    "message_reason": "session_changed",
    "message_session_id": "8558522ec2eb73701ee00df15a5d6288",
    "message_tech": "connect",
    "message_type": "speaker"
  },
  {
    "timestamp_utc": "2024-09-07T14:32:01.057Z",
    "context_application_version": "8.9.68.490",
    "context_conn_country": "DE",
    "context_device_manufacturer": "apple",
    "context_device_model": "iPhone15,2",
    "context_device_type": "mobile",
    "context_os_name": "ios",
    "context_os_version": "17.5.1",
    "context_receiver_service_timestamp": 1725719530293,
    "context_time": 1725719521057,
    "message_reason": "session_changed",
    "message_session_id": "b4ebe18fd2b1445240b318f0329b9f4e",
    "message_tech": "connect",
    "message_type": "speaker"
  },
  {
    "timestamp_utc": "2024-11-29T11:51:59.006Z",
    "context_application_version": "8.9.94.418",
    "context_conn_country": "DE",
    "context_device_manufacturer": "apple",
    "context_device_model": "iPhone15,2",
    "context_device_type": "mobile",
    "context_os_name": "ios",
    "context_os_version": "18.0",
    "context_receiver_service_timestamp": 1732881119391,
    "context_time": 1732881119006,
    "message_reason": "session_changed",
    "message_session_id": "3769912f1faeb57034210bb58e394a8f",
    "message_tech": "connect",
    "message_type": "speaker"
  },
  {
    "timestamp_utc": "2024-11-14T16:49:50.562Z",
    "context_application_version": "8.9.90.84",
    "context_conn_country": "DE",
    "context_device_manufacturer": "apple",
    "context_device_model": "iPhone15,2",
    "context_device_type": "mobile",
    "context_os_name": "ios",
    "context_os_version": "18.0",
    "context_receiver_service_timestamp": 1731602999114,
    "context_time": 1731602990562,
    "message_reason": "session_changed",
    "message_session_id": "38daec73e67460b166b381f197dcf87d",
    "message_tech": "connect",
    "message_type": "speaker"
  },
  {
    "timestamp_utc": "2024-10-13T09:33:08.749Z",
    "context_application_version": "8.9.82.628",
    "context_conn_country": "DE",
    "context_device_manufacturer": "apple",
    "context_device_model": "iPhone15,2",
    "context_device_type": "mobile",
    "context_os_name": "ios",
    "context_os_version": "18.0",
    "context_receiver_service_timestamp": 1728812003449,
    "context_time": 1728811988749,
    "message_reason": "session_changed",
    "message_session_id": "c93a847d77f02226f228315f9ae2f98e",
    "message_tech": "connect",
    "message_type": "speaker"
  },
  {
    "timestamp_utc": "2024-11-29T11:02:50.740Z",
    "context_application_version": "8.9.94.418",
    "context_conn_country": "DE",
    "context_device_manufacturer": "apple",
    "context_device_model": "iPhone15,2",
    "context_device_type": "mobile",
    "context_os_name": "ios",
    "context_os_version": "18.0",
    "context_receiver_service_timestamp": 1732878172516,
    "context_time": 1732878170740,
    "message_reason": "session_changed",
    "message_session_id": "fb95202b3de91fcd36a570857cb1c767",
    "message_tech": "connect",
    "message_type": "speaker"
  },
  {
    "timestamp_utc": "2024-11-29T12:00:22.602Z",
    "context_application_version": "8.9.94.418",
    "context_conn_country": "DE",
    "context_device_manufacturer": "apple",
    "context_device_model": "iPhone15,2",
    "context_device_type": "mobile",
    "context_os_name": "ios",
    "context_os_version": "18.0",
    "context_receiver_service_timestamp": 1732881652570,
    "context_time": 1732881622602,
    "message_reason": "session_changed",
    "message_session_id": "3769912f1faeb57034210bb58e394a8f",
    "message_tech": "connect",
    "message_type": "speaker"
  },
  {
    "timestamp_utc": "2024-09-07T11:44:07.167Z",
    "context_application_version": "8.9.68.490",
    "context_conn_country": "DE",
    "context_device_manufacturer": "apple",
    "context_device_model": "iPhone15,2",
    "context_device_type": "mobile",
    "context_os_name": "ios",
    "context_os_version": "17.5.1",
    "context_receiver_service_timestamp": 1725709465695,
    "context_time": 1725709447167,
    "message_reason": "session_changed",
    "message_session_id": "73af7bebd05e1f9751fc87160b839cd7",
    "message_tech": "connect",
    "message_type": "speaker"
  },
  {
    "timestamp_utc": "2024-11-28T18:08:24.676Z",
    "context_application_version": "1.2.51.345",
    "context_conn_country": "DE",
    "context_device_manufacturer": "Apple Inc.",
    "context_device_model": "MacBookPro17,1",
    "context_device_type": "desktop",
    "context_os_name": "osx",
    "context_os_version": "14.1.2",
    "context_receiver_service_timestamp": 1732817112424,
    "context_time": 1732817304676,
    "message_reason": "start_broadcast_signal",
    "message_session_id": "fe127ebbe4a5daeab4503a1110e59aa4",
    "message_tech": "CONNECT",
    "message_type": "SPEAKER"
  },
  {
    "timestamp_utc": "2024-10-12T21:09:31.827Z",
    "context_application_version": "8.9.76.516",
    "context_conn_country": "DE",
    "context_device_manufacturer": "apple",
    "context_device_model": "iPhone15,2",
    "context_device_type": "mobile",
    "context_os_name": "ios",
    "context_os_version": "18.0",
    "context_receiver_service_timestamp": 1728767372194,
    "context_time": 1728767371827,
    "message_reason": "session_changed",
    "message_session_id": "0aa069c816d022aa4d7447703b30fa6c",
    "message_tech": "connect",
    "message_type": "speaker"
  },
  {
    "timestamp_utc": "2024-11-29T09:54:35.185Z",
    "context_application_version": "1.2.51.345",
    "context_conn_country": "DE",
    "context_device_manufacturer": "Apple Inc.",
    "context_device_model": "MacBookPro17,1",
    "context_device_type": "desktop",
    "context_os_name": "osx",
    "context_os_version": "14.1.2",
    "context_receiver_service_timestamp": 1732874864815,
    "context_time": 1732874075185,
    "message_reason": "start_broadcast_signal",
    "message_session_id": "e7113ad2892f6fb8ec03c4d21360a199",
    "message_tech": "CONNECT",
    "message_type": "SPEAKER"
  },
  {
    "timestamp_utc": "2024-11-30T14:10:53.941Z",
    "context_application_version": "8.9.94.418",
    "context_conn_country": "DE",
    "context_device_manufacturer": "apple",
    "context_device_model": "iPhone15,2",
    "context_device_type": "mobile",
    "context_os_name": "ios",
    "context_os_version": "18.0",
    "context_receiver_service_timestamp": 1732975854354,
    "context_time": 1732975853941,
    "message_reason": "session_changed",
    "message_session_id": "01f735a292149f56813e8eaaa653abec",
    "message_tech": "connect",
    "message_type": "speaker"
  },
  {
    "timestamp_utc": "2024-10-12T19:32:55.550Z",
    "context_application_version": "8.9.76.516",
    "context_conn_country": "DE",
    "context_device_manufacturer": "apple",
    "context_device_model": "iPhone15,2",
    "context_device_type": "mobile",
    "context_os_name": "ios",
    "context_os_version": "18.0",
    "context_receiver_service_timestamp": 1728761583481,
    "context_time": 1728761575550,
    "message_reason": "session_changed",
    "message_session_id": "0aa069c816d022aa4d7447703b30fa6c",
    "message_tech": "connect",
    "message_type": "speaker"
  },
  {
    "timestamp_utc": "2024-10-13T09:30:41.984Z",
    "context_application_version": "8.9.82.628",
    "context_conn_country": "DE",
    "context_device_manufacturer": "apple",
    "context_device_model": "iPhone15,2",
    "context_device_type": "mobile",
    "context_os_name": "ios",
    "context_os_version": "18.0",
    "context_receiver_service_timestamp": 1728811853302,
    "context_time": 1728811841984,
    "message_reason": "session_changed",
    "message_session_id": "c93a847d77f02226f228315f9ae2f98e",
    "message_tech": "connect",
    "message_type": "speaker"
  },
  {
    "timestamp_utc": "2024-11-17T23:40:23.211Z",
    "context_application_version": "8.9.90.84",
    "context_conn_country": "DE",
    "context_device_manufacturer": "apple",
    "context_device_model": "iPhone15,2",
    "context_device_type": "mobile",
    "context_os_name": "ios",
    "context_os_version": "18.0",
    "context_receiver_service_timestamp": 1731886858260,
    "context_time": 1731886823211,
    "message_reason": "session_changed",
    "message_session_id": "50b0d8ecc6042f87fad7eb0eb56f53b9",
    "message_tech": "connect",
    "message_type": "speaker"
  },
  {
    "timestamp_utc": "2024-11-14T16:35:25.727Z",
    "context_application_version": "8.9.90.84",
    "context_conn_country": "DE",
    "context_device_manufacturer": "apple",
    "context_device_model": "iPhone15,2",
    "context_device_type": "mobile",
    "context_os_name": "ios",
    "context_os_version": "18.0",
    "context_receiver_service_timestamp": 1731602130057,
    "context_time": 1731602125727,
    "message_reason": "session_changed",
    "message_session_id": "38daec73e67460b166b381f197dcf87d",
    "message_tech": "connect",
    "message_type": "speaker"
  },
  {
    "timestamp_utc": "2024-10-13T14:52:33.514Z",
    "context_application_version": "8.9.82.628",
    "context_conn_country": "DE",
    "context_device_manufacturer": "apple",
    "context_device_model": "iPhone15,2",
    "context_device_type": "mobile",
    "context_os_name": "ios",
    "context_os_version": "18.0",
    "context_receiver_service_timestamp": 1728831161463,
    "context_time": 1728831153514,
    "message_reason": "session_changed",
    "message_session_id": "742c1cb01626bc9cf294766bd004709d",
    "message_tech": "connect",
    "message_type": "speaker"
  },
  {
    "timestamp_utc": "2024-10-13T14:51:12.866Z",
    "context_application_version": "8.9.82.628",
    "context_conn_country": "DE",
    "context_device_manufacturer": "apple",
    "context_device_model": "iPhone15,2",
    "context_device_type": "mobile",
    "context_os_name": "ios",
    "context_os_version": "18.0",
    "context_receiver_service_timestamp": 1728831153734,
    "context_time": 1728831072866,
    "message_reason": "session_changed",
    "message_session_id": "742c1cb01626bc9cf294766bd004709d",
    "message_tech": "connect",
    "message_type": "speaker"
  },
  {
    "timestamp_utc": "2024-11-30T13:08:22.369Z",
    "context_application_version": "8.9.94.418",
    "context_conn_country": "DE",
    "context_device_manufacturer": "apple",
    "context_device_model": "iPhone15,2",
    "context_device_type": "mobile",
    "context_os_name": "ios",
    "context_os_version": "18.0",
    "context_receiver_service_timestamp": 1732972104358,
    "context_time": 1732972102369,
    "message_reason": "session_changed",
    "message_session_id": "01f735a292149f56813e8eaaa653abec",
    "message_tech": "connect",
    "message_type": "speaker"
  },
  {
    "timestamp_utc": "2024-12-01T18:11:51.209Z",
    "context_application_version": "1.2.51.345",
    "context_conn_country": "DE",
    "context_device_manufacturer": "Apple Inc.",
    "context_device_model": "MacBookPro17,1",
    "context_device_type": "desktop",
    "context_os_name": "osx",
    "context_os_version": "14.1.2",
    "context_receiver_service_timestamp": 1733076510863,
    "context_time": 1733076711209,
    "message_reason": "start_broadcast_signal",
    "message_session_id": "61ad226acbac713b14e164e05b7c683c",
    "message_tech": "CONNECT",
    "message_type": "SPEAKER"
  },
  {
    "timestamp_utc": "2024-11-17T20:16:10.441Z",
    "context_application_version": "8.9.90.84",
    "context_conn_country": "DE",
    "context_device_manufacturer": "apple",
    "context_device_model": "iPhone15,2",
    "context_device_type": "mobile",
    "context_os_name": "ios",
    "context_os_version": "18.0",
    "context_receiver_service_timestamp": 1731874570842,
    "context_time": 1731874570441,
    "message_reason": "session_changed",
    "message_session_id": "50b0d8ecc6042f87fad7eb0eb56f53b9",
    "message_tech": "connect",
    "message_type": "speaker"
  },
  {
    "timestamp_utc": "2024-11-20T18:30:46.606Z",
    "context_application_version": "1.2.50.335",
    "context_conn_country": "DE",
    "context_device_manufacturer": "Apple Inc.",
    "context_device_model": "MacBookPro17,1",
    "context_device_type": "desktop",
    "context_os_name": "osx",
    "context_os_version": "14.1.2",
    "context_receiver_service_timestamp": 1732127257567,
    "context_time": 1732127446606,
    "message_reason": "start_broadcast_signal",
    "message_session_id": "e4eb20aa48fba7f82c70c4821b0e1b0d",
    "message_tech": "CONNECT",
    "message_type": "SPEAKER"
  },
  {
    "timestamp_utc": "2024-10-30T20:50:55.154Z",
    "context_application_version": "8.9.84.543",
    "context_conn_country": "DE",
    "context_device_manufacturer": "apple",
    "context_device_model": "iPhone15,2",
    "context_device_type": "mobile",
    "context_os_name": "ios",
    "context_os_version": "18.0",
    "context_receiver_service_timestamp": 1730321484572,
    "context_time": 1730321455154,
    "message_reason": "session_changed",
    "message_session_id": "bf23eed4c3429fbc534865dc6e4cba4a",
    "message_tech": "connect",
    "message_type": "speaker"
  },
  {
    "timestamp_utc": "2024-11-29T11:04:36.184Z",
    "context_application_version": "8.9.94.418",
    "context_conn_country": "DE",
    "context_device_manufacturer": "apple",
    "context_device_model": "iPhone15,2",
    "context_device_type": "mobile",
    "context_os_name": "ios",
    "context_os_version": "18.0",
    "context_receiver_service_timestamp": 1732878292539,
    "context_time": 1732878276184,
    "message_reason": "session_changed",
    "message_session_id": "fb95202b3de91fcd36a570857cb1c767",
    "message_tech": "connect",
    "message_type": "speaker"
  },
  {
    "timestamp_utc": "2024-10-14T06:31:46.006Z",
    "context_application_version": "8.9.82.628",
    "context_conn_country": "DE",
    "context_device_manufacturer": "apple",
    "context_device_model": "iPhone15,2",
    "context_device_type": "mobile",
    "context_os_name": "ios",
    "context_os_version": "18.0",
    "context_receiver_service_timestamp": 1728887518875,
    "context_time": 1728887506006,
    "message_reason": "session_changed",
    "message_session_id": "ca8f1e8ad120589e0b989ad0d3372cf1",
    "message_tech": "connect",
    "message_type": "speaker"
  },
  {
    "timestamp_utc": "2024-11-29T10:38:26.892Z",
    "context_application_version": "8.9.94.418",
    "context_conn_country": "DE",
    "context_device_manufacturer": "apple",
    "context_device_model": "iPhone15,2",
    "context_device_type": "mobile",
    "context_os_name": "ios",
    "context_os_version": "18.0",
    "context_receiver_service_timestamp": 1732876732643,
    "context_time": 1732876706892,
    "message_reason": "session_changed",
    "message_session_id": "e7113ad2892f6fb8ec03c4d21360a199",
    "message_tech": "connect",
    "message_type": "speaker"
  },
  {
    "timestamp_utc": "2024-09-07T10:38:28.142Z",
    "context_application_version": "8.9.68.490",
    "context_conn_country": "DE",
    "context_device_manufacturer": "apple",
    "context_device_model": "iPhone15,2",
    "context_device_type": "mobile",
    "context_os_name": "ios",
    "context_os_version": "17.5.1",
    "context_receiver_service_timestamp": 1725705535719,
    "context_time": 1725705508142,
    "message_reason": "session_changed",
    "message_session_id": "73af7bebd05e1f9751fc87160b839cd7",
    "message_tech": "connect",
    "message_type": "speaker"
  },
  {
    "timestamp_utc": "2024-11-14T18:03:34.960Z",
    "context_application_version": "8.9.90.84",
    "context_conn_country": "DE",
    "context_device_manufacturer": "apple",
    "context_device_model": "iPhone15,2",
    "context_device_type": "mobile",
    "context_os_name": "ios",
    "context_os_version": "18.0",
    "context_receiver_service_timestamp": 1731610383147,
    "context_time": 1731607414960,
    "message_reason": "session_changed",
    "message_session_id": "d4993cf106999a6d71b6f4ef5a20ff49",
    "message_tech": "connect",
    "message_type": "speaker"
  },
  {
    "timestamp_utc": "2024-11-14T16:59:05.916Z",
    "context_application_version": "8.9.90.84",
    "context_conn_country": "DE",
    "context_device_manufacturer": "apple",
    "context_device_model": "iPhone15,2",
    "context_device_type": "mobile",
    "context_os_name": "ios",
    "context_os_version": "18.0",
    "context_receiver_service_timestamp": 1731603550747,
    "context_time": 1731603545916,
    "message_reason": "session_changed",
    "message_session_id": "d4993cf106999a6d71b6f4ef5a20ff49",
    "message_tech": "connect",
    "message_type": "speaker"
  },
  {
    "timestamp_utc": "2024-10-13T09:51:46.230Z",
    "context_application_version": "8.9.82.628",
    "context_conn_country": "DE",
    "context_device_manufacturer": "apple",
    "context_device_model": "iPhone15,2",
    "context_device_type": "mobile",
    "context_os_name": "ios",
    "context_os_version": "18.0",
    "context_receiver_service_timestamp": 1728813112938,
    "context_time": 1728813106230,
    "message_reason": "session_changed",
    "message_session_id": "c93a847d77f02226f228315f9ae2f98e",
    "message_tech": "connect",
    "message_type": "speaker"
  },
  {
    "timestamp_utc": "2024-11-29T11:38:31.303Z",
    "context_application_version": "8.9.94.418",
    "context_conn_country": "DE",
    "context_device_manufacturer": "apple",
    "context_device_model": "iPhone15,2",
    "context_device_type": "mobile",
    "context_os_name": "ios",
    "context_os_version": "18.0",
    "context_receiver_service_timestamp": 1732880332901,
    "context_time": 1732880311303,
    "message_reason": "session_changed",
    "message_session_id": "3769912f1faeb57034210bb58e394a8f",
    "message_tech": "connect",
    "message_type": "speaker"
  },
  {
    "timestamp_utc": "2024-11-30T12:06:19.505Z",
    "context_application_version": "1.2.51.345",
    "context_conn_country": "DE",
    "context_device_manufacturer": "Apple Inc.",
    "context_device_model": "MacBookPro17,1",
    "context_device_type": "desktop",
    "context_os_name": "osx",
    "context_os_version": "14.1.2",
    "context_receiver_service_timestamp": 1732968177398,
    "context_time": 1732968379505,
    "message_reason": "start_broadcast_signal",
    "message_session_id": "01f735a292149f56813e8eaaa653abec",
    "message_tech": "CONNECT",
    "message_type": "SPEAKER"
  },
  {
    "timestamp_utc": "2024-11-30T14:37:51.095Z",
    "context_application_version": "8.9.94.418",
    "context_conn_country": "DE",
    "context_device_manufacturer": "apple",
    "context_device_model": "iPhone15,2",
    "context_device_type": "mobile",
    "context_os_name": "ios",
    "context_os_version": "18.0",
    "context_receiver_service_timestamp": 1732977474392,
    "context_time": 1732977471095,
    "message_reason": "session_changed",
    "message_session_id": "01f735a292149f56813e8eaaa653abec",
    "message_tech": "connect",
    "message_type": "speaker"
  },
  {
    "timestamp_utc": "2024-11-13T21:23:55.255Z",
    "context_application_version": "8.9.90.84",
    "context_conn_country": "DE",
    "context_device_manufacturer": "apple",
    "context_device_model": "iPhone15,2",
    "context_device_type": "mobile",
    "context_os_name": "ios",
    "context_os_version": "18.0",
    "context_receiver_service_timestamp": 1731533041615,
    "context_time": 1731533035255,
    "message_reason": "session_changed",
    "message_session_id": "38daec73e67460b166b381f197dcf87d",
    "message_tech": "connect",
    "message_type": "speaker"
  },
  {
    "timestamp_utc": "2024-11-17T19:39:56.799Z",
    "context_application_version": "8.9.90.84",
    "context_conn_country": "DE",
    "context_device_manufacturer": "apple",
    "context_device_model": "iPhone15,2",
    "context_device_type": "mobile",
    "context_os_name": "ios",
    "context_os_version": "18.0",
    "context_receiver_service_timestamp": 1731872398166,
    "context_time": 1731872396799,
    "message_reason": "session_changed",
    "message_session_id": "50b0d8ecc6042f87fad7eb0eb56f53b9",
    "message_tech": "connect",
    "message_type": "speaker"
  },
  {
    "timestamp_utc": "2024-11-29T13:31:49.551Z",
    "context_application_version": "8.9.94.418",
    "context_conn_country": "DE",
    "context_device_manufacturer": "apple",
    "context_device_model": "iPhone15,2",
    "context_device_type": "mobile",
    "context_os_name": "ios",
    "context_os_version": "18.0",
    "context_receiver_service_timestamp": 1732887119924,
    "context_time": 1732887109551,
    "message_reason": "session_changed",
    "message_session_id": "3769912f1faeb57034210bb58e394a8f",
    "message_tech": "connect",
    "message_type": "speaker"
  },
  {
    "timestamp_utc": "2024-11-13T16:14:12.728Z",
    "context_application_version": "8.9.90.84",
    "context_conn_country": "DE",
    "context_device_manufacturer": "apple",
    "context_device_model": "iPhone15,2",
    "context_device_type": "mobile",
    "context_os_name": "ios",
    "context_os_version": "18.0",
    "context_receiver_service_timestamp": 1731515880546,
    "context_time": 1731514452728,
    "message_reason": "session_changed",
    "message_session_id": "2e1e4fc1125d43a3d627350f319811f7",
    "message_tech": "connect",
    "message_type": "speaker"
  },
  {
    "timestamp_utc": "2024-11-14T17:06:19.435Z",
    "context_application_version": "8.9.90.84",
    "context_conn_country": "DE",
    "context_device_manufacturer": "apple",
    "context_device_model": "iPhone15,2",
    "context_device_type": "mobile",
    "context_os_name": "ios",
    "context_os_version": "18.0",
    "context_receiver_service_timestamp": 1731604000766,
    "context_time": 1731603979435,
    "message_reason": "session_changed",
    "message_session_id": "d4993cf106999a6d71b6f4ef5a20ff49",
    "message_tech": "connect",
    "message_type": "speaker"
  },
  {
    "timestamp_utc": "2024-11-13T21:32:36.860Z",
    "context_application_version": "1.2.49.439",
    "context_conn_country": "DE",
    "context_device_manufacturer": "Apple Inc.",
    "context_device_model": "MacBookPro17,1",
    "context_device_type": "desktop",
    "context_os_name": "osx",
    "context_os_version": "14.1.2",
    "context_receiver_service_timestamp": 1731533498345,
    "context_time": 1731533556860,
    "message_reason": "start_broadcast_signal",
    "message_session_id": "38daec73e67460b166b381f197dcf87d",
    "message_tech": "CONNECT",
    "message_type": "SPEAKER"
  },
  {
    "timestamp_utc": "2024-11-27T15:09:34.077Z",
    "context_application_version": "1.2.51.345",
    "context_conn_country": "DE",
    "context_device_manufacturer": "Apple Inc.",
    "context_device_model": "MacBookPro17,1",
    "context_device_type": "desktop",
    "context_os_name": "osx",
    "context_os_version": "14.1.2",
    "context_receiver_service_timestamp": 1732719976519,
    "context_time": 1732720174077,
    "message_reason": "start_broadcast_signal",
    "message_session_id": "d924487977d7592cb90b2972702ac250",
    "message_tech": "CONNECT",
    "message_type": "SPEAKER"
  },
  {
    "timestamp_utc": "2024-11-17T20:22:46.136Z",
    "context_application_version": "8.9.90.84",
    "context_conn_country": "DE",
    "context_device_manufacturer": "apple",
    "context_device_model": "iPhone15,2",
    "context_device_type": "mobile",
    "context_os_name": "ios",
    "context_os_version": "18.0",
    "context_receiver_service_timestamp": 1731874977982,
    "context_time": 1731874966136,
    "message_reason": "session_changed",
    "message_session_id": "50b0d8ecc6042f87fad7eb0eb56f53b9",
    "message_tech": "connect",
    "message_type": "speaker"
  },
  {
    "timestamp_utc": "2024-11-14T16:33:27.492Z",
    "context_application_version": "1.2.49.439",
    "context_conn_country": "DE",
    "context_device_manufacturer": "Apple Inc.",
    "context_device_model": "MacBookPro17,1",
    "context_device_type": "desktop",
    "context_os_name": "osx",
    "context_os_version": "14.1.2",
    "context_receiver_service_timestamp": 1731601826564,
    "context_time": 1731602007492,
    "message_reason": "start_broadcast_signal",
    "message_session_id": "5036d6cdd6e95bb3d976389e9ce0fc9f",
    "message_tech": "CONNECT",
    "message_type": "SPEAKER"
  },
  {
    "timestamp_utc": "2024-11-17T18:17:54.332Z",
    "context_application_version": "1.2.50.335",
    "context_conn_country": "DE",
    "context_device_manufacturer": "Apple Inc.",
    "context_device_model": "MacBookPro17,1",
    "context_device_type": "desktop",
    "context_os_name": "osx",
    "context_os_version": "14.1.2",
    "context_receiver_service_timestamp": 1731867297735,
    "context_time": 1731867474332,
    "message_reason": "start_broadcast_signal",
    "message_session_id": "50b0d8ecc6042f87fad7eb0eb56f53b9",
    "message_tech": "CONNECT",
    "message_type": "SPEAKER"
  },
  {
    "timestamp_utc": "2024-11-26T21:10:32.250Z",
    "context_application_version": "8.9.94.418",
    "context_conn_country": "FR",
    "context_device_manufacturer": "apple",
    "context_device_model": "iPhone14,5",
    "context_device_type": "mobile",
    "context_os_name": "ios",
    "context_os_version": "17.6.1",
    "context_receiver_service_timestamp": 1732699268438,
    "context_time": 1732655432250,
    "message_reason": "session_changed",
    "message_session_id": "8b4d219937db403a6a909ee09d489628",
    "message_tech": "connect",
    "message_type": "speaker"
  },
  {
    "timestamp_utc": "2024-10-30T20:54:44.035Z",
    "context_application_version": "8.9.84.543",
    "context_conn_country": "DE",
    "context_device_manufacturer": "apple",
    "context_device_model": "iPhone15,2",
    "context_device_type": "mobile",
    "context_os_name": "ios",
    "context_os_version": "18.0",
    "context_receiver_service_timestamp": 1730321694577,
    "context_time": 1730321684035,
    "message_reason": "session_changed",
    "message_session_id": "bf23eed4c3429fbc534865dc6e4cba4a",
    "message_tech": "connect",
    "message_type": "speaker"
  },
  {
    "timestamp_utc": "2024-10-12T20:42:27.589Z",
    "context_application_version": "8.9.76.516",
    "context_conn_country": "DE",
    "context_device_manufacturer": "apple",
    "context_device_model": "iPhone15,2",
    "context_device_type": "mobile",
    "context_os_name": "ios",
    "context_os_version": "18.0",
    "context_receiver_service_timestamp": 1728765757043,
    "context_time": 1728765747589,
    "message_reason": "session_changed",
    "message_session_id": "0aa069c816d022aa4d7447703b30fa6c",
    "message_tech": "connect",
    "message_type": "speaker"
  },
  {
    "timestamp_utc": "2024-11-29T15:56:32.281Z",
    "context_application_version": "8.9.94.418",
    "context_conn_country": "DE",
    "context_device_manufacturer": "apple",
    "context_device_model": "iPhone15,2",
    "context_device_type": "mobile",
    "context_os_name": "ios",
    "context_os_version": "18.0",
    "context_receiver_service_timestamp": 1732895811482,
    "context_time": 1732895792281,
    "message_reason": "session_changed",
    "message_session_id": "f8ee07fb5ad29a3e3ad78e36f241197c",
    "message_tech": "connect",
    "message_type": "speaker"
  },
  {
    "timestamp_utc": "2024-11-14T09:21:17.940Z",
    "context_application_version": "1.2.49.439",
    "context_conn_country": "DE",
    "context_device_manufacturer": "Apple Inc.",
    "context_device_model": "MacBookPro17,1",
    "context_device_type": "desktop",
    "context_os_name": "osx",
    "context_os_version": "14.1.2",
    "context_receiver_service_timestamp": 1731577773085,
    "context_time": 1731576077940,
    "message_reason": "start_broadcast_signal",
    "message_session_id": "b9b28e4b274894c97caeca02e559e3dd",
    "message_tech": "CONNECT",
    "message_type": "SPEAKER"
  },
  {
    "timestamp_utc": "2024-10-13T14:51:04.925Z",
    "context_application_version": "8.9.82.628",
    "context_conn_country": "DE",
    "context_device_manufacturer": "apple",
    "context_device_model": "iPhone15,2",
    "context_device_type": "mobile",
    "context_os_name": "ios",
    "context_os_version": "18.0",
    "context_receiver_service_timestamp": 1728831065623,
    "context_time": 1728831064925,
    "message_reason": "session_changed",
    "message_session_id": "cd9aa37b43a38ca972b3180e5aa09a63",
    "message_tech": "connect",
    "message_type": "speaker"
  },
  {
    "timestamp_utc": "2024-11-29T15:54:12.883Z",
    "context_application_version": "1.2.51.345",
    "context_conn_country": "DE",
    "context_device_manufacturer": "Apple Inc.",
    "context_device_model": "MacBookPro17,1",
    "context_device_type": "desktop",
    "context_os_name": "osx",
    "context_os_version": "14.1.2",
    "context_receiver_service_timestamp": 1732901442844,
    "context_time": 1732895652883,
    "message_reason": "start_broadcast_signal",
    "message_session_id": "f8ee07fb5ad29a3e3ad78e36f241197c",
    "message_tech": "CONNECT",
    "message_type": "SPEAKER"
  },
  {
    "timestamp_utc": "2024-11-18T15:09:16.698Z",
    "context_application_version": "1.2.50.335",
    "context_conn_country": "DE",
    "context_device_manufacturer": "Apple Inc.",
    "context_device_model": "MacBookPro17,1",
    "context_device_type": "desktop",
    "context_os_name": "osx",
    "context_os_version": "14.1.2",
    "context_receiver_service_timestamp": 1731942643975,
    "context_time": 1731942556698,
    "message_reason": "start_broadcast_signal",
    "message_session_id": "05a6347c7f1d03e86b51ea6879a9ec78",
    "message_tech": "CONNECT",
    "message_type": "SPEAKER"
  },
  {
    "timestamp_utc": "2024-11-29T11:10:25.832Z",
    "context_application_version": "1.2.51.345",
    "context_conn_country": "DE",
    "context_device_manufacturer": "Apple Inc.",
    "context_device_model": "MacBookPro17,1",
    "context_device_type": "desktop",
    "context_os_name": "osx",
    "context_os_version": "14.1.2",
    "context_receiver_service_timestamp": 1732878425733,
    "context_time": 1732878625832,
    "message_reason": "start_broadcast_signal",
    "message_session_id": "fb95202b3de91fcd36a570857cb1c767",
    "message_tech": "CONNECT",
    "message_type": "SPEAKER"
  },
  {
    "timestamp_utc": "2024-11-26T20:18:40.861Z",
    "context_application_version": "1.2.51.345",
    "context_conn_country": "DE",
    "context_device_manufacturer": "Apple Inc.",
    "context_device_model": "MacBookPro17,1",
    "context_device_type": "desktop",
    "context_os_name": "osx",
    "context_os_version": "14.1.2",
    "context_receiver_service_timestamp": 1732652127117,
    "context_time": 1732652320861,
    "message_reason": "start_broadcast_signal",
    "message_session_id": "8b4d219937db403a6a909ee09d489628",
    "message_tech": "CONNECT",
    "message_type": "SPEAKER"
  },
  {
    "timestamp_utc": "2024-11-13T23:12:12.535Z",
    "context_application_version": "8.9.90.84",
    "context_conn_country": "DE",
    "context_device_manufacturer": "apple",
    "context_device_model": "iPhone15,2",
    "context_device_type": "mobile",
    "context_os_name": "ios",
    "context_os_version": "18.0",
    "context_receiver_service_timestamp": 1731588892813,
    "context_time": 1731539532535,
    "message_reason": "session_changed",
    "message_session_id": "38daec73e67460b166b381f197dcf87d",
    "message_tech": "connect",
    "message_type": "speaker"
  },
  {
    "timestamp_utc": "2024-11-17T19:14:07.412Z",
    "context_application_version": "8.9.90.84",
    "context_conn_country": "DE",
    "context_device_manufacturer": "apple",
    "context_device_model": "iPhone15,2",
    "context_device_type": "mobile",
    "context_os_name": "ios",
    "context_os_version": "18.0",
    "context_receiver_service_timestamp": 1731870867923,
    "context_time": 1731870847412,
    "message_reason": "session_changed",
    "message_session_id": "50b0d8ecc6042f87fad7eb0eb56f53b9",
    "message_tech": "connect",
    "message_type": "speaker"
  },
  {
    "timestamp_utc": "2024-11-14T17:35:16.079Z",
    "context_application_version": "8.9.90.84",
    "context_conn_country": "DE",
    "context_device_manufacturer": "apple",
    "context_device_model": "iPhone15,2",
    "context_device_type": "mobile",
    "context_os_name": "ios",
    "context_os_version": "18.0",
    "context_receiver_service_timestamp": 1731605927297,
    "context_time": 1731605716079,
    "message_reason": "session_changed",
    "message_session_id": "d4993cf106999a6d71b6f4ef5a20ff49",
    "message_tech": "connect",
    "message_type": "speaker"
  },
  {
    "timestamp_utc": "2024-11-27T14:33:55.223Z",
    "context_application_version": "8.9.94.418",
    "context_conn_country": "DE",
    "context_device_manufacturer": "apple",
    "context_device_model": "iPhone15,2",
    "context_device_type": "mobile",
    "context_os_name": "ios",
    "context_os_version": "18.0",
    "context_receiver_service_timestamp": 1732718062938,
    "context_time": 1732718035223,
    "message_reason": "session_changed",
    "message_session_id": "cb579ab1903bb45aafffd4c9c7d1a0ec",
    "message_tech": "connect",
    "message_type": "speaker"
  },
  {
    "timestamp_utc": "2024-10-30T20:57:55.956Z",
    "context_application_version": "8.9.84.543",
    "context_conn_country": "DE",
    "context_device_manufacturer": "apple",
    "context_device_model": "iPhone15,2",
    "context_device_type": "mobile",
    "context_os_name": "ios",
    "context_os_version": "18.0",
    "context_receiver_service_timestamp": 1730321904562,
    "context_time": 1730321875956,
    "message_reason": "session_changed",
    "message_session_id": "bf23eed4c3429fbc534865dc6e4cba4a",
    "message_tech": "connect",
    "message_type": "speaker"
  },
  {
    "timestamp_utc": "2024-10-12T20:48:05.755Z",
    "context_application_version": "8.9.76.516",
    "context_conn_country": "DE",
    "context_device_manufacturer": "apple",
    "context_device_model": "iPhone15,2",
    "context_device_type": "mobile",
    "context_os_name": "ios",
    "context_os_version": "18.0",
    "context_receiver_service_timestamp": 1728766086876,
    "context_time": 1728766085755,
    "message_reason": "session_changed",
    "message_session_id": "0aa069c816d022aa4d7447703b30fa6c",
    "message_tech": "connect",
    "message_type": "speaker"
  },
  {
    "timestamp_utc": "2024-10-30T15:33:42.192Z",
    "context_application_version": "8.9.84.543",
    "context_conn_country": "DE",
    "context_device_manufacturer": "apple",
    "context_device_model": "iPhone15,2",
    "context_device_type": "mobile",
    "context_os_name": "ios",
    "context_os_version": "18.0",
    "context_receiver_service_timestamp": 1730302433414,
    "context_time": 1730302422192,
    "message_reason": "session_changed",
    "message_session_id": "8558522ec2eb73701ee00df15a5d6288",
    "message_tech": "connect",
    "message_type": "speaker"
  },
  {
    "timestamp_utc": "2024-10-12T19:37:06.496Z",
    "context_application_version": "8.9.76.516",
    "context_conn_country": "DE",
    "context_device_manufacturer": "apple",
    "context_device_model": "iPhone15,2",
    "context_device_type": "mobile",
    "context_os_name": "ios",
    "context_os_version": "18.0",
    "context_receiver_service_timestamp": 1728761948581,
    "context_time": 1728761826496,
    "message_reason": "session_changed",
    "message_session_id": "0aa069c816d022aa4d7447703b30fa6c",
    "message_tech": "connect",
    "message_type": "speaker"
  },
  {
    "timestamp_utc": "2024-10-30T15:37:00.461Z",
    "context_application_version": "8.9.84.543",
    "context_conn_country": "DE",
    "context_device_manufacturer": "apple",
    "context_device_model": "iPhone15,2",
    "context_device_type": "mobile",
    "context_os_name": "ios",
    "context_os_version": "18.0",
    "context_receiver_service_timestamp": 1730302627031,
    "context_time": 1730302620461,
    "message_reason": "session_changed",
    "message_session_id": "8558522ec2eb73701ee00df15a5d6288",
    "message_tech": "connect",
    "message_type": "speaker"
  },
  {
    "timestamp_utc": "2024-10-13T09:34:02.315Z",
    "context_application_version": "8.9.82.628",
    "context_conn_country": "DE",
    "context_device_manufacturer": "apple",
    "context_device_model": "iPhone15,2",
    "context_device_type": "mobile",
    "context_os_name": "ios",
    "context_os_version": "18.0",
    "context_receiver_service_timestamp": 1728812063291,
    "context_time": 1728812042315,
    "message_reason": "session_changed",
    "message_session_id": "c93a847d77f02226f228315f9ae2f98e",
    "message_tech": "connect",
    "message_type": "speaker"
  },
  {
    "timestamp_utc": "2024-11-29T10:40:11.480Z",
    "context_application_version": "8.9.94.418",
    "context_conn_country": "DE",
    "context_device_manufacturer": "apple",
    "context_device_model": "iPhone15,2",
    "context_device_type": "mobile",
    "context_os_name": "ios",
    "context_os_version": "18.0",
    "context_receiver_service_timestamp": 1732876822559,
    "context_time": 1732876811480,
    "message_reason": "session_changed",
    "message_session_id": "e7113ad2892f6fb8ec03c4d21360a199",
    "message_tech": "connect",
    "message_type": "speaker"
  },
  {
    "timestamp_utc": "2024-11-30T15:44:53.015Z",
    "context_application_version": "8.9.94.418",
    "context_conn_country": "DE",
    "context_device_manufacturer": "apple",
    "context_device_model": "iPhone15,2",
    "context_device_type": "mobile",
    "context_os_name": "ios",
    "context_os_version": "18.0",
    "context_receiver_service_timestamp": 1732981520578,
    "context_time": 1732981493015,
    "message_reason": "session_changed",
    "message_session_id": "01f735a292149f56813e8eaaa653abec",
    "message_tech": "connect",
    "message_type": "speaker"
  },
  {
    "timestamp_utc": "2024-11-28T22:47:47.196Z",
    "context_application_version": "8.9.94.418",
    "context_conn_country": "DE",
    "context_device_manufacturer": "apple",
    "context_device_model": "iPhone15,2",
    "context_device_type": "mobile",
    "context_os_name": "ios",
    "context_os_version": "18.0",
    "context_receiver_service_timestamp": 1732834073633,
    "context_time": 1732834067196,
    "message_reason": "session_changed",
    "message_session_id": "fe127ebbe4a5daeab4503a1110e59aa4",
    "message_tech": "connect",
    "message_type": "speaker"
  },
  {
    "timestamp_utc": "2024-11-26T20:55:33.670Z",
    "context_application_version": "8.9.94.418",
    "context_conn_country": "FR",
    "context_device_manufacturer": "apple",
    "context_device_model": "iPhone14,5",
    "context_device_type": "mobile",
    "context_os_name": "ios",
    "context_os_version": "17.6.1",
    "context_receiver_service_timestamp": 1732654561492,
    "context_time": 1732654533670,
    "message_reason": "session_changed",
    "message_session_id": "8b4d219937db403a6a909ee09d489628",
    "message_tech": "connect",
    "message_type": "speaker"
  },
  {
    "timestamp_utc": "2024-10-30T20:55:00.798Z",
    "context_application_version": "8.9.84.543",
    "context_conn_country": "DE",
    "context_device_manufacturer": "apple",
    "context_device_model": "iPhone15,2",
    "context_device_type": "mobile",
    "context_os_name": "ios",
    "context_os_version": "18.0",
    "context_receiver_service_timestamp": 1730321703410,
    "context_time": 1730321700798,
    "message_reason": "session_changed",
    "message_session_id": "bf23eed4c3429fbc534865dc6e4cba4a",
    "message_tech": "connect",
    "message_type": "speaker"
  },
  {
    "timestamp_utc": "2024-11-29T12:00:01.201Z",
    "context_application_version": "8.9.94.418",
    "context_conn_country": "DE",
    "context_device_manufacturer": "apple",
    "context_device_model": "iPhone15,2",
    "context_device_type": "mobile",
    "context_os_name": "ios",
    "context_os_version": "18.0",
    "context_receiver_service_timestamp": 1732881652570,
    "context_time": 1732881601201,
    "message_reason": "session_changed",
    "message_session_id": "3769912f1faeb57034210bb58e394a8f",
    "message_tech": "connect",
    "message_type": "speaker"
  },
  {
    "timestamp_utc": "2024-10-12T21:33:20.726Z",
    "context_application_version": "8.9.76.516",
    "context_conn_country": "DE",
    "context_device_manufacturer": "apple",
    "context_device_model": "iPhone15,2",
    "context_device_type": "mobile",
    "context_os_name": "ios",
    "context_os_version": "18.0",
    "context_receiver_service_timestamp": 1728768829467,
    "context_time": 1728768800726,
    "message_reason": "session_changed",
    "message_session_id": "0aa069c816d022aa4d7447703b30fa6c",
    "message_tech": "connect",
    "message_type": "speaker"
  },
  {
    "timestamp_utc": "2024-11-26T22:12:15.889Z",
    "context_application_version": "8.9.94.418",
    "context_conn_country": "DE",
    "context_device_manufacturer": "apple",
    "context_device_model": "iPhone15,2",
    "context_device_type": "mobile",
    "context_os_name": "ios",
    "context_os_version": "18.0",
    "context_receiver_service_timestamp": 1732659178901,
    "context_time": 1732659135889,
    "message_reason": "session_changed",
    "message_session_id": "8b4d219937db403a6a909ee09d489628",
    "message_tech": "connect",
    "message_type": "speaker"
  },
  {
    "timestamp_utc": "2024-10-30T12:42:10.505Z",
    "context_application_version": "8.9.84.543",
    "context_conn_country": "DE",
    "context_device_manufacturer": "apple",
    "context_device_model": "iPhone15,2",
    "context_device_type": "mobile",
    "context_os_name": "ios",
    "context_os_version": "18.0",
    "context_receiver_service_timestamp": 1730302421419,
    "context_time": 1730292130505,
    "message_reason": "session_changed",
    "message_session_id": "ae2115f3d200b1a0be8be22c3467446d",
    "message_tech": "connect",
    "message_type": "speaker"
  },
  {
    "timestamp_utc": "2024-11-13T16:05:45.727Z",
    "context_application_version": "8.9.90.84",
    "context_conn_country": "DE",
    "context_device_manufacturer": "apple",
    "context_device_model": "iPhone15,2",
    "context_device_type": "mobile",
    "context_os_name": "ios",
    "context_os_version": "18.0",
    "context_receiver_service_timestamp": 1731514453178,
    "context_time": 1731513945727,
    "message_reason": "session_changed",
    "message_session_id": "2e1e4fc1125d43a3d627350f319811f7",
    "message_tech": "connect",
    "message_type": "speaker"
  },
  {
    "timestamp_utc": "2024-10-13T10:33:18.947Z",
    "context_application_version": "8.9.82.628",
    "context_conn_country": "DE",
    "context_device_manufacturer": "apple",
    "context_device_model": "iPhone15,2",
    "context_device_type": "mobile",
    "context_os_name": "ios",
    "context_os_version": "18.0",
    "context_receiver_service_timestamp": 1728828703001,
    "context_time": 1728815598947,
    "message_reason": "session_changed",
    "message_session_id": "c93a847d77f02226f228315f9ae2f98e",
    "message_tech": "connect",
    "message_type": "speaker"
  },
  {
    "timestamp_utc": "2024-11-29T11:49:37.508Z",
    "context_application_version": "8.9.94.418",
    "context_conn_country": "DE",
    "context_device_manufacturer": "apple",
    "context_device_model": "iPhone15,2",
    "context_device_type": "mobile",
    "context_os_name": "ios",
    "context_os_version": "18.0",
    "context_receiver_service_timestamp": 1732880977534,
    "context_time": 1732880977508,
    "message_reason": "session_changed",
    "message_session_id": "3769912f1faeb57034210bb58e394a8f",
    "message_tech": "connect",
    "message_type": "speaker"
  },
  {
    "timestamp_utc": "2024-11-30T14:07:18.641Z",
    "context_application_version": "8.9.94.418",
    "context_conn_country": "DE",
    "context_device_manufacturer": "apple",
    "context_device_model": "iPhone15,2",
    "context_device_type": "mobile",
    "context_os_name": "ios",
    "context_os_version": "18.0",
    "context_receiver_service_timestamp": 1732975644291,
    "context_time": 1732975638641,
    "message_reason": "session_changed",
    "message_session_id": "01f735a292149f56813e8eaaa653abec",
    "message_tech": "connect",
    "message_type": "speaker"
  },
  {
    "timestamp_utc": "2024-10-12T20:58:47.865Z",
    "context_application_version": "8.9.76.516",
    "context_conn_country": "DE",
    "context_device_manufacturer": "apple",
    "context_device_model": "iPhone15,2",
    "context_device_type": "mobile",
    "context_os_name": "ios",
    "context_os_version": "18.0",
    "context_receiver_service_timestamp": 1728766728318,
    "context_time": 1728766727865,
    "message_reason": "session_changed",
    "message_session_id": "0aa069c816d022aa4d7447703b30fa6c",
    "message_tech": "connect",
    "message_type": "speaker"
  },
  {
    "timestamp_utc": "2024-11-17T20:19:50.342Z",
    "context_application_version": "8.9.90.84",
    "context_conn_country": "DE",
    "context_device_manufacturer": "apple",
    "context_device_model": "iPhone15,2",
    "context_device_type": "mobile",
    "context_os_name": "ios",
    "context_os_version": "18.0",
    "context_receiver_service_timestamp": 1731874798066,
    "context_time": 1731874790342,
    "message_reason": "session_changed",
    "message_session_id": "50b0d8ecc6042f87fad7eb0eb56f53b9",
    "message_tech": "connect",
    "message_type": "speaker"
  },
  {
    "timestamp_utc": "2024-11-30T17:38:32.361Z",
    "context_application_version": "8.9.94.418",
    "context_conn_country": "DE",
    "context_device_manufacturer": "apple",
    "context_device_model": "iPhone15,2",
    "context_device_type": "mobile",
    "context_os_name": "ios",
    "context_os_version": "18.0",
    "context_receiver_service_timestamp": 1732988320893,
    "context_time": 1732988312361,
    "message_reason": "session_changed",
    "message_session_id": "4d783fc4c187997f9301a38f12fdd235",
    "message_tech": "connect",
    "message_type": "speaker"
  },
  {
    "timestamp_utc": "2024-11-13T15:51:18.503Z",
    "context_application_version": "8.9.90.84",
    "context_conn_country": "DE",
    "context_device_manufacturer": "apple",
    "context_device_model": "iPhone15,2",
    "context_device_type": "mobile",
    "context_os_name": "ios",
    "context_os_version": "18.0",
    "context_receiver_service_timestamp": 1731513081311,
    "context_time": 1731513078503,
    "message_reason": "session_changed",
    "message_session_id": "2e1e4fc1125d43a3d627350f319811f7",
    "message_tech": "connect",
    "message_type": "speaker"
  },
  {
    "timestamp_utc": "2024-10-12T18:57:22.743Z",
    "context_application_version": "8.9.76.516",
    "context_conn_country": "DE",
    "context_device_manufacturer": "apple",
    "context_device_model": "iPhone15,2",
    "context_device_type": "mobile",
    "context_os_name": "ios",
    "context_os_version": "18.0",
    "context_receiver_service_timestamp": 1728761573962,
    "context_time": 1728759442743,
    "message_reason": "session_changed",
    "message_session_id": "0aa069c816d022aa4d7447703b30fa6c",
    "message_tech": "connect",
    "message_type": "speaker"
  },
  {
    "timestamp_utc": "2024-11-29T15:38:23.791Z",
    "context_application_version": "8.9.94.418",
    "context_conn_country": "DE",
    "context_device_manufacturer": "apple",
    "context_device_model": "iPhone15,2",
    "context_device_type": "mobile",
    "context_os_name": "ios",
    "context_os_version": "18.0",
    "context_receiver_service_timestamp": 1732894718130,
    "context_time": 1732894703791,
    "message_reason": "session_changed",
    "message_session_id": "f8ee07fb5ad29a3e3ad78e36f241197c",
    "message_tech": "connect",
    "message_type": "speaker"
  },
  {
    "timestamp_utc": "2024-11-14T17:14:44.947Z",
    "context_application_version": "8.9.90.84",
    "context_conn_country": "DE",
    "context_device_manufacturer": "apple",
    "context_device_model": "iPhone15,2",
    "context_device_type": "mobile",
    "context_os_name": "ios",
    "context_os_version": "18.0",
    "context_receiver_service_timestamp": 1731604486697,
    "context_time": 1731604484947,
    "message_reason": "session_changed",
    "message_session_id": "d4993cf106999a6d71b6f4ef5a20ff49",
    "message_tech": "connect",
    "message_type": "speaker"
  },
  {
    "timestamp_utc": "2024-10-12T18:27:31.243Z",
    "context_application_version": "8.9.76.516",
    "context_conn_country": "DE",
    "context_device_manufacturer": "apple",
    "context_device_model": "iPhone15,2",
    "context_device_type": "mobile",
    "context_os_name": "ios",
    "context_os_version": "18.0",
    "context_receiver_service_timestamp": 1728757664846,
    "context_time": 1728757651243,
    "message_reason": "session_changed",
    "message_session_id": "0aa069c816d022aa4d7447703b30fa6c",
    "message_tech": "connect",
    "message_type": "speaker"
  },
  {
    "timestamp_utc": "2024-11-28T18:04:41.615Z",
    "context_application_version": "8.9.94.418",
    "context_conn_country": "DE",
    "context_device_manufacturer": "apple",
    "context_device_model": "iPhone15,2",
    "context_device_type": "mobile",
    "context_os_name": "ios",
    "context_os_version": "18.0",
    "context_receiver_service_timestamp": 1732817087976,
    "context_time": 1732817081615,
    "message_reason": "session_changed",
    "message_session_id": "fe127ebbe4a5daeab4503a1110e59aa4",
    "message_tech": "connect",
    "message_type": "speaker"
  },
  {
    "timestamp_utc": "2024-10-12T19:35:13.541Z",
    "context_application_version": "8.9.76.516",
    "context_conn_country": "DE",
    "context_device_manufacturer": "apple",
    "context_device_model": "iPhone15,2",
    "context_device_type": "mobile",
    "context_os_name": "ios",
    "context_os_version": "18.0",
    "context_receiver_service_timestamp": 1728761722544,
    "context_time": 1728761713541,
    "message_reason": "session_changed",
    "message_session_id": "0aa069c816d022aa4d7447703b30fa6c",
    "message_tech": "connect",
    "message_type": "speaker"
  },
  {
    "timestamp_utc": "2024-10-13T14:11:57.668Z",
    "context_application_version": "8.9.82.628",
    "context_conn_country": "DE",
    "context_device_manufacturer": "apple",
    "context_device_model": "iPhone15,2",
    "context_device_type": "mobile",
    "context_os_name": "ios",
    "context_os_version": "18.0",
    "context_receiver_service_timestamp": 1728828717893,
    "context_time": 1728828717668,
    "message_reason": "session_changed",
    "message_session_id": "cd9aa37b43a38ca972b3180e5aa09a63",
    "message_tech": "connect",
    "message_type": "speaker"
  },
  {
    "timestamp_utc": "2024-11-29T13:11:57.777Z",
    "context_application_version": "8.9.94.418",
    "context_conn_country": "DE",
    "context_device_manufacturer": "apple",
    "context_device_model": "iPhone15,2",
    "context_device_type": "mobile",
    "context_os_name": "ios",
    "context_os_version": "18.0",
    "context_receiver_service_timestamp": 1732885922438,
    "context_time": 1732885917777,
    "message_reason": "session_changed",
    "message_session_id": "3769912f1faeb57034210bb58e394a8f",
    "message_tech": "connect",
    "message_type": "speaker"
  },
  {
    "timestamp_utc": "2024-11-28T18:03:45.898Z",
    "context_application_version": "8.9.94.418",
    "context_conn_country": "DE",
    "context_device_manufacturer": "apple",
    "context_device_model": "iPhone15,2",
    "context_device_type": "mobile",
    "context_os_name": "ios",
    "context_os_version": "18.0",
    "context_receiver_service_timestamp": 1732817028175,
    "context_time": 1732817025898,
    "message_reason": "session_changed",
    "message_session_id": "451290e6178385af6d5ca622f87ecfde",
    "message_tech": "connect",
    "message_type": "speaker"
  },
  {
    "timestamp_utc": "2024-11-30T16:06:46.251Z",
    "context_application_version": "8.9.94.418",
    "context_conn_country": "DE",
    "context_device_manufacturer": "apple",
    "context_device_model": "iPhone15,2",
    "context_device_type": "mobile",
    "context_os_name": "ios",
    "context_os_version": "18.0",
    "context_receiver_service_timestamp": 1732982810655,
    "context_time": 1732982806251,
    "message_reason": "session_changed",
    "message_session_id": "01f735a292149f56813e8eaaa653abec",
    "message_tech": "connect",
    "message_type": "speaker"
  },
  {
    "timestamp_utc": "2024-11-28T18:04:41.203Z",
    "context_application_version": "1.2.51.345",
    "context_conn_country": "DE",
    "context_device_manufacturer": "Apple Inc.",
    "context_device_model": "MacBookPro17,1",
    "context_device_type": "desktop",
    "context_os_name": "osx",
    "context_os_version": "14.1.2",
    "context_receiver_service_timestamp": 1732817069854,
    "context_time": 1732817081203,
    "message_reason": "start_broadcast_signal",
    "message_session_id": "451290e6178385af6d5ca622f87ecfde",
    "message_tech": "CONNECT",
    "message_type": "SPEAKER"
  },
  {
    "timestamp_utc": "2024-11-13T16:09:12.302Z",
    "context_application_version": "1.2.49.439",
    "context_conn_country": "DE",
    "context_device_manufacturer": "Apple Inc.",
    "context_device_model": "MacBookPro17,1",
    "context_device_type": "desktop",
    "context_os_name": "osx",
    "context_os_version": "14.1.2",
    "context_receiver_service_timestamp": 1731513975192,
    "context_time": 1731514152302,
    "message_reason": "start_broadcast_signal",
    "message_session_id": "2e1e4fc1125d43a3d627350f319811f7",
    "message_tech": "CONNECT",
    "message_type": "SPEAKER"
  },
  {
    "timestamp_utc": "2024-11-29T10:57:53.942Z",
    "context_application_version": "8.9.94.418",
    "context_conn_country": "DE",
    "context_device_manufacturer": "apple",
    "context_device_model": "iPhone15,2",
    "context_device_type": "mobile",
    "context_os_name": "ios",
    "context_os_version": "18.0",
    "context_receiver_service_timestamp": 1732877874067,
    "context_time": 1732877873942,
    "message_reason": "session_changed",
    "message_session_id": "5edc7cf980ec2a8e869dfeb383314e78",
    "message_tech": "connect",
    "message_type": "speaker"
  },
  {
    "timestamp_utc": "2024-11-29T11:50:16.532Z",
    "context_application_version": "8.9.94.418",
    "context_conn_country": "DE",
    "context_device_manufacturer": "apple",
    "context_device_model": "iPhone15,2",
    "context_device_type": "mobile",
    "context_os_name": "ios",
    "context_os_version": "18.0",
    "context_receiver_service_timestamp": 1732881022546,
    "context_time": 1732881016532,
    "message_reason": "session_changed",
    "message_session_id": "3769912f1faeb57034210bb58e394a8f",
    "message_tech": "connect",
    "message_type": "speaker"
  },
  {
    "timestamp_utc": "2024-11-29T11:05:32.983Z",
    "context_application_version": "8.9.94.418",
    "context_conn_country": "DE",
    "context_device_manufacturer": "apple",
    "context_device_model": "iPhone15,2",
    "context_device_type": "mobile",
    "context_os_name": "ios",
    "context_os_version": "18.0",
    "context_receiver_service_timestamp": 1732878352447,
    "context_time": 1732878332983,
    "message_reason": "session_changed",
    "message_session_id": "fb95202b3de91fcd36a570857cb1c767",
    "message_tech": "connect",
    "message_type": "speaker"
  },
  {
    "timestamp_utc": "2024-10-30T20:42:26.697Z",
    "context_application_version": "8.9.84.543",
    "context_conn_country": "DE",
    "context_device_manufacturer": "apple",
    "context_device_model": "iPhone15,2",
    "context_device_type": "mobile",
    "context_os_name": "ios",
    "context_os_version": "18.0",
    "context_receiver_service_timestamp": 1730320953083,
    "context_time": 1730320946697,
    "message_reason": "session_changed",
    "message_session_id": "bf23eed4c3429fbc534865dc6e4cba4a",
    "message_tech": "connect",
    "message_type": "speaker"
  },
  {
    "timestamp_utc": "2024-10-13T09:22:55.437Z",
    "context_application_version": "8.9.82.628",
    "context_conn_country": "DE",
    "context_device_manufacturer": "apple",
    "context_device_model": "iPhone15,2",
    "context_device_type": "mobile",
    "context_os_name": "ios",
    "context_os_version": "18.0",
    "context_receiver_service_timestamp": 1728811403227,
    "context_time": 1728811375437,
    "message_reason": "session_changed",
    "message_session_id": "c93a847d77f02226f228315f9ae2f98e",
    "message_tech": "connect",
    "message_type": "speaker"
  },
  {
    "timestamp_utc": "2024-11-28T23:33:26.883Z",
    "context_application_version": "8.9.94.418",
    "context_conn_country": "DE",
    "context_device_manufacturer": "apple",
    "context_device_model": "iPhone15,2",
    "context_device_type": "mobile",
    "context_os_name": "ios",
    "context_os_version": "18.0",
    "context_receiver_service_timestamp": 1732836829684,
    "context_time": 1732836806883,
    "message_reason": "session_changed",
    "message_session_id": "fe127ebbe4a5daeab4503a1110e59aa4",
    "message_tech": "connect",
    "message_type": "speaker"
  },
  {
    "timestamp_utc": "2024-11-15T22:41:22.449Z",
    "context_application_version": "1.2.49.439",
    "context_conn_country": "DE",
    "context_device_manufacturer": "Apple Inc.",
    "context_device_model": "MacBookPro17,1",
    "context_device_type": "desktop",
    "context_os_name": "osx",
    "context_os_version": "14.1.2",
    "context_receiver_service_timestamp": 1731710299776,
    "context_time": 1731710482449,
    "message_reason": "start_broadcast_signal",
    "message_session_id": "c0f8be9a41557adc53435cdc5415a78e",
    "message_tech": "CONNECT",
    "message_type": "SPEAKER"
  },
  {
    "timestamp_utc": "2024-11-15T17:29:58.914Z",
    "context_application_version": "1.2.49.439",
    "context_conn_country": "DE",
    "context_device_manufacturer": "Apple Inc.",
    "context_device_model": "MacBookPro17,1",
    "context_device_type": "desktop",
    "context_os_name": "osx",
    "context_os_version": "14.1.2",
    "context_receiver_service_timestamp": 1731691615241,
    "context_time": 1731691798914,
    "message_reason": "start_broadcast_signal",
    "message_session_id": "6e14e5d808c572fd1e88f27dab8aa86e",
    "message_tech": "CONNECT",
    "message_type": "SPEAKER"
  },
  {
    "timestamp_utc": "2024-10-12T21:07:58.882Z",
    "context_application_version": "8.9.76.516",
    "context_conn_country": "DE",
    "context_device_manufacturer": "apple",
    "context_device_model": "iPhone15,2",
    "context_device_type": "mobile",
    "context_os_name": "ios",
    "context_os_version": "18.0",
    "context_receiver_service_timestamp": 1728767282610,
    "context_time": 1728767278882,
    "message_reason": "session_changed",
    "message_session_id": "0aa069c816d022aa4d7447703b30fa6c",
    "message_tech": "connect",
    "message_type": "speaker"
  },
  {
    "timestamp_utc": "2024-11-29T11:58:44.087Z",
    "context_application_version": "8.9.94.418",
    "context_conn_country": "DE",
    "context_device_manufacturer": "apple",
    "context_device_model": "iPhone15,2",
    "context_device_type": "mobile",
    "context_os_name": "ios",
    "context_os_version": "18.0",
    "context_receiver_service_timestamp": 1732881532439,
    "context_time": 1732881524087,
    "message_reason": "session_changed",
    "message_session_id": "3769912f1faeb57034210bb58e394a8f",
    "message_tech": "connect",
    "message_type": "speaker"
  },
  {
    "timestamp_utc": "2024-11-20T15:20:24.037Z",
    "context_application_version": "8.9.90.84",
    "context_conn_country": "FR",
    "context_device_manufacturer": "apple",
    "context_device_model": "iPhone14,5",
    "context_device_type": "mobile",
    "context_os_name": "ios",
    "context_os_version": "17.6.1",
    "context_receiver_service_timestamp": 1732116052978,
    "context_time": 1732116024037,
    "message_reason": "session_changed",
    "message_session_id": "3d61a2150c0bd6b52580665015b2b923",
    "message_tech": "connect",
    "message_type": "speaker"
  },
  {
    "timestamp_utc": "2024-11-13T21:29:07.746Z",
    "context_application_version": "8.9.90.84",
    "context_conn_country": "DE",
    "context_device_manufacturer": "apple",
    "context_device_model": "iPhone15,2",
    "context_device_type": "mobile",
    "context_os_name": "ios",
    "context_os_version": "18.0",
    "context_receiver_service_timestamp": 1731533371839,
    "context_time": 1731533347746,
    "message_reason": "session_changed",
    "message_session_id": "38daec73e67460b166b381f197dcf87d",
    "message_tech": "connect",
    "message_type": "speaker"
  },
  {
    "timestamp_utc": "2024-11-27T16:11:33.981Z",
    "context_application_version": "1.2.51.345",
    "context_conn_country": "DE",
    "context_device_manufacturer": "Apple Inc.",
    "context_device_model": "MacBookPro17,1",
    "context_device_type": "desktop",
    "context_os_name": "osx",
    "context_os_version": "14.1.2",
    "context_receiver_service_timestamp": 1732723695538,
    "context_time": 1732723893981,
    "message_reason": "start_broadcast_signal",
    "message_session_id": "16e228e38e55b0e88cf8f2bf1918d405",
    "message_tech": "CONNECT",
    "message_type": "SPEAKER"
  },
  {
    "timestamp_utc": "2024-11-29T10:58:03.742Z",
    "context_application_version": "8.9.94.418",
    "context_conn_country": "DE",
    "context_device_manufacturer": "apple",
    "context_device_model": "iPhone15,2",
    "context_device_type": "mobile",
    "context_os_name": "ios",
    "context_os_version": "18.0",
    "context_receiver_service_timestamp": 1732877904874,
    "context_time": 1732877883742,
    "message_reason": "session_changed",
    "message_session_id": "fb95202b3de91fcd36a570857cb1c767",
    "message_tech": "connect",
    "message_type": "speaker"
  },
  {
    "timestamp_utc": "2024-10-12T21:52:44.582Z",
    "context_application_version": "8.9.76.516",
    "context_conn_country": "DE",
    "context_device_manufacturer": "apple",
    "context_device_model": "iPhone15,2",
    "context_device_type": "mobile",
    "context_os_name": "ios",
    "context_os_version": "18.0",
    "context_receiver_service_timestamp": 1728769969911,
    "context_time": 1728769964582,
    "message_reason": "session_changed",
    "message_session_id": "0aa069c816d022aa4d7447703b30fa6c",
    "message_tech": "connect",
    "message_type": "speaker"
  },
  {
    "timestamp_utc": "2024-10-30T21:01:15.307Z",
    "context_application_version": "8.9.84.543",
    "context_conn_country": "DE",
    "context_device_manufacturer": "apple",
    "context_device_model": "iPhone15,2",
    "context_device_type": "mobile",
    "context_os_name": "ios",
    "context_os_version": "18.0",
    "context_receiver_service_timestamp": 1730322084464,
    "context_time": 1730322075307,
    "message_reason": "session_changed",
    "message_session_id": "bf23eed4c3429fbc534865dc6e4cba4a",
    "message_tech": "connect",
    "message_type": "speaker"
  },
  {
    "timestamp_utc": "2024-11-24T16:33:50.807Z",
    "context_application_version": "8.9.94.418",
    "context_conn_country": "DE",
    "context_device_manufacturer": "apple",
    "context_device_model": "iPhone15,2",
    "context_device_type": "mobile",
    "context_os_name": "ios",
    "context_os_version": "18.0",
    "context_receiver_service_timestamp": 1732466030861,
    "context_time": 1732466030807,
    "message_reason": "session_changed",
    "message_session_id": "18efa0963039f21f49293d9cc5431cfe",
    "message_tech": "connect",
    "message_type": "speaker"
  },
  {
    "timestamp_utc": "2024-11-26T20:58:24.469Z",
    "context_application_version": "8.9.94.418",
    "context_conn_country": "FR",
    "context_device_manufacturer": "apple",
    "context_device_model": "iPhone14,5",
    "context_device_type": "mobile",
    "context_os_name": "ios",
    "context_os_version": "17.6.1",
    "context_receiver_service_timestamp": 1732654711749,
    "context_time": 1732654704469,
    "message_reason": "session_changed",
    "message_session_id": "8b4d219937db403a6a909ee09d489628",
    "message_tech": "connect",
    "message_type": "speaker"
  },
  {
    "timestamp_utc": "2024-10-30T15:48:18.686Z",
    "context_application_version": "8.9.84.543",
    "context_conn_country": "DE",
    "context_device_manufacturer": "apple",
    "context_device_model": "iPhone15,2",
    "context_device_type": "mobile",
    "context_os_name": "ios",
    "context_os_version": "18.0",
    "context_receiver_service_timestamp": 1730303302009,
    "context_time": 1730303298686,
    "message_reason": "session_changed",
    "message_session_id": "8558522ec2eb73701ee00df15a5d6288",
    "message_tech": "connect",
    "message_type": "speaker"
  },
  {
    "timestamp_utc": "2024-11-30T11:39:53.036Z",
    "context_application_version": "8.9.94.418",
    "context_conn_country": "DE",
    "context_device_manufacturer": "apple",
    "context_device_model": "iPhone15,2",
    "context_device_type": "mobile",
    "context_os_name": "ios",
    "context_os_version": "18.0",
    "context_receiver_service_timestamp": 1732966794667,
    "context_time": 1732966793036,
    "message_reason": "session_changed",
    "message_session_id": "01f735a292149f56813e8eaaa653abec",
    "message_tech": "connect",
    "message_type": "speaker"
  },
  {
    "timestamp_utc": "2024-09-07T14:06:34.008Z",
    "context_application_version": "8.9.68.490",
    "context_conn_country": "DE",
    "context_device_manufacturer": "apple",
    "context_device_model": "iPhone15,2",
    "context_device_type": "mobile",
    "context_os_name": "ios",
    "context_os_version": "17.5.1",
    "context_receiver_service_timestamp": 1725718021461,
    "context_time": 1725717994008,
    "message_reason": "session_changed",
    "message_session_id": "b4ebe18fd2b1445240b318f0329b9f4e",
    "message_tech": "connect",
    "message_type": "speaker"
  },
  {
    "timestamp_utc": "2024-11-29T11:57:36.444Z",
    "context_application_version": "1.2.51.345",
    "context_conn_country": "DE",
    "context_device_manufacturer": "Apple Inc.",
    "context_device_model": "MacBookPro17,1",
    "context_device_type": "desktop",
    "context_os_name": "osx",
    "context_os_version": "14.1.2",
    "context_receiver_service_timestamp": 1732885160000,
    "context_time": 1732881456444,
    "message_reason": "start_broadcast_signal",
    "message_session_id": "3769912f1faeb57034210bb58e394a8f",
    "message_tech": "CONNECT",
    "message_type": "SPEAKER"
  },
  {
    "timestamp_utc": "2024-11-14T17:38:29.546Z",
    "context_application_version": "8.9.90.84",
    "context_conn_country": "DE",
    "context_device_manufacturer": "apple",
    "context_device_model": "iPhone15,2",
    "context_device_type": "mobile",
    "context_os_name": "ios",
    "context_os_version": "18.0",
    "context_receiver_service_timestamp": 1731607416623,
    "context_time": 1731605909546,
    "message_reason": "session_changed",
    "message_session_id": "d4993cf106999a6d71b6f4ef5a20ff49",
    "message_tech": "connect",
    "message_type": "speaker"
  },
  {
    "timestamp_utc": "2024-09-09T19:28:08.178Z",
    "context_application_version": "8.9.70.592",
    "context_conn_country": "DE",
    "context_device_manufacturer": "apple",
    "context_device_model": "iPhone15,2",
    "context_device_type": "mobile",
    "context_os_name": "ios",
    "context_os_version": "17.5.1",
    "context_receiver_service_timestamp": 1725910089002,
    "context_time": 1725910088178,
    "message_reason": "session_changed",
    "message_session_id": "fe7eb2bf8727d427112e945844f1f7bf",
    "message_tech": "connect",
    "message_type": "speaker"
  },
  {
    "timestamp_utc": "2024-11-17T20:07:34.252Z",
    "context_application_version": "8.9.90.84",
    "context_conn_country": "DE",
    "context_device_manufacturer": "apple",
    "context_device_model": "iPhone15,2",
    "context_device_type": "mobile",
    "context_os_name": "ios",
    "context_os_version": "18.0",
    "context_receiver_service_timestamp": 1731874078127,
    "context_time": 1731874054252,
    "message_reason": "session_changed",
    "message_session_id": "50b0d8ecc6042f87fad7eb0eb56f53b9",
    "message_tech": "connect",
    "message_type": "speaker"
  },
  {
    "timestamp_utc": "2024-10-12T19:39:08.476Z",
    "context_application_version": "8.9.76.516",
    "context_conn_country": "DE",
    "context_device_manufacturer": "apple",
    "context_device_model": "iPhone15,2",
    "context_device_type": "mobile",
    "context_os_name": "ios",
    "context_os_version": "18.0",
    "context_receiver_service_timestamp": 1728762011175,
    "context_time": 1728761948476,
    "message_reason": "session_changed",
    "message_session_id": "0aa069c816d022aa4d7447703b30fa6c",
    "message_tech": "connect",
    "message_type": "speaker"
  },
  {
    "timestamp_utc": "2024-10-12T21:31:52.261Z",
    "context_application_version": "8.9.76.516",
    "context_conn_country": "DE",
    "context_device_manufacturer": "apple",
    "context_device_model": "iPhone15,2",
    "context_device_type": "mobile",
    "context_os_name": "ios",
    "context_os_version": "18.0",
    "context_receiver_service_timestamp": 1728768739544,
    "context_time": 1728768712261,
    "message_reason": "session_changed",
    "message_session_id": "0aa069c816d022aa4d7447703b30fa6c",
    "message_tech": "connect",
    "message_type": "speaker"
  },
  {
    "timestamp_utc": "2024-11-26T21:27:20.812Z",
    "context_application_version": "8.9.94.418",
    "context_conn_country": "DE",
    "context_device_manufacturer": "apple",
    "context_device_model": "iPhone15,2",
    "context_device_type": "mobile",
    "context_os_name": "ios",
    "context_os_version": "18.0",
    "context_receiver_service_timestamp": 1732659138066,
    "context_time": 1732656440812,
    "message_reason": "session_changed",
    "message_session_id": "8b4d219937db403a6a909ee09d489628",
    "message_tech": "connect",
    "message_type": "speaker"
  },
  {
    "timestamp_utc": "2024-11-14T17:12:16.683Z",
    "context_application_version": "1.2.49.439",
    "context_conn_country": "DE",
    "context_device_manufacturer": "Apple Inc.",
    "context_device_model": "MacBookPro17,1",
    "context_device_type": "desktop",
    "context_os_name": "osx",
    "context_os_version": "14.1.2",
    "context_receiver_service_timestamp": 1731604332122,
    "context_time": 1731604336683,
    "message_reason": "start_broadcast_signal",
    "message_session_id": "d4993cf106999a6d71b6f4ef5a20ff49",
    "message_tech": "CONNECT",
    "message_type": "SPEAKER"
  },
  {
    "timestamp_utc": "2024-10-30T20:52:51.509Z",
    "context_application_version": "8.9.84.543",
    "context_conn_country": "DE",
    "context_device_manufacturer": "apple",
    "context_device_model": "iPhone15,2",
    "context_device_type": "mobile",
    "context_os_name": "ios",
    "context_os_version": "18.0",
    "context_receiver_service_timestamp": 1730321574591,
    "context_time": 1730321571509,
    "message_reason": "session_changed",
    "message_session_id": "bf23eed4c3429fbc534865dc6e4cba4a",
    "message_tech": "connect",
    "message_type": "speaker"
  },
  {
    "timestamp_utc": "2024-09-09T19:40:00.438Z",
    "context_application_version": "8.9.70.592",
    "context_conn_country": "DE",
    "context_device_manufacturer": "apple",
    "context_device_model": "iPhone15,2",
    "context_device_type": "mobile",
    "context_os_name": "ios",
    "context_os_version": "17.5.1",
    "context_receiver_service_timestamp": 1725980277618,
    "context_time": 1725910800438,
    "message_reason": "session_changed",
    "message_session_id": "fe7eb2bf8727d427112e945844f1f7bf",
    "message_tech": "connect",
    "message_type": "speaker"
  },
  {
    "timestamp_utc": "2024-11-29T11:07:37.055Z",
    "context_application_version": "8.9.94.418",
    "context_conn_country": "DE",
    "context_device_manufacturer": "apple",
    "context_device_model": "iPhone15,2",
    "context_device_type": "mobile",
    "context_os_name": "ios",
    "context_os_version": "18.0",
    "context_receiver_service_timestamp": 1732878472438,
    "context_time": 1732878457055,
    "message_reason": "session_changed",
    "message_session_id": "fb95202b3de91fcd36a570857cb1c767",
    "message_tech": "connect",
    "message_type": "speaker"
  },
  {
    "timestamp_utc": "2024-10-12T21:01:47.850Z",
    "context_application_version": "8.9.76.516",
    "context_conn_country": "DE",
    "context_device_manufacturer": "apple",
    "context_device_model": "iPhone15,2",
    "context_device_type": "mobile",
    "context_os_name": "ios",
    "context_os_version": "18.0",
    "context_receiver_service_timestamp": 1728766922337,
    "context_time": 1728766907850,
    "message_reason": "session_changed",
    "message_session_id": "0aa069c816d022aa4d7447703b30fa6c",
    "message_tech": "connect",
    "message_type": "speaker"
  },
  {
    "timestamp_utc": "2024-10-13T19:31:36.273Z",
    "context_application_version": "8.9.82.628",
    "context_conn_country": "DE",
    "context_device_manufacturer": "apple",
    "context_device_model": "iPhone15,2",
    "context_device_type": "mobile",
    "context_os_name": "ios",
    "context_os_version": "18.0",
    "context_receiver_service_timestamp": 1728855644099,
    "context_time": 1728847896273,
    "message_reason": "session_changed",
    "message_session_id": "742c1cb01626bc9cf294766bd004709d",
    "message_tech": "connect",
    "message_type": "speaker"
  },
  {
    "timestamp_utc": "2024-11-17T20:18:41.820Z",
    "context_application_version": "8.9.90.84",
    "context_conn_country": "DE",
    "context_device_manufacturer": "apple",
    "context_device_model": "iPhone15,2",
    "context_device_type": "mobile",
    "context_os_name": "ios",
    "context_os_version": "18.0",
    "context_receiver_service_timestamp": 1731874738030,
    "context_time": 1731874721820,
    "message_reason": "session_changed",
    "message_session_id": "50b0d8ecc6042f87fad7eb0eb56f53b9",
    "message_tech": "connect",
    "message_type": "speaker"
  },
  {
    "timestamp_utc": "2024-11-28T18:00:50.452Z",
    "context_application_version": "8.9.94.418",
    "context_conn_country": "DE",
    "context_device_manufacturer": "apple",
    "context_device_model": "iPhone15,2",
    "context_device_type": "mobile",
    "context_os_name": "ios",
    "context_os_version": "18.0",
    "context_receiver_service_timestamp": 1732816856415,
    "context_time": 1732816850452,
    "message_reason": "session_changed",
    "message_session_id": "451290e6178385af6d5ca622f87ecfde",
    "message_tech": "connect",
    "message_type": "speaker"
  },
  {
    "timestamp_utc": "2024-10-12T20:38:09.464Z",
    "context_application_version": "8.9.76.516",
    "context_conn_country": "DE",
    "context_device_manufacturer": "apple",
    "context_device_model": "iPhone15,2",
    "context_device_type": "mobile",
    "context_os_name": "ios",
    "context_os_version": "18.0",
    "context_receiver_service_timestamp": 1728765516922,
    "context_time": 1728765489464,
    "message_reason": "session_changed",
    "message_session_id": "0aa069c816d022aa4d7447703b30fa6c",
    "message_tech": "connect",
    "message_type": "speaker"
  },
  {
    "timestamp_utc": "2024-11-20T15:35:03.770Z",
    "context_application_version": "8.9.90.84",
    "context_conn_country": "FR",
    "context_device_manufacturer": "apple",
    "context_device_model": "iPhone14,5",
    "context_device_type": "mobile",
    "context_os_name": "ios",
    "context_os_version": "17.6.1",
    "context_receiver_service_timestamp": 1732116931705,
    "context_time": 1732116903770,
    "message_reason": "session_changed",
    "message_session_id": "3d61a2150c0bd6b52580665015b2b923",
    "message_tech": "connect",
    "message_type": "speaker"
  },
  {
    "timestamp_utc": "2024-11-30T14:35:57.501Z",
    "context_application_version": "8.9.94.418",
    "context_conn_country": "DE",
    "context_device_manufacturer": "apple",
    "context_device_model": "iPhone15,2",
    "context_device_type": "mobile",
    "context_os_name": "ios",
    "context_os_version": "18.0",
    "context_receiver_service_timestamp": 1732977384543,
    "context_time": 1732977357501,
    "message_reason": "session_changed",
    "message_session_id": "01f735a292149f56813e8eaaa653abec",
    "message_tech": "connect",
    "message_type": "speaker"
  },
  {
    "timestamp_utc": "2024-10-12T19:53:52.191Z",
    "context_application_version": "8.9.76.516",
    "context_conn_country": "DE",
    "context_device_manufacturer": "apple",
    "context_device_model": "iPhone15,2",
    "context_device_type": "mobile",
    "context_os_name": "ios",
    "context_os_version": "18.0",
    "context_receiver_service_timestamp": 1728762832514,
    "context_time": 1728762832191,
    "message_reason": "session_changed",
    "message_session_id": "0aa069c816d022aa4d7447703b30fa6c",
    "message_tech": "connect",
    "message_type": "speaker"
  },
  {
    "timestamp_utc": "2024-10-30T20:50:29.730Z",
    "context_application_version": "8.9.84.543",
    "context_conn_country": "DE",
    "context_device_manufacturer": "apple",
    "context_device_model": "iPhone15,2",
    "context_device_type": "mobile",
    "context_os_name": "ios",
    "context_os_version": "18.0",
    "context_receiver_service_timestamp": 1730321455316,
    "context_time": 1730321429730,
    "message_reason": "session_changed",
    "message_session_id": "bf23eed4c3429fbc534865dc6e4cba4a",
    "message_tech": "connect",
    "message_type": "speaker"
  },
  {
    "timestamp_utc": "2024-11-27T15:06:15.379Z",
    "context_application_version": "8.9.94.418",
    "context_conn_country": "DE",
    "context_device_manufacturer": "apple",
    "context_device_model": "iPhone15,2",
    "context_device_type": "mobile",
    "context_os_name": "ios",
    "context_os_version": "18.0",
    "context_receiver_service_timestamp": 1732719982833,
    "context_time": 1732719975379,
    "message_reason": "session_changed",
    "message_session_id": "d924487977d7592cb90b2972702ac250",
    "message_tech": "connect",
    "message_type": "speaker"
  },
  {
    "timestamp_utc": "2024-10-12T18:35:07.116Z",
    "context_application_version": "8.9.76.516",
    "context_conn_country": "DE",
    "context_device_manufacturer": "apple",
    "context_device_model": "iPhone15,2",
    "context_device_type": "mobile",
    "context_os_name": "ios",
    "context_os_version": "18.0",
    "context_receiver_service_timestamp": 1728758129194,
    "context_time": 1728758107116,
    "message_reason": "session_changed",
    "message_session_id": "0aa069c816d022aa4d7447703b30fa6c",
    "message_tech": "connect",
    "message_type": "speaker"
  },
  {
    "timestamp_utc": "2024-11-14T08:51:19.626Z",
    "context_application_version": "1.2.49.439",
    "context_conn_country": "FR",
    "context_device_manufacturer": "HP",
    "context_device_model": "HP EliteBook 830 G5",
    "context_device_type": "desktop",
    "context_os_name": "windows",
    "context_os_version": "10.0.19045",
    "context_receiver_service_timestamp": 1731574405368,
    "context_time": 1731574279626,
    "message_reason": "start_broadcast_signal",
    "message_session_id": "b9b28e4b274894c97caeca02e559e3dd",
    "message_tech": "CONNECT",
    "message_type": "SPEAKER"
  },
  {
    "timestamp_utc": "2024-11-29T11:30:10.381Z",
    "context_application_version": "8.9.94.418",
    "context_conn_country": "DE",
    "context_device_manufacturer": "apple",
    "context_device_model": "iPhone15,2",
    "context_device_type": "mobile",
    "context_os_name": "ios",
    "context_os_version": "18.0",
    "context_receiver_service_timestamp": 1732879810458,
    "context_time": 1732879810381,
    "message_reason": "session_changed",
    "message_session_id": "3769912f1faeb57034210bb58e394a8f",
    "message_tech": "connect",
    "message_type": "speaker"
  },
  {
    "timestamp_utc": "2024-11-28T23:57:45.368Z",
    "context_application_version": "8.9.94.418",
    "context_conn_country": "DE",
    "context_device_manufacturer": "apple",
    "context_device_model": "iPhone15,2",
    "context_device_type": "mobile",
    "context_os_name": "ios",
    "context_os_version": "18.0",
    "context_receiver_service_timestamp": 1732838280614,
    "context_time": 1732838265368,
    "message_reason": "session_changed",
    "message_session_id": "fe127ebbe4a5daeab4503a1110e59aa4",
    "message_tech": "connect",
    "message_type": "speaker"
  },
  {
    "timestamp_utc": "2024-11-29T02:43:09.119Z",
    "context_application_version": "8.9.94.418",
    "context_conn_country": "DE",
    "context_device_manufacturer": "apple",
    "context_device_model": "iPhone15,2",
    "context_device_type": "mobile",
    "context_os_name": "ios",
    "context_os_version": "18.0",
    "context_receiver_service_timestamp": 1732848210338,
    "context_time": 1732848189119,
    "message_reason": "session_changed",
    "message_session_id": "fe127ebbe4a5daeab4503a1110e59aa4",
    "message_tech": "connect",
    "message_type": "speaker"
  },
  {
    "timestamp_utc": "2024-11-14T17:10:58.666Z",
    "context_application_version": "8.9.90.84",
    "context_conn_country": "DE",
    "context_device_manufacturer": "apple",
    "context_device_model": "iPhone15,2",
    "context_device_type": "mobile",
    "context_os_name": "ios",
    "context_os_version": "18.0",
    "context_receiver_service_timestamp": 1731604265430,
    "context_time": 1731604258666,
    "message_reason": "session_changed",
    "message_session_id": "d4993cf106999a6d71b6f4ef5a20ff49",
    "message_tech": "connect",
    "message_type": "speaker"
  },
  {
    "timestamp_utc": "2024-11-27T14:36:44.112Z",
    "context_application_version": "1.2.51.345",
    "context_conn_country": "DE",
    "context_device_manufacturer": "Apple Inc.",
    "context_device_model": "MacBookPro17,1",
    "context_device_type": "desktop",
    "context_os_name": "osx",
    "context_os_version": "14.1.2",
    "context_receiver_service_timestamp": 1732718006524,
    "context_time": 1732718204112,
    "message_reason": "start_broadcast_signal",
    "message_session_id": "cb579ab1903bb45aafffd4c9c7d1a0ec",
    "message_tech": "CONNECT",
    "message_type": "SPEAKER"
  },
  {
    "timestamp_utc": "2024-11-29T11:54:04.637Z",
    "context_application_version": "8.9.94.418",
    "context_conn_country": "DE",
    "context_device_manufacturer": "apple",
    "context_device_model": "iPhone15,2",
    "context_device_type": "mobile",
    "context_os_name": "ios",
    "context_os_version": "18.0",
    "context_receiver_service_timestamp": 1732881262604,
    "context_time": 1732881244637,
    "message_reason": "session_changed",
    "message_session_id": "3769912f1faeb57034210bb58e394a8f",
    "message_tech": "connect",
    "message_type": "speaker"
  },
  {
    "timestamp_utc": "2024-11-14T17:14:34.576Z",
    "context_application_version": "8.9.90.84",
    "context_conn_country": "DE",
    "context_device_manufacturer": "apple",
    "context_device_model": "iPhone15,2",
    "context_device_type": "mobile",
    "context_os_name": "ios",
    "context_os_version": "18.0",
    "context_receiver_service_timestamp": 1731604486697,
    "context_time": 1731604474576,
    "message_reason": "session_changed",
    "message_session_id": "d4993cf106999a6d71b6f4ef5a20ff49",
    "message_tech": "connect",
    "message_type": "speaker"
  },
  {
    "timestamp_utc": "2024-11-30T17:44:42.879Z",
    "context_application_version": "8.9.94.418",
    "context_conn_country": "DE",
    "context_device_manufacturer": "apple",
    "context_device_model": "iPhone15,2",
    "context_device_type": "mobile",
    "context_os_name": "ios",
    "context_os_version": "18.0",
    "context_receiver_service_timestamp": 1732988710906,
    "context_time": 1732988682879,
    "message_reason": "session_changed",
    "message_session_id": "4d783fc4c187997f9301a38f12fdd235",
    "message_tech": "connect",
    "message_type": "speaker"
  },
  {
    "timestamp_utc": "2024-11-29T10:50:49.651Z",
    "context_application_version": "8.9.94.418",
    "context_conn_country": "DE",
    "context_device_manufacturer": "apple",
    "context_device_model": "iPhone15,2",
    "context_device_type": "mobile",
    "context_os_name": "ios",
    "context_os_version": "18.0",
    "context_receiver_service_timestamp": 1732877452565,
    "context_time": 1732877449651,
    "message_reason": "session_changed",
    "message_session_id": "e7113ad2892f6fb8ec03c4d21360a199",
    "message_tech": "connect",
    "message_type": "speaker"
  },
  {
    "timestamp_utc": "2024-11-29T11:29:50.773Z",
    "context_application_version": "8.9.94.418",
    "context_conn_country": "DE",
    "context_device_manufacturer": "apple",
    "context_device_model": "iPhone15,2",
    "context_device_type": "mobile",
    "context_os_name": "ios",
    "context_os_version": "18.0",
    "context_receiver_service_timestamp": 1732879810458,
    "context_time": 1732879790773,
    "message_reason": "session_changed",
    "message_session_id": "fb95202b3de91fcd36a570857cb1c767",
    "message_tech": "connect",
    "message_type": "speaker"
  },
  {
    "timestamp_utc": "2024-10-12T19:36:17.153Z",
    "context_application_version": "8.9.76.516",
    "context_conn_country": "DE",
    "context_device_manufacturer": "apple",
    "context_device_model": "iPhone15,2",
    "context_device_type": "mobile",
    "context_os_name": "ios",
    "context_os_version": "18.0",
    "context_receiver_service_timestamp": 1728761782804,
    "context_time": 1728761777153,
    "message_reason": "session_changed",
    "message_session_id": "0aa069c816d022aa4d7447703b30fa6c",
    "message_tech": "connect",
    "message_type": "speaker"
  },
  {
    "timestamp_utc": "2024-11-17T19:24:33.321Z",
    "context_application_version": "8.9.90.84",
    "context_conn_country": "DE",
    "context_device_manufacturer": "apple",
    "context_device_model": "iPhone15,2",
    "context_device_type": "mobile",
    "context_os_name": "ios",
    "context_os_version": "18.0",
    "context_receiver_service_timestamp": 1731871497944,
    "context_time": 1731871473321,
    "message_reason": "session_changed",
    "message_session_id": "50b0d8ecc6042f87fad7eb0eb56f53b9",
    "message_tech": "connect",
    "message_type": "speaker"
  },
  {
    "timestamp_utc": "2024-10-30T15:39:47.202Z",
    "context_application_version": "8.9.84.543",
    "context_conn_country": "DE",
    "context_device_manufacturer": "apple",
    "context_device_model": "iPhone15,2",
    "context_device_type": "mobile",
    "context_os_name": "ios",
    "context_os_version": "18.0",
    "context_receiver_service_timestamp": 1730302792996,
    "context_time": 1730302787202,
    "message_reason": "session_changed",
    "message_session_id": "8558522ec2eb73701ee00df15a5d6288",
    "message_tech": "connect",
    "message_type": "speaker"
  },
  {
    "timestamp_utc": "2024-10-13T14:17:16.257Z",
    "context_application_version": "8.9.82.628",
    "context_conn_country": "DE",
    "context_device_manufacturer": "apple",
    "context_device_model": "iPhone15,2",
    "context_device_type": "mobile",
    "context_os_name": "ios",
    "context_os_version": "18.0",
    "context_receiver_service_timestamp": 1728831065405,
    "context_time": 1728829036257,
    "message_reason": "session_changed",
    "message_session_id": "cd9aa37b43a38ca972b3180e5aa09a63",
    "message_tech": "connect",
    "message_type": "speaker"
  },
  {
    "timestamp_utc": "2024-11-29T10:58:24.777Z",
    "context_application_version": "8.9.94.418",
    "context_conn_country": "DE",
    "context_device_manufacturer": "apple",
    "context_device_model": "iPhone15,2",
    "context_device_type": "mobile",
    "context_os_name": "ios",
    "context_os_version": "18.0",
    "context_receiver_service_timestamp": 1732877932406,
    "context_time": 1732877904777,
    "message_reason": "session_changed",
    "message_session_id": "fb95202b3de91fcd36a570857cb1c767",
    "message_tech": "connect",
    "message_type": "speaker"
  },
  {
    "timestamp_utc": "2024-11-28T22:59:07.207Z",
    "context_application_version": "8.9.94.418",
    "context_conn_country": "DE",
    "context_device_manufacturer": "apple",
    "context_device_model": "iPhone15,2",
    "context_device_type": "mobile",
    "context_os_name": "ios",
    "context_os_version": "18.0",
    "context_receiver_service_timestamp": 1732834751441,
    "context_time": 1732834747207,
    "message_reason": "session_changed",
    "message_session_id": "fe127ebbe4a5daeab4503a1110e59aa4",
    "message_tech": "connect",
    "message_type": "speaker"
  },
  {
    "timestamp_utc": "2024-11-20T15:28:26.942Z",
    "context_application_version": "8.9.90.84",
    "context_conn_country": "FR",
    "context_device_manufacturer": "apple",
    "context_device_model": "iPhone14,5",
    "context_device_type": "mobile",
    "context_os_name": "ios",
    "context_os_version": "17.6.1",
    "context_receiver_service_timestamp": 1732116904748,
    "context_time": 1732116506942,
    "message_reason": "session_changed",
    "message_session_id": "3d61a2150c0bd6b52580665015b2b923",
    "message_tech": "connect",
    "message_type": "speaker"
  },
  {
    "timestamp_utc": "2024-11-13T15:54:09.253Z",
    "context_application_version": "8.9.90.84",
    "context_conn_country": "DE",
    "context_device_manufacturer": "apple",
    "context_device_model": "iPhone15,2",
    "context_device_type": "mobile",
    "context_os_name": "ios",
    "context_os_version": "18.0",
    "context_receiver_service_timestamp": 1731513946245,
    "context_time": 1731513249253,
    "message_reason": "session_changed",
    "message_session_id": "2e1e4fc1125d43a3d627350f319811f7",
    "message_tech": "connect",
    "message_type": "speaker"
  },
  {
    "timestamp_utc": "2024-11-30T11:14:28.372Z",
    "context_application_version": "8.9.94.418",
    "context_conn_country": "DE",
    "context_device_manufacturer": "apple",
    "context_device_model": "iPhone15,2",
    "context_device_type": "mobile",
    "context_os_name": "ios",
    "context_os_version": "18.0",
    "context_receiver_service_timestamp": 1732965277092,
    "context_time": 1732965268372,
    "message_reason": "session_changed",
    "message_session_id": "01f735a292149f56813e8eaaa653abec",
    "message_tech": "connect",
    "message_type": "speaker"
  },
  {
    "timestamp_utc": "2024-11-13T15:47:53.600Z",
    "context_application_version": "8.9.90.84",
    "context_conn_country": "DE",
    "context_device_manufacturer": "apple",
    "context_device_model": "iPhone15,2",
    "context_device_type": "mobile",
    "context_os_name": "ios",
    "context_os_version": "18.0",
    "context_receiver_service_timestamp": 1731512901182,
    "context_time": 1731512873600,
    "message_reason": "session_changed",
    "message_session_id": "2e1e4fc1125d43a3d627350f319811f7",
    "message_tech": "connect",
    "message_type": "speaker"
  },
  {
    "timestamp_utc": "2024-10-13T14:14:56.358Z",
    "context_application_version": "8.9.82.628",
    "context_conn_country": "DE",
    "context_device_manufacturer": "apple",
    "context_device_model": "iPhone15,2",
    "context_device_type": "mobile",
    "context_os_name": "ios",
    "context_os_version": "18.0",
    "context_receiver_service_timestamp": 1728828898523,
    "context_time": 1728828896358,
    "message_reason": "session_changed",
    "message_session_id": "cd9aa37b43a38ca972b3180e5aa09a63",
    "message_tech": "connect",
    "message_type": "speaker"
  },
  {
    "timestamp_utc": "2024-11-29T10:28:24.608Z",
    "context_application_version": "8.9.94.418",
    "context_conn_country": "DE",
    "context_device_manufacturer": "apple",
    "context_device_model": "iPhone15,2",
    "context_device_type": "mobile",
    "context_os_name": "ios",
    "context_os_version": "18.0",
    "context_receiver_service_timestamp": 1732876114898,
    "context_time": 1732876104608,
    "message_reason": "session_changed",
    "message_session_id": "e7113ad2892f6fb8ec03c4d21360a199",
    "message_tech": "connect",
    "message_type": "speaker"
  }
]