[
  {
    "timestamp_utc": "2024-11-30T16:06:43.523Z",
    "context_application_version": "8.9.94.418",
    "context_conn_country": "DE",
    "context_device_manufacturer": "apple",
    "context_device_model": "iPhone15,2",
    "context_device_type": "mobile",
    "context_os_name": "ios",
    "context_os_version": "18.0",
    "context_receiver_service_timestamp": 1732982810655,
    "context_time": 1732982803523,
    "message_reason": "session_changed",
    "message_session_id": "01f735a292149f56813e8eaaa653abec"
  },
  {
    "timestamp_utc": "2024-10-13T10:33:20.256Z",
    "context_application_version": "8.9.82.628",
    "context_conn_country": "DE",
    "context_device_manufacturer": "apple",
    "context_device_model": "iPhone15,2",
    "context_device_type": "mobile",
    "context_os_name": "ios",
    "context_os_version": "18.0",
    "context_receiver_service_timestamp": 1728828703001,
    "context_time": 1728815600256,
    "message_reason": "session_changed",
    "message_session_id": "c93a847d77f02226f228315f9ae2f98e"
  },
  {
    "timestamp_utc": "2024-11-29T15:55:22.334Z",
    "context_application_version": "8.9.94.418",
    "context_conn_country": "DE",
    "context_device_manufacturer": "apple",
    "context_device_model": "iPhone15,2",
    "context_device_type": "mobile",
    "context_os_name": "ios",
    "context_os_version": "18.0",
    "context_receiver_service_timestamp": 1732895751627,
    "context_time": 1732895722334,
    "message_reason": "session_changed",
    "message_session_id": "f8ee07fb5ad29a3e3ad78e36f241197c"
  },
  {
    "timestamp_utc": "2024-11-29T16:42:44.398Z",
    "context_application_version": "8.9.94.418",
    "context_conn_country": "DE",
    "context_device_manufacturer": "apple",
    "context_device_model": "iPhone15,2",
    "context_device_type": "mobile",
    "context_os_name": "ios",
    "context_os_version": "18.0",
    "context_receiver_service_timestamp": 1732898571584,
    "context_time": 1732898564398,
    "message_reason": "session_changed",
    "message_session_id": "f8ee07fb5ad29a3e3ad78e36f241197c"
  },
  {
    "timestamp_utc": "2024-11-29T11:57:51.645Z",
    "context_application_version": "8.9.94.418",
    "context_conn_country": "DE",
    "context_device_manufacturer": "apple",
    "context_device_model": "iPhone15,2",
    "context_device_type": "mobile",
    "context_os_name": "ios",
    "context_os_version": "18.0",
    "context_receiver_service_timestamp": 1732881472506,
    "context_time": 1732881471645,
    "message_reason": "session_changed",
    "message_session_id": "3769912f1faeb57034210bb58e394a8f"
  },
  {
    "timestamp_utc": "2024-10-12T19:41:04.450Z",
    "context_application_version": "8.9.76.516",
    "context_conn_country": "DE",
    "context_device_manufacturer": "apple",
    "context_device_model": "iPhone15,2",
    "context_device_type": "mobile",
    "context_os_name": "ios",
    "context_os_version": "18.0",
    "context_receiver_service_timestamp": 1728762831544,
    "context_time": 1728762064450,
    "message_reason": "session_changed",
    "message_session_id": "0aa069c816d022aa4d7447703b30fa6c"
  },
  {
    "timestamp_utc": "2024-11-28T18:01:20.842Z",
    "context_application_version": "8.9.94.418",
    "context_conn_country": "DE",
    "context_device_manufacturer": "apple",
    "context_device_model": "iPhone15,2",
    "context_device_type": "mobile",
    "context_os_name": "ios",
    "context_os_version": "18.0",
    "context_receiver_service_timestamp": 1732816893914,
    "context_time": 1732816880842,
    "message_reason": "session_changed",
    "message_session_id": "451290e6178385af6d5ca622f87ecfde"
  },
  {
    "timestamp_utc": "2024-11-15T20:25:25.404Z",
    "context_application_version": "1.2.49.439",
    "context_conn_country": "DE",
    "context_device_manufacturer": "Apple Inc.",
    "context_device_model": "MacBookPro17,1",
    "context_device_type": "desktop",
    "context_os_name": "osx",
    "context_os_version": "14.1.2",
    "context_receiver_service_timestamp": 1731702193688,
    "context_time": 1731702325404,
    "message_reason": "stop_broadcast_signal",
    "message_session_id": "6e14e5d808c572fd1e88f27dab8aa86e"
  },
  {
    "timestamp_utc": "2024-10-30T12:42:11.079Z",
    "context_application_version": "8.9.84.543",
    "context_conn_country": "DE",
    "context_device_manufacturer": "apple",
    "context_device_model": "iPhone15,2",
    "context_device_type": "mobile",
    "context_os_name": "ios",
    "context_os_version": "18.0",
    "context_receiver_service_timestamp": 1730302421419,
    "context_time": 1730292131079,
    "message_reason": "session_changed",
    "message_session_id": "ae2115f3d200b1a0be8be22c3467446d"
  },
  {
    "timestamp_utc": "2024-11-28T22:47:52.465Z",
    "context_application_version": "8.9.94.418",
    "context_conn_country": "DE",
    "context_device_manufacturer": "apple",
    "context_device_model": "iPhone15,2",
    "context_device_type": "mobile",
    "context_os_name": "ios",
    "context_os_version": "18.0",
    "context_receiver_service_timestamp": 1732834073633,
    "context_time": 1732834072465,
    "message_reason": "session_changed",
    "message_session_id": "fe127ebbe4a5daeab4503a1110e59aa4"
  },
  {
    "timestamp_utc": "2024-11-18T15:19:54.833Z",
    "context_application_version": "1.2.50.335",
    "context_conn_country": "DE",
    "context_device_manufacturer": "Apple Inc.",
    "context_device_model": "MacBookPro17,1",
    "context_device_type": "desktop",
    "context_os_name": "osx",
    "context_os_version": "14.1.2",
    "context_receiver_service_timestamp": 1731944362330,
    "context_time": 1731943194833,
    "message_reason": "stop_broadcast_signal",
    "message_session_id": "05a6347c7f1d03e86b51ea6879a9ec78"
  },
  {
    "timestamp_utc": "2024-11-27T15:19:37.262Z",
    "context_application_version": "1.2.51.345",
    "context_conn_country": "DE",
    "context_device_manufacturer": "Apple Inc.",
    "context_device_model": "MacBookPro17,1",
    "context_device_type": "desktop",
    "context_os_name": "osx",
    "context_os_version": "14.1.2",
    "context_receiver_service_timestamp": 1732720613554,
    "context_time": 1732720777262,
    "message_reason": "stop_broadcast_signal",
    "message_session_id": "d924487977d7592cb90b2972702ac250"
  },
  {
    "timestamp_utc": "2024-11-14T17:14:41.214Z",
    "context_application_version": "8.9.90.84",
    "context_conn_country": "DE",
    "context_device_manufacturer": "apple",
    "context_device_model": "iPhone15,2",
    "context_device_type": "mobile",
    "context_os_name": "ios",
    "context_os_version": "18.0",
    "context_receiver_service_timestamp": 1731604486697,
    "context_time": 1731604481214,
    "message_reason": "session_changed",
    "message_session_id": "d4993cf106999a6d71b6f4ef5a20ff49"
  },
  {
    "timestamp_utc": "2024-11-30T16:08:28.452Z",
    "context_application_version": "8.9.94.418",
    "context_conn_country": "DE",
    "context_device_manufacturer": "apple",
    "context_device_model": "iPhone15,2",
    "context_device_type": "mobile",
    "context_os_name": "ios",
    "context_os_version": "18.0",
    "context_receiver_service_timestamp": 1732983878771,
    "context_time": 1732982908452,
    "message_reason": "session_changed",
    "message_session_id": "01f735a292149f56813e8eaaa653abec"
  },
  {
    "timestamp_utc": "2024-11-27T15:06:14.480Z",
    "context_application_version": "8.9.94.418",
    "context_conn_country": "DE",
    "context_device_manufacturer": "apple",
    "context_device_model": "iPhone15,2",
    "context_device_type": "mobile",
    "context_os_name": "ios",
    "context_os_version": "18.0",
    "context_receiver_service_timestamp": 1732719975484,
    "context_time": 1732719974480,
    "message_reason": "session_changed",
    "message_session_id": "cb579ab1903bb45aafffd4c9c7d1a0ec"
  },
  {
    "timestamp_utc": "2024-11-17T19:39:28.941Z",
    "context_application_version": "8.9.90.84",
    "context_conn_country": "DE",
    "context_device_manufacturer": "apple",
    "context_device_model": "iPhone15,2",
    "context_device_type": "mobile",
    "context_os_name": "ios",
    "context_os_version": "18.0",
    "context_receiver_service_timestamp": 1731872398166,
    "context_time": 1731872368941,
    "message_reason": "session_changed",
    "message_session_id": "50b0d8ecc6042f87fad7eb0eb56f53b9"
  },
  {
    "timestamp_utc": "2024-11-15T23:04:51.863Z",
    "context_application_version": "1.2.49.439",
    "context_conn_country": "DE",
    "context_device_manufacturer": "Apple Inc.",
    "context_device_model": "MacBookPro17,1",
    "context_device_type": "desktop",
    "context_os_name": "osx",
    "context_os_version": "14.1.2",
    "context_receiver_service_timestamp": 1731711709845,
    "context_time": 1731711891863,
    "message_reason": "stop_broadcast_signal",
    "message_session_id": "c0f8be9a41557adc53435cdc5415a78e"
  },
  {
    "timestamp_utc": "2024-11-17T21:41:34.883Z",
    "context_application_version": "1.2.50.335",
    "context_conn_country": "DE",
    "context_device_manufacturer": "Apple Inc.",
    "context_device_model": "MacBookPro17,1",
    "context_device_type": "desktop",
    "context_os_name": "osx",
    "context_os_version": "14.1.2",
    "context_receiver_service_timestamp": 1731879509093,
    "context_time": 1731879694883,
    "message_reason": "stop_broadcast_signal",
    "message_session_id": "50b0d8ecc6042f87fad7eb0eb56f53b9"
  },
  {
    "timestamp_utc": "2024-11-26T22:12:19.203Z",
    "context_application_version": "8.9.94.418",
    "context_conn_country": "DE",
    "context_device_manufacturer": "apple",
    "context_device_model": "iPhone15,2",
    "context_device_type": "mobile",
    "context_os_name": "ios",
    "context_os_version": "18.0",
    "context_receiver_service_timestamp": 1732659178901,
    "context_time": 1732659139203,
    "message_reason": "session_changed",
    "message_session_id": "8b4d219937db403a6a909ee09d489628"
  },
  {
    "timestamp_utc": "2024-11-26T22:15:36.528Z",
    "context_application_version": "1.2.51.345",
    "context_conn_country": "DE",
    "context_device_manufacturer": "Apple Inc.",
    "context_device_model": "MacBookPro17,1",
    "context_device_type": "desktop",
    "context_os_name": "osx",
    "context_os_version": "14.1.2",
    "context_receiver_service_timestamp": 1732659144635,
    "context_time": 1732659336528,
    "message_reason": "stop_broadcast_signal",
    "message_session_id": "8b4d219937db403a6a909ee09d489628"
  },
  {
    "timestamp_utc": "2024-11-13T23:12:22.931Z",
    "context_application_version": "8.9.90.84",
    "context_conn_country": "DE",
    "context_device_manufacturer": "apple",
    "context_device_model": "iPhone15,2",
    "context_device_type": "mobile",
    "context_os_name": "ios",
    "context_os_version": "18.0",
    "context_receiver_service_timestamp": 1731588892813,
    "context_time": 1731539542931,
    "message_reason": "session_changed",
    "message_session_id": "38daec73e67460b166b381f197dcf87d"
  },
  {
    "timestamp_utc": "2024-11-29T11:29:54.153Z",
    "context_application_version": "8.9.94.418",
    "context_conn_country": "DE",
    "context_device_manufacturer": "apple",
    "context_device_model": "iPhone15,2",
    "context_device_type": "mobile",
    "context_os_name": "ios",
    "context_os_version": "18.0",
    "context_receiver_service_timestamp": 1732879810458,
    "context_time": 1732879794153,
    "message_reason": "session_changed",
    "message_session_id": "fb95202b3de91fcd36a570857cb1c767"
  },
  {
    "timestamp_utc": "2024-11-20T15:35:09.567Z",
    "context_application_version": "8.9.90.84",
    "context_conn_country": "FR",
    "context_device_manufacturer": "apple",
    "context_device_model": "iPhone14,5",
    "context_device_type": "mobile",
    "context_os_name": "ios",
    "context_os_version": "17.6.1",
    "context_receiver_service_timestamp": 1732116931705,
    "context_time": 1732116909567,
    "message_reason": "session_changed",
    "message_session_id": "3d61a2150c0bd6b52580665015b2b923"
  },
  {
    "timestamp_utc": "2024-11-14T16:43:11.034Z",
    "context_application_version": "1.2.49.439",
    "context_conn_country": "DE",
    "context_device_manufacturer": "Apple Inc.",
    "context_device_model": "MacBookPro17,1",
    "context_device_type": "desktop",
    "context_os_name": "osx",
    "context_os_version": "14.1.2",
    "context_receiver_service_timestamp": 1731602412481,
    "context_time": 1731602591034,
    "message_reason": "stop_broadcast_signal",
    "message_session_id": "5036d6cdd6e95bb3d976389e9ce0fc9f"
  },
  {
    "timestamp_utc": "2024-11-13T22:07:04.661Z",
    "context_application_version": "1.2.49.439",
    "context_conn_country": "DE",
    "context_device_manufacturer": "Apple Inc.",
    "context_device_model": "MacBookPro17,1",
    "context_device_type": "desktop",
    "context_os_name": "osx",
    "context_os_version": "14.1.2",
    "context_receiver_service_timestamp": 1731535444051,
    "context_time": 1731535624661,
    "message_reason": "stop_broadcast_signal",
    "message_session_id": "38daec73e67460b166b381f197dcf87d"
  },
  {
    "timestamp_utc": "2024-09-07T14:32:02.065Z",
    "context_application_version": "8.9.68.490",
    "context_conn_country": "DE",
    "context_device_manufacturer": "apple",
    "context_device_model": "iPhone15,2",
    "context_device_type": "mobile",
    "context_os_name": "ios",
    "context_os_version": "17.5.1",
    "context_receiver_service_timestamp": 1725719530293,
    "context_time": 1725719522065,
    "message_reason": "session_changed",
    "message_session_id": "b4ebe18fd2b1445240b318f0329b9f4e"
  },
  {
    "timestamp_utc": "2024-10-13T14:51:06.098Z",
    "context_application_version": "8.9.82.628",
    "context_conn_country": "DE",
    "context_device_manufacturer": "apple",
    "context_device_model": "iPhone15,2",
    "context_device_type": "mobile",
    "context_os_name": "ios",
    "context_os_version": "18.0",
    "context_receiver_service_timestamp": 1728831071501,
    "context_time": 1728831066098,
    "message_reason": "session_changed",
    "message_session_id": "cd9aa37b43a38ca972b3180e5aa09a63"
  },
  {
    "timestamp_utc": "2024-11-17T19:13:39.732Z",
    "context_application_version": "8.9.90.84",
    "context_conn_country": "DE",
    "context_device_manufacturer": "apple",
    "context_device_model": "iPhone15,2",
    "context_device_type": "mobile",
    "context_os_name": "ios",
    "context_os_version": "18.0",
    "context_receiver_service_timestamp": 1731870838173,
    "context_time": 1731870819732,
    "message_reason": "session_changed",
    "message_session_id": "50b0d8ecc6042f87fad7eb0eb56f53b9"
  },
  {
    "timestamp_utc": "2024-11-14T18:03:36.563Z",
    "context_application_version": "8.9.90.84",
    "context_conn_country": "DE",
    "context_device_manufacturer": "apple",
    "context_device_model": "iPhone15,2",
    "context_device_type": "mobile",
    "context_os_name": "ios",
    "context_os_version": "18.0",
    "context_receiver_service_timestamp": 1731610383147,
    "context_time": 1731607416563,
    "message_reason": "session_changed",
    "message_session_id": "d4993cf106999a6d71b6f4ef5a20ff49"
  },
  {
    "timestamp_utc": "2024-11-29T03:59:13.629Z",
    "context_application_version": "8.9.94.418",
    "context_conn_country": "DE",
    "context_device_manufacturer": "apple",
    "context_device_model": "iPhone15,2",
    "context_device_type": "mobile",
    "context_os_name": "ios",
    "context_os_version": "18.0",
    "context_receiver_service_timestamp": 1732869337236,
    "context_time": 1732852753629,
    "message_reason": "session_changed",
    "message_session_id": "fe127ebbe4a5daeab4503a1110e59aa4"
  },
  {
    "timestamp_utc": "2024-11-28T18:08:24.229Z",
    "context_application_version": "1.2.51.345",
    "context_conn_country": "DE",
    "context_device_manufacturer": "Apple Inc.",
    "context_device_model": "MacBookPro17,1",
    "context_device_type": "desktop",
    "context_os_name": "osx",
    "context_os_version": "14.1.2",
    "context_receiver_service_timestamp": 1732817112424,
    "context_time": 1732817304229,
    "message_reason": "stop_broadcast_signal",
    "message_session_id": "451290e6178385af6d5ca622f87ecfde"
  },
  {
    "timestamp_utc": "2024-11-30T14:09:44.861Z",
    "context_application_version": "8.9.94.418",
    "context_conn_country": "DE",
    "context_device_manufacturer": "apple",
    "context_device_model": "iPhone15,2",
    "context_device_type": "mobile",
    "context_os_name": "ios",
    "context_os_version": "18.0",
    "context_receiver_service_timestamp": 1732975794303,
    "context_time": 1732975784861,
    "message_reason": "session_changed",
    "message_session_id": "01f735a292149f56813e8eaaa653abec"
  },
  {
    "timestamp_utc": "2024-11-30T11:38:19.542Z",
    "context_application_version": "8.9.94.418",
    "context_conn_country": "DE",
    "context_device_manufacturer": "apple",
    "context_device_model": "iPhone15,2",
    "context_device_type": "mobile",
    "context_os_name": "ios",
    "context_os_version": "18.0",
    "context_receiver_service_timestamp": 1732966704713,
    "context_time": 1732966699542,
    "message_reason": "session_changed",
    "message_session_id": "01f735a292149f56813e8eaaa653abec"
  },
  {
    "timestamp_utc": "2024-10-13T09:35:35.236Z",
    "context_application_version": "8.9.82.628",
    "context_conn_country": "DE",
    "context_device_manufacturer": "apple",
    "context_device_model": "iPhone15,2",
    "context_device_type": "mobile",
    "context_os_name": "ios",
    "context_os_version": "18.0",
    "context_receiver_service_timestamp": 1728812153238,
    "context_time": 1728812135236,
    "message_reason": "session_changed",
    "message_session_id": "c93a847d77f02226f228315f9ae2f98e"
  },
  {
    "timestamp_utc": "2024-11-30T17:41:58.851Z",
    "context_application_version": "8.9.94.418",
    "context_conn_country": "DE",
    "context_device_manufacturer": "apple",
    "context_device_model": "iPhone15,2",
    "context_device_type": "mobile",
    "context_os_name": "ios",
    "context_os_version": "18.0",
    "context_receiver_service_timestamp": 1732988530916,
    "context_time": 1732988518851,
    "message_reason": "session_changed",
    "message_session_id": "4d783fc4c187997f9301a38f12fdd235"
  },
  {
    "timestamp_utc": "2024-10-13T20:45:24.882Z",
    "context_application_version": "8.9.82.628",
    "context_conn_country": "DE",
    "context_device_manufacturer": "apple",
    "context_device_model": "iPhone15,2",
    "context_device_type": "mobile",
    "context_os_name": "ios",
    "context_os_version": "18.0",
    "context_receiver_service_timestamp": 1728855644099,
    "context_time": 1728852324882,
    "message_reason": "session_changed",
    "message_session_id": "742c1cb01626bc9cf294766bd004709d"
  },
  {
    "timestamp_utc": "2024-11-17T20:18:58.753Z",
    "context_application_version": "8.9.90.84",
    "context_conn_country": "DE",
    "context_device_manufacturer": "apple",
    "context_device_model": "iPhone15,2",
    "context_device_type": "mobile",
    "context_os_name": "ios",
    "context_os_version": "18.0",
    "context_receiver_service_timestamp": 1731874767966,
    "context_time": 1731874738753,
    "message_reason": "session_changed",
    "message_session_id": "50b0d8ecc6042f87fad7eb0eb56f53b9"
  },
  {
    "timestamp_utc": "2024-10-30T16:28:53.477Z",
    "context_application_version": "8.9.84.543",
    "context_conn_country": "DE",
    "context_device_manufacturer": "apple",
    "context_device_model": "iPhone15,2",
    "context_device_type": "mobile",
    "context_os_name": "ios",
    "context_os_version": "18.0",
    "context_receiver_service_timestamp": 1730307149366,
    "context_time": 1730305733477,
    "message_reason": "session_changed",
    "message_session_id": "8558522ec2eb73701ee00df15a5d6288"
  },
  {
    "timestamp_utc": "2024-12-01T18:20:17.327Z",
    "context_application_version": "1.2.51.345",
    "context_conn_country": "DE",
    "context_device_manufacturer": "Apple Inc.",
    "context_device_model": "MacBookPro17,1",
    "context_device_type": "desktop",
    "context_os_name": "osx",
    "context_os_version": "14.1.2",
    "context_receiver_service_timestamp": 1733077096593,
    "context_time": 1733077217327,
    "message_reason": "stop_broadcast_signal",
    "message_session_id": "61ad226acbac713b14e164e05b7c683c"
  },
  {
    "timestamp_utc": "2024-09-07T11:44:09.372Z",
    "context_application_version": "8.9.68.490",
    "context_conn_country": "DE",
    "context_device_manufacturer": "apple",
    "context_device_model": "iPhone15,2",
    "context_device_type": "mobile",
    "context_os_name": "ios",
    "context_os_version": "17.5.1",
    "context_receiver_service_timestamp": 1725709465695,
    "context_time": 1725709449372,
    "message_reason": "session_changed",
    "message_session_id": "73af7bebd05e1f9751fc87160b839cd7"
  },
  {
    "timestamp_utc": "2024-11-21T00:40:48.515Z",
    "context_application_version": "1.2.50.335",
    "context_conn_country": "DE",
    "context_device_manufacturer": "Apple Inc.",
    "context_device_model": "MacBookPro17,1",
    "context_device_type": "desktop",
    "context_os_name": "osx",
    "context_os_version": "14.1.2",
    "context_receiver_service_timestamp": 1732149472346,
    "context_time": 1732149648515,
    "message_reason": "stop_broadcast_signal",
    "message_session_id": "e4eb20aa48fba7f82c70c4821b0e1b0d"
  },
  {
    "timestamp_utc": "2024-10-12T18:35:06.867Z",
    "context_application_version": "8.9.76.516",
    "context_conn_country": "DE",
    "context_device_manufacturer": "apple",
    "context_device_model": "iPhone15,2",
    "context_device_type": "mobile",
    "context_os_name": "ios",
    "context_os_version": "18.0",
    "context_receiver_service_timestamp": 1728758129194,
    "context_time": 1728758106867,
    "message_reason": "session_changed",
    "message_session_id": "0aa069c816d022aa4d7447703b30fa6c"
  },
  {
    "timestamp_utc": "2024-11-29T08:28:25.119Z",
    "context_application_version": "1.2.51.345",
    "context_conn_country": "DE",
    "context_device_manufacturer": "Apple Inc.",
    "context_device_model": "MacBookPro17,1",
    "context_device_type": "desktop",
    "context_os_name": "osx",
    "context_os_version": "14.1.2",
    "context_receiver_service_timestamp": 1732869610054,
    "context_time": 1732868905119,
    "message_reason": "stop_broadcast_signal",
    "message_session_id": "fe127ebbe4a5daeab4503a1110e59aa4"
  },
  {
    "timestamp_utc": "2024-10-14T06:31:46.644Z",
    "context_application_version": "8.9.82.628",
    "context_conn_country": "DE",
    "context_device_manufacturer": "apple",
    "context_device_model": "iPhone15,2",
    "context_device_type": "mobile",
    "context_os_name": "ios",
    "context_os_version": "18.0",
    "context_receiver_service_timestamp": 1728887518875,
    "context_time": 1728887506644,
    "message_reason": "session_changed",
    "message_session_id": "ca8f1e8ad120589e0b989ad0d3372cf1"
  },
  {
    "timestamp_utc": "2024-11-29T02:42:44.236Z",
    "context_application_version": "8.9.94.418",
    "context_conn_country": "DE",
    "context_device_manufacturer": "apple",
    "context_device_model": "iPhone15,2",
    "context_device_type": "mobile",
    "context_os_name": "ios",
    "context_os_version": "18.0",
    "context_receiver_service_timestamp": 1732848180543,
    "context_time": 1732848164236,
    "message_reason": "session_changed",
    "message_session_id": "fe127ebbe4a5daeab4503a1110e59aa4"
  },
  {
    "timestamp_utc": "2024-11-30T13:08:00.802Z",
    "context_application_version": "8.9.94.418",
    "context_conn_country": "DE",
    "context_device_manufacturer": "apple",
    "context_device_model": "iPhone15,2",
    "context_device_type": "mobile",
    "context_os_name": "ios",
    "context_os_version": "18.0",
    "context_receiver_service_timestamp": 1732972104358,
    "context_time": 1732972080802,
    "message_reason": "session_changed",
    "message_session_id": "01f735a292149f56813e8eaaa653abec"
  },
  {
    "timestamp_utc": "2024-11-14T18:06:44.157Z",
    "context_application_version": "1.2.49.439",
    "context_conn_country": "DE",
    "context_device_manufacturer": "Apple Inc.",
    "context_device_model": "MacBookPro17,1",
    "context_device_type": "desktop",
    "context_os_name": "osx",
    "context_os_version": "14.1.2",
    "context_receiver_service_timestamp": 1731607441217,
    "context_time": 1731607604157,
    "message_reason": "stop_broadcast_signal",
    "message_session_id": "d4993cf106999a6d71b6f4ef5a20ff49"
  },
  {
    "timestamp_utc": "2024-11-17T20:07:09.667Z",
    "context_application_version": "8.9.90.84",
    "context_conn_country": "DE",
    "context_device_manufacturer": "apple",
    "context_device_model": "iPhone15,2",
    "context_device_type": "mobile",
    "context_os_name": "ios",
    "context_os_version": "18.0",
    "context_receiver_service_timestamp": 1731874048007,
    "context_time": 1731874029667,
    "message_reason": "session_changed",
    "message_session_id": "50b0d8ecc6042f87fad7eb0eb56f53b9"
  },
  {
    "timestamp_utc": "2024-11-27T15:09:33.036Z",
    "context_application_version": "1.2.51.345",
    "context_conn_country": "DE",
    "context_device_manufacturer": "Apple Inc.",
    "context_device_model": "MacBookPro17,1",
    "context_device_type": "desktop",
    "context_os_name": "osx",
    "context_os_version": "14.1.2",
    "context_receiver_service_timestamp": 1732719976519,
    "context_time": 1732720173036,
    "message_reason": "stop_broadcast_signal",
    "message_session_id": "cb579ab1903bb45aafffd4c9c7d1a0ec"
  },
  {
    "timestamp_utc": "2024-11-27T16:48:53.696Z",
    "context_application_version": "1.2.51.345",
    "context_conn_country": "DE",
    "context_device_manufacturer": "Apple Inc.",
    "context_device_model": "MacBookPro17,1",
    "context_device_type": "desktop",
    "context_os_name": "osx",
    "context_os_version": "14.1.2",
    "context_receiver_service_timestamp": 1732725935900,
    "context_time": 1732726133696,
    "message_reason": "stop_broadcast_signal",
    "message_session_id": "16e228e38e55b0e88cf8f2bf1918d405"
  },
  {
    "timestamp_utc": "2024-11-30T17:33:20.377Z",
    "context_application_version": "1.2.51.345",
    "context_conn_country": "DE",
    "context_device_manufacturer": "Apple Inc.",
    "context_device_model": "MacBookPro17,1",
    "context_device_type": "desktop",
    "context_os_name": "osx",
    "context_os_version": "14.1.2",
    "context_receiver_service_timestamp": 1732988338489,
    "context_time": 1732988000377,
    "message_reason": "stop_broadcast_signal",
    "message_session_id": "01f735a292149f56813e8eaaa653abec"
  },
  {
    "timestamp_utc": "2024-11-29T18:04:23.975Z",
    "context_application_version": "1.2.51.345",
    "context_conn_country": "DE",
    "context_device_manufacturer": "Apple Inc.",
    "context_device_model": "MacBookPro17,1",
    "context_device_type": "desktop",
    "context_os_name": "osx",
    "context_os_version": "14.1.2",
    "context_receiver_service_timestamp": 1732910570742,
    "context_time": 1732903463975,
    "message_reason": "stop_broadcast_signal",
    "message_session_id": "f8ee07fb5ad29a3e3ad78e36f241197c"
  },
  {
    "timestamp_utc": "2024-11-14T16:49:52.537Z",
    "context_application_version": "8.9.90.84",
    "context_conn_country": "DE",
    "context_device_manufacturer": "apple",
    "context_device_model": "iPhone15,2",
    "context_device_type": "mobile",
    "context_os_name": "ios",
    "context_os_version": "18.0",
    "context_receiver_service_timestamp": 1731602999114,
    "context_time": 1731602992537,
    "message_reason": "session_changed",
    "message_session_id": "38daec73e67460b166b381f197dcf87d"
  },
  {
    "timestamp_utc": "2024-11-13T16:14:14.250Z",
    "context_application_version": "8.9.90.84",
    "context_conn_country": "DE",
    "context_device_manufacturer": "apple",
    "context_device_model": "iPhone15,2",
    "context_device_type": "mobile",
    "context_os_name": "ios",
    "context_os_version": "18.0",
    "context_receiver_service_timestamp": 1731515880546,
    "context_time": 1731514454250,
    "message_reason": "session_changed",
    "message_session_id": "2e1e4fc1125d43a3d627350f319811f7"
  },
  {
    "timestamp_utc": "2024-11-28T18:04:34.172Z",
    "context_application_version": "8.9.94.418",
    "context_conn_country": "DE",
    "context_device_manufacturer": "apple",
    "context_device_model": "iPhone15,2",
    "context_device_type": "mobile",
    "context_os_name": "ios",
    "context_os_version": "18.0",
    "context_receiver_service_timestamp": 1732817081707,
    "context_time": 1732817074172,
    "message_reason": "session_changed",
    "message_session_id": "451290e6178385af6d5ca622f87ecfde"
  },
  {
    "timestamp_utc": "2024-11-29T10:57:57.088Z",
    "context_application_version": "8.9.94.418",
    "context_conn_country": "DE",
    "context_device_manufacturer": "apple",
    "context_device_model": "iPhone15,2",
    "context_device_type": "mobile",
    "context_os_name": "ios",
    "context_os_version": "18.0",
    "context_receiver_service_timestamp": 1732877904874,
    "context_time": 1732877877088,
    "message_reason": "session_changed",
    "message_session_id": "5edc7cf980ec2a8e869dfeb383314e78"
  },
  {
    "timestamp_utc": "2024-11-26T21:10:37.940Z",
    "context_application_version": "8.9.94.418",
    "context_conn_country": "FR",
    "context_device_manufacturer": "apple",
    "context_device_model": "iPhone14,5",
    "context_device_type": "mobile",
    "context_os_name": "ios",
    "context_os_version": "17.6.1",
    "context_receiver_service_timestamp": 1732699268438,
    "context_time": 1732655437940,
    "message_reason": "session_changed",
    "message_session_id": "8b4d219937db403a6a909ee09d489628"
  },
  {
    "timestamp_utc": "2024-11-17T19:51:44.755Z",
    "context_application_version": "8.9.90.84",
    "context_conn_country": "DE",
    "context_device_manufacturer": "apple",
    "context_device_model": "iPhone15,2",
    "context_device_type": "mobile",
    "context_os_name": "ios",
    "context_os_version": "18.0",
    "context_receiver_service_timestamp": 1731873118023,
    "context_time": 1731873104755,
    "message_reason": "session_changed",
    "message_session_id": "50b0d8ecc6042f87fad7eb0eb56f53b9"
  },
  {
    "timestamp_utc": "2024-11-14T11:09:56.902Z",
    "context_application_version": "1.2.49.439",
    "context_conn_country": "DE",
    "context_device_manufacturer": "Apple Inc.",
    "context_device_model": "MacBookPro17,1",
    "context_device_type": "desktop",
    "context_os_name": "osx",
    "context_os_version": "14.1.2",
    "context_receiver_service_timestamp": 1731582432410,
    "context_time": 1731582596902,
    "message_reason": "stop_broadcast_signal",
    "message_session_id": "b9b28e4b274894c97caeca02e559e3dd"
  },
  {
    "timestamp_utc": "2024-11-29T13:31:51.657Z",
    "context_application_version": "8.9.94.418",
    "context_conn_country": "DE",
    "context_device_manufacturer": "apple",
    "context_device_model": "iPhone15,2",
    "context_device_type": "mobile",
    "context_os_name": "ios",
    "context_os_version": "18.0",
    "context_receiver_service_timestamp": 1732887119924,
    "context_time": 1732887111657,
    "message_reason": "session_changed",
    "message_session_id": "3769912f1faeb57034210bb58e394a8f"
  },
  {
    "timestamp_utc": "2024-11-29T10:57:50.047Z",
    "context_application_version": "8.9.94.418",
    "context_conn_country": "DE",
    "context_device_manufacturer": "apple",
    "context_device_model": "iPhone15,2",
    "context_device_type": "mobile",
    "context_os_name": "ios",
    "context_os_version": "18.0",
    "context_receiver_service_timestamp": 1732877872632,
    "context_time": 1732877870047,
    "message_reason": "session_changed",
    "message_session_id": "e7113ad2892f6fb8ec03c4d21360a199"
  },
  {
    "timestamp_utc": "2024-11-13T16:40:57.391Z",
    "context_application_version": "1.2.49.439",
    "context_conn_country": "DE",
    "context_device_manufacturer": "Apple Inc.",
    "context_device_model": "MacBookPro17,1",
    "context_device_type": "desktop",
    "context_os_name": "osx",
    "context_os_version": "14.1.2",
    "context_receiver_service_timestamp": 1731516287053,
    "context_time": 1731516057391,
    "message_reason": "stop_broadcast_signal",
    "message_session_id": "2e1e4fc1125d43a3d627350f319811f7"
  },
  {
    "timestamp_utc": "2024-11-17T23:40:33.041Z",
    "context_application_version": "8.9.90.84",
    "context_conn_country": "DE",
    "context_device_manufacturer": "apple",
    "context_device_model": "iPhone15,2",
    "context_device_type": "mobile",
    "context_os_name": "ios",
    "context_os_version": "18.0",
    "context_receiver_service_timestamp": 1731886858260,
    "context_time": 1731886833041,
    "message_reason": "session_changed",
    "message_session_id": "50b0d8ecc6042f87fad7eb0eb56f53b9"
  },
  {
    "timestamp_utc": "2024-11-29T13:54:25.860Z",
    "context_application_version": "1.2.51.345",
    "context_conn_country": "DE",
    "context_device_manufacturer": "Apple Inc.",
    "context_device_model": "MacBookPro17,1",
    "context_device_type": "desktop",
    "context_os_name": "osx",
    "context_os_version": "14.1.2",
    "context_receiver_service_timestamp": 1732893604283,
    "context_time": 1732888465860,
    "message_reason": "stop_broadcast_signal",
    "message_session_id": "3769912f1faeb57034210bb58e394a8f"
  },
  {
    "timestamp_utc": "2024-11-20T15:22:20.784Z",
    "context_application_version": "8.9.90.84",
    "context_conn_country": "FR",
    "context_device_manufacturer": "apple",
    "context_device_model": "iPhone14,5",
    "context_device_type": "mobile",
    "context_os_name": "ios",
    "context_os_version": "17.6.1",
    "context_receiver_service_timestamp": 1732116142949,
    "context_time": 1732116140784,
    "message_reason": "session_changed",
    "message_session_id": "3d61a2150c0bd6b52580665015b2b923"
  }
]