[
  {
    "timestamp_utc": "2024-11-13T15:47:58.492Z",
    "context_time": 1731512878492,
    "message_duration": 14,
    "message_events_count": 0,
    "message_has_pool_party_recommendations": false,
    "message_individual_events_count": 0,
    "message_is_eligible_for_fallback": true,
    "message_request_entity_uri": "spotify:album:68A7vrVSyqPeKyxTJc5BkS",
    "message_requested_extension_kind": "LIVE_EVENTS",
    "message_seed_artist_uri": "spotify:artist:2p448Uy4NeOofMbLmLtswW",
    "message_status_code": 200,
    "message_timestamp": 1731512878478
  },
  {
    "timestamp_utc": "2024-11-19T12:36:04.972Z",
    "context_time": 1732019764972,
    "message_duration": 11,
    "message_events_count": 0,
    "message_has_pool_party_recommendations": false,
    "message_individual_events_count": 0,
    "message_is_eligible_for_fallback": true,
    "message_request_entity_uri": "spotify:album:56IC2T71i0teqHqPYvZhCu",
    "message_requested_extension_kind": "LIVE_EVENTS",
    "message_seed_artist_uri": "spotify:artist:5eXMksdGn9wHWqYwCx16Tl",
    "message_status_code": 200,
    "message_timestamp": 1732019764961
  },
  {
    "timestamp_utc": "2024-11-16T00:15:44.773Z",
    "context_time": 1731716144773,
    "message_duration": 16,
    "message_events_count": 4,
    "message_has_pool_party_recommendations": false,
    "message_individual_events_count": 0,
    "message_is_eligible_for_fallback": true,
    "message_request_entity_uri": "spotify:playlist:37i9dQZF1DWZUozJiHy44Y",
    "message_requested_extension_kind": "LIVE_EVENTS",
    "message_seed_artist_uri": "spotify:artist:4dpARuHxo51G3z768sgnrY",
    "message_status_code": 200,
    "message_timestamp": 1731716144757
  },
  {
    "timestamp_utc": "2024-11-27T19:34:35.894Z",
    "context_time": 1732736075894,
    "message_duration": 14,
    "message_events_count": 50,
    "message_has_pool_party_recommendations": false,
    "message_individual_events_count": 3,
    "message_is_eligible_for_fallback": true,
    "message_request_entity_uri": "spotify:playlist:37i9dQZF1DX6cg4h2PoN9y",
    "message_requested_extension_kind": "LIVE_EVENTS",
    "message_seed_artist_uri": "spotify:artist:6qqNVTkY8uBg9cP3Jd7DAH",
    "message_status_code": 200,
    "message_timestamp": 1732736075880
  },
  {
    "timestamp_utc": "2024-11-26T09:16:33.339Z",
    "context_time": 1732612593339,
    "message_duration": 11,
    "message_events_count": 0,
    "message_has_pool_party_recommendations": false,
    "message_individual_events_count": 0,
    "message_is_eligible_for_fallback": true,
    "message_request_entity_uri": "spotify:playlist:37i9dQZF1DWZUozJiHy44Y",
    "message_requested_extension_kind": "LIVE_EVENTS",
    "message_seed_artist_uri": "spotify:artist:4dpARuHxo51G3z768sgnrY",
    "message_status_code": 200,
    "message_timestamp": 1732612593328
  },
  {
    "timestamp_utc": "2024-11-16T14:47:47.143Z",
    "context_time": 1731768467143,
    "message_duration": 14,
    "message_events_count": 3,
    "message_has_pool_party_recommendations": false,
    "message_individual_events_count": 0,
    "message_is_eligible_for_fallback": true,
    "message_request_entity_uri": "spotify:playlist:37i9dQZF1DWZUozJiHy44Y",
    "message_requested_extension_kind": "LIVE_EVENTS",
    "message_seed_artist_uri": "spotify:artist:4dpARuHxo51G3z768sgnrY",
    "message_status_code": 200,
    "message_timestamp": 1731768467129
  },
  {
    "timestamp_utc": "2024-12-04T20:04:53.389Z",
    "context_time": 1733342693389,
    "message_duration": 15,
    "message_events_count": 0,
    "message_has_pool_party_recommendations": false,
    "message_individual_events_count": 0,
    "message_is_eligible_for_fallback": true,
    "message_request_entity_uri": "spotify:playlist:37i9dQZF1DWZUozJiHy44Y",
    "message_requested_extension_kind": "LIVE_EVENTS",
    "message_seed_artist_uri": "spotify:artist:4dpARuHxo51G3z768sgnrY",
    "message_status_code": 200,
    "message_timestamp": 1733342693374
  },
  {
    "timestamp_utc": "2024-11-27T09:21:18.808Z",
    "context_time": 1732699278808,
    "message_duration": 9,
    "message_events_count": 0,
    "message_has_pool_party_recommendations": false,
    "message_individual_events_count": 0,
    "message_is_eligible_for_fallback": true,
    "message_request_entity_uri": "spotify:playlist:37i9dQZF1DWZUozJiHy44Y",
    "message_requested_extension_kind": "LIVE_EVENTS",
    "message_seed_artist_uri": "spotify:artist:4dpARuHxo51G3z768sgnrY",
    "message_status_code": 200,
    "message_timestamp": 1732699278799
  },
  {
    "timestamp_utc": "2024-11-15T22:53:31.090Z",
    "context_time": 1731711211090,
    "message_duration": 18,
    "message_events_count": 4,
    "message_has_pool_party_recommendations": false,
    "message_individual_events_count": 0,
    "message_is_eligible_for_fallback": true,
    "message_request_entity_uri": "spotify:playlist:37i9dQZF1DWZUozJiHy44Y",
    "message_requested_extension_kind": "LIVE_EVENTS",
    "message_seed_artist_uri": "spotify:artist:4dpARuHxo51G3z768sgnrY",
    "message_status_code": 200,
    "message_timestamp": 1731711211072
  },
  {
    "timestamp_utc": "2024-11-27T19:33:21.784Z",
    "context_time": 1732736001784,
    "message_duration": 18,
    "message_events_count": 65,
    "message_has_pool_party_recommendations": false,
    "message_individual_events_count": 3,
    "message_is_eligible_for_fallback": true,
    "message_request_entity_uri": "spotify:artist:6qqNVTkY8uBg9cP3Jd7DAH",
    "message_requested_extension_kind": "LOCAL_CONCERTS",
    "message_seed_artist_uri": "spotify:artist:6qqNVTkY8uBg9cP3Jd7DAH",
    "message_status_code": 200,
    "message_timestamp": 1732736001766
  },
  {
    "timestamp_utc": "2024-12-05T12:37:41.513Z",
    "context_time": 1733402261513,
    "message_duration": 10,
    "message_events_count": 0,
    "message_has_pool_party_recommendations": false,
    "message_individual_events_count": 0,
    "message_is_eligible_for_fallback": true,
    "message_request_entity_uri": "spotify:playlist:37i9dQZF1DZ06evO03FbPP",
    "message_requested_extension_kind": "LIVE_EVENTS",
    "message_seed_artist_uri": "spotify:artist:0dwFxqYkvZLSA6U6XfQcDV",
    "message_status_code": 200,
    "message_timestamp": 1733402261503
  },
  {
    "timestamp_utc": "2024-12-05T10:02:44.190Z",
    "context_time": 1733392964190,
    "message_duration": 9,
    "message_events_count": 0,
    "message_has_pool_party_recommendations": false,
    "message_individual_events_count": 0,
    "message_is_eligible_for_fallback": true,
    "message_request_entity_uri": "spotify:playlist:37i9dQZF1DZ06evO03FbPP",
    "message_requested_extension_kind": "LIVE_EVENTS",
    "message_seed_artist_uri": "spotify:artist:0dwFxqYkvZLSA6U6XfQcDV",
    "message_status_code": 200,
    "message_timestamp": 1733392964181
  },
  {
    "timestamp_utc": "2024-11-16T10:14:51.141Z",
    "context_time": 1731752091141,
    "message_duration": 18,
    "message_events_count": 3,
    "message_has_pool_party_recommendations": false,
    "message_individual_events_count": 0,
    "message_is_eligible_for_fallback": true,
    "message_request_entity_uri": "spotify:playlist:37i9dQZF1DWZUozJiHy44Y",
    "message_requested_extension_kind": "LIVE_EVENTS",
    "message_seed_artist_uri": "spotify:artist:4dpARuHxo51G3z768sgnrY",
    "message_status_code": 200,
    "message_timestamp": 1731752091123
  },
  {
    "timestamp_utc": "2024-11-16T23:15:44.320Z",
    "context_time": 1731798944320,
    "message_duration": 16,
    "message_events_count": 3,
    "message_has_pool_party_recommendations": false,
    "message_individual_events_count": 0,
    "message_is_eligible_for_fallback": true,
    "message_request_entity_uri": "spotify:playlist:37i9dQZF1DWZUozJiHy44Y",
    "message_requested_extension_kind": "LIVE_EVENTS",
    "message_seed_artist_uri": "spotify:artist:4dpARuHxo51G3z768sgnrY",
    "message_status_code": 200,
    "message_timestamp": 1731798944304
  },
  {
    "timestamp_utc": "2024-12-03T10:15:48.057Z",
    "context_time": 1733220948057,
    "message_duration": 10,
    "message_events_count": 1,
    "message_has_pool_party_recommendations": false,
    "message_individual_events_count": 0,
    "message_is_eligible_for_fallback": true,
    "message_request_entity_uri": "spotify:playlist:37i9dQZF1DZ06evO1xnOx2",
    "message_requested_extension_kind": "LIVE_EVENTS",
    "message_seed_artist_uri": "spotify:artist:2FXC3k01G6Gw61bmprjgqS",
    "message_status_code": 200,
    "message_timestamp": 1733220948047
  },
  {
    "timestamp_utc": "2024-12-03T13:56:22.021Z",
    "context_time": 1733234182021,
    "message_duration": 16,
    "message_events_count": 0,
    "message_has_pool_party_recommendations": false,
    "message_individual_events_count": 0,
    "message_is_eligible_for_fallback": true,
    "message_request_entity_uri": "spotify:album:7h5YXGDPG5nC2yNfRe5lLp",
    "message_requested_extension_kind": "LIVE_EVENTS",
    "message_seed_artist_uri": "spotify:artist:2GVksDv9UpY60i4CvytrZK",
    "message_status_code": 200,
    "message_timestamp": 1733234182005
  },
  {
    "timestamp_utc": "2024-11-19T13:11:13.399Z",
    "context_time": 1732021873399,
    "message_duration": 10,
    "message_events_count": 0,
    "message_has_pool_party_recommendations": false,
    "message_individual_events_count": 0,
    "message_is_eligible_for_fallback": true,
    "message_request_entity_uri": "spotify:album:3E1BsHAXbrhuF15Ubqo7y9",
    "message_requested_extension_kind": "LIVE_EVENTS",
    "message_seed_artist_uri": "spotify:artist:0dOAYwm9ZFUqHLczUorSxh",
    "message_status_code": 200,
    "message_timestamp": 1732021873389
  },
  {
    "timestamp_utc": "2024-11-27T19:34:06.976Z",
    "context_time": 1732736046976,
    "message_duration": 13,
    "message_events_count": 50,
    "message_has_pool_party_recommendations": false,
    "message_individual_events_count": 3,
    "message_is_eligible_for_fallback": true,
    "message_request_entity_uri": "spotify:album:7aJuG4TFXa2hmE4z1yxc3n",
    "message_requested_extension_kind": "LIVE_EVENTS",
    "message_seed_artist_uri": "spotify:artist:6qqNVTkY8uBg9cP3Jd7DAH",
    "message_status_code": 200,
    "message_timestamp": 1732736046963
  },
  {
    "timestamp_utc": "2024-11-12T12:28:57.595Z",
    "context_time": 1731414537595,
    "message_duration": 9,
    "message_events_count": 39,
    "message_has_pool_party_recommendations": false,
    "message_individual_events_count": 0,
    "message_is_eligible_for_fallback": true,
    "message_request_entity_uri": "spotify:album:1PdMoahMiMnqWfzWZs3xSI",
    "message_requested_extension_kind": "LIVE_EVENTS",
    "message_seed_artist_uri": "spotify:artist:4gzpq5DPGxSnKTe4SA8HAU",
    "message_status_code": 200,
    "message_timestamp": 1731414537586
  },
  {
    "timestamp_utc": "2024-11-17T10:24:33.647Z",
    "context_time": 1731839073647,
    "message_duration": 17,
    "message_events_count": 2,
    "message_has_pool_party_recommendations": false,
    "message_individual_events_count": 0,
    "message_is_eligible_for_fallback": true,
    "message_request_entity_uri": "spotify:playlist:37i9dQZF1DWZUozJiHy44Y",
    "message_requested_extension_kind": "LIVE_EVENTS",
    "message_seed_artist_uri": "spotify:artist:4dpARuHxo51G3z768sgnrY",
    "message_status_code": 200,
    "message_timestamp": 1731839073630
  },
  {
    "timestamp_utc": "2024-11-06T21:30:48.715Z",
    "context_time": 1730928648715,
    "message_duration": 8,
    "message_events_count": 0,
    "message_has_pool_party_recommendations": false,
    "message_individual_events_count": 0,
    "message_is_eligible_for_fallback": true,
    "message_request_entity_uri": "spotify:artist:2aZVHz0Csqi98qmfCoWDrp",
    "message_requested_extension_kind": "LOCAL_CONCERTS",
    "message_seed_artist_uri": "spotify:artist:2aZVHz0Csqi98qmfCoWDrp",
    "message_status_code": 404,
    "message_timestamp": 1730928648707
  },
  {
    "timestamp_utc": "2024-11-22T08:26:07.078Z",
    "context_time": 1732263967078,
    "message_duration": 11,
    "message_events_count": 0,
    "message_has_pool_party_recommendations": false,
    "message_individual_events_count": 0,
    "message_is_eligible_for_fallback": true,
    "message_request_entity_uri": "spotify:playlist:37i9dQZF1DZ06evO03FbPP",
    "message_requested_extension_kind": "LIVE_EVENTS",
    "message_seed_artist_uri": "spotify:artist:0dwFxqYkvZLSA6U6XfQcDV",
    "message_status_code": 200,
    "message_timestamp": 1732263967067
  },
  {
    "timestamp_utc": "2024-12-03T14:48:44.787Z",
    "context_time": 1733237324787,
    "message_duration": 18,
    "message_events_count": 0,
    "message_has_pool_party_recommendations": false,
    "message_individual_events_count": 0,
    "message_is_eligible_for_fallback": true,
    "message_request_entity_uri": "spotify:playlist:37i9dQZF1DWZUozJiHy44Y",
    "message_requested_extension_kind": "LIVE_EVENTS",
    "message_seed_artist_uri": "spotify:artist:4dpARuHxo51G3z768sgnrY",
    "message_status_code": 200,
    "message_timestamp": 1733237324769
  },
  {
    "timestamp_utc": "2024-11-24T20:48:28.061Z",
    "context_time": 1732481308061,
    "message_duration": 65,
    "message_events_count": 0,
    "message_has_pool_party_recommendations": false,
    "message_individual_events_count": 0,
    "message_is_eligible_for_fallback": true,
    "message_request_entity_uri": "spotify:artist:6v3svbntXqckH0VLMYNFi0",
    "message_requested_extension_kind": "LOCAL_CONCERTS",
    "message_seed_artist_uri": "spotify:artist:6v3svbntXqckH0VLMYNFi0",
    "message_status_code": 404,
    "message_timestamp": 1732481307996
  },
  {
    "timestamp_utc": "2024-11-27T07:52:16.652Z",
    "context_time": 1732693936652,
    "message_duration": 15,
    "message_events_count": 3,
    "message_has_pool_party_recommendations": false,
    "message_individual_events_count": 0,
    "message_is_eligible_for_fallback": true,
    "message_request_entity_uri": "spotify:album:1NAmidJlEaVgA3MpcPFYGq",
    "message_requested_extension_kind": "LIVE_EVENTS",
    "message_seed_artist_uri": "spotify:artist:06HL4z0CvFAxyc27GXpf02",
    "message_status_code": 200,
    "message_timestamp": 1732693936637
  },
  {
    "timestamp_utc": "2024-12-05T11:19:26.137Z",
    "context_time": 1733397566137,
    "message_duration": 8,
    "message_events_count": 0,
    "message_has_pool_party_recommendations": false,
    "message_individual_events_count": 0,
    "message_is_eligible_for_fallback": true,
    "message_request_entity_uri": "spotify:playlist:37i9dQZF1DZ06evO03FbPP",
    "message_requested_extension_kind": "LIVE_EVENTS",
    "message_seed_artist_uri": "spotify:artist:0dwFxqYkvZLSA6U6XfQcDV",
    "message_status_code": 200,
    "message_timestamp": 1733397566129
  },
  {
    "timestamp_utc": "2024-11-18T12:55:02.257Z",
    "context_time": 1731934502257,
    "message_duration": 9,
    "message_events_count": 1,
    "message_has_pool_party_recommendations": false,
    "message_individual_events_count": 0,
    "message_is_eligible_for_fallback": true,
    "message_request_entity_uri": "spotify:artist:1hJuGCUpefX24GFmss9bjH",
    "message_requested_extension_kind": "LOCAL_CONCERTS",
    "message_seed_artist_uri": "spotify:artist:1hJuGCUpefX24GFmss9bjH",
    "message_status_code": 404,
    "message_timestamp": 1731934502248
  },
  {
    "timestamp_utc": "2024-11-18T08:19:09.902Z",
    "context_time": 1731917949902,
    "message_duration": 10,
    "message_events_count": 0,
    "message_has_pool_party_recommendations": false,
    "message_individual_events_count": 0,
    "message_is_eligible_for_fallback": true,
    "message_request_entity_uri": "spotify:playlist:37i9dQZF1DZ06evO03FbPP",
    "message_requested_extension_kind": "LIVE_EVENTS",
    "message_seed_artist_uri": "spotify:artist:0dwFxqYkvZLSA6U6XfQcDV",
    "message_status_code": 200,
    "message_timestamp": 1731917949892
  },
  {
    "timestamp_utc": "2024-11-16T14:41:59.720Z",
    "context_time": 1731768119720,
    "message_duration": 15,
    "message_events_count": 3,
    "message_has_pool_party_recommendations": false,
    "message_individual_events_count": 0,
    "message_is_eligible_for_fallback": true,
    "message_request_entity_uri": "spotify:playlist:37i9dQZF1DWZUozJiHy44Y",
    "message_requested_extension_kind": "LIVE_EVENTS",
    "message_seed_artist_uri": "spotify:artist:4dpARuHxo51G3z768sgnrY",
    "message_status_code": 200,
    "message_timestamp": 1731768119705
  },
  {
    "timestamp_utc": "2024-11-12T12:29:28.800Z",
    "context_time": 1731414568800,
    "message_duration": 6,
    "message_events_count": 13,
    "message_has_pool_party_recommendations": false,
    "message_individual_events_count": 0,
    "message_is_eligible_for_fallback": true,
    "message_request_entity_uri": "spotify:playlist:37i9dQZF1DZ06evO2au2S3",
    "message_requested_extension_kind": "LIVE_EVENTS",
    "message_seed_artist_uri": "spotify:artist:3IWdvItNhmdo282Wwp0CwH",
    "message_status_code": 200,
    "message_timestamp": 1731414568794
  },
  {
    "timestamp_utc": "2024-11-12T16:36:38.705Z",
    "context_time": 1731429398705,
    "message_duration": 15,
    "message_events_count": 0,
    "message_has_pool_party_recommendations": false,
    "message_individual_events_count": 0,
    "message_is_eligible_for_fallback": true,
    "message_request_entity_uri": "spotify:artist:5jpdn32kITdVr85niBEu02",
    "message_requested_extension_kind": "LOCAL_CONCERTS",
    "message_seed_artist_uri": "spotify:artist:5jpdn32kITdVr85niBEu02",
    "message_status_code": 404,
    "message_timestamp": 1731429398690
  },
  {
    "timestamp_utc": "2024-11-12T16:36:38.706Z",
    "context_time": 1731429398706,
    "message_duration": 18,
    "message_events_count": 0,
    "message_has_pool_party_recommendations": false,
    "message_individual_events_count": 0,
    "message_is_eligible_for_fallback": true,
    "message_request_entity_uri": "spotify:artist:5jpdn32kITdVr85niBEu02",
    "message_requested_extension_kind": "LOCAL_CONCERTS",
    "message_seed_artist_uri": "spotify:artist:5jpdn32kITdVr85niBEu02",
    "message_status_code": 404,
    "message_timestamp": 1731429398688
  },
  {
    "timestamp_utc": "2024-11-29T19:38:41.819Z",
    "context_time": 1732909121819,
    "message_duration": 10,
    "message_events_count": 0,
    "message_has_pool_party_recommendations": false,
    "message_individual_events_count": 0,
    "message_is_eligible_for_fallback": true,
    "message_request_entity_uri": "spotify:playlist:37i9dQZF1DZ06evO4xb6jm",
    "message_requested_extension_kind": "LIVE_EVENTS",
    "message_seed_artist_uri": "spotify:artist:7EK1bQADBoqbYXnT4Cqv9w",
    "message_status_code": 200,
    "message_timestamp": 1732909121809
  }
]