[
  {
    "timestamp_utc": "2024-10-21T19:01:24.538Z",
    "context_application_version": "8.9.82.628",
    "context_conn_country": "DE",
    "context_device_manufacturer": "apple",
    "context_device_model": "iPhone15,2",
    "context_device_type": "mobile",
    "context_os_name": "ios",
    "context_os_version": "18.0",
    "context_receiver_service_timestamp": 1729537304425,
    "context_time": 1729537284538,
    "message_message_uuid": "7C0FCAAD-4651-446F-90C6-B76502F75DDE"
  },
  {
    "timestamp_utc": "2024-11-17T19:24:33.128Z",
    "context_application_version": "8.9.90.84",
    "context_conn_country": "DE",
    "context_device_manufacturer": "apple",
    "context_device_model": "iPhone15,2",
    "context_device_type": "mobile",
    "context_os_name": "ios",
    "context_os_version": "18.0",
    "context_receiver_service_timestamp": 1731871473593,
    "context_time": 1731871473128,
    "message_message_uuid": "86B18183-A257-4F8D-B8E8-DF5A05A727D2"
  },
  {
    "timestamp_utc": "2024-11-30T16:07:01.041Z",
    "context_application_version": "8.9.94.418",
    "context_conn_country": "DE",
    "context_device_manufacturer": "apple",
    "context_device_model": "iPhone15,2",
    "context_device_type": "mobile",
    "context_os_name": "ios",
    "context_os_version": "18.0",
    "context_receiver_service_timestamp": 1732982840522,
    "context_time": 1732982821041,
    "message_message_uuid": "962BAF3B-E22C-4BA0-9F43-9A2D599A2D80"
  },
  {
    "timestamp_utc": "2024-10-21T20:18:34.638Z",
    "context_application_version": "8.9.82.628",
    "context_conn_country": "DE",
    "context_device_manufacturer": "apple",
    "context_device_model": "iPhone15,2",
    "context_device_type": "mobile",
    "context_os_name": "ios",
    "context_os_version": "18.0",
    "context_receiver_service_timestamp": 1729541924326,
    "context_time": 1729541914638,
    "message_message_uuid": "AFCFB615-7B38-4CAF-B67D-DEBB5A7A8CDA"
  },
  {
    "timestamp_utc": "2024-11-17T19:37:38.375Z",
    "context_application_version": "8.9.90.84",
    "context_conn_country": "DE",
    "context_device_manufacturer": "apple",
    "context_device_model": "iPhone15,2",
    "context_device_type": "mobile",
    "context_os_name": "ios",
    "context_os_version": "18.0",
    "context_receiver_service_timestamp": 1731872278042,
    "context_time": 1731872258375,
    "message_message_uuid": "CAADB412-E955-4F65-8FB1-5CAE7EFC0A5E"
  }
]