[
  {
    "message_id": "downloads",
    "timestamp_utc": "2024-09-09T11:54:53.341Z",
    "context_application_version": "1.2.45.454",
    "context_conn_country": "FR",
    "context_device_manufacturer": "HP",
    "context_device_model": "HP EliteBook 830 G5",
    "context_device_type": "desktop",
    "context_os_name": "windows",
    "context_os_version": "10.0.19045",
    "context_receiver_service_timestamp": 1725883332092,
    "context_time": 1725882893341,
    "message_tracks": 128
  },
  {
    "message_id": "downloads",
    "timestamp_utc": "2024-11-18T17:08:24.020Z",
    "context_application_version": "1.2.50.335",
    "context_conn_country": "FR",
    "context_device_manufacturer": "HP",
    "context_device_model": "HP EliteBook 830 G5",
    "context_device_type": "desktop",
    "context_os_name": "windows",
    "context_os_version": "10.0.19045",
    "context_receiver_service_timestamp": 1731949874599,
    "context_time": 1731949704020,
    "message_tracks": 128
  },
  {
    "message_id": "downloads",
    "timestamp_utc": "2024-09-24T14:50:44.761Z",
    "context_application_version": "1.2.45.454",
    "context_conn_country": "FR",
    "context_device_manufacturer": "HP",
    "context_device_model": "HP EliteBook 830 G5",
    "context_device_type": "desktop",
    "context_os_name": "windows",
    "context_os_version": "10.0.19045",
    "context_receiver_service_timestamp": 1727189885445,
    "context_time": 1727189444761,
    "message_tracks": 128
  },
  {
    "message_id": "downloads",
    "timestamp_utc": "2024-10-15T12:26:55.053Z",
    "context_application_version": "1.2.48.405",
    "context_conn_country": "FR",
    "context_device_manufacturer": "HP",
    "context_device_model": "HP EliteBook 830 G5",
    "context_device_type": "desktop",
    "context_os_name": "windows",
    "context_os_version": "10.0.19045",
    "context_receiver_service_timestamp": 1728995491343,
    "context_time": 1728995215053,
    "message_tracks": 128
  },
  {
    "message_id": "windows_music_library",
    "timestamp_utc": "2024-11-30T11:24:47.256Z",
    "context_application_version": "1.2.51.345",
    "context_conn_country": "FR",
    "context_device_manufacturer": "HP",
    "context_device_model": "HP EliteBook 830 G5",
    "context_device_type": "desktop",
    "context_os_name": "windows",
    "context_os_version": "10.0.19045",
    "context_receiver_service_timestamp": 1733218786743,
    "context_time": 1732965887256,
    "message_tracks": 105
  },
  {
    "message_id": "downloads",
    "timestamp_utc": "2024-11-20T10:42:42.930Z",
    "context_application_version": "1.2.50.335",
    "context_conn_country": "FR",
    "context_device_manufacturer": "HP",
    "context_device_model": "HP EliteBook 830 G5",
    "context_device_type": "desktop",
    "context_os_name": "windows",
    "context_os_version": "10.0.19045",
    "context_receiver_service_timestamp": 1732099530595,
    "context_time": 1732099362930,
    "message_tracks": 128
  },
  {
    "message_id": "windows_music_library",
    "timestamp_utc": "2024-11-10T12:27:58.836Z",
    "context_application_version": "1.2.49.439",
    "context_conn_country": "FR",
    "context_device_manufacturer": "HP",
    "context_device_model": "HP EliteBook 830 G5",
    "context_device_type": "desktop",
    "context_os_name": "windows",
    "context_os_version": "10.0.19045",
    "context_receiver_service_timestamp": 1731241825521,
    "context_time": 1731241678836,
    "message_tracks": 105
  },
  {
    "message_id": "downloads",
    "timestamp_utc": "2024-09-22T18:49:13.621Z",
    "context_application_version": "1.2.45.454",
    "context_conn_country": "FR",
    "context_device_manufacturer": "HP",
    "context_device_model": "HP EliteBook 830 G5",
    "context_device_type": "desktop",
    "context_os_name": "windows",
    "context_os_version": "10.0.19045",
    "context_receiver_service_timestamp": 1727031181228,
    "context_time": 1727030953621,
    "message_tracks": 128
  },
  {
    "message_id": "windows_music_library",
    "timestamp_utc": "2024-10-20T08:00:57.913Z",
    "context_application_version": "1.2.48.405",
    "context_conn_country": "FR",
    "context_device_manufacturer": "HP",
    "context_device_model": "HP EliteBook 830 G5",
    "context_device_type": "desktop",
    "context_os_name": "windows",
    "context_os_version": "10.0.19045",
    "context_receiver_service_timestamp": 1729411383071,
    "context_time": 1729411257913,
    "message_tracks": 105
  },
  {
    "message_id": "windows_music_library",
    "timestamp_utc": "2024-09-26T16:20:27.071Z",
    "context_application_version": "1.2.47.364",
    "context_conn_country": "FR",
    "context_device_manufacturer": "HP",
    "context_device_model": "HP EliteBook 830 G5",
    "context_device_type": "desktop",
    "context_os_name": "windows",
    "context_os_version": "10.0.19045",
    "context_receiver_service_timestamp": 1727367739002,
    "context_time": 1727367627071,
    "message_tracks": 105
  },
  {
    "message_id": "windows_music_library",
    "timestamp_utc": "2024-11-29T10:57:12.509Z",
    "context_application_version": "1.2.51.345",
    "context_conn_country": "FR",
    "context_device_manufacturer": "HP",
    "context_device_model": "HP EliteBook 830 G5",
    "context_device_type": "desktop",
    "context_os_name": "windows",
    "context_os_version": "10.0.19045",
    "context_receiver_service_timestamp": 1733218786618,
    "context_time": 1732877832509,
    "message_tracks": 105
  },
  {
    "message_id": "downloads",
    "timestamp_utc": "2024-11-11T14:59:04.076Z",
    "context_application_version": "1.2.49.439",
    "context_conn_country": "FR",
    "context_device_manufacturer": "HP",
    "context_device_model": "HP EliteBook 830 G5",
    "context_device_type": "desktop",
    "context_os_name": "windows",
    "context_os_version": "10.0.19045",
    "context_receiver_service_timestamp": 1731337297242,
    "context_time": 1731337144076,
    "message_tracks": 128
  },
  {
    "message_id": "windows_music_library",
    "timestamp_utc": "2024-10-16T13:49:31.887Z",
    "context_application_version": "1.2.48.405",
    "context_conn_country": "FR",
    "context_device_manufacturer": "HP",
    "context_device_model": "HP EliteBook 830 G5",
    "context_device_type": "desktop",
    "context_os_name": "windows",
    "context_os_version": "10.0.19045",
    "context_receiver_service_timestamp": 1729086820438,
    "context_time": 1729086571887,
    "message_tracks": 105
  },
  {
    "message_id": "windows_music_library",
    "timestamp_utc": "2024-10-25T16:03:54.509Z",
    "context_application_version": "1.2.49.439",
    "context_conn_country": "FR",
    "context_device_manufacturer": "HP",
    "context_device_model": "HP EliteBook 830 G5",
    "context_device_type": "desktop",
    "context_os_name": "windows",
    "context_os_version": "10.0.19045",
    "context_receiver_service_timestamp": 1729872364691,
    "context_time": 1729872234509,
    "message_tracks": 105
  },
  {
    "message_id": "windows_music_library",
    "timestamp_utc": "2024-09-25T12:06:53.990Z",
    "context_application_version": "1.2.47.364",
    "context_conn_country": "FR",
    "context_device_manufacturer": "HP",
    "context_device_model": "HP EliteBook 830 G5",
    "context_device_type": "desktop",
    "context_os_name": "windows",
    "context_os_version": "10.0.19045",
    "context_receiver_service_timestamp": 1727270246078,
    "context_time": 1727266013990,
    "message_tracks": 105
  },
  {
    "message_id": "downloads",
    "timestamp_utc": "2024-09-24T17:50:58.207Z",
    "context_application_version": "1.2.45.454",
    "context_conn_country": "FR",
    "context_device_manufacturer": "HP",
    "context_device_model": "HP EliteBook 830 G5",
    "context_device_type": "desktop",
    "context_os_name": "windows",
    "context_os_version": "10.0.19045",
    "context_receiver_service_timestamp": 1727201119804,
    "context_time": 1727200258207,
    "message_tracks": 128
  },
  {
    "message_id": "windows_music_library",
    "timestamp_utc": "2024-10-04T07:58:22.728Z",
    "context_application_version": "1.2.47.364",
    "context_conn_country": "FR",
    "context_device_manufacturer": "HP",
    "context_device_model": "HP EliteBook 830 G5",
    "context_device_type": "desktop",
    "context_os_name": "windows",
    "context_os_version": "10.0.19045",
    "context_receiver_service_timestamp": 1728028898470,
    "context_time": 1728028702728,
    "message_tracks": 105
  },
  {
    "message_id": "downloads",
    "timestamp_utc": "2024-11-25T21:48:33.142Z",
    "context_application_version": "1.2.50.335",
    "context_conn_country": "FR",
    "context_device_manufacturer": "HP",
    "context_device_model": "HP EliteBook 830 G5",
    "context_device_type": "desktop",
    "context_os_name": "windows",
    "context_os_version": "10.0.19045",
    "context_receiver_service_timestamp": 1732571331903,
    "context_time": 1732571313142,
    "message_tracks": 128
  },
  {
    "message_id": "downloads",
    "timestamp_utc": "2024-12-03T23:46:10.003Z",
    "context_application_version": "1.2.51.345",
    "context_conn_country": "FR",
    "context_device_manufacturer": "HP",
    "context_device_model": "HP EliteBook 830 G5",
    "context_device_type": "desktop",
    "context_os_name": "windows",
    "context_os_version": "10.0.19045",
    "context_receiver_service_timestamp": 1733306870669,
    "context_time": 1733269570003,
    "message_tracks": 128
  },
  {
    "message_id": "downloads",
    "timestamp_utc": "2024-11-07T23:12:07.729Z",
    "context_application_version": "1.2.49.439",
    "context_conn_country": "FR",
    "context_device_manufacturer": "HP",
    "context_device_model": "HP EliteBook 830 G5",
    "context_device_type": "desktop",
    "context_os_name": "windows",
    "context_os_version": "10.0.19045",
    "context_receiver_service_timestamp": 1731241804918,
    "context_time": 1731021127729,
    "message_tracks": 128
  },
  {
    "message_id": "windows_music_library",
    "timestamp_utc": "2024-12-04T10:03:03.490Z",
    "context_application_version": "1.2.51.345",
    "context_conn_country": "FR",
    "context_device_manufacturer": "HP",
    "context_device_model": "HP EliteBook 830 G5",
    "context_device_type": "desktop",
    "context_os_name": "windows",
    "context_os_version": "10.0.19045",
    "context_receiver_service_timestamp": 1733306871738,
    "context_time": 1733306583490,
    "message_tracks": 105
  },
  {
    "message_id": "downloads",
    "timestamp_utc": "2024-11-14T09:42:58.703Z",
    "context_application_version": "1.2.49.439",
    "context_conn_country": "FR",
    "context_device_manufacturer": "HP",
    "context_device_model": "HP EliteBook 830 G5",
    "context_device_type": "desktop",
    "context_os_name": "windows",
    "context_os_version": "10.0.19045",
    "context_receiver_service_timestamp": 1731577519066,
    "context_time": 1731577378703,
    "message_tracks": 128
  },
  {
    "message_id": "windows_music_library",
    "timestamp_utc": "2024-10-16T07:57:31.383Z",
    "context_application_version": "1.2.48.405",
    "context_conn_country": "FR",
    "context_device_manufacturer": "HP",
    "context_device_model": "HP EliteBook 830 G5",
    "context_device_type": "desktop",
    "context_os_name": "windows",
    "context_os_version": "10.0.19045",
    "context_receiver_service_timestamp": 1729065574104,
    "context_time": 1729065451383,
    "message_tracks": 105
  },
  {
    "message_id": "windows_music_library",
    "timestamp_utc": "2024-09-20T06:08:46.234Z",
    "context_application_version": "1.2.45.454",
    "context_conn_country": "FR",
    "context_device_manufacturer": "HP",
    "context_device_model": "HP EliteBook 830 G5",
    "context_device_type": "desktop",
    "context_os_name": "windows",
    "context_os_version": "10.0.19045",
    "context_receiver_service_timestamp": 1726913867840,
    "context_time": 1726812526234,
    "message_tracks": 105
  },
  {
    "message_id": "downloads",
    "timestamp_utc": "2024-11-18T13:14:29.569Z",
    "context_application_version": "1.2.50.335",
    "context_conn_country": "FR",
    "context_device_manufacturer": "HP",
    "context_device_model": "HP EliteBook 830 G5",
    "context_device_type": "desktop",
    "context_os_name": "windows",
    "context_os_version": "10.0.19045",
    "context_receiver_service_timestamp": 1731945747465,
    "context_time": 1731935669569,
    "message_tracks": 128
  },
  {
    "message_id": "downloads",
    "timestamp_utc": "2024-10-28T08:57:16.153Z",
    "context_application_version": "1.2.49.439",
    "context_conn_country": "FR",
    "context_device_manufacturer": "HP",
    "context_device_model": "HP EliteBook 830 G5",
    "context_device_type": "desktop",
    "context_os_name": "windows",
    "context_os_version": "10.0.19045",
    "context_receiver_service_timestamp": 1730549901988,
    "context_time": 1730105836153,
    "message_tracks": 128
  },
  {
    "message_id": "windows_music_library",
    "timestamp_utc": "2024-11-25T21:48:33.141Z",
    "context_application_version": "1.2.50.335",
    "context_conn_country": "FR",
    "context_device_manufacturer": "HP",
    "context_device_model": "HP EliteBook 830 G5",
    "context_device_type": "desktop",
    "context_os_name": "windows",
    "context_os_version": "10.0.19045",
    "context_receiver_service_timestamp": 1732571331903,
    "context_time": 1732571313141,
    "message_tracks": 105
  },
  {
    "message_id": "downloads",
    "timestamp_utc": "2024-09-21T22:18:49.699Z",
    "context_application_version": "1.2.45.454",
    "context_conn_country": "FR",
    "context_device_manufacturer": "HP",
    "context_device_model": "HP EliteBook 830 G5",
    "context_device_type": "desktop",
    "context_os_name": "windows",
    "context_os_version": "10.0.19045",
    "context_receiver_service_timestamp": 1726995026581,
    "context_time": 1726957129699,
    "message_tracks": 128
  },
  {
    "message_id": "downloads",
    "timestamp_utc": "2024-10-18T08:37:06.306Z",
    "context_application_version": "1.2.48.405",
    "context_conn_country": "FR",
    "context_device_manufacturer": "HP",
    "context_device_model": "HP EliteBook 830 G5",
    "context_device_type": "desktop",
    "context_os_name": "windows",
    "context_os_version": "10.0.19045",
    "context_receiver_service_timestamp": 1729240733853,
    "context_time": 1729240626306,
    "message_tracks": 128
  },
  {
    "message_id": "downloads",
    "timestamp_utc": "2024-10-10T17:45:30.220Z",
    "context_application_version": "1.2.47.364",
    "context_conn_country": "FR",
    "context_device_manufacturer": "HP",
    "context_device_model": "HP EliteBook 830 G5",
    "context_device_type": "desktop",
    "context_os_name": "windows",
    "context_os_version": "10.0.19045",
    "context_receiver_service_timestamp": 1728582626666,
    "context_time": 1728582330220,
    "message_tracks": 128
  },
  {
    "message_id": "downloads",
    "timestamp_utc": "2024-11-20T16:27:29.458Z",
    "context_application_version": "1.2.50.335",
    "context_conn_country": "FR",
    "context_device_manufacturer": "HP",
    "context_device_model": "HP EliteBook 830 G5",
    "context_device_type": "desktop",
    "context_os_name": "windows",
    "context_os_version": "10.0.19045",
    "context_receiver_service_timestamp": 1732354211908,
    "context_time": 1732120049458,
    "message_tracks": 128
  },
  {
    "message_id": "windows_music_library",
    "timestamp_utc": "2024-10-15T09:11:36.746Z",
    "context_application_version": "1.2.48.405",
    "context_conn_country": "FR",
    "context_device_manufacturer": "HP",
    "context_device_model": "HP EliteBook 830 G5",
    "context_device_type": "desktop",
    "context_os_name": "windows",
    "context_os_version": "10.0.19045",
    "context_receiver_service_timestamp": 1728995355019,
    "context_time": 1728983496746,
    "message_tracks": 105
  },
  {
    "message_id": "downloads",
    "timestamp_utc": "2024-09-23T08:13:05.288Z",
    "context_application_version": "1.2.45.454",
    "context_conn_country": "FR",
    "context_device_manufacturer": "HP",
    "context_device_model": "HP EliteBook 830 G5",
    "context_device_type": "desktop",
    "context_os_name": "windows",
    "context_os_version": "10.0.19045",
    "context_receiver_service_timestamp": 1727084516910,
    "context_time": 1727079185288,
    "message_tracks": 128
  },
  {
    "message_id": "windows_music_library",
    "timestamp_utc": "2024-11-19T15:15:20.203Z",
    "context_application_version": "1.2.50.335",
    "context_conn_country": "FR",
    "context_device_manufacturer": "HP",
    "context_device_model": "HP EliteBook 830 G5",
    "context_device_type": "desktop",
    "context_os_name": "windows",
    "context_os_version": "10.0.19045",
    "context_receiver_service_timestamp": 1732099530595,
    "context_time": 1732029320203,
    "message_tracks": 105
  },
  {
    "message_id": "downloads",
    "timestamp_utc": "2024-11-07T07:32:32.193Z",
    "context_application_version": "1.2.49.439",
    "context_conn_country": "FR",
    "context_device_manufacturer": "HP",
    "context_device_model": "HP EliteBook 830 G5",
    "context_device_type": "desktop",
    "context_os_name": "windows",
    "context_os_version": "10.0.19045",
    "context_receiver_service_timestamp": 1730965204713,
    "context_time": 1730964752193,
    "message_tracks": 128
  },
  {
    "message_id": "windows_music_library",
    "timestamp_utc": "2024-11-19T13:19:47.527Z",
    "context_application_version": "1.2.50.335",
    "context_conn_country": "FR",
    "context_device_manufacturer": "HP",
    "context_device_model": "HP EliteBook 830 G5",
    "context_device_type": "desktop",
    "context_os_name": "windows",
    "context_os_version": "10.0.19045",
    "context_receiver_service_timestamp": 1732022602995,
    "context_time": 1732022387527,
    "message_tracks": 105
  },
  {
    "message_id": "windows_music_library",
    "timestamp_utc": "2024-09-24T14:50:44.760Z",
    "context_application_version": "1.2.45.454",
    "context_conn_country": "FR",
    "context_device_manufacturer": "HP",
    "context_device_model": "HP EliteBook 830 G5",
    "context_device_type": "desktop",
    "context_os_name": "windows",
    "context_os_version": "10.0.19045",
    "context_receiver_service_timestamp": 1727189885445,
    "context_time": 1727189444760,
    "message_tracks": 105
  },
  {
    "message_id": "downloads",
    "timestamp_utc": "2024-12-01T22:19:31.078Z",
    "context_application_version": "1.2.51.345",
    "context_conn_country": "FR",
    "context_device_manufacturer": "HP",
    "context_device_model": "HP EliteBook 830 G5",
    "context_device_type": "desktop",
    "context_os_name": "windows",
    "context_os_version": "10.0.19045",
    "context_receiver_service_timestamp": 1733218786743,
    "context_time": 1733091571078,
    "message_tracks": 128
  },
  {
    "message_id": "windows_music_library",
    "timestamp_utc": "2024-11-20T10:42:42.930Z",
    "context_application_version": "1.2.50.335",
    "context_conn_country": "FR",
    "context_device_manufacturer": "HP",
    "context_device_model": "HP EliteBook 830 G5",
    "context_device_type": "desktop",
    "context_os_name": "windows",
    "context_os_version": "10.0.19045",
    "context_receiver_service_timestamp": 1732099530595,
    "context_time": 1732099362930,
    "message_tracks": 105
  },
  {
    "message_id": "windows_music_library",
    "timestamp_utc": "2024-10-24T13:57:11.163Z",
    "context_application_version": "1.2.48.405",
    "context_conn_country": "FR",
    "context_device_manufacturer": "HP",
    "context_device_model": "HP EliteBook 830 G5",
    "context_device_type": "desktop",
    "context_os_name": "windows",
    "context_os_version": "10.0.19045",
    "context_receiver_service_timestamp": 1729778411387,
    "context_time": 1729778231163,
    "message_tracks": 105
  },
  {
    "message_id": "windows_music_library",
    "timestamp_utc": "2024-09-28T10:48:01.524Z",
    "context_application_version": "1.2.47.364",
    "context_conn_country": "FR",
    "context_device_manufacturer": "HP",
    "context_device_model": "HP EliteBook 830 G5",
    "context_device_type": "desktop",
    "context_os_name": "windows",
    "context_os_version": "10.0.19045",
    "context_receiver_service_timestamp": 1727520596449,
    "context_time": 1727520481524,
    "message_tracks": 105
  },
  {
    "message_id": "windows_music_library",
    "timestamp_utc": "2024-10-15T09:50:25.483Z",
    "context_application_version": "1.2.48.405",
    "context_conn_country": "FR",
    "context_device_manufacturer": "HP",
    "context_device_model": "HP EliteBook 830 G5",
    "context_device_type": "desktop",
    "context_os_name": "windows",
    "context_os_version": "10.0.19045",
    "context_receiver_service_timestamp": 1728995367808,
    "context_time": 1728985825483,
    "message_tracks": 105
  },
  {
    "message_id": "windows_music_library",
    "timestamp_utc": "2024-11-08T15:23:38.899Z",
    "context_application_version": "1.2.49.439",
    "context_conn_country": "FR",
    "context_device_manufacturer": "HP",
    "context_device_model": "HP EliteBook 830 G5",
    "context_device_type": "desktop",
    "context_os_name": "windows",
    "context_os_version": "10.0.19045",
    "context_receiver_service_timestamp": 1731241817744,
    "context_time": 1731079418899,
    "message_tracks": 105
  },
  {
    "message_id": "windows_music_library",
    "timestamp_utc": "2024-09-18T13:08:54.580Z",
    "context_application_version": "1.2.45.454",
    "context_conn_country": "FR",
    "context_device_manufacturer": "HP",
    "context_device_model": "HP EliteBook 830 G5",
    "context_device_type": "desktop",
    "context_os_name": "windows",
    "context_os_version": "10.0.19045",
    "context_receiver_service_timestamp": 1726665030082,
    "context_time": 1726664934580,
    "message_tracks": 105
  },
  {
    "message_id": "downloads",
    "timestamp_utc": "2024-11-23T09:27:21.915Z",
    "context_application_version": "1.2.50.335",
    "context_conn_country": "FR",
    "context_device_manufacturer": "HP",
    "context_device_model": "HP EliteBook 830 G5",
    "context_device_type": "desktop",
    "context_os_name": "windows",
    "context_os_version": "10.0.19045",
    "context_receiver_service_timestamp": 1732354211908,
    "context_time": 1732354041915,
    "message_tracks": 128
  },
  {
    "message_id": "windows_music_library",
    "timestamp_utc": "2024-12-03T08:27:51.924Z",
    "context_application_version": "1.2.51.345",
    "context_conn_country": "FR",
    "context_device_manufacturer": "HP",
    "context_device_model": "HP EliteBook 830 G5",
    "context_device_type": "desktop",
    "context_os_name": "windows",
    "context_os_version": "10.0.19045",
    "context_receiver_service_timestamp": 1733218787130,
    "context_time": 1733214471924,
    "message_tracks": 105
  },
  {
    "message_id": "windows_music_library",
    "timestamp_utc": "2024-09-23T09:38:34.303Z",
    "context_application_version": "1.2.45.454",
    "context_conn_country": "FR",
    "context_device_manufacturer": "HP",
    "context_device_model": "HP EliteBook 830 G5",
    "context_device_type": "desktop",
    "context_os_name": "windows",
    "context_os_version": "10.0.19045",
    "context_receiver_service_timestamp": 1727084517065,
    "context_time": 1727084314303,
    "message_tracks": 105
  },
  {
    "message_id": "downloads",
    "timestamp_utc": "2024-11-18T16:00:28.648Z",
    "context_application_version": "1.2.50.335",
    "context_conn_country": "FR",
    "context_device_manufacturer": "HP",
    "context_device_model": "HP EliteBook 830 G5",
    "context_device_type": "desktop",
    "context_os_name": "windows",
    "context_os_version": "10.0.19045",
    "context_receiver_service_timestamp": 1731949874599,
    "context_time": 1731945628648,
    "message_tracks": 128
  },
  {
    "message_id": "downloads",
    "timestamp_utc": "2024-12-02T18:40:31.246Z",
    "context_application_version": "1.2.51.345",
    "context_conn_country": "FR",
    "context_device_manufacturer": "HP",
    "context_device_model": "HP EliteBook 830 G5",
    "context_device_type": "desktop",
    "context_os_name": "windows",
    "context_os_version": "10.0.19045",
    "context_receiver_service_timestamp": 1733218786964,
    "context_time": 1733164831246,
    "message_tracks": 128
  },
  {
    "message_id": "windows_music_library",
    "timestamp_utc": "2024-10-15T10:08:35.114Z",
    "context_application_version": "1.2.48.405",
    "context_conn_country": "FR",
    "context_device_manufacturer": "HP",
    "context_device_model": "HP EliteBook 830 G5",
    "context_device_type": "desktop",
    "context_os_name": "windows",
    "context_os_version": "10.0.19045",
    "context_receiver_service_timestamp": 1728995442477,
    "context_time": 1728986915114,
    "message_tracks": 105
  },
  {
    "message_id": "windows_music_library",
    "timestamp_utc": "2024-11-12T21:51:50.384Z",
    "context_application_version": "1.2.49.439",
    "context_conn_country": "FR",
    "context_device_manufacturer": "HP",
    "context_device_model": "HP EliteBook 830 G5",
    "context_device_type": "desktop",
    "context_os_name": "windows",
    "context_os_version": "10.0.19045",
    "context_receiver_service_timestamp": 1731448466564,
    "context_time": 1731448310384,
    "message_tracks": 105
  },
  {
    "message_id": "windows_music_library",
    "timestamp_utc": "2024-11-04T10:16:41.167Z",
    "context_application_version": "1.2.49.439",
    "context_conn_country": "FR",
    "context_device_manufacturer": "HP",
    "context_device_model": "HP EliteBook 830 G5",
    "context_device_type": "desktop",
    "context_os_name": "windows",
    "context_os_version": "10.0.19045",
    "context_receiver_service_timestamp": 1730736467003,
    "context_time": 1730715401167,
    "message_tracks": 105
  },
  {
    "message_id": "windows_music_library",
    "timestamp_utc": "2024-09-23T13:45:36.621Z",
    "context_application_version": "1.2.45.454",
    "context_conn_country": "FR",
    "context_device_manufacturer": "HP",
    "context_device_model": "HP EliteBook 830 G5",
    "context_device_type": "desktop",
    "context_os_name": "windows",
    "context_os_version": "10.0.19045",
    "context_receiver_service_timestamp": 1727099248282,
    "context_time": 1727099136621,
    "message_tracks": 105
  },
  {
    "message_id": "downloads",
    "timestamp_utc": "2024-10-10T18:03:22.922Z",
    "context_application_version": "1.2.47.364",
    "context_conn_country": "FR",
    "context_device_manufacturer": "HP",
    "context_device_model": "HP EliteBook 830 G5",
    "context_device_type": "desktop",
    "context_os_name": "windows",
    "context_os_version": "10.0.19045",
    "context_receiver_service_timestamp": 1728583670175,
    "context_time": 1728583402922,
    "message_tracks": 128
  },
  {
    "message_id": "downloads",
    "timestamp_utc": "2024-09-08T16:22:40.818Z",
    "context_application_version": "1.2.43.420",
    "context_conn_country": "FR",
    "context_device_manufacturer": "HP",
    "context_device_model": "HP EliteBook 830 G5",
    "context_device_type": "desktop",
    "context_os_name": "windows",
    "context_os_version": "10.0.19045",
    "context_receiver_service_timestamp": 1725812971027,
    "context_time": 1725812560818,
    "message_tracks": 128
  },
  {
    "message_id": "downloads",
    "timestamp_utc": "2024-10-15T09:48:28.853Z",
    "context_application_version": "1.2.48.405",
    "context_conn_country": "FR",
    "context_device_manufacturer": "HP",
    "context_device_model": "HP EliteBook 830 G5",
    "context_device_type": "desktop",
    "context_os_name": "windows",
    "context_os_version": "10.0.19045",
    "context_receiver_service_timestamp": 1728995361542,
    "context_time": 1728985708853,
    "message_tracks": 128
  },
  {
    "message_id": "windows_music_library",
    "timestamp_utc": "2024-09-12T16:50:29.185Z",
    "context_application_version": "1.2.45.454",
    "context_conn_country": "FR",
    "context_device_manufacturer": "HP",
    "context_device_model": "HP EliteBook 830 G5",
    "context_device_type": "desktop",
    "context_os_name": "windows",
    "context_os_version": "10.0.19045",
    "context_receiver_service_timestamp": 1726159984228,
    "context_time": 1726159829185,
    "message_tracks": 127
  },
  {
    "message_id": "windows_music_library",
    "timestamp_utc": "2024-09-22T18:49:13.621Z",
    "context_application_version": "1.2.45.454",
    "context_conn_country": "FR",
    "context_device_manufacturer": "HP",
    "context_device_model": "HP EliteBook 830 G5",
    "context_device_type": "desktop",
    "context_os_name": "windows",
    "context_os_version": "10.0.19045",
    "context_receiver_service_timestamp": 1727031181228,
    "context_time": 1727030953621,
    "message_tracks": 105
  },
  {
    "message_id": "downloads",
    "timestamp_utc": "2024-10-14T18:56:05.794Z",
    "context_application_version": "1.2.48.405",
    "context_conn_country": "FR",
    "context_device_manufacturer": "HP",
    "context_device_model": "HP EliteBook 830 G5",
    "context_device_type": "desktop",
    "context_os_name": "windows",
    "context_os_version": "10.0.19045",
    "context_receiver_service_timestamp": 1728932287810,
    "context_time": 1728932165794,
    "message_tracks": 128
  },
  {
    "message_id": "downloads",
    "timestamp_utc": "2024-10-20T08:00:57.913Z",
    "context_application_version": "1.2.48.405",
    "context_conn_country": "FR",
    "context_device_manufacturer": "HP",
    "context_device_model": "HP EliteBook 830 G5",
    "context_device_type": "desktop",
    "context_os_name": "windows",
    "context_os_version": "10.0.19045",
    "context_receiver_service_timestamp": 1729411383071,
    "context_time": 1729411257913,
    "message_tracks": 128
  },
  {
    "message_id": "downloads",
    "timestamp_utc": "2024-09-18T13:08:54.581Z",
    "context_application_version": "1.2.45.454",
    "context_conn_country": "FR",
    "context_device_manufacturer": "HP",
    "context_device_model": "HP EliteBook 830 G5",
    "context_device_type": "desktop",
    "context_os_name": "windows",
    "context_os_version": "10.0.19045",
    "context_receiver_service_timestamp": 1726665030082,
    "context_time": 1726664934581,
    "message_tracks": 128
  },
  {
    "message_id": "windows_music_library",
    "timestamp_utc": "2024-12-03T23:46:10.002Z",
    "context_application_version": "1.2.51.345",
    "context_conn_country": "FR",
    "context_device_manufacturer": "HP",
    "context_device_model": "HP EliteBook 830 G5",
    "context_device_type": "desktop",
    "context_os_name": "windows",
    "context_os_version": "10.0.19045",
    "context_receiver_service_timestamp": 1733306870669,
    "context_time": 1733269570002,
    "message_tracks": 105
  },
  {
    "message_id": "windows_music_library",
    "timestamp_utc": "2024-11-03T14:21:49.309Z",
    "context_application_version": "1.2.49.439",
    "context_conn_country": "FR",
    "context_device_manufacturer": "HP",
    "context_device_model": "HP EliteBook 830 G5",
    "context_device_type": "desktop",
    "context_os_name": "windows",
    "context_os_version": "10.0.19045",
    "context_receiver_service_timestamp": 1730643844834,
    "context_time": 1730643709309,
    "message_tracks": 105
  },
  {
    "message_id": "windows_music_library",
    "timestamp_utc": "2024-12-03T09:39:19.529Z",
    "context_application_version": "1.2.51.345",
    "context_conn_country": "FR",
    "context_device_manufacturer": "HP",
    "context_device_model": "HP EliteBook 830 G5",
    "context_device_type": "desktop",
    "context_os_name": "windows",
    "context_os_version": "10.0.19045",
    "context_receiver_service_timestamp": 1733218787130,
    "context_time": 1733218759529,
    "message_tracks": 105
  },
  {
    "message_id": "downloads",
    "timestamp_utc": "2024-10-24T14:06:20.668Z",
    "context_application_version": "1.2.48.405",
    "context_conn_country": "FR",
    "context_device_manufacturer": "HP",
    "context_device_model": "HP EliteBook 830 G5",
    "context_device_type": "desktop",
    "context_os_name": "windows",
    "context_os_version": "10.0.19045",
    "context_receiver_service_timestamp": 1729778910578,
    "context_time": 1729778780668,
    "message_tracks": 128
  },
  {
    "message_id": "windows_music_library",
    "timestamp_utc": "2024-11-14T09:42:58.703Z",
    "context_application_version": "1.2.49.439",
    "context_conn_country": "FR",
    "context_device_manufacturer": "HP",
    "context_device_model": "HP EliteBook 830 G5",
    "context_device_type": "desktop",
    "context_os_name": "windows",
    "context_os_version": "10.0.19045",
    "context_receiver_service_timestamp": 1731577519066,
    "context_time": 1731577378703,
    "message_tracks": 105
  },
  {
    "message_id": "windows_music_library",
    "timestamp_utc": "2024-11-18T13:14:29.568Z",
    "context_application_version": "1.2.50.335",
    "context_conn_country": "FR",
    "context_device_manufacturer": "HP",
    "context_device_model": "HP EliteBook 830 G5",
    "context_device_type": "desktop",
    "context_os_name": "windows",
    "context_os_version": "10.0.19045",
    "context_receiver_service_timestamp": 1731945747465,
    "context_time": 1731935669568,
    "message_tracks": 105
  },
  {
    "message_id": "downloads",
    "timestamp_utc": "2024-11-03T14:21:49.309Z",
    "context_application_version": "1.2.49.439",
    "context_conn_country": "FR",
    "context_device_manufacturer": "HP",
    "context_device_model": "HP EliteBook 830 G5",
    "context_device_type": "desktop",
    "context_os_name": "windows",
    "context_os_version": "10.0.19045",
    "context_receiver_service_timestamp": 1730643844834,
    "context_time": 1730643709309,
    "message_tracks": 128
  },
  {
    "message_id": "downloads",
    "timestamp_utc": "2024-09-15T17:27:31.165Z",
    "context_application_version": "1.2.45.454",
    "context_conn_country": "FR",
    "context_device_manufacturer": "HP",
    "context_device_model": "HP EliteBook 830 G5",
    "context_device_type": "desktop",
    "context_os_name": "windows",
    "context_os_version": "10.0.19045",
    "context_receiver_service_timestamp": 1726421360698,
    "context_time": 1726421251165,
    "message_tracks": 128
  },
  {
    "message_id": "downloads",
    "timestamp_utc": "2024-09-26T16:20:27.071Z",
    "context_application_version": "1.2.47.364",
    "context_conn_country": "FR",
    "context_device_manufacturer": "HP",
    "context_device_model": "HP EliteBook 830 G5",
    "context_device_type": "desktop",
    "context_os_name": "windows",
    "context_os_version": "10.0.19045",
    "context_receiver_service_timestamp": 1727367739002,
    "context_time": 1727367627071,
    "message_tracks": 128
  },
  {
    "message_id": "windows_music_library",
    "timestamp_utc": "2024-11-02T12:15:55.168Z",
    "context_application_version": "1.2.49.439",
    "context_conn_country": "FR",
    "context_device_manufacturer": "HP",
    "context_device_model": "HP EliteBook 830 G5",
    "context_device_type": "desktop",
    "context_os_name": "windows",
    "context_os_version": "10.0.19045",
    "context_receiver_service_timestamp": 1730549910584,
    "context_time": 1730549755168,
    "message_tracks": 105
  },
  {
    "message_id": "windows_music_library",
    "timestamp_utc": "2024-10-10T18:03:22.921Z",
    "context_application_version": "1.2.47.364",
    "context_conn_country": "FR",
    "context_device_manufacturer": "HP",
    "context_device_model": "HP EliteBook 830 G5",
    "context_device_type": "desktop",
    "context_os_name": "windows",
    "context_os_version": "10.0.19045",
    "context_receiver_service_timestamp": 1728583670175,
    "context_time": 1728583402921,
    "message_tracks": 105
  },
  {
    "message_id": "downloads",
    "timestamp_utc": "2024-10-10T10:50:45.680Z",
    "context_application_version": "1.2.47.364",
    "context_conn_country": "FR",
    "context_device_manufacturer": "HP",
    "context_device_model": "HP EliteBook 830 G5",
    "context_device_type": "desktop",
    "context_os_name": "windows",
    "context_os_version": "10.0.19045",
    "context_receiver_service_timestamp": 1728557548160,
    "context_time": 1728557445680,
    "message_tracks": 128
  },
  {
    "message_id": "downloads",
    "timestamp_utc": "2024-09-12T16:50:29.186Z",
    "context_application_version": "1.2.45.454",
    "context_conn_country": "FR",
    "context_device_manufacturer": "HP",
    "context_device_model": "HP EliteBook 830 G5",
    "context_device_type": "desktop",
    "context_os_name": "windows",
    "context_os_version": "10.0.19045",
    "context_receiver_service_timestamp": 1726159984228,
    "context_time": 1726159829186,
    "message_tracks": 128
  },
  {
    "message_id": "downloads",
    "timestamp_utc": "2024-11-26T09:05:24.823Z",
    "context_application_version": "1.2.50.335",
    "context_conn_country": "FR",
    "context_device_manufacturer": "HP",
    "context_device_model": "HP EliteBook 830 G5",
    "context_device_type": "desktop",
    "context_os_name": "windows",
    "context_os_version": "10.0.19045",
    "context_receiver_service_timestamp": 1732612058228,
    "context_time": 1732611924823,
    "message_tracks": 128
  },
  {
    "message_id": "downloads",
    "timestamp_utc": "2024-10-08T08:09:34.893Z",
    "context_application_version": "1.2.47.364",
    "context_conn_country": "FR",
    "context_device_manufacturer": "HP",
    "context_device_model": "HP EliteBook 830 G5",
    "context_device_type": "desktop",
    "context_os_name": "windows",
    "context_os_version": "10.0.19045",
    "context_receiver_service_timestamp": 1728375171110,
    "context_time": 1728374974893,
    "message_tracks": 128
  },
  {
    "message_id": "downloads",
    "timestamp_utc": "2024-09-30T21:29:43.545Z",
    "context_application_version": "1.2.47.364",
    "context_conn_country": "FR",
    "context_device_manufacturer": "HP",
    "context_device_model": "HP EliteBook 830 G5",
    "context_device_type": "desktop",
    "context_os_name": "windows",
    "context_os_version": "10.0.19045",
    "context_receiver_service_timestamp": 1727731899210,
    "context_time": 1727731783545,
    "message_tracks": 128
  },
  {
    "message_id": "windows_music_library",
    "timestamp_utc": "2024-11-11T14:59:04.075Z",
    "context_application_version": "1.2.49.439",
    "context_conn_country": "FR",
    "context_device_manufacturer": "HP",
    "context_device_model": "HP EliteBook 830 G5",
    "context_device_type": "desktop",
    "context_os_name": "windows",
    "context_os_version": "10.0.19045",
    "context_receiver_service_timestamp": 1731337297242,
    "context_time": 1731337144075,
    "message_tracks": 105
  },
  {
    "message_id": "windows_music_library",
    "timestamp_utc": "2024-11-14T08:30:03.081Z",
    "context_application_version": "1.2.49.439",
    "context_conn_country": "FR",
    "context_device_manufacturer": "HP",
    "context_device_model": "HP EliteBook 830 G5",
    "context_device_type": "desktop",
    "context_os_name": "windows",
    "context_os_version": "10.0.19045",
    "context_receiver_service_timestamp": 1731573211651,
    "context_time": 1731573003081,
    "message_tracks": 105
  },
  {
    "message_id": "downloads",
    "timestamp_utc": "2024-11-04T10:16:41.168Z",
    "context_application_version": "1.2.49.439",
    "context_conn_country": "FR",
    "context_device_manufacturer": "HP",
    "context_device_model": "HP EliteBook 830 G5",
    "context_device_type": "desktop",
    "context_os_name": "windows",
    "context_os_version": "10.0.19045",
    "context_receiver_service_timestamp": 1730736467003,
    "context_time": 1730715401168,
    "message_tracks": 128
  },
  {
    "message_id": "windows_music_library",
    "timestamp_utc": "2024-11-16T18:34:10.768Z",
    "context_application_version": "1.2.50.335",
    "context_conn_country": "FR",
    "context_device_manufacturer": "HP",
    "context_device_model": "HP EliteBook 830 G5",
    "context_device_type": "desktop",
    "context_os_name": "windows",
    "context_os_version": "10.0.19045",
    "context_receiver_service_timestamp": 1731782403363,
    "context_time": 1731782050768,
    "message_tracks": 105
  },
  {
    "message_id": "downloads",
    "timestamp_utc": "2024-10-16T07:57:31.384Z",
    "context_application_version": "1.2.48.405",
    "context_conn_country": "FR",
    "context_device_manufacturer": "HP",
    "context_device_model": "HP EliteBook 830 G5",
    "context_device_type": "desktop",
    "context_os_name": "windows",
    "context_os_version": "10.0.19045",
    "context_receiver_service_timestamp": 1729065574104,
    "context_time": 1729065451384,
    "message_tracks": 128
  },
  {
    "message_id": "downloads",
    "timestamp_utc": "2024-10-23T08:29:00.091Z",
    "context_application_version": "1.2.48.405",
    "context_conn_country": "FR",
    "context_device_manufacturer": "HP",
    "context_device_model": "HP EliteBook 830 G5",
    "context_device_type": "desktop",
    "context_os_name": "windows",
    "context_os_version": "10.0.19045",
    "context_receiver_service_timestamp": 1729672269160,
    "context_time": 1729672140091,
    "message_tracks": 128
  },
  {
    "message_id": "downloads",
    "timestamp_utc": "2024-10-30T10:06:52.354Z",
    "context_application_version": "1.2.49.439",
    "context_conn_country": "FR",
    "context_device_manufacturer": "HP",
    "context_device_model": "HP EliteBook 830 G5",
    "context_device_type": "desktop",
    "context_os_name": "windows",
    "context_os_version": "10.0.19045",
    "context_receiver_service_timestamp": 1730549906612,
    "context_time": 1730282812354,
    "message_tracks": 128
  },
  {
    "message_id": "windows_music_library",
    "timestamp_utc": "2024-09-09T11:54:53.341Z",
    "context_application_version": "1.2.45.454",
    "context_conn_country": "FR",
    "context_device_manufacturer": "HP",
    "context_device_model": "HP EliteBook 830 G5",
    "context_device_type": "desktop",
    "context_os_name": "windows",
    "context_os_version": "10.0.19045",
    "context_receiver_service_timestamp": 1725883332092,
    "context_time": 1725882893341,
    "message_tracks": 127
  },
  {
    "message_id": "windows_music_library",
    "timestamp_utc": "2024-11-17T11:38:23.381Z",
    "context_application_version": "1.2.50.335",
    "context_conn_country": "FR",
    "context_device_manufacturer": "HP",
    "context_device_model": "HP EliteBook 830 G5",
    "context_device_type": "desktop",
    "context_os_name": "windows",
    "context_os_version": "10.0.19045",
    "context_receiver_service_timestamp": 1731843761149,
    "context_time": 1731843503381,
    "message_tracks": 105
  },
  {
    "message_id": "windows_music_library",
    "timestamp_utc": "2024-10-15T09:48:28.853Z",
    "context_application_version": "1.2.48.405",
    "context_conn_country": "FR",
    "context_device_manufacturer": "HP",
    "context_device_model": "HP EliteBook 830 G5",
    "context_device_type": "desktop",
    "context_os_name": "windows",
    "context_os_version": "10.0.19045",
    "context_receiver_service_timestamp": 1728995361542,
    "context_time": 1728985708853,
    "message_tracks": 105
  },
  {
    "message_id": "windows_music_library",
    "timestamp_utc": "2024-11-07T07:32:32.193Z",
    "context_application_version": "1.2.49.439",
    "context_conn_country": "FR",
    "context_device_manufacturer": "HP",
    "context_device_model": "HP EliteBook 830 G5",
    "context_device_type": "desktop",
    "context_os_name": "windows",
    "context_os_version": "10.0.19045",
    "context_receiver_service_timestamp": 1730965204713,
    "context_time": 1730964752193,
    "message_tracks": 105
  },
  {
    "message_id": "windows_music_library",
    "timestamp_utc": "2024-10-24T14:06:20.668Z",
    "context_application_version": "1.2.48.405",
    "context_conn_country": "FR",
    "context_device_manufacturer": "HP",
    "context_device_model": "HP EliteBook 830 G5",
    "context_device_type": "desktop",
    "context_os_name": "windows",
    "context_os_version": "10.0.19045",
    "context_receiver_service_timestamp": 1729778910578,
    "context_time": 1729778780668,
    "message_tracks": 105
  },
  {
    "message_id": "downloads",
    "timestamp_utc": "2024-11-14T08:30:03.081Z",
    "context_application_version": "1.2.49.439",
    "context_conn_country": "FR",
    "context_device_manufacturer": "HP",
    "context_device_model": "HP EliteBook 830 G5",
    "context_device_type": "desktop",
    "context_os_name": "windows",
    "context_os_version": "10.0.19045",
    "context_receiver_service_timestamp": 1731573211651,
    "context_time": 1731573003081,
    "message_tracks": 128
  },
  {
    "message_id": "windows_music_library",
    "timestamp_utc": "2024-11-10T22:39:15.671Z",
    "context_application_version": "1.2.49.439",
    "context_conn_country": "FR",
    "context_device_manufacturer": "HP",
    "context_device_model": "HP EliteBook 830 G5",
    "context_device_type": "desktop",
    "context_os_name": "windows",
    "context_os_version": "10.0.19045",
    "context_receiver_service_timestamp": 1731278549789,
    "context_time": 1731278355671,
    "message_tracks": 105
  },
  {
    "message_id": "windows_music_library",
    "timestamp_utc": "2024-09-15T17:27:31.164Z",
    "context_application_version": "1.2.45.454",
    "context_conn_country": "FR",
    "context_device_manufacturer": "HP",
    "context_device_model": "HP EliteBook 830 G5",
    "context_device_type": "desktop",
    "context_os_name": "windows",
    "context_os_version": "10.0.19045",
    "context_receiver_service_timestamp": 1726421360698,
    "context_time": 1726421251164,
    "message_tracks": 105
  },
  {
    "message_id": "downloads",
    "timestamp_utc": "2024-09-28T10:48:01.525Z",
    "context_application_version": "1.2.47.364",
    "context_conn_country": "FR",
    "context_device_manufacturer": "HP",
    "context_device_model": "HP EliteBook 830 G5",
    "context_device_type": "desktop",
    "context_os_name": "windows",
    "context_os_version": "10.0.19045",
    "context_receiver_service_timestamp": 1727520596449,
    "context_time": 1727520481525,
    "message_tracks": 128
  },
  {
    "message_id": "downloads",
    "timestamp_utc": "2024-10-15T16:43:09.476Z",
    "context_application_version": "1.2.48.405",
    "context_conn_country": "FR",
    "context_device_manufacturer": "HP",
    "context_device_model": "HP EliteBook 830 G5",
    "context_device_type": "desktop",
    "context_os_name": "windows",
    "context_os_version": "10.0.19045",
    "context_receiver_service_timestamp": 1729010712654,
    "context_time": 1729010589476,
    "message_tracks": 128
  },
  {
    "message_id": "windows_music_library",
    "timestamp_utc": "2024-09-25T13:15:58.286Z",
    "context_application_version": "1.2.47.364",
    "context_conn_country": "FR",
    "context_device_manufacturer": "HP",
    "context_device_model": "HP EliteBook 830 G5",
    "context_device_type": "desktop",
    "context_os_name": "windows",
    "context_os_version": "10.0.19045",
    "context_receiver_service_timestamp": 1727270272405,
    "context_time": 1727270158286,
    "message_tracks": 105
  },
  {
    "message_id": "downloads",
    "timestamp_utc": "2024-12-04T10:03:03.490Z",
    "context_application_version": "1.2.51.345",
    "context_conn_country": "FR",
    "context_device_manufacturer": "HP",
    "context_device_model": "HP EliteBook 830 G5",
    "context_device_type": "desktop",
    "context_os_name": "windows",
    "context_os_version": "10.0.19045",
    "context_receiver_service_timestamp": 1733306871738,
    "context_time": 1733306583490,
    "message_tracks": 128
  },
  {
    "message_id": "windows_music_library",
    "timestamp_utc": "2024-09-21T10:16:12.068Z",
    "context_application_version": "1.2.45.454",
    "context_conn_country": "FR",
    "context_device_manufacturer": "HP",
    "context_device_model": "HP EliteBook 830 G5",
    "context_device_type": "desktop",
    "context_os_name": "windows",
    "context_os_version": "10.0.19045",
    "context_receiver_service_timestamp": 1726913882510,
    "context_time": 1726913772068,
    "message_tracks": 105
  },
  {
    "message_id": "windows_music_library",
    "timestamp_utc": "2024-11-23T09:27:21.914Z",
    "context_application_version": "1.2.50.335",
    "context_conn_country": "FR",
    "context_device_manufacturer": "HP",
    "context_device_model": "HP EliteBook 830 G5",
    "context_device_type": "desktop",
    "context_os_name": "windows",
    "context_os_version": "10.0.19045",
    "context_receiver_service_timestamp": 1732354211908,
    "context_time": 1732354041914,
    "message_tracks": 105
  },
  {
    "message_id": "windows_music_library",
    "timestamp_utc": "2024-10-08T08:09:34.893Z",
    "context_application_version": "1.2.47.364",
    "context_conn_country": "FR",
    "context_device_manufacturer": "HP",
    "context_device_model": "HP EliteBook 830 G5",
    "context_device_type": "desktop",
    "context_os_name": "windows",
    "context_os_version": "10.0.19045",
    "context_receiver_service_timestamp": 1728375171110,
    "context_time": 1728374974893,
    "message_tracks": 105
  },
  {
    "message_id": "windows_music_library",
    "timestamp_utc": "2024-10-15T09:55:06.432Z",
    "context_application_version": "1.2.48.405",
    "context_conn_country": "FR",
    "context_device_manufacturer": "HP",
    "context_device_model": "HP EliteBook 830 G5",
    "context_device_type": "desktop",
    "context_os_name": "windows",
    "context_os_version": "10.0.19045",
    "context_receiver_service_timestamp": 1728995430074,
    "context_time": 1728986106432,
    "message_tracks": 105
  },
  {
    "message_id": "downloads",
    "timestamp_utc": "2024-10-24T13:57:11.164Z",
    "context_application_version": "1.2.48.405",
    "context_conn_country": "FR",
    "context_device_manufacturer": "HP",
    "context_device_model": "HP EliteBook 830 G5",
    "context_device_type": "desktop",
    "context_os_name": "windows",
    "context_os_version": "10.0.19045",
    "context_receiver_service_timestamp": 1729778411387,
    "context_time": 1729778231164,
    "message_tracks": 128
  },
  {
    "message_id": "downloads",
    "timestamp_utc": "2024-11-17T11:38:23.381Z",
    "context_application_version": "1.2.50.335",
    "context_conn_country": "FR",
    "context_device_manufacturer": "HP",
    "context_device_model": "HP EliteBook 830 G5",
    "context_device_type": "desktop",
    "context_os_name": "windows",
    "context_os_version": "10.0.19045",
    "context_receiver_service_timestamp": 1731843761149,
    "context_time": 1731843503381,
    "message_tracks": 128
  },
  {
    "message_id": "downloads",
    "timestamp_utc": "2024-10-10T23:48:41.485Z",
    "context_application_version": "1.2.48.405",
    "context_conn_country": "FR",
    "context_device_manufacturer": "HP",
    "context_device_model": "HP EliteBook 830 G5",
    "context_device_type": "desktop",
    "context_os_name": "windows",
    "context_os_version": "10.0.19045",
    "context_receiver_service_timestamp": 1728631094308,
    "context_time": 1728604121485,
    "message_tracks": 128
  },
  {
    "message_id": "windows_music_library",
    "timestamp_utc": "2024-09-30T11:11:41.231Z",
    "context_application_version": "1.2.47.364",
    "context_conn_country": "FR",
    "context_device_manufacturer": "HP",
    "context_device_model": "HP EliteBook 830 G5",
    "context_device_type": "desktop",
    "context_os_name": "windows",
    "context_os_version": "10.0.19045",
    "context_receiver_service_timestamp": 1727694937531,
    "context_time": 1727694701231,
    "message_tracks": 105
  },
  {
    "message_id": "windows_music_library",
    "timestamp_utc": "2024-09-12T21:01:09.739Z",
    "context_application_version": "1.2.45.454",
    "context_conn_country": "FR",
    "context_device_manufacturer": "HP",
    "context_device_model": "HP EliteBook 830 G5",
    "context_device_type": "desktop",
    "context_os_name": "windows",
    "context_os_version": "10.0.19045",
    "context_receiver_service_timestamp": 1726174973031,
    "context_time": 1726174869739,
    "message_tracks": 459
  },
  {
    "message_id": "downloads",
    "timestamp_utc": "2024-09-25T18:12:13.340Z",
    "context_application_version": "1.2.47.364",
    "context_conn_country": "FR",
    "context_device_manufacturer": "HP",
    "context_device_model": "HP EliteBook 830 G5",
    "context_device_type": "desktop",
    "context_os_name": "windows",
    "context_os_version": "10.0.19045",
    "context_receiver_service_timestamp": 1727288037275,
    "context_time": 1727287933340,
    "message_tracks": 128
  },
  {
    "message_id": "downloads",
    "timestamp_utc": "2024-11-02T12:15:55.168Z",
    "context_application_version": "1.2.49.439",
    "context_conn_country": "FR",
    "context_device_manufacturer": "HP",
    "context_device_model": "HP EliteBook 830 G5",
    "context_device_type": "desktop",
    "context_os_name": "windows",
    "context_os_version": "10.0.19045",
    "context_receiver_service_timestamp": 1730549910584,
    "context_time": 1730549755168,
    "message_tracks": 128
  },
  {
    "message_id": "windows_music_library",
    "timestamp_utc": "2024-11-26T09:07:46.763Z",
    "context_application_version": "1.2.50.335",
    "context_conn_country": "FR",
    "context_device_manufacturer": "HP",
    "context_device_model": "HP EliteBook 830 G5",
    "context_device_type": "desktop",
    "context_os_name": "windows",
    "context_os_version": "10.0.19045",
    "context_receiver_service_timestamp": 1732612085318,
    "context_time": 1732612066763,
    "message_tracks": 105
  },
  {
    "message_id": "windows_music_library",
    "timestamp_utc": "2024-12-02T18:40:31.245Z",
    "context_application_version": "1.2.51.345",
    "context_conn_country": "FR",
    "context_device_manufacturer": "HP",
    "context_device_model": "HP EliteBook 830 G5",
    "context_device_type": "desktop",
    "context_os_name": "windows",
    "context_os_version": "10.0.19045",
    "context_receiver_service_timestamp": 1733218786964,
    "context_time": 1733164831245,
    "message_tracks": 105
  },
  {
    "message_id": "downloads",
    "timestamp_utc": "2024-11-12T21:51:50.385Z",
    "context_application_version": "1.2.49.439",
    "context_conn_country": "FR",
    "context_device_manufacturer": "HP",
    "context_device_model": "HP EliteBook 830 G5",
    "context_device_type": "desktop",
    "context_os_name": "windows",
    "context_os_version": "10.0.19045",
    "context_receiver_service_timestamp": 1731448466564,
    "context_time": 1731448310385,
    "message_tracks": 128
  },
  {
    "message_id": "windows_music_library",
    "timestamp_utc": "2024-11-15T08:54:49.349Z",
    "context_application_version": "1.2.49.439",
    "context_conn_country": "FR",
    "context_device_manufacturer": "HP",
    "context_device_model": "HP EliteBook 830 G5",
    "context_device_type": "desktop",
    "context_os_name": "windows",
    "context_os_version": "10.0.19045",
    "context_receiver_service_timestamp": 1731759558790,
    "context_time": 1731660889349,
    "message_tracks": 105
  },
  {
    "message_id": "downloads",
    "timestamp_utc": "2024-11-16T18:34:10.768Z",
    "context_application_version": "1.2.50.335",
    "context_conn_country": "FR",
    "context_device_manufacturer": "HP",
    "context_device_model": "HP EliteBook 830 G5",
    "context_device_type": "desktop",
    "context_os_name": "windows",
    "context_os_version": "10.0.19045",
    "context_receiver_service_timestamp": 1731782403363,
    "context_time": 1731782050768,
    "message_tracks": 128
  },
  {
    "message_id": "downloads",
    "timestamp_utc": "2024-10-11T19:51:58.867Z",
    "context_application_version": "1.2.48.405",
    "context_conn_country": "FR",
    "context_device_manufacturer": "HP",
    "context_device_model": "HP EliteBook 830 G5",
    "context_device_type": "desktop",
    "context_os_name": "windows",
    "context_os_version": "10.0.19045",
    "context_receiver_service_timestamp": 1728676440444,
    "context_time": 1728676318867,
    "message_tracks": 128
  },
  {
    "message_id": "windows_music_library",
    "timestamp_utc": "2024-09-12T12:02:11.838Z",
    "context_application_version": "1.2.45.454",
    "context_conn_country": "FR",
    "context_device_manufacturer": "HP",
    "context_device_model": "HP EliteBook 830 G5",
    "context_device_type": "desktop",
    "context_os_name": "windows",
    "context_os_version": "10.0.19045",
    "context_receiver_service_timestamp": 1726142689603,
    "context_time": 1726142531838,
    "message_tracks": 127
  },
  {
    "message_id": "downloads",
    "timestamp_utc": "2024-10-15T09:11:36.747Z",
    "context_application_version": "1.2.48.405",
    "context_conn_country": "FR",
    "context_device_manufacturer": "HP",
    "context_device_model": "HP EliteBook 830 G5",
    "context_device_type": "desktop",
    "context_os_name": "windows",
    "context_os_version": "10.0.19045",
    "context_receiver_service_timestamp": 1728995355019,
    "context_time": 1728983496747,
    "message_tracks": 128
  },
  {
    "message_id": "windows_music_library",
    "timestamp_utc": "2024-10-14T18:56:05.794Z",
    "context_application_version": "1.2.48.405",
    "context_conn_country": "FR",
    "context_device_manufacturer": "HP",
    "context_device_model": "HP EliteBook 830 G5",
    "context_device_type": "desktop",
    "context_os_name": "windows",
    "context_os_version": "10.0.19045",
    "context_receiver_service_timestamp": 1728932287810,
    "context_time": 1728932165794,
    "message_tracks": 105
  },
  {
    "message_id": "downloads",
    "timestamp_utc": "2024-09-25T12:06:53.990Z",
    "context_application_version": "1.2.47.364",
    "context_conn_country": "FR",
    "context_device_manufacturer": "HP",
    "context_device_model": "HP EliteBook 830 G5",
    "context_device_type": "desktop",
    "context_os_name": "windows",
    "context_os_version": "10.0.19045",
    "context_receiver_service_timestamp": 1727270246078,
    "context_time": 1727266013990,
    "message_tracks": 128
  },
  {
    "message_id": "windows_music_library",
    "timestamp_utc": "2024-11-16T12:17:13.447Z",
    "context_application_version": "1.2.49.439",
    "context_conn_country": "FR",
    "context_device_manufacturer": "HP",
    "context_device_model": "HP EliteBook 830 G5",
    "context_device_type": "desktop",
    "context_os_name": "windows",
    "context_os_version": "10.0.19045",
    "context_receiver_service_timestamp": 1731759564948,
    "context_time": 1731759433447,
    "message_tracks": 105
  },
  {
    "message_id": "downloads",
    "timestamp_utc": "2024-09-21T10:16:12.069Z",
    "context_application_version": "1.2.45.454",
    "context_conn_country": "FR",
    "context_device_manufacturer": "HP",
    "context_device_model": "HP EliteBook 830 G5",
    "context_device_type": "desktop",
    "context_os_name": "windows",
    "context_os_version": "10.0.19045",
    "context_receiver_service_timestamp": 1726913883356,
    "context_time": 1726913772069,
    "message_tracks": 128
  },
  {
    "message_id": "downloads",
    "timestamp_utc": "2024-09-15T10:02:10.064Z",
    "context_application_version": "1.2.45.454",
    "context_conn_country": "FR",
    "context_device_manufacturer": "HP",
    "context_device_model": "HP EliteBook 830 G5",
    "context_device_type": "desktop",
    "context_os_name": "windows",
    "context_os_version": "10.0.19045",
    "context_receiver_service_timestamp": 1726394639621,
    "context_time": 1726394530064,
    "message_tracks": 128
  },
  {
    "message_id": "downloads",
    "timestamp_utc": "2024-11-19T13:19:47.527Z",
    "context_application_version": "1.2.50.335",
    "context_conn_country": "FR",
    "context_device_manufacturer": "HP",
    "context_device_model": "HP EliteBook 830 G5",
    "context_device_type": "desktop",
    "context_os_name": "windows",
    "context_os_version": "10.0.19045",
    "context_receiver_service_timestamp": 1732022602995,
    "context_time": 1732022387527,
    "message_tracks": 128
  },
  {
    "message_id": "windows_music_library",
    "timestamp_utc": "2024-10-15T16:43:09.475Z",
    "context_application_version": "1.2.48.405",
    "context_conn_country": "FR",
    "context_device_manufacturer": "HP",
    "context_device_model": "HP EliteBook 830 G5",
    "context_device_type": "desktop",
    "context_os_name": "windows",
    "context_os_version": "10.0.19045",
    "context_receiver_service_timestamp": 1729010712654,
    "context_time": 1729010589475,
    "message_tracks": 105
  },
  {
    "message_id": "windows_music_library",
    "timestamp_utc": "2024-11-20T16:27:29.412Z",
    "context_application_version": "1.2.50.335",
    "context_conn_country": "FR",
    "context_device_manufacturer": "HP",
    "context_device_model": "HP EliteBook 830 G5",
    "context_device_type": "desktop",
    "context_os_name": "windows",
    "context_os_version": "10.0.19045",
    "context_receiver_service_timestamp": 1732354211908,
    "context_time": 1732120049412,
    "message_tracks": 105
  },
  {
    "message_id": "windows_music_library",
    "timestamp_utc": "2024-10-09T16:38:20.046Z",
    "context_application_version": "1.2.47.364",
    "context_conn_country": "FR",
    "context_device_manufacturer": "HP",
    "context_device_model": "HP EliteBook 830 G5",
    "context_device_type": "desktop",
    "context_os_name": "windows",
    "context_os_version": "10.0.19045",
    "context_receiver_service_timestamp": 1728492080561,
    "context_time": 1728491900046,
    "message_tracks": 105
  },
  {
    "message_id": "windows_music_library",
    "timestamp_utc": "2024-09-22T08:46:40.254Z",
    "context_application_version": "1.2.45.454",
    "context_conn_country": "FR",
    "context_device_manufacturer": "HP",
    "context_device_model": "HP EliteBook 830 G5",
    "context_device_type": "desktop",
    "context_os_name": "windows",
    "context_os_version": "10.0.19045",
    "context_receiver_service_timestamp": 1726995026581,
    "context_time": 1726994800254,
    "message_tracks": 105
  },
  {
    "message_id": "windows_music_library",
    "timestamp_utc": "2024-11-17T09:34:21.244Z",
    "context_application_version": "1.2.50.335",
    "context_conn_country": "FR",
    "context_device_manufacturer": "HP",
    "context_device_model": "HP EliteBook 830 G5",
    "context_device_type": "desktop",
    "context_os_name": "windows",
    "context_os_version": "10.0.19045",
    "context_receiver_service_timestamp": 1731836270644,
    "context_time": 1731836061244,
    "message_tracks": 105
  },
  {
    "message_id": "windows_music_library",
    "timestamp_utc": "2024-10-09T07:56:04.402Z",
    "context_application_version": "1.2.47.364",
    "context_conn_country": "FR",
    "context_device_manufacturer": "HP",
    "context_device_model": "HP EliteBook 830 G5",
    "context_device_type": "desktop",
    "context_os_name": "windows",
    "context_os_version": "10.0.19045",
    "context_receiver_service_timestamp": 1728460799891,
    "context_time": 1728460564402,
    "message_tracks": 105
  },
  {
    "message_id": "windows_music_library",
    "timestamp_utc": "2024-10-18T08:37:06.306Z",
    "context_application_version": "1.2.48.405",
    "context_conn_country": "FR",
    "context_device_manufacturer": "HP",
    "context_device_model": "HP EliteBook 830 G5",
    "context_device_type": "desktop",
    "context_os_name": "windows",
    "context_os_version": "10.0.19045",
    "context_receiver_service_timestamp": 1729240733853,
    "context_time": 1729240626306,
    "message_tracks": 105
  },
  {
    "message_id": "windows_music_library",
    "timestamp_utc": "2024-10-10T23:48:41.485Z",
    "context_application_version": "1.2.48.405",
    "context_conn_country": "FR",
    "context_device_manufacturer": "HP",
    "context_device_model": "HP EliteBook 830 G5",
    "context_device_type": "desktop",
    "context_os_name": "windows",
    "context_os_version": "10.0.19045",
    "context_receiver_service_timestamp": 1728631094308,
    "context_time": 1728604121485,
    "message_tracks": 105
  },
  {
    "message_id": "downloads",
    "timestamp_utc": "2024-11-10T22:39:15.671Z",
    "context_application_version": "1.2.49.439",
    "context_conn_country": "FR",
    "context_device_manufacturer": "HP",
    "context_device_model": "HP EliteBook 830 G5",
    "context_device_type": "desktop",
    "context_os_name": "windows",
    "context_os_version": "10.0.19045",
    "context_receiver_service_timestamp": 1731278549789,
    "context_time": 1731278355671,
    "message_tracks": 128
  },
  {
    "message_id": "downloads",
    "timestamp_utc": "2024-09-23T09:38:34.303Z",
    "context_application_version": "1.2.45.454",
    "context_conn_country": "FR",
    "context_device_manufacturer": "HP",
    "context_device_model": "HP EliteBook 830 G5",
    "context_device_type": "desktop",
    "context_os_name": "windows",
    "context_os_version": "10.0.19045",
    "context_receiver_service_timestamp": 1727084517065,
    "context_time": 1727084314303,
    "message_tracks": 128
  },
  {
    "message_id": "windows_music_library",
    "timestamp_utc": "2024-10-11T19:51:58.867Z",
    "context_application_version": "1.2.48.405",
    "context_conn_country": "FR",
    "context_device_manufacturer": "HP",
    "context_device_model": "HP EliteBook 830 G5",
    "context_device_type": "desktop",
    "context_os_name": "windows",
    "context_os_version": "10.0.19045",
    "context_receiver_service_timestamp": 1728676440444,
    "context_time": 1728676318867,
    "message_tracks": 105
  },
  {
    "message_id": "downloads",
    "timestamp_utc": "2024-09-20T06:08:46.235Z",
    "context_application_version": "1.2.45.454",
    "context_conn_country": "FR",
    "context_device_manufacturer": "HP",
    "context_device_model": "HP EliteBook 830 G5",
    "context_device_type": "desktop",
    "context_os_name": "windows",
    "context_os_version": "10.0.19045",
    "context_receiver_service_timestamp": 1726913867840,
    "context_time": 1726812526235,
    "message_tracks": 128
  },
  {
    "message_id": "downloads",
    "timestamp_utc": "2024-09-12T12:02:11.838Z",
    "context_application_version": "1.2.45.454",
    "context_conn_country": "FR",
    "context_device_manufacturer": "HP",
    "context_device_model": "HP EliteBook 830 G5",
    "context_device_type": "desktop",
    "context_os_name": "windows",
    "context_os_version": "10.0.19045",
    "context_receiver_service_timestamp": 1726142689603,
    "context_time": 1726142531838,
    "message_tracks": 128
  },
  {
    "message_id": "downloads",
    "timestamp_utc": "2024-11-29T10:57:12.509Z",
    "context_application_version": "1.2.51.345",
    "context_conn_country": "FR",
    "context_device_manufacturer": "HP",
    "context_device_model": "HP EliteBook 830 G5",
    "context_device_type": "desktop",
    "context_os_name": "windows",
    "context_os_version": "10.0.19045",
    "context_receiver_service_timestamp": 1733218786618,
    "context_time": 1732877832509,
    "message_tracks": 128
  },
  {
    "message_id": "downloads",
    "timestamp_utc": "2024-10-24T16:59:58.217Z",
    "context_application_version": "1.2.49.439",
    "context_conn_country": "FR",
    "context_device_manufacturer": "HP",
    "context_device_model": "HP EliteBook 830 G5",
    "context_device_type": "desktop",
    "context_os_name": "windows",
    "context_os_version": "10.0.19045",
    "context_receiver_service_timestamp": 1729789326510,
    "context_time": 1729789198217,
    "message_tracks": 128
  },
  {
    "message_id": "windows_music_library",
    "timestamp_utc": "2024-10-15T12:26:55.053Z",
    "context_application_version": "1.2.48.405",
    "context_conn_country": "FR",
    "context_device_manufacturer": "HP",
    "context_device_model": "HP EliteBook 830 G5",
    "context_device_type": "desktop",
    "context_os_name": "windows",
    "context_os_version": "10.0.19045",
    "context_receiver_service_timestamp": 1728995490321,
    "context_time": 1728995215053,
    "message_tracks": 105
  },
  {
    "message_id": "windows_music_library",
    "timestamp_utc": "2024-10-21T19:35:07.270Z",
    "context_application_version": "1.2.48.405",
    "context_conn_country": "FR",
    "context_device_manufacturer": "HP",
    "context_device_model": "HP EliteBook 830 G5",
    "context_device_type": "desktop",
    "context_os_name": "windows",
    "context_os_version": "10.0.19045",
    "context_receiver_service_timestamp": 1729539434857,
    "context_time": 1729539307270,
    "message_tracks": 105
  },
  {
    "message_id": "windows_music_library",
    "timestamp_utc": "2024-09-23T08:13:05.287Z",
    "context_application_version": "1.2.45.454",
    "context_conn_country": "FR",
    "context_device_manufacturer": "HP",
    "context_device_model": "HP EliteBook 830 G5",
    "context_device_type": "desktop",
    "context_os_name": "windows",
    "context_os_version": "10.0.19045",
    "context_receiver_service_timestamp": 1727084516910,
    "context_time": 1727079185287,
    "message_tracks": 105
  },
  {
    "message_id": "windows_music_library",
    "timestamp_utc": "2024-10-24T16:59:58.217Z",
    "context_application_version": "1.2.49.439",
    "context_conn_country": "FR",
    "context_device_manufacturer": "HP",
    "context_device_model": "HP EliteBook 830 G5",
    "context_device_type": "desktop",
    "context_os_name": "windows",
    "context_os_version": "10.0.19045",
    "context_receiver_service_timestamp": 1729789326510,
    "context_time": 1729789198217,
    "message_tracks": 105
  },
  {
    "message_id": "downloads",
    "timestamp_utc": "2024-11-26T09:07:46.763Z",
    "context_application_version": "1.2.50.335",
    "context_conn_country": "FR",
    "context_device_manufacturer": "HP",
    "context_device_model": "HP EliteBook 830 G5",
    "context_device_type": "desktop",
    "context_os_name": "windows",
    "context_os_version": "10.0.19045",
    "context_receiver_service_timestamp": 1732612085318,
    "context_time": 1732612066763,
    "message_tracks": 128
  },
  {
    "message_id": "windows_music_library",
    "timestamp_utc": "2024-09-30T21:29:43.545Z",
    "context_application_version": "1.2.47.364",
    "context_conn_country": "FR",
    "context_device_manufacturer": "HP",
    "context_device_model": "HP EliteBook 830 G5",
    "context_device_type": "desktop",
    "context_os_name": "windows",
    "context_os_version": "10.0.19045",
    "context_receiver_service_timestamp": 1727731899210,
    "context_time": 1727731783545,
    "message_tracks": 105
  },
  {
    "message_id": "windows_music_library",
    "timestamp_utc": "2024-10-12T19:39:10.357Z",
    "context_application_version": "1.2.48.405",
    "context_conn_country": "FR",
    "context_device_manufacturer": "HP",
    "context_device_model": "HP EliteBook 830 G5",
    "context_device_type": "desktop",
    "context_os_name": "windows",
    "context_os_version": "10.0.19045",
    "context_receiver_service_timestamp": 1728932263612,
    "context_time": 1728761950357,
    "message_tracks": 105
  },
  {
    "message_id": "downloads",
    "timestamp_utc": "2024-11-16T12:17:13.447Z",
    "context_application_version": "1.2.49.439",
    "context_conn_country": "FR",
    "context_device_manufacturer": "HP",
    "context_device_model": "HP EliteBook 830 G5",
    "context_device_type": "desktop",
    "context_os_name": "windows",
    "context_os_version": "10.0.19045",
    "context_receiver_service_timestamp": 1731759564948,
    "context_time": 1731759433447,
    "message_tracks": 128
  },
  {
    "message_id": "downloads",
    "timestamp_utc": "2024-10-21T19:35:07.271Z",
    "context_application_version": "1.2.48.405",
    "context_conn_country": "FR",
    "context_device_manufacturer": "HP",
    "context_device_model": "HP EliteBook 830 G5",
    "context_device_type": "desktop",
    "context_os_name": "windows",
    "context_os_version": "10.0.19045",
    "context_receiver_service_timestamp": 1729539434857,
    "context_time": 1729539307271,
    "message_tracks": 128
  },
  {
    "message_id": "downloads",
    "timestamp_utc": "2024-12-03T08:27:51.925Z",
    "context_application_version": "1.2.51.345",
    "context_conn_country": "FR",
    "context_device_manufacturer": "HP",
    "context_device_model": "HP EliteBook 830 G5",
    "context_device_type": "desktop",
    "context_os_name": "windows",
    "context_os_version": "10.0.19045",
    "context_receiver_service_timestamp": 1733218787130,
    "context_time": 1733214471925,
    "message_tracks": 128
  },
  {
    "message_id": "downloads",
    "timestamp_utc": "2024-09-12T21:01:09.739Z",
    "context_application_version": "1.2.45.454",
    "context_conn_country": "FR",
    "context_device_manufacturer": "HP",
    "context_device_model": "HP EliteBook 830 G5",
    "context_device_type": "desktop",
    "context_os_name": "windows",
    "context_os_version": "10.0.19045",
    "context_receiver_service_timestamp": 1726174973031,
    "context_time": 1726174869739,
    "message_tracks": 128
  },
  {
    "message_id": "downloads",
    "timestamp_utc": "2024-11-30T11:24:47.256Z",
    "context_application_version": "1.2.51.345",
    "context_conn_country": "FR",
    "context_device_manufacturer": "HP",
    "context_device_model": "HP EliteBook 830 G5",
    "context_device_type": "desktop",
    "context_os_name": "windows",
    "context_os_version": "10.0.19045",
    "context_receiver_service_timestamp": 1733218786743,
    "context_time": 1732965887256,
    "message_tracks": 128
  },
  {
    "message_id": "downloads",
    "timestamp_utc": "2024-10-09T16:38:20.046Z",
    "context_application_version": "1.2.47.364",
    "context_conn_country": "FR",
    "context_device_manufacturer": "HP",
    "context_device_model": "HP EliteBook 830 G5",
    "context_device_type": "desktop",
    "context_os_name": "windows",
    "context_os_version": "10.0.19045",
    "context_receiver_service_timestamp": 1728492080561,
    "context_time": 1728491900046,
    "message_tracks": 128
  },
  {
    "message_id": "downloads",
    "timestamp_utc": "2024-11-15T08:54:49.352Z",
    "context_application_version": "1.2.49.439",
    "context_conn_country": "FR",
    "context_device_manufacturer": "HP",
    "context_device_model": "HP EliteBook 830 G5",
    "context_device_type": "desktop",
    "context_os_name": "windows",
    "context_os_version": "10.0.19045",
    "context_receiver_service_timestamp": 1731759558790,
    "context_time": 1731660889352,
    "message_tracks": 128
  },
  {
    "message_id": "windows_music_library",
    "timestamp_utc": "2024-11-07T23:12:07.729Z",
    "context_application_version": "1.2.49.439",
    "context_conn_country": "FR",
    "context_device_manufacturer": "HP",
    "context_device_model": "HP EliteBook 830 G5",
    "context_device_type": "desktop",
    "context_os_name": "windows",
    "context_os_version": "10.0.19045",
    "context_receiver_service_timestamp": 1731241804918,
    "context_time": 1731021127729,
    "message_tracks": 105
  },
  {
    "message_id": "downloads",
    "timestamp_utc": "2024-10-15T09:55:06.433Z",
    "context_application_version": "1.2.48.405",
    "context_conn_country": "FR",
    "context_device_manufacturer": "HP",
    "context_device_model": "HP EliteBook 830 G5",
    "context_device_type": "desktop",
    "context_os_name": "windows",
    "context_os_version": "10.0.19045",
    "context_receiver_service_timestamp": 1728995430074,
    "context_time": 1728986106433,
    "message_tracks": 128
  },
  {
    "message_id": "downloads",
    "timestamp_utc": "2024-10-22T10:49:33.475Z",
    "context_application_version": "1.2.48.405",
    "context_conn_country": "FR",
    "context_device_manufacturer": "HP",
    "context_device_model": "HP EliteBook 830 G5",
    "context_device_type": "desktop",
    "context_os_name": "windows",
    "context_os_version": "10.0.19045",
    "context_receiver_service_timestamp": 1729594298763,
    "context_time": 1729594173475,
    "message_tracks": 128
  },
  {
    "message_id": "windows_music_library",
    "timestamp_utc": "2024-10-28T08:57:16.153Z",
    "context_application_version": "1.2.49.439",
    "context_conn_country": "FR",
    "context_device_manufacturer": "HP",
    "context_device_model": "HP EliteBook 830 G5",
    "context_device_type": "desktop",
    "context_os_name": "windows",
    "context_os_version": "10.0.19045",
    "context_receiver_service_timestamp": 1730549901988,
    "context_time": 1730105836153,
    "message_tracks": 105
  },
  {
    "message_id": "windows_music_library",
    "timestamp_utc": "2024-10-30T10:06:52.354Z",
    "context_application_version": "1.2.49.439",
    "context_conn_country": "FR",
    "context_device_manufacturer": "HP",
    "context_device_model": "HP EliteBook 830 G5",
    "context_device_type": "desktop",
    "context_os_name": "windows",
    "context_os_version": "10.0.19045",
    "context_receiver_service_timestamp": 1730549906612,
    "context_time": 1730282812354,
    "message_tracks": 105
  },
  {
    "message_id": "windows_music_library",
    "timestamp_utc": "2024-09-30T07:50:16.260Z",
    "context_application_version": "1.2.47.364",
    "context_conn_country": "FR",
    "context_device_manufacturer": "HP",
    "context_device_model": "HP EliteBook 830 G5",
    "context_device_type": "desktop",
    "context_os_name": "windows",
    "context_os_version": "10.0.19045",
    "context_receiver_service_timestamp": 1727682849581,
    "context_time": 1727682616260,
    "message_tracks": 105
  },
  {
    "message_id": "windows_music_library",
    "timestamp_utc": "2024-09-25T18:12:13.339Z",
    "context_application_version": "1.2.47.364",
    "context_conn_country": "FR",
    "context_device_manufacturer": "HP",
    "context_device_model": "HP EliteBook 830 G5",
    "context_device_type": "desktop",
    "context_os_name": "windows",
    "context_os_version": "10.0.19045",
    "context_receiver_service_timestamp": 1727288037275,
    "context_time": 1727287933339,
    "message_tracks": 105
  },
  {
    "message_id": "windows_music_library",
    "timestamp_utc": "2024-09-15T10:02:10.063Z",
    "context_application_version": "1.2.45.454",
    "context_conn_country": "FR",
    "context_device_manufacturer": "HP",
    "context_device_model": "HP EliteBook 830 G5",
    "context_device_type": "desktop",
    "context_os_name": "windows",
    "context_os_version": "10.0.19045",
    "context_receiver_service_timestamp": 1726394639621,
    "context_time": 1726394530063,
    "message_tracks": 105
  },
  {
    "message_id": "downloads",
    "timestamp_utc": "2024-09-23T13:45:36.621Z",
    "context_application_version": "1.2.45.454",
    "context_conn_country": "FR",
    "context_device_manufacturer": "HP",
    "context_device_model": "HP EliteBook 830 G5",
    "context_device_type": "desktop",
    "context_os_name": "windows",
    "context_os_version": "10.0.19045",
    "context_receiver_service_timestamp": 1727099248282,
    "context_time": 1727099136621,
    "message_tracks": 128
  },
  {
    "message_id": "downloads",
    "timestamp_utc": "2024-09-30T07:50:16.260Z",
    "context_application_version": "1.2.47.364",
    "context_conn_country": "FR",
    "context_device_manufacturer": "HP",
    "context_device_model": "HP EliteBook 830 G5",
    "context_device_type": "desktop",
    "context_os_name": "windows",
    "context_os_version": "10.0.19045",
    "context_receiver_service_timestamp": 1727682849581,
    "context_time": 1727682616260,
    "message_tracks": 128
  },
  {
    "message_id": "downloads",
    "timestamp_utc": "2024-10-16T13:49:31.887Z",
    "context_application_version": "1.2.48.405",
    "context_conn_country": "FR",
    "context_device_manufacturer": "HP",
    "context_device_model": "HP EliteBook 830 G5",
    "context_device_type": "desktop",
    "context_os_name": "windows",
    "context_os_version": "10.0.19045",
    "context_receiver_service_timestamp": 1729086820438,
    "context_time": 1729086571887,
    "message_tracks": 128
  },
  {
    "message_id": "windows_music_library",
    "timestamp_utc": "2024-09-25T07:56:04.055Z",
    "context_application_version": "1.2.45.454",
    "context_conn_country": "FR",
    "context_device_manufacturer": "HP",
    "context_device_model": "HP EliteBook 830 G5",
    "context_device_type": "desktop",
    "context_os_name": "windows",
    "context_os_version": "10.0.19045",
    "context_receiver_service_timestamp": 1727251103488,
    "context_time": 1727250964055,
    "message_tracks": 105
  },
  {
    "message_id": "downloads",
    "timestamp_utc": "2024-09-25T07:56:04.055Z",
    "context_application_version": "1.2.45.454",
    "context_conn_country": "FR",
    "context_device_manufacturer": "HP",
    "context_device_model": "HP EliteBook 830 G5",
    "context_device_type": "desktop",
    "context_os_name": "windows",
    "context_os_version": "10.0.19045",
    "context_receiver_service_timestamp": 1727251103488,
    "context_time": 1727250964055,
    "message_tracks": 128
  },
  {
    "message_id": "downloads",
    "timestamp_utc": "2024-11-17T09:34:21.245Z",
    "context_application_version": "1.2.50.335",
    "context_conn_country": "FR",
    "context_device_manufacturer": "HP",
    "context_device_model": "HP EliteBook 830 G5",
    "context_device_type": "desktop",
    "context_os_name": "windows",
    "context_os_version": "10.0.19045",
    "context_receiver_service_timestamp": 1731836270644,
    "context_time": 1731836061245,
    "message_tracks": 128
  },
  {
    "message_id": "downloads",
    "timestamp_utc": "2024-09-25T13:15:58.287Z",
    "context_application_version": "1.2.47.364",
    "context_conn_country": "FR",
    "context_device_manufacturer": "HP",
    "context_device_model": "HP EliteBook 830 G5",
    "context_device_type": "desktop",
    "context_os_name": "windows",
    "context_os_version": "10.0.19045",
    "context_receiver_service_timestamp": 1727270272405,
    "context_time": 1727270158287,
    "message_tracks": 128
  },
  {
    "message_id": "downloads",
    "timestamp_utc": "2024-11-19T15:15:20.203Z",
    "context_application_version": "1.2.50.335",
    "context_conn_country": "FR",
    "context_device_manufacturer": "HP",
    "context_device_model": "HP EliteBook 830 G5",
    "context_device_type": "desktop",
    "context_os_name": "windows",
    "context_os_version": "10.0.19045",
    "context_receiver_service_timestamp": 1732099530595,
    "context_time": 1732029320203,
    "message_tracks": 128
  },
  {
    "message_id": "downloads",
    "timestamp_utc": "2024-10-15T09:50:25.484Z",
    "context_application_version": "1.2.48.405",
    "context_conn_country": "FR",
    "context_device_manufacturer": "HP",
    "context_device_model": "HP EliteBook 830 G5",
    "context_device_type": "desktop",
    "context_os_name": "windows",
    "context_os_version": "10.0.19045",
    "context_receiver_service_timestamp": 1728995367808,
    "context_time": 1728985825484,
    "message_tracks": 128
  },
  {
    "message_id": "windows_music_library",
    "timestamp_utc": "2024-11-17T01:53:43.647Z",
    "context_application_version": "1.2.50.335",
    "context_conn_country": "FR",
    "context_device_manufacturer": "HP",
    "context_device_model": "HP EliteBook 830 G5",
    "context_device_type": "desktop",
    "context_os_name": "windows",
    "context_os_version": "10.0.19045",
    "context_receiver_service_timestamp": 1731808550630,
    "context_time": 1731808423647,
    "message_tracks": 105
  },
  {
    "message_id": "downloads",
    "timestamp_utc": "2024-11-08T15:23:38.899Z",
    "context_application_version": "1.2.49.439",
    "context_conn_country": "FR",
    "context_device_manufacturer": "HP",
    "context_device_model": "HP EliteBook 830 G5",
    "context_device_type": "desktop",
    "context_os_name": "windows",
    "context_os_version": "10.0.19045",
    "context_receiver_service_timestamp": 1731241817744,
    "context_time": 1731079418899,
    "message_tracks": 128
  },
  {
    "message_id": "windows_music_library",
    "timestamp_utc": "2024-10-10T17:45:30.220Z",
    "context_application_version": "1.2.47.364",
    "context_conn_country": "FR",
    "context_device_manufacturer": "HP",
    "context_device_model": "HP EliteBook 830 G5",
    "context_device_type": "desktop",
    "context_os_name": "windows",
    "context_os_version": "10.0.19045",
    "context_receiver_service_timestamp": 1728582626666,
    "context_time": 1728582330220,
    "message_tracks": 105
  },
  {
    "message_id": "windows_music_library",
    "timestamp_utc": "2024-10-23T08:29:00.091Z",
    "context_application_version": "1.2.48.405",
    "context_conn_country": "FR",
    "context_device_manufacturer": "HP",
    "context_device_model": "HP EliteBook 830 G5",
    "context_device_type": "desktop",
    "context_os_name": "windows",
    "context_os_version": "10.0.19045",
    "context_receiver_service_timestamp": 1729672269160,
    "context_time": 1729672140091,
    "message_tracks": 105
  },
  {
    "message_id": "windows_music_library",
    "timestamp_utc": "2024-10-10T10:50:45.680Z",
    "context_application_version": "1.2.47.364",
    "context_conn_country": "FR",
    "context_device_manufacturer": "HP",
    "context_device_model": "HP EliteBook 830 G5",
    "context_device_type": "desktop",
    "context_os_name": "windows",
    "context_os_version": "10.0.19045",
    "context_receiver_service_timestamp": 1728557548160,
    "context_time": 1728557445680,
    "message_tracks": 105
  },
  {
    "message_id": "downloads",
    "timestamp_utc": "2024-09-30T11:11:41.231Z",
    "context_application_version": "1.2.47.364",
    "context_conn_country": "FR",
    "context_device_manufacturer": "HP",
    "context_device_model": "HP EliteBook 830 G5",
    "context_device_type": "desktop",
    "context_os_name": "windows",
    "context_os_version": "10.0.19045",
    "context_receiver_service_timestamp": 1727694937531,
    "context_time": 1727694701231,
    "message_tracks": 128
  },
  {
    "message_id": "windows_music_library",
    "timestamp_utc": "2024-09-08T16:22:40.818Z",
    "context_application_version": "1.2.43.420",
    "context_conn_country": "FR",
    "context_device_manufacturer": "HP",
    "context_device_model": "HP EliteBook 830 G5",
    "context_device_type": "desktop",
    "context_os_name": "windows",
    "context_os_version": "10.0.19045",
    "context_receiver_service_timestamp": 1725812971027,
    "context_time": 1725812560818,
    "message_tracks": 127
  },
  {
    "message_id": "downloads",
    "timestamp_utc": "2024-11-10T12:27:58.839Z",
    "context_application_version": "1.2.49.439",
    "context_conn_country": "FR",
    "context_device_manufacturer": "HP",
    "context_device_model": "HP EliteBook 830 G5",
    "context_device_type": "desktop",
    "context_os_name": "windows",
    "context_os_version": "10.0.19045",
    "context_receiver_service_timestamp": 1731241825521,
    "context_time": 1731241678839,
    "message_tracks": 128
  },
  {
    "message_id": "windows_music_library",
    "timestamp_utc": "2024-11-18T17:08:24.020Z",
    "context_application_version": "1.2.50.335",
    "context_conn_country": "FR",
    "context_device_manufacturer": "HP",
    "context_device_model": "HP EliteBook 830 G5",
    "context_device_type": "desktop",
    "context_os_name": "windows",
    "context_os_version": "10.0.19045",
    "context_receiver_service_timestamp": 1731949874599,
    "context_time": 1731949704020,
    "message_tracks": 105
  },
  {
    "message_id": "windows_music_library",
    "timestamp_utc": "2024-12-01T22:19:31.077Z",
    "context_application_version": "1.2.51.345",
    "context_conn_country": "FR",
    "context_device_manufacturer": "HP",
    "context_device_model": "HP EliteBook 830 G5",
    "context_device_type": "desktop",
    "context_os_name": "windows",
    "context_os_version": "10.0.19045",
    "context_receiver_service_timestamp": 1733218786743,
    "context_time": 1733091571077,
    "message_tracks": 105
  },
  {
    "message_id": "downloads",
    "timestamp_utc": "2024-11-17T01:53:43.648Z",
    "context_application_version": "1.2.50.335",
    "context_conn_country": "FR",
    "context_device_manufacturer": "HP",
    "context_device_model": "HP EliteBook 830 G5",
    "context_device_type": "desktop",
    "context_os_name": "windows",
    "context_os_version": "10.0.19045",
    "context_receiver_service_timestamp": 1731808552519,
    "context_time": 1731808423648,
    "message_tracks": 128
  },
  {
    "message_id": "downloads",
    "timestamp_utc": "2024-10-12T19:39:10.357Z",
    "context_application_version": "1.2.48.405",
    "context_conn_country": "FR",
    "context_device_manufacturer": "HP",
    "context_device_model": "HP EliteBook 830 G5",
    "context_device_type": "desktop",
    "context_os_name": "windows",
    "context_os_version": "10.0.19045",
    "context_receiver_service_timestamp": 1728932263612,
    "context_time": 1728761950357,
    "message_tracks": 128
  },
  {
    "message_id": "downloads",
    "timestamp_utc": "2024-12-03T09:39:19.529Z",
    "context_application_version": "1.2.51.345",
    "context_conn_country": "FR",
    "context_device_manufacturer": "HP",
    "context_device_model": "HP EliteBook 830 G5",
    "context_device_type": "desktop",
    "context_os_name": "windows",
    "context_os_version": "10.0.19045",
    "context_receiver_service_timestamp": 1733218787130,
    "context_time": 1733218759529,
    "message_tracks": 128
  },
  {
    "message_id": "downloads",
    "timestamp_utc": "2024-10-19T13:03:56.329Z",
    "context_application_version": "1.2.48.405",
    "context_conn_country": "FR",
    "context_device_manufacturer": "HP",
    "context_device_model": "HP EliteBook 830 G5",
    "context_device_type": "desktop",
    "context_os_name": "windows",
    "context_os_version": "10.0.19045",
    "context_receiver_service_timestamp": 1729343149395,
    "context_time": 1729343036329,
    "message_tracks": 128
  },
  {
    "message_id": "windows_music_library",
    "timestamp_utc": "2024-09-21T22:18:49.699Z",
    "context_application_version": "1.2.45.454",
    "context_conn_country": "FR",
    "context_device_manufacturer": "HP",
    "context_device_model": "HP EliteBook 830 G5",
    "context_device_type": "desktop",
    "context_os_name": "windows",
    "context_os_version": "10.0.19045",
    "context_receiver_service_timestamp": 1726995026581,
    "context_time": 1726957129699,
    "message_tracks": 105
  },
  {
    "message_id": "windows_music_library",
    "timestamp_utc": "2024-09-24T17:50:58.207Z",
    "context_application_version": "1.2.45.454",
    "context_conn_country": "FR",
    "context_device_manufacturer": "HP",
    "context_device_model": "HP EliteBook 830 G5",
    "context_device_type": "desktop",
    "context_os_name": "windows",
    "context_os_version": "10.0.19045",
    "context_receiver_service_timestamp": 1727201119804,
    "context_time": 1727200258207,
    "message_tracks": 105
  },
  {
    "message_id": "downloads",
    "timestamp_utc": "2024-09-22T08:46:40.254Z",
    "context_application_version": "1.2.45.454",
    "context_conn_country": "FR",
    "context_device_manufacturer": "HP",
    "context_device_model": "HP EliteBook 830 G5",
    "context_device_type": "desktop",
    "context_os_name": "windows",
    "context_os_version": "10.0.19045",
    "context_receiver_service_timestamp": 1726995026581,
    "context_time": 1726994800254,
    "message_tracks": 128
  },
  {
    "message_id": "windows_music_library",
    "timestamp_utc": "2024-11-18T16:00:28.648Z",
    "context_application_version": "1.2.50.335",
    "context_conn_country": "FR",
    "context_device_manufacturer": "HP",
    "context_device_model": "HP EliteBook 830 G5",
    "context_device_type": "desktop",
    "context_os_name": "windows",
    "context_os_version": "10.0.19045",
    "context_receiver_service_timestamp": 1731949874599,
    "context_time": 1731945628648,
    "message_tracks": 105
  },
  {
    "message_id": "downloads",
    "timestamp_utc": "2024-10-04T07:58:22.728Z",
    "context_application_version": "1.2.47.364",
    "context_conn_country": "FR",
    "context_device_manufacturer": "HP",
    "context_device_model": "HP EliteBook 830 G5",
    "context_device_type": "desktop",
    "context_os_name": "windows",
    "context_os_version": "10.0.19045",
    "context_receiver_service_timestamp": 1728028898470,
    "context_time": 1728028702728,
    "message_tracks": 128
  },
  {
    "message_id": "windows_music_library",
    "timestamp_utc": "2024-11-26T09:05:24.822Z",
    "context_application_version": "1.2.50.335",
    "context_conn_country": "FR",
    "context_device_manufacturer": "HP",
    "context_device_model": "HP EliteBook 830 G5",
    "context_device_type": "desktop",
    "context_os_name": "windows",
    "context_os_version": "10.0.19045",
    "context_receiver_service_timestamp": 1732612058228,
    "context_time": 1732611924822,
    "message_tracks": 105
  },
  {
    "message_id": "downloads",
    "timestamp_utc": "2024-10-25T16:03:54.509Z",
    "context_application_version": "1.2.49.439",
    "context_conn_country": "FR",
    "context_device_manufacturer": "HP",
    "context_device_model": "HP EliteBook 830 G5",
    "context_device_type": "desktop",
    "context_os_name": "windows",
    "context_os_version": "10.0.19045",
    "context_receiver_service_timestamp": 1729872364691,
    "context_time": 1729872234509,
    "message_tracks": 128
  },
  {
    "message_id": "windows_music_library",
    "timestamp_utc": "2024-10-19T13:03:56.328Z",
    "context_application_version": "1.2.48.405",
    "context_conn_country": "FR",
    "context_device_manufacturer": "HP",
    "context_device_model": "HP EliteBook 830 G5",
    "context_device_type": "desktop",
    "context_os_name": "windows",
    "context_os_version": "10.0.19045",
    "context_receiver_service_timestamp": 1729343149395,
    "context_time": 1729343036328,
    "message_tracks": 105
  },
  {
    "message_id": "downloads",
    "timestamp_utc": "2024-10-09T07:56:04.402Z",
    "context_application_version": "1.2.47.364",
    "context_conn_country": "FR",
    "context_device_manufacturer": "HP",
    "context_device_model": "HP EliteBook 830 G5",
    "context_device_type": "desktop",
    "context_os_name": "windows",
    "context_os_version": "10.0.19045",
    "context_receiver_service_timestamp": 1728460799891,
    "context_time": 1728460564402,
    "message_tracks": 128
  },
  {
    "message_id": "downloads",
    "timestamp_utc": "2024-10-15T10:08:35.115Z",
    "context_application_version": "1.2.48.405",
    "context_conn_country": "FR",
    "context_device_manufacturer": "HP",
    "context_device_model": "HP EliteBook 830 G5",
    "context_device_type": "desktop",
    "context_os_name": "windows",
    "context_os_version": "10.0.19045",
    "context_receiver_service_timestamp": 1728995442477,
    "context_time": 1728986915115,
    "message_tracks": 128
  },
  {
    "message_id": "windows_music_library",
    "timestamp_utc": "2024-10-22T10:49:33.475Z",
    "context_application_version": "1.2.48.405",
    "context_conn_country": "FR",
    "context_device_manufacturer": "HP",
    "context_device_model": "HP EliteBook 830 G5",
    "context_device_type": "desktop",
    "context_os_name": "windows",
    "context_os_version": "10.0.19045",
    "context_receiver_service_timestamp": 1729594298763,
    "context_time": 1729594173475,
    "message_tracks": 105
  }
]