[
  {
    "timestamp_utc": "2024-10-08T08:09:34.881Z",
    "context_application_version": "1.2.47.364",
    "context_conn_country": "FR",
    "context_device_manufacturer": "HP",
    "context_device_model": "HP EliteBook 830 G5",
    "context_device_type": "desktop",
    "context_os_name": "windows",
    "context_os_version": "10.0.19045",
    "context_receiver_service_timestamp": 1728375171110,
    "context_time": 1728374974881,
    "message_duplicate_tracks": 0,
    "message_failed_tracks": 0,
    "message_invalid_tracks": 1,
    "message_matched_tracks": 0,
    "message_source": "",
    "message_tracks": 0
  },
  {
    "timestamp_utc": "2024-11-02T12:15:58.108Z",
    "context_application_version": "1.2.49.439",
    "context_conn_country": "FR",
    "context_device_manufacturer": "HP",
    "context_device_model": "HP EliteBook 830 G5",
    "context_device_type": "desktop",
    "context_os_name": "windows",
    "context_os_version": "10.0.19045",
    "context_receiver_service_timestamp": 1730549910584,
    "context_time": 1730549758108,
    "message_duplicate_tracks": 0,
    "message_failed_tracks": 0,
    "message_invalid_tracks": 1,
    "message_matched_tracks": 0,
    "message_source": "",
    "message_tracks": 0
  }
]