[
  {
    "message_device_id": "532d312d352d32312d3234313734393436302d313031373238393937392d32333531353232373231",
    "message_source_device_id": "532d312d352d32312d3234313734393436302d313031373238393937392d32333531353232373231",
    "message_uri": "spotify:playlist:37i9dQZF1DWZUozJiHy44Y",
    "timestamp_utc": "2024-11-26T09:16:35.358Z",
    "context_time": 1732612595358,
    "message_cache_id": "aa456de60e7ba4aca5427c0d230a4ae1",
    "message_change_reason": "CHANGE_REASON_UNSPECIFIED",
    "message_event": "add",
    "message_source_cache_id": "aa456de60e7ba4aca5427c0d230a4ae1"
  },
  {
    "message_device_id": "532d312d352d32312d3234313734393436302d313031373238393937392d32333531353232373231",
    "message_source_device_id": "532d312d352d32312d3234313734393436302d313031373238393937392d32333531353232373231",
    "message_uri": "spotify:playlist:37i9dQZF1EIXORj0eU3JB3",
    "timestamp_utc": "2024-11-26T09:18:19.751Z",
    "context_time": 1732612699751,
    "message_cache_id": "aa456de60e7ba4aca5427c0d230a4ae1",
    "message_change_reason": "CHANGE_REASON_UNSPECIFIED",
    "message_event": "add",
    "message_source_cache_id": "aa456de60e7ba4aca5427c0d230a4ae1"
  },
  {
    "message_device_id": "63366163323739333930393863373437",
    "message_source_device_id": "63366163323739333930393863373437",
    "message_uri": "spotify:album:7h5YXGDPG5nC2yNfRe5lLp",
    "timestamp_utc": "2024-10-03T12:37:50.950Z",
    "context_time": 1727959070950,
    "message_cache_id": "6e42c5aac686fdc0ac016ada3abc0bec",
    "message_change_reason": null,
    "message_event": "add",
    "message_source_cache_id": "6e42c5aac686fdc0ac016ada3abc0bec"
  },
  {
    "message_device_id": "63366163323739333930393863373437",
    "message_source_device_id": "63366163323739333930393863373437",
    "message_uri": "spotify:playlist:37i9dQZF1E4xm408gWagjM",
    "timestamp_utc": "2024-09-12T11:55:38.233Z",
    "context_time": 1726142138233,
    "message_cache_id": "6e42c5aac686fdc0ac016ada3abc0bec",
    "message_change_reason": null,
    "message_event": "add",
    "message_source_cache_id": "6e42c5aac686fdc0ac016ada3abc0bec"
  },
  {
    "message_device_id": "63366163323739333930393863373437",
    "message_source_device_id": "63366163323739333930393863373437",
    "message_uri": "spotify:episode:0BAyKt9LUpeUS8kQ198bP4",
    "timestamp_utc": "2024-12-03T10:08:30.180Z",
    "context_time": 1733220510180,
    "message_cache_id": "6e42c5aac686fdc0ac016ada3abc0bec",
    "message_change_reason": "CHANGE_REASON_UNSPECIFIED",
    "message_event": "add",
    "message_source_cache_id": "6e42c5aac686fdc0ac016ada3abc0bec"
  },
  {
    "message_device_id": "63366163323739333930393863373437",
    "message_source_device_id": "63366163323739333930393863373437",
    "message_uri": "spotify:episode:0BrTklBUReVyNlnHgKLRcT",
    "timestamp_utc": "2024-12-03T10:07:42.460Z",
    "context_time": 1733220462460,
    "message_cache_id": "6e42c5aac686fdc0ac016ada3abc0bec",
    "message_change_reason": "CHANGE_REASON_UNSPECIFIED",
    "message_event": "add",
    "message_source_cache_id": "6e42c5aac686fdc0ac016ada3abc0bec"
  },
  {
    "message_device_id": "63366163323739333930393863373437",
    "message_source_device_id": "63366163323739333930393863373437",
    "message_uri": "spotify:episode:0CfGi3IV0dMfo6i0GNnpCn",
    "timestamp_utc": "2024-12-03T10:08:54.859Z",
    "context_time": 1733220534859,
    "message_cache_id": "6e42c5aac686fdc0ac016ada3abc0bec",
    "message_change_reason": "CHANGE_REASON_UNSPECIFIED",
    "message_event": "add",
    "message_source_cache_id": "6e42c5aac686fdc0ac016ada3abc0bec"
  },
  {
    "message_device_id": "63366163323739333930393863373437",
    "message_source_device_id": "63366163323739333930393863373437",
    "message_uri": "spotify:episode:0ExBhOLepV7D4zgDizZGrs",
    "timestamp_utc": "2024-12-03T10:07:27.306Z",
    "context_time": 1733220447306,
    "message_cache_id": "6e42c5aac686fdc0ac016ada3abc0bec",
    "message_change_reason": "CHANGE_REASON_UNSPECIFIED",
    "message_event": "add",
    "message_source_cache_id": "6e42c5aac686fdc0ac016ada3abc0bec"
  },
  {
    "message_device_id": "63366163323739333930393863373437",
    "message_source_device_id": "63366163323739333930393863373437",
    "message_uri": "spotify:episode:0I7JxOjkeTODbFlFvo2dhB",
    "timestamp_utc": "2024-12-03T10:08:39.808Z",
    "context_time": 1733220519808,
    "message_cache_id": "6e42c5aac686fdc0ac016ada3abc0bec",
    "message_change_reason": "CHANGE_REASON_UNSPECIFIED",
    "message_event": "add",
    "message_source_cache_id": "6e42c5aac686fdc0ac016ada3abc0bec"
  },
  {
    "message_device_id": "63366163323739333930393863373437",
    "message_source_device_id": "63366163323739333930393863373437",
    "message_uri": "spotify:episode:0PHLvuasXA47DVqX6p5DGf",
    "timestamp_utc": "2024-12-03T10:04:36.177Z",
    "context_time": 1733220276177,
    "message_cache_id": "6e42c5aac686fdc0ac016ada3abc0bec",
    "message_change_reason": "CHANGE_REASON_UNSPECIFIED",
    "message_event": "add",
    "message_source_cache_id": "6e42c5aac686fdc0ac016ada3abc0bec"
  },
  {
    "message_device_id": "63366163323739333930393863373437",
    "message_source_device_id": "63366163323739333930393863373437",
    "message_uri": "spotify:episode:0h19q1eyAGE7K8qgoCdK1S",
    "timestamp_utc": "2024-12-03T10:07:34.068Z",
    "context_time": 1733220454068,
    "message_cache_id": "6e42c5aac686fdc0ac016ada3abc0bec",
    "message_change_reason": "CHANGE_REASON_UNSPECIFIED",
    "message_event": "add",
    "message_source_cache_id": "6e42c5aac686fdc0ac016ada3abc0bec"
  },
  {
    "message_device_id": "63366163323739333930393863373437",
    "message_source_device_id": "63366163323739333930393863373437",
    "message_uri": "spotify:episode:1Gds51Px5kLFpEesJ8N7IM",
    "timestamp_utc": "2024-12-03T10:04:40.270Z",
    "context_time": 1733220280270,
    "message_cache_id": "6e42c5aac686fdc0ac016ada3abc0bec",
    "message_change_reason": "CHANGE_REASON_UNSPECIFIED",
    "message_event": "add",
    "message_source_cache_id": "6e42c5aac686fdc0ac016ada3abc0bec"
  },
  {
    "message_device_id": "63366163323739333930393863373437",
    "message_source_device_id": "63366163323739333930393863373437",
    "message_uri": "spotify:episode:1PSL1iXqcqrwRzjGpD2lrg",
    "timestamp_utc": "2024-12-03T10:04:53.095Z",
    "context_time": 1733220293095,
    "message_cache_id": "6e42c5aac686fdc0ac016ada3abc0bec",
    "message_change_reason": "CHANGE_REASON_UNSPECIFIED",
    "message_event": "add",
    "message_source_cache_id": "6e42c5aac686fdc0ac016ada3abc0bec"
  },
  {
    "message_device_id": "63366163323739333930393863373437",
    "message_source_device_id": "63366163323739333930393863373437",
    "message_uri": "spotify:episode:1XHqvcTwtlIHy5QhJwsMen",
    "timestamp_utc": "2024-12-03T10:04:29.542Z",
    "context_time": 1733220269542,
    "message_cache_id": "6e42c5aac686fdc0ac016ada3abc0bec",
    "message_change_reason": "CHANGE_REASON_UNSPECIFIED",
    "message_event": "add",
    "message_source_cache_id": "6e42c5aac686fdc0ac016ada3abc0bec"
  },
  {
    "message_device_id": "63366163323739333930393863373437",
    "message_source_device_id": "63366163323739333930393863373437",
    "message_uri": "spotify:episode:1cFUKRCAQr9XVdFcKYHNTT",
    "timestamp_utc": "2024-12-03T10:05:09.581Z",
    "context_time": 1733220309581,
    "message_cache_id": "6e42c5aac686fdc0ac016ada3abc0bec",
    "message_change_reason": "CHANGE_REASON_UNSPECIFIED",
    "message_event": "add",
    "message_source_cache_id": "6e42c5aac686fdc0ac016ada3abc0bec"
  },
  {
    "message_device_id": "63366163323739333930393863373437",
    "message_source_device_id": "63366163323739333930393863373437",
    "message_uri": "spotify:episode:27QAG3ziBWsIe0idYyMdq2",
    "timestamp_utc": "2024-12-03T10:07:47.581Z",
    "context_time": 1733220467581,
    "message_cache_id": "6e42c5aac686fdc0ac016ada3abc0bec",
    "message_change_reason": "CHANGE_REASON_UNSPECIFIED",
    "message_event": "add",
    "message_source_cache_id": "6e42c5aac686fdc0ac016ada3abc0bec"
  },
  {
    "message_device_id": "63366163323739333930393863373437",
    "message_source_device_id": "63366163323739333930393863373437",
    "message_uri": "spotify:episode:2BSLJX20xjUWb0MgjNOpat",
    "timestamp_utc": "2024-12-03T10:05:18.387Z",
    "context_time": 1733220318387,
    "message_cache_id": "6e42c5aac686fdc0ac016ada3abc0bec",
    "message_change_reason": "CHANGE_REASON_UNSPECIFIED",
    "message_event": "add",
    "message_source_cache_id": "6e42c5aac686fdc0ac016ada3abc0bec"
  },
  {
    "message_device_id": "63366163323739333930393863373437",
    "message_source_device_id": "63366163323739333930393863373437",
    "message_uri": "spotify:episode:2P3ZuLWH8YhBlohrk910jz",
    "timestamp_utc": "2024-12-03T10:06:44.910Z",
    "context_time": 1733220404910,
    "message_cache_id": "6e42c5aac686fdc0ac016ada3abc0bec",
    "message_change_reason": "CHANGE_REASON_UNSPECIFIED",
    "message_event": "add",
    "message_source_cache_id": "6e42c5aac686fdc0ac016ada3abc0bec"
  },
  {
    "message_device_id": "63366163323739333930393863373437",
    "message_source_device_id": "63366163323739333930393863373437",
    "message_uri": "spotify:episode:2S6RVELVgqsJhYDizRXSBY",
    "timestamp_utc": "2024-12-03T10:07:15.837Z",
    "context_time": 1733220435837,
    "message_cache_id": "6e42c5aac686fdc0ac016ada3abc0bec",
    "message_change_reason": "CHANGE_REASON_UNSPECIFIED",
    "message_event": "add",
    "message_source_cache_id": "6e42c5aac686fdc0ac016ada3abc0bec"
  },
  {
    "message_device_id": "63366163323739333930393863373437",
    "message_source_device_id": "63366163323739333930393863373437",
    "message_uri": "spotify:episode:2mLxZBWnQlqKC58tT8SmcG",
    "timestamp_utc": "2024-12-03T10:07:31.212Z",
    "context_time": 1733220451212,
    "message_cache_id": "6e42c5aac686fdc0ac016ada3abc0bec",
    "message_change_reason": "CHANGE_REASON_UNSPECIFIED",
    "message_event": "add",
    "message_source_cache_id": "6e42c5aac686fdc0ac016ada3abc0bec"
  },
  {
    "message_device_id": "63366163323739333930393863373437",
    "message_source_device_id": "63366163323739333930393863373437",
    "message_uri": "spotify:episode:39yLaowMnBG0a8CbqQbnIw",
    "timestamp_utc": "2024-12-03T10:05:07.426Z",
    "context_time": 1733220307426,
    "message_cache_id": "6e42c5aac686fdc0ac016ada3abc0bec",
    "message_change_reason": "CHANGE_REASON_UNSPECIFIED",
    "message_event": "add",
    "message_source_cache_id": "6e42c5aac686fdc0ac016ada3abc0bec"
  },
  {
    "message_device_id": "63366163323739333930393863373437",
    "message_source_device_id": "63366163323739333930393863373437",
    "message_uri": "spotify:episode:3oBO79EuffsbkVYap4JARY",
    "timestamp_utc": "2024-12-03T10:07:04.463Z",
    "context_time": 1733220424463,
    "message_cache_id": "6e42c5aac686fdc0ac016ada3abc0bec",
    "message_change_reason": "CHANGE_REASON_UNSPECIFIED",
    "message_event": "add",
    "message_source_cache_id": "6e42c5aac686fdc0ac016ada3abc0bec"
  },
  {
    "message_device_id": "63366163323739333930393863373437",
    "message_source_device_id": "63366163323739333930393863373437",
    "message_uri": "spotify:episode:3oqSM6qU6DbKSCYwOjwUkp",
    "timestamp_utc": "2024-12-03T10:04:46.641Z",
    "context_time": 1733220286641,
    "message_cache_id": "6e42c5aac686fdc0ac016ada3abc0bec",
    "message_change_reason": "CHANGE_REASON_UNSPECIFIED",
    "message_event": "add",
    "message_source_cache_id": "6e42c5aac686fdc0ac016ada3abc0bec"
  },
  {
    "message_device_id": "63366163323739333930393863373437",
    "message_source_device_id": "63366163323739333930393863373437",
    "message_uri": "spotify:episode:4BIbTUjHSJdKxzQqPRfQ0f",
    "timestamp_utc": "2024-12-03T10:08:46.358Z",
    "context_time": 1733220526358,
    "message_cache_id": "6e42c5aac686fdc0ac016ada3abc0bec",
    "message_change_reason": "CHANGE_REASON_UNSPECIFIED",
    "message_event": "add",
    "message_source_cache_id": "6e42c5aac686fdc0ac016ada3abc0bec"
  },
  {
    "message_device_id": "63366163323739333930393863373437",
    "message_source_device_id": "63366163323739333930393863373437",
    "message_uri": "spotify:episode:4FT38MLFXOCIFZkhOFFA53",
    "timestamp_utc": "2024-12-03T10:05:48.878Z",
    "context_time": 1733220348878,
    "message_cache_id": "6e42c5aac686fdc0ac016ada3abc0bec",
    "message_change_reason": "CHANGE_REASON_UNSPECIFIED",
    "message_event": "add",
    "message_source_cache_id": "6e42c5aac686fdc0ac016ada3abc0bec"
  },
  {
    "message_device_id": "63366163323739333930393863373437",
    "message_source_device_id": "63366163323739333930393863373437",
    "message_uri": "spotify:episode:4NLNzc73FuHAu0ZcFjEK7C",
    "timestamp_utc": "2024-12-03T11:59:55.307Z",
    "context_time": 1733227195307,
    "message_cache_id": "6e42c5aac686fdc0ac016ada3abc0bec",
    "message_change_reason": "CHANGE_REASON_UNSPECIFIED",
    "message_event": "add",
    "message_source_cache_id": "6e42c5aac686fdc0ac016ada3abc0bec"
  },
  {
    "message_device_id": "63366163323739333930393863373437",
    "message_source_device_id": "63366163323739333930393863373437",
    "message_uri": "spotify:episode:4NLNzc73FuHAu0ZcFjEK7C",
    "timestamp_utc": "2024-12-03T12:20:36.080Z",
    "context_time": 1733228436080,
    "message_cache_id": "6e42c5aac686fdc0ac016ada3abc0bec",
    "message_change_reason": "CHANGE_REASON_UNSPECIFIED",
    "message_event": "add",
    "message_source_cache_id": "6e42c5aac686fdc0ac016ada3abc0bec"
  },
  {
    "message_device_id": "63366163323739333930393863373437",
    "message_source_device_id": "63366163323739333930393863373437",
    "message_uri": "spotify:episode:4O1tvJQhgVJGV0pwT975Ks",
    "timestamp_utc": "2024-12-03T10:05:04.641Z",
    "context_time": 1733220304641,
    "message_cache_id": "6e42c5aac686fdc0ac016ada3abc0bec",
    "message_change_reason": "CHANGE_REASON_UNSPECIFIED",
    "message_event": "add",
    "message_source_cache_id": "6e42c5aac686fdc0ac016ada3abc0bec"
  },
  {
    "message_device_id": "63366163323739333930393863373437",
    "message_source_device_id": "63366163323739333930393863373437",
    "message_uri": "spotify:episode:4avY0L8KV84mLcoL5QNO2z",
    "timestamp_utc": "2024-12-03T10:08:49.124Z",
    "context_time": 1733220529124,
    "message_cache_id": "6e42c5aac686fdc0ac016ada3abc0bec",
    "message_change_reason": "CHANGE_REASON_UNSPECIFIED",
    "message_event": "add",
    "message_source_cache_id": "6e42c5aac686fdc0ac016ada3abc0bec"
  },
  {
    "message_device_id": "63366163323739333930393863373437",
    "message_source_device_id": "63366163323739333930393863373437",
    "message_uri": "spotify:episode:4kvb0IqT7b89QgqO2FfqVf",
    "timestamp_utc": "2024-12-03T10:06:57.711Z",
    "context_time": 1733220417711,
    "message_cache_id": "6e42c5aac686fdc0ac016ada3abc0bec",
    "message_change_reason": "CHANGE_REASON_UNSPECIFIED",
    "message_event": "add",
    "message_source_cache_id": "6e42c5aac686fdc0ac016ada3abc0bec"
  },
  {
    "message_device_id": "63366163323739333930393863373437",
    "message_source_device_id": "63366163323739333930393863373437",
    "message_uri": "spotify:episode:4p6zMW4OeVzPuu61jLuOTR",
    "timestamp_utc": "2024-12-03T10:04:48.791Z",
    "context_time": 1733220288791,
    "message_cache_id": "6e42c5aac686fdc0ac016ada3abc0bec",
    "message_change_reason": "CHANGE_REASON_UNSPECIFIED",
    "message_event": "add",
    "message_source_cache_id": "6e42c5aac686fdc0ac016ada3abc0bec"
  },
  {
    "message_device_id": "63366163323739333930393863373437",
    "message_source_device_id": "63366163323739333930393863373437",
    "message_uri": "spotify:episode:4shBcbBYkyDiNV7OI5UBlP",
    "timestamp_utc": "2024-12-03T10:05:13.984Z",
    "context_time": 1733220313984,
    "message_cache_id": "6e42c5aac686fdc0ac016ada3abc0bec",
    "message_change_reason": "CHANGE_REASON_UNSPECIFIED",
    "message_event": "add",
    "message_source_cache_id": "6e42c5aac686fdc0ac016ada3abc0bec"
  },
  {
    "message_device_id": "63366163323739333930393863373437",
    "message_source_device_id": "63366163323739333930393863373437",
    "message_uri": "spotify:episode:4wERGXNw7UFq5CQxV0joR2",
    "timestamp_utc": "2024-12-03T10:04:55.142Z",
    "context_time": 1733220295142,
    "message_cache_id": "6e42c5aac686fdc0ac016ada3abc0bec",
    "message_change_reason": "CHANGE_REASON_UNSPECIFIED",
    "message_event": "add",
    "message_source_cache_id": "6e42c5aac686fdc0ac016ada3abc0bec"
  },
  {
    "message_device_id": "63366163323739333930393863373437",
    "message_source_device_id": "63366163323739333930393863373437",
    "message_uri": "spotify:episode:4xUYMEuKfqZfbdLz4DglWR",
    "timestamp_utc": "2024-12-03T10:06:37.724Z",
    "context_time": 1733220397724,
    "message_cache_id": "6e42c5aac686fdc0ac016ada3abc0bec",
    "message_change_reason": "CHANGE_REASON_UNSPECIFIED",
    "message_event": "add",
    "message_source_cache_id": "6e42c5aac686fdc0ac016ada3abc0bec"
  },
  {
    "message_device_id": "63366163323739333930393863373437",
    "message_source_device_id": "63366163323739333930393863373437",
    "message_uri": "spotify:episode:595ljPFppvUk8U3gDGuG4R",
    "timestamp_utc": "2024-12-03T10:04:50.637Z",
    "context_time": 1733220290637,
    "message_cache_id": "6e42c5aac686fdc0ac016ada3abc0bec",
    "message_change_reason": "CHANGE_REASON_UNSPECIFIED",
    "message_event": "add",
    "message_source_cache_id": "6e42c5aac686fdc0ac016ada3abc0bec"
  },
  {
    "message_device_id": "63366163323739333930393863373437",
    "message_source_device_id": "63366163323739333930393863373437",
    "message_uri": "spotify:episode:5AfDRZSRFaHcfZMlGPGOUp",
    "timestamp_utc": "2024-12-03T10:08:51.685Z",
    "context_time": 1733220531685,
    "message_cache_id": "6e42c5aac686fdc0ac016ada3abc0bec",
    "message_change_reason": "CHANGE_REASON_UNSPECIFIED",
    "message_event": "add",
    "message_source_cache_id": "6e42c5aac686fdc0ac016ada3abc0bec"
  },
  {
    "message_device_id": "63366163323739333930393863373437",
    "message_source_device_id": "63366163323739333930393863373437",
    "message_uri": "spotify:episode:5PRRyyDrIhpKQ1IpY6W9c9",
    "timestamp_utc": "2024-12-03T10:05:33.547Z",
    "context_time": 1733220333547,
    "message_cache_id": "6e42c5aac686fdc0ac016ada3abc0bec",
    "message_change_reason": "CHANGE_REASON_UNSPECIFIED",
    "message_event": "add",
    "message_source_cache_id": "6e42c5aac686fdc0ac016ada3abc0bec"
  },
  {
    "message_device_id": "63366163323739333930393863373437",
    "message_source_device_id": "63366163323739333930393863373437",
    "message_uri": "spotify:episode:5Rqhy2WWhuF1gJwaJo2sFa",
    "timestamp_utc": "2024-12-03T10:04:38.222Z",
    "context_time": 1733220278222,
    "message_cache_id": "6e42c5aac686fdc0ac016ada3abc0bec",
    "message_change_reason": "CHANGE_REASON_UNSPECIFIED",
    "message_event": "add",
    "message_source_cache_id": "6e42c5aac686fdc0ac016ada3abc0bec"
  },
  {
    "message_device_id": "63366163323739333930393863373437",
    "message_source_device_id": "63366163323739333930393863373437",
    "message_uri": "spotify:episode:5VR3Gf3kPu0UFoTV1vCsLS",
    "timestamp_utc": "2024-12-03T10:06:54.639Z",
    "context_time": 1733220414639,
    "message_cache_id": "6e42c5aac686fdc0ac016ada3abc0bec",
    "message_change_reason": "CHANGE_REASON_UNSPECIFIED",
    "message_event": "add",
    "message_source_cache_id": "6e42c5aac686fdc0ac016ada3abc0bec"
  },
  {
    "message_device_id": "63366163323739333930393863373437",
    "message_source_device_id": "63366163323739333930393863373437",
    "message_uri": "spotify:episode:5beapZ88l33x8egVMcuCzD",
    "timestamp_utc": "2024-12-03T10:04:43.773Z",
    "context_time": 1733220283773,
    "message_cache_id": "6e42c5aac686fdc0ac016ada3abc0bec",
    "message_change_reason": "CHANGE_REASON_UNSPECIFIED",
    "message_event": "add",
    "message_source_cache_id": "6e42c5aac686fdc0ac016ada3abc0bec"
  },
  {
    "message_device_id": "63366163323739333930393863373437",
    "message_source_device_id": "63366163323739333930393863373437",
    "message_uri": "spotify:episode:5oZWaa0Q966LTMQhEeGX0n",
    "timestamp_utc": "2024-12-03T10:07:00.682Z",
    "context_time": 1733220420682,
    "message_cache_id": "6e42c5aac686fdc0ac016ada3abc0bec",
    "message_change_reason": "CHANGE_REASON_UNSPECIFIED",
    "message_event": "add",
    "message_source_cache_id": "6e42c5aac686fdc0ac016ada3abc0bec"
  },
  {
    "message_device_id": "63366163323739333930393863373437",
    "message_source_device_id": "63366163323739333930393863373437",
    "message_uri": "spotify:episode:6G3xviVy0nQvqTbCoobC1y",
    "timestamp_utc": "2024-12-03T10:07:06.529Z",
    "context_time": 1733220426529,
    "message_cache_id": "6e42c5aac686fdc0ac016ada3abc0bec",
    "message_change_reason": "CHANGE_REASON_UNSPECIFIED",
    "message_event": "add",
    "message_source_cache_id": "6e42c5aac686fdc0ac016ada3abc0bec"
  },
  {
    "message_device_id": "63366163323739333930393863373437",
    "message_source_device_id": "63366163323739333930393863373437",
    "message_uri": "spotify:episode:6SuYWNbWrh3Tm6V1NddfPp",
    "timestamp_utc": "2024-12-03T10:04:56.676Z",
    "context_time": 1733220296676,
    "message_cache_id": "6e42c5aac686fdc0ac016ada3abc0bec",
    "message_change_reason": "CHANGE_REASON_UNSPECIFIED",
    "message_event": "add",
    "message_source_cache_id": "6e42c5aac686fdc0ac016ada3abc0bec"
  },
  {
    "message_device_id": "63366163323739333930393863373437",
    "message_source_device_id": "63366163323739333930393863373437",
    "message_uri": "spotify:episode:6aAc5glUxjzPoHsk3SX4jK",
    "timestamp_utc": "2024-12-03T10:06:07.536Z",
    "context_time": 1733220367536,
    "message_cache_id": "6e42c5aac686fdc0ac016ada3abc0bec",
    "message_change_reason": "CHANGE_REASON_UNSPECIFIED",
    "message_event": "add",
    "message_source_cache_id": "6e42c5aac686fdc0ac016ada3abc0bec"
  },
  {
    "message_device_id": "63366163323739333930393863373437",
    "message_source_device_id": "63366163323739333930393863373437",
    "message_uri": "spotify:episode:6evXnkadXvpn9hSZ4XvnF3",
    "timestamp_utc": "2024-12-03T10:04:31.997Z",
    "context_time": 1733220271997,
    "message_cache_id": "6e42c5aac686fdc0ac016ada3abc0bec",
    "message_change_reason": "CHANGE_REASON_UNSPECIFIED",
    "message_event": "add",
    "message_source_cache_id": "6e42c5aac686fdc0ac016ada3abc0bec"
  },
  {
    "message_device_id": "63366163323739333930393863373437",
    "message_source_device_id": "63366163323739333930393863373437",
    "message_uri": "spotify:episode:71cYdUePFeoEoac84ntBdq",
    "timestamp_utc": "2024-12-03T10:08:43.081Z",
    "context_time": 1733220523081,
    "message_cache_id": "6e42c5aac686fdc0ac016ada3abc0bec",
    "message_change_reason": "CHANGE_REASON_UNSPECIFIED",
    "message_event": "add",
    "message_source_cache_id": "6e42c5aac686fdc0ac016ada3abc0bec"
  },
  {
    "message_device_id": "63366163323739333930393863373437",
    "message_source_device_id": "63366163323739333930393863373437",
    "message_uri": "spotify:episode:7I7GxTtoFNO4tkHRyJRQMo",
    "timestamp_utc": "2024-12-03T10:06:27.196Z",
    "context_time": 1733220387196,
    "message_cache_id": "6e42c5aac686fdc0ac016ada3abc0bec",
    "message_change_reason": "CHANGE_REASON_UNSPECIFIED",
    "message_event": "add",
    "message_source_cache_id": "6e42c5aac686fdc0ac016ada3abc0bec"
  },
  {
    "message_device_id": "63366163323739333930393863373437",
    "message_source_device_id": "63366163323739333930393863373437",
    "message_uri": "spotify:episode:7Itn5nX7vpCtgwKmGteEik",
    "timestamp_utc": "2024-12-03T10:06:21.672Z",
    "context_time": 1733220381672,
    "message_cache_id": "6e42c5aac686fdc0ac016ada3abc0bec",
    "message_change_reason": "CHANGE_REASON_UNSPECIFIED",
    "message_event": "add",
    "message_source_cache_id": "6e42c5aac686fdc0ac016ada3abc0bec"
  },
  {
    "message_device_id": "63366163323739333930393863373437",
    "message_source_device_id": "63366163323739333930393863373437",
    "message_uri": "spotify:episode:7MgMorrxS3ga7LWHJ4ZDT3",
    "timestamp_utc": "2024-12-03T10:06:11.016Z",
    "context_time": 1733220371016,
    "message_cache_id": "6e42c5aac686fdc0ac016ada3abc0bec",
    "message_change_reason": "CHANGE_REASON_UNSPECIFIED",
    "message_event": "add",
    "message_source_cache_id": "6e42c5aac686fdc0ac016ada3abc0bec"
  },
  {
    "message_device_id": "63366163323739333930393863373437",
    "message_source_device_id": "63366163323739333930393863373437",
    "message_uri": "spotify:episode:7nmG8DWTPOFMGOVdUTTrpF",
    "timestamp_utc": "2024-12-03T10:07:44.620Z",
    "context_time": 1733220464620,
    "message_cache_id": "6e42c5aac686fdc0ac016ada3abc0bec",
    "message_change_reason": "CHANGE_REASON_UNSPECIFIED",
    "message_event": "add",
    "message_source_cache_id": "6e42c5aac686fdc0ac016ada3abc0bec"
  },
  {
    "message_device_id": "63366163323739333930393863373437",
    "message_source_device_id": "63366163323739333930393863373437",
    "message_uri": "spotify:episode:7wZGLhpHK1gLEAuqWkI7T1",
    "timestamp_utc": "2024-12-03T11:59:53.876Z",
    "context_time": 1733227193876,
    "message_cache_id": "6e42c5aac686fdc0ac016ada3abc0bec",
    "message_change_reason": "CHANGE_REASON_UNSPECIFIED",
    "message_event": "add",
    "message_source_cache_id": "6e42c5aac686fdc0ac016ada3abc0bec"
  },
  {
    "message_device_id": "63366163323739333930393863373437",
    "message_source_device_id": "63366163323739333930393863373437",
    "message_uri": "spotify:playlist:37i9dQZF1EIYP0IVq0iwUk",
    "timestamp_utc": "2024-12-03T13:03:16.818Z",
    "context_time": 1733230996818,
    "message_cache_id": "6e42c5aac686fdc0ac016ada3abc0bec",
    "message_change_reason": "CHANGE_REASON_UNSPECIFIED",
    "message_event": "add",
    "message_source_cache_id": "6e42c5aac686fdc0ac016ada3abc0bec"
  },
  {
    "message_device_id": "63366163323739333930393863373437",
    "message_source_device_id": "63366163323739333930393863373437",
    "message_uri": "spotify:episode:03jy3BgCKYgDkwlNirNm9k",
    "timestamp_utc": "2024-12-03T13:57:16.502Z",
    "context_time": 1733234236502,
    "message_cache_id": "6e42c5aac686fdc0ac016ada3abc0bec",
    "message_change_reason": "CHANGE_REASON_UNSPECIFIED",
    "message_event": "remove",
    "message_source_cache_id": "6e42c5aac686fdc0ac016ada3abc0bec"
  },
  {
    "message_device_id": "63366163323739333930393863373437",
    "message_source_device_id": "63366163323739333930393863373437",
    "message_uri": "spotify:episode:0JSuozkyX3Ki90gbOVL5Cy",
    "timestamp_utc": "2024-12-03T10:06:24.641Z",
    "context_time": 1733220384641,
    "message_cache_id": "6e42c5aac686fdc0ac016ada3abc0bec",
    "message_change_reason": "CHANGE_REASON_UNSPECIFIED",
    "message_event": "remove",
    "message_source_cache_id": "6e42c5aac686fdc0ac016ada3abc0bec"
  },
  {
    "message_device_id": "63366163323739333930393863373437",
    "message_source_device_id": "63366163323739333930393863373437",
    "message_uri": "spotify:episode:0noJUYiLmDLTMFV6aHM4FS",
    "timestamp_utc": "2024-12-03T12:20:15.492Z",
    "context_time": 1733228415492,
    "message_cache_id": "6e42c5aac686fdc0ac016ada3abc0bec",
    "message_change_reason": "CHANGE_REASON_UNSPECIFIED",
    "message_event": "remove",
    "message_source_cache_id": "6e42c5aac686fdc0ac016ada3abc0bec"
  },
  {
    "message_device_id": "63366163323739333930393863373437",
    "message_source_device_id": "63366163323739333930393863373437",
    "message_uri": "spotify:episode:1heB1TpbWcf4oOyGJUvwQV",
    "timestamp_utc": "2024-12-03T10:05:53.436Z",
    "context_time": 1733220353436,
    "message_cache_id": "6e42c5aac686fdc0ac016ada3abc0bec",
    "message_change_reason": "CHANGE_REASON_UNSPECIFIED",
    "message_event": "remove",
    "message_source_cache_id": "6e42c5aac686fdc0ac016ada3abc0bec"
  },
  {
    "message_device_id": "63366163323739333930393863373437",
    "message_source_device_id": "63366163323739333930393863373437",
    "message_uri": "spotify:episode:2GkWhGQmt8ukPQnX00o2MC",
    "timestamp_utc": "2024-12-03T10:06:30.066Z",
    "context_time": 1733220390066,
    "message_cache_id": "6e42c5aac686fdc0ac016ada3abc0bec",
    "message_change_reason": "CHANGE_REASON_UNSPECIFIED",
    "message_event": "remove",
    "message_source_cache_id": "6e42c5aac686fdc0ac016ada3abc0bec"
  },
  {
    "message_device_id": "63366163323739333930393863373437",
    "message_source_device_id": "63366163323739333930393863373437",
    "message_uri": "spotify:episode:2MEYmf1a5KzChmFpIbHphu",
    "timestamp_utc": "2024-12-03T13:57:09.934Z",
    "context_time": 1733234229934,
    "message_cache_id": "6e42c5aac686fdc0ac016ada3abc0bec",
    "message_change_reason": "CHANGE_REASON_UNSPECIFIED",
    "message_event": "remove",
    "message_source_cache_id": "6e42c5aac686fdc0ac016ada3abc0bec"
  },
  {
    "message_device_id": "63366163323739333930393863373437",
    "message_source_device_id": "63366163323739333930393863373437",
    "message_uri": "spotify:episode:2WtzRsfV36JkN9Ueqyb43N",
    "timestamp_utc": "2024-12-03T12:20:21.330Z",
    "context_time": 1733228421330,
    "message_cache_id": "6e42c5aac686fdc0ac016ada3abc0bec",
    "message_change_reason": "CHANGE_REASON_UNSPECIFIED",
    "message_event": "remove",
    "message_source_cache_id": "6e42c5aac686fdc0ac016ada3abc0bec"
  },
  {
    "message_device_id": "63366163323739333930393863373437",
    "message_source_device_id": "63366163323739333930393863373437",
    "message_uri": "spotify:episode:2YdDpCZVgrqrfKFZG9A83r",
    "timestamp_utc": "2024-12-03T13:57:28.682Z",
    "context_time": 1733234248682,
    "message_cache_id": "6e42c5aac686fdc0ac016ada3abc0bec",
    "message_change_reason": "CHANGE_REASON_UNSPECIFIED",
    "message_event": "remove",
    "message_source_cache_id": "6e42c5aac686fdc0ac016ada3abc0bec"
  },
  {
    "message_device_id": "63366163323739333930393863373437",
    "message_source_device_id": "63366163323739333930393863373437",
    "message_uri": "spotify:episode:37NoLi95Y25uYg7L2MteBF",
    "timestamp_utc": "2024-12-03T13:57:26.116Z",
    "context_time": 1733234246116,
    "message_cache_id": "6e42c5aac686fdc0ac016ada3abc0bec",
    "message_change_reason": "CHANGE_REASON_UNSPECIFIED",
    "message_event": "remove",
    "message_source_cache_id": "6e42c5aac686fdc0ac016ada3abc0bec"
  },
  {
    "message_device_id": "63366163323739333930393863373437",
    "message_source_device_id": "63366163323739333930393863373437",
    "message_uri": "spotify:episode:3tIQRPLgA9yLp9XQ8LWmcB",
    "timestamp_utc": "2024-12-03T13:56:56.430Z",
    "context_time": 1733234216430,
    "message_cache_id": "6e42c5aac686fdc0ac016ada3abc0bec",
    "message_change_reason": "CHANGE_REASON_UNSPECIFIED",
    "message_event": "remove",
    "message_source_cache_id": "6e42c5aac686fdc0ac016ada3abc0bec"
  },
  {
    "message_device_id": "63366163323739333930393863373437",
    "message_source_device_id": "63366163323739333930393863373437",
    "message_uri": "spotify:episode:4NLNzc73FuHAu0ZcFjEK7C",
    "timestamp_utc": "2024-12-03T12:20:35.257Z",
    "context_time": 1733228435257,
    "message_cache_id": "6e42c5aac686fdc0ac016ada3abc0bec",
    "message_change_reason": "CHANGE_REASON_UNSPECIFIED",
    "message_event": "remove",
    "message_source_cache_id": "6e42c5aac686fdc0ac016ada3abc0bec"
  },
  {
    "message_device_id": "63366163323739333930393863373437",
    "message_source_device_id": "63366163323739333930393863373437",
    "message_uri": "spotify:episode:4ok20QSUtxnBpZQM2Ix8zM",
    "timestamp_utc": "2024-12-03T10:06:18.495Z",
    "context_time": 1733220378495,
    "message_cache_id": "6e42c5aac686fdc0ac016ada3abc0bec",
    "message_change_reason": "CHANGE_REASON_UNSPECIFIED",
    "message_event": "remove",
    "message_source_cache_id": "6e42c5aac686fdc0ac016ada3abc0bec"
  },
  {
    "message_device_id": "63366163323739333930393863373437",
    "message_source_device_id": "63366163323739333930393863373437",
    "message_uri": "spotify:episode:5wvok0EowsBjwM8daNkCS7",
    "timestamp_utc": "2024-12-03T13:57:23.042Z",
    "context_time": 1733234243042,
    "message_cache_id": "6e42c5aac686fdc0ac016ada3abc0bec",
    "message_change_reason": "CHANGE_REASON_UNSPECIFIED",
    "message_event": "remove",
    "message_source_cache_id": "6e42c5aac686fdc0ac016ada3abc0bec"
  },
  {
    "message_device_id": "63366163323739333930393863373437",
    "message_source_device_id": "63366163323739333930393863373437",
    "message_uri": "spotify:episode:62Z7hgtYqQFw4kPyhsNXPl",
    "timestamp_utc": "2024-12-03T12:20:12.112Z",
    "context_time": 1733228412112,
    "message_cache_id": "6e42c5aac686fdc0ac016ada3abc0bec",
    "message_change_reason": "CHANGE_REASON_UNSPECIFIED",
    "message_event": "remove",
    "message_source_cache_id": "6e42c5aac686fdc0ac016ada3abc0bec"
  },
  {
    "message_device_id": "63366163323739333930393863373437",
    "message_source_device_id": "63366163323739333930393863373437",
    "message_uri": "spotify:episode:6XNJHmj6C35lyyYe82Xjza",
    "timestamp_utc": "2024-12-03T10:06:15.524Z",
    "context_time": 1733220375524,
    "message_cache_id": "6e42c5aac686fdc0ac016ada3abc0bec",
    "message_change_reason": "CHANGE_REASON_UNSPECIFIED",
    "message_event": "remove",
    "message_source_cache_id": "6e42c5aac686fdc0ac016ada3abc0bec"
  },
  {
    "message_device_id": "63366163323739333930393863373437",
    "message_source_device_id": "63366163323739333930393863373437",
    "message_uri": "spotify:episode:6aAc5glUxjzPoHsk3SX4jK",
    "timestamp_utc": "2024-12-03T13:57:41.168Z",
    "context_time": 1733234261168,
    "message_cache_id": "6e42c5aac686fdc0ac016ada3abc0bec",
    "message_change_reason": "CHANGE_REASON_UNSPECIFIED",
    "message_event": "remove",
    "message_source_cache_id": "6e42c5aac686fdc0ac016ada3abc0bec"
  },
  {
    "message_device_id": "63366163323739333930393863373437",
    "message_source_device_id": "63366163323739333930393863373437",
    "message_uri": "spotify:episode:719Aucrmd0riK9yKvaw6qe",
    "timestamp_utc": "2024-12-03T10:05:38.764Z",
    "context_time": 1733220338764,
    "message_cache_id": "6e42c5aac686fdc0ac016ada3abc0bec",
    "message_change_reason": "CHANGE_REASON_UNSPECIFIED",
    "message_event": "remove",
    "message_source_cache_id": "6e42c5aac686fdc0ac016ada3abc0bec"
  },
  {
    "message_device_id": "63366163323739333930393863373437",
    "message_source_device_id": "63366163323739333930393863373437",
    "message_uri": "spotify:episode:7L43qF9PnI5goCyPkk4yFD",
    "timestamp_utc": "2024-12-03T10:05:29.335Z",
    "context_time": 1733220329335,
    "message_cache_id": "6e42c5aac686fdc0ac016ada3abc0bec",
    "message_change_reason": "CHANGE_REASON_UNSPECIFIED",
    "message_event": "remove",
    "message_source_cache_id": "6e42c5aac686fdc0ac016ada3abc0bec"
  },
  {
    "message_device_id": "63366163323739333930393863373437",
    "message_source_device_id": "63366163323739333930393863373437",
    "message_uri": "spotify:user:24io176nqwf2vw61thcc4t7fd:collection:album:7h5YXGDPG5nC2yNfRe5lLp",
    "timestamp_utc": "2024-10-03T12:37:56.436Z",
    "context_time": 1727959076436,
    "message_cache_id": "6e42c5aac686fdc0ac016ada3abc0bec",
    "message_change_reason": null,
    "message_event": "add",
    "message_source_cache_id": "6e42c5aac686fdc0ac016ada3abc0bec"
  },
  {
    "message_device_id": "63366163323739333930393863373437",
    "message_source_device_id": "63366163323739333930393863373437",
    "message_uri": "spotify:user:24io176nqwf2vw61thcc4t7fd:collection:artist:2GVksDv9UpY60i4CvytrZK",
    "timestamp_utc": "2024-10-03T12:37:37.863Z",
    "context_time": 1727959057863,
    "message_cache_id": "6e42c5aac686fdc0ac016ada3abc0bec",
    "message_change_reason": null,
    "message_event": "add",
    "message_source_cache_id": "6e42c5aac686fdc0ac016ada3abc0bec"
  },
  {
    "message_device_id": "3461383562613563363332396262356330303437356231386365316434323537",
    "message_source_device_id": "3461383562613563363332396262356330303437356231386365316434323537",
    "message_uri": "spotify:playlist:0Z6cGgEjtDq0ehhb2AZjGb",
    "timestamp_utc": "2024-09-26T22:59:45.039Z",
    "context_time": 1727391585039,
    "message_cache_id": "a7ad98e5ef93d7018ceba798ce811667",
    "message_change_reason": null,
    "message_event": "add",
    "message_source_cache_id": "a7ad98e5ef93d7018ceba798ce811667"
  },
  {
    "message_device_id": "3461383562613563363332396262356330303437356231386365316434323537",
    "message_source_device_id": "3461383562613563363332396262356330303437356231386365316434323537",
    "message_uri": "spotify:playlist:0Z6cGgEjtDq0ehhb2AZjGb",
    "timestamp_utc": "2024-09-26T22:59:45.039Z",
    "context_time": 1727391585039,
    "message_cache_id": "a7ad98e5ef93d7018ceba798ce811667",
    "message_change_reason": null,
    "message_event": "add",
    "message_source_cache_id": "a7ad98e5ef93d7018ceba798ce811667"
  },
  {
    "message_device_id": "3461383562613563363332396262356330303437356231386365316434323537",
    "message_source_device_id": "3461383562613563363332396262356330303437356231386365316434323537",
    "message_uri": "spotify:playlist:37i9dQZF1E4Cpj7tK5yC6M",
    "timestamp_utc": "2024-10-03T12:38:24.723Z",
    "context_time": 1727959104723,
    "message_cache_id": "a7ad98e5ef93d7018ceba798ce811667",
    "message_change_reason": null,
    "message_event": "add",
    "message_source_cache_id": "a7ad98e5ef93d7018ceba798ce811667"
  },
  {
    "message_device_id": "3461383562613563363332396262356330303437356231386365316434323537",
    "message_source_device_id": "3461383562613563363332396262356330303437356231386365316434323537",
    "message_uri": "spotify:playlist:37i9dQZF1E8Ou7jSdt9Aew",
    "timestamp_utc": "2024-09-07T16:34:13.269Z",
    "context_time": 1725726853269,
    "message_cache_id": "a7ad98e5ef93d7018ceba798ce811667",
    "message_change_reason": null,
    "message_event": "add",
    "message_source_cache_id": "a7ad98e5ef93d7018ceba798ce811667"
  },
  {
    "message_device_id": "3461383562613563363332396262356330303437356231386365316434323537",
    "message_source_device_id": "3461383562613563363332396262356330303437356231386365316434323537",
    "message_uri": "spotify:playlist:37i9dQZF1EIXORj0eU3JB3",
    "timestamp_utc": "2024-09-07T16:34:48.276Z",
    "context_time": 1725726888276,
    "message_cache_id": "a7ad98e5ef93d7018ceba798ce811667",
    "message_change_reason": null,
    "message_event": "add",
    "message_source_cache_id": "a7ad98e5ef93d7018ceba798ce811667"
  },
  {
    "message_device_id": "3461383562613563363332396262356330303437356231386365316434323537",
    "message_source_device_id": "3461383562613563363332396262356330303437356231386365316434323537",
    "message_uri": "spotify:playlist:37i9dQZF1EQp62d3Dl7ECY",
    "timestamp_utc": "2024-09-12T11:44:41.760Z",
    "context_time": 1726141481760,
    "message_cache_id": "a7ad98e5ef93d7018ceba798ce811667",
    "message_change_reason": null,
    "message_event": "add",
    "message_source_cache_id": "a7ad98e5ef93d7018ceba798ce811667"
  },
  {
    "message_device_id": "3461383562613563363332396262356330303437356231386365316434323537",
    "message_source_device_id": "3461383562613563363332396262356330303437356231386365316434323537",
    "message_uri": "spotify:playlist:4XlSeenN34nEeV86ZuDOA1",
    "timestamp_utc": "2024-09-26T23:02:02.872Z",
    "context_time": 1727391722872,
    "message_cache_id": "a7ad98e5ef93d7018ceba798ce811667",
    "message_change_reason": null,
    "message_event": "add",
    "message_source_cache_id": "a7ad98e5ef93d7018ceba798ce811667"
  },
  {
    "message_device_id": "3461383562613563363332396262356330303437356231386365316434323537",
    "message_source_device_id": "3461383562613563363332396262356330303437356231386365316434323537",
    "message_uri": "spotify:playlist:0Z6cGgEjtDq0ehhb2AZjGb",
    "timestamp_utc": "2024-09-26T22:59:45.039Z",
    "context_time": 1727391585039,
    "message_cache_id": "a7ad98e5ef93d7018ceba798ce811667",
    "message_change_reason": null,
    "message_event": "remove",
    "message_source_cache_id": "a7ad98e5ef93d7018ceba798ce811667"
  },
  {
    "message_device_id": "3461383562613563363332396262356330303437356231386365316434323537",
    "message_source_device_id": "3461383562613563363332396262356330303437356231386365316434323537",
    "message_uri": "spotify:playlist:37i9dQZF1DWZUozJiHy44Y",
    "timestamp_utc": "2024-09-07T16:33:36.749Z",
    "context_time": 1725726816749,
    "message_cache_id": "a7ad98e5ef93d7018ceba798ce811667",
    "message_change_reason": null,
    "message_event": "remove",
    "message_source_cache_id": "a7ad98e5ef93d7018ceba798ce811667"
  },
  {
    "message_device_id": "3461383562613563363332396262356330303437356231386365316434323537",
    "message_source_device_id": "3461383562613563363332396262356330303437356231386365316434323537",
    "message_uri": "spotify:playlist:37i9dQZF1E8Ou7jSdt9Aew",
    "timestamp_utc": "2024-09-08T07:37:10.479Z",
    "context_time": 1725781030479,
    "message_cache_id": "a7ad98e5ef93d7018ceba798ce811667",
    "message_change_reason": null,
    "message_event": "remove",
    "message_source_cache_id": "a7ad98e5ef93d7018ceba798ce811667"
  },
  {
    "message_device_id": "3461383562613563363332396262356330303437356231386365316434323537",
    "message_source_device_id": "3461383562613563363332396262356330303437356231386365316434323537",
    "message_uri": "spotify:episode:3vIukcwgEiABqvaLKIvzP1",
    "timestamp_utc": "2024-11-06T21:31:08.386Z",
    "context_time": 1730928668386,
    "message_cache_id": "a7ad98e5ef93d7018ceba798ce811667",
    "message_change_reason": "CHANGE_REASON_UNSPECIFIED",
    "message_event": "add",
    "message_source_cache_id": "a7ad98e5ef93d7018ceba798ce811667"
  }
]