[
  {
    "message_device_id": "3461383562613563363332396262356330303437356231386365316434323537",
    "timestamp_utc": "2024-09-07T14:33:03.182Z",
    "context_application_version": "8.9.68.490",
    "context_conn_country": "MA",
    "context_device_manufacturer": "apple",
    "context_device_model": "iPhone14,5",
    "context_device_type": "mobile",
    "context_os_name": "ios",
    "context_os_version": "17.5.1",
    "context_receiver_service_timestamp": 1725719590349,
    "context_time": 1725719583182,
    "message_cache_id": "a7ad98e5ef93d7018ceba798ce811667",
    "message_event": "delta"
  },
  {
    "message_device_id": "63366163323739333930393863373437",
    "timestamp_utc": "2024-12-03T13:57:08.877Z",
    "context_application_version": "8.9.96.476",
    "context_conn_country": "DE",
    "context_device_manufacturer": "samsung",
    "context_device_model": "SM-A725F",
    "context_device_type": "mobile",
    "context_os_name": "android",
    "context_os_version": "14",
    "context_receiver_service_timestamp": 1733234190618,
    "context_time": 1733234228877,
    "message_cache_id": "6e42c5aac686fdc0ac016ada3abc0bec",
    "message_event": "delta"
  },
  {
    "message_device_id": "3461383562613563363332396262356330303437356231386365316434323537",
    "timestamp_utc": "2024-09-12T11:45:36.233Z",
    "context_application_version": "8.9.68.490",
    "context_conn_country": "FR",
    "context_device_manufacturer": "apple",
    "context_device_model": "iPhone14,5",
    "context_device_type": "mobile",
    "context_os_name": "ios",
    "context_os_version": "17.6.1",
    "context_receiver_service_timestamp": 1726141793542,
    "context_time": 1726141536233,
    "message_cache_id": "a7ad98e5ef93d7018ceba798ce811667",
    "message_event": "delta"
  },
  {
    "message_device_id": "3461383562613563363332396262356330303437356231386365316434323537",
    "timestamp_utc": "2024-09-08T07:41:55.832Z",
    "context_application_version": "8.9.68.490",
    "context_conn_country": "MA",
    "context_device_manufacturer": "apple",
    "context_device_model": "iPhone14,5",
    "context_device_type": "mobile",
    "context_os_name": "ios",
    "context_os_version": "17.5.1",
    "context_receiver_service_timestamp": 1725781328058,
    "context_time": 1725781315832,
    "message_cache_id": "a7ad98e5ef93d7018ceba798ce811667",
    "message_event": "delta"
  },
  {
    "message_device_id": "3461383562613563363332396262356330303437356231386365316434323537",
    "timestamp_utc": "2024-09-12T11:49:58.795Z",
    "context_application_version": "8.9.68.490",
    "context_conn_country": "FR",
    "context_device_manufacturer": "apple",
    "context_device_model": "iPhone14,5",
    "context_device_type": "mobile",
    "context_os_name": "ios",
    "context_os_version": "17.6.1",
    "context_receiver_service_timestamp": 1726141833256,
    "context_time": 1726141798795,
    "message_cache_id": "a7ad98e5ef93d7018ceba798ce811667",
    "message_event": "delta"
  },
  {
    "message_device_id": "3461383562613563363332396262356330303437356231386365316434323537",
    "timestamp_utc": "2024-09-08T07:41:50.163Z",
    "context_application_version": "8.9.68.490",
    "context_conn_country": "MA",
    "context_device_manufacturer": "apple",
    "context_device_model": "iPhone14,5",
    "context_device_type": "mobile",
    "context_os_name": "ios",
    "context_os_version": "17.5.1",
    "context_receiver_service_timestamp": 1725781328058,
    "context_time": 1725781310163,
    "message_cache_id": "a7ad98e5ef93d7018ceba798ce811667",
    "message_event": "delta"
  },
  {
    "message_device_id": "532d312d352d32312d3234313734393436302d313031373238393937392d32333531353232373231",
    "timestamp_utc": "2024-12-03T09:39:40.422Z",
    "context_application_version": "1.2.51.345",
    "context_conn_country": "FR",
    "context_device_manufacturer": "HP",
    "context_device_model": "HP EliteBook 830 G5",
    "context_device_type": "desktop",
    "context_os_name": "windows",
    "context_os_version": "10.0.19045",
    "context_receiver_service_timestamp": 1733218787273,
    "context_time": 1733218780422,
    "message_cache_id": "aa456de60e7ba4aca5427c0d230a4ae1",
    "message_event": "delta"
  },
  {
    "message_device_id": "3061633165343461646537646535386331323332636635646433663037623362",
    "timestamp_utc": "2024-09-07T09:25:40.301Z",
    "context_application_version": "8.9.68.490",
    "context_conn_country": "DE",
    "context_device_manufacturer": "apple",
    "context_device_model": "iPhone15,2",
    "context_device_type": "mobile",
    "context_os_name": "ios",
    "context_os_version": "17.5.1",
    "context_receiver_service_timestamp": 1725701147540,
    "context_time": 1725701140301,
    "message_cache_id": "8262c13532ec4d0cd45cf72412e0f82d",
    "message_event": "delta"
  },
  {
    "message_device_id": "3461383562613563363332396262356330303437356231386365316434323537",
    "timestamp_utc": "2024-10-03T13:28:12.631Z",
    "context_application_version": "8.9.76.516",
    "context_conn_country": "FR",
    "context_device_manufacturer": "apple",
    "context_device_model": "iPhone14,5",
    "context_device_type": "mobile",
    "context_os_name": "ios",
    "context_os_version": "17.6.1",
    "context_receiver_service_timestamp": 1727962114260,
    "context_time": 1727962092631,
    "message_cache_id": "a7ad98e5ef93d7018ceba798ce811667",
    "message_event": "delta"
  },
  {
    "message_device_id": "3461383562613563363332396262356330303437356231386365316434323537",
    "timestamp_utc": "2024-09-26T22:59:49.913Z",
    "context_application_version": "8.9.74.535",
    "context_conn_country": "FR",
    "context_device_manufacturer": "apple",
    "context_device_model": "iPhone14,5",
    "context_device_type": "mobile",
    "context_os_name": "ios",
    "context_os_version": "17.6.1",
    "context_receiver_service_timestamp": 1727391614388,
    "context_time": 1727391589913,
    "message_cache_id": "a7ad98e5ef93d7018ceba798ce811667",
    "message_event": "delta"
  },
  {
    "message_device_id": "63366163323739333930393863373437",
    "timestamp_utc": "2024-09-12T12:03:55.501Z",
    "context_application_version": "8.9.70.556",
    "context_conn_country": "DE",
    "context_device_manufacturer": "samsung",
    "context_device_model": "SM-A725F",
    "context_device_type": "mobile",
    "context_os_name": "android",
    "context_os_version": "14",
    "context_receiver_service_timestamp": 1726142680044,
    "context_time": 1726142635501,
    "message_cache_id": "6e42c5aac686fdc0ac016ada3abc0bec",
    "message_event": "delta"
  },
  {
    "message_device_id": "63366163323739333930393863373437",
    "timestamp_utc": "2024-12-03T14:49:23.983Z",
    "context_application_version": "8.9.96.476",
    "context_conn_country": "DE",
    "context_device_manufacturer": "samsung",
    "context_device_model": "SM-A725F",
    "context_device_type": "mobile",
    "context_os_name": "android",
    "context_os_version": "14",
    "context_receiver_service_timestamp": 1733237318527,
    "context_time": 1733237363983,
    "message_cache_id": "6e42c5aac686fdc0ac016ada3abc0bec",
    "message_event": "delta"
  },
  {
    "message_device_id": "63366163323739333930393863373437",
    "timestamp_utc": "2024-12-03T12:00:39.633Z",
    "context_application_version": "8.9.96.476",
    "context_conn_country": "DE",
    "context_device_manufacturer": "samsung",
    "context_device_model": "SM-A725F",
    "context_device_type": "mobile",
    "context_os_name": "android",
    "context_os_version": "14",
    "context_receiver_service_timestamp": 1733227200937,
    "context_time": 1733227239633,
    "message_cache_id": "6e42c5aac686fdc0ac016ada3abc0bec",
    "message_event": "delta"
  },
  {
    "message_device_id": "3461383562613563363332396262356330303437356231386365316434323537",
    "timestamp_utc": "2024-10-03T17:01:26.465Z",
    "context_application_version": "8.9.76.516",
    "context_conn_country": "FR",
    "context_device_manufacturer": "apple",
    "context_device_model": "iPhone14,5",
    "context_device_type": "mobile",
    "context_os_name": "ios",
    "context_os_version": "17.6.1",
    "context_receiver_service_timestamp": 1727974903459,
    "context_time": 1727974886465,
    "message_cache_id": "a7ad98e5ef93d7018ceba798ce811667",
    "message_event": "delta"
  },
  {
    "message_device_id": "3461383562613563363332396262356330303437356231386365316434323537",
    "timestamp_utc": "2024-09-07T17:10:39.181Z",
    "context_application_version": "8.9.68.490",
    "context_conn_country": "MA",
    "context_device_manufacturer": "apple",
    "context_device_model": "iPhone14,5",
    "context_device_type": "mobile",
    "context_os_name": "ios",
    "context_os_version": "17.5.1",
    "context_receiver_service_timestamp": 1725729048307,
    "context_time": 1725729039181,
    "message_cache_id": "a7ad98e5ef93d7018ceba798ce811667",
    "message_event": "delta"
  },
  {
    "message_device_id": "3461383562613563363332396262356330303437356231386365316434323537",
    "timestamp_utc": "2024-09-08T05:28:45.123Z",
    "context_application_version": "8.9.68.490",
    "context_conn_country": "MA",
    "context_device_manufacturer": "apple",
    "context_device_model": "iPhone14,5",
    "context_device_type": "mobile",
    "context_os_name": "ios",
    "context_os_version": "17.5.1",
    "context_receiver_service_timestamp": 1725773357938,
    "context_time": 1725773325123,
    "message_cache_id": "a7ad98e5ef93d7018ceba798ce811667",
    "message_event": "delta"
  },
  {
    "message_device_id": "63366163323739333930393863373437",
    "timestamp_utc": "2024-12-03T12:20:26.219Z",
    "context_application_version": "8.9.96.476",
    "context_conn_country": "DE",
    "context_device_manufacturer": "samsung",
    "context_device_model": "SM-A725F",
    "context_device_type": "mobile",
    "context_os_name": "android",
    "context_os_version": "14",
    "context_receiver_service_timestamp": 1733228389686,
    "context_time": 1733228426219,
    "message_cache_id": "6e42c5aac686fdc0ac016ada3abc0bec",
    "message_event": "delta"
  },
  {
    "message_device_id": "63366163323739333930393863373437",
    "timestamp_utc": "2024-10-03T12:36:51.023Z",
    "context_application_version": "8.9.78.513",
    "context_conn_country": "DE",
    "context_device_manufacturer": "samsung",
    "context_device_model": "SM-A725F",
    "context_device_type": "mobile",
    "context_os_name": "android",
    "context_os_version": "14",
    "context_receiver_service_timestamp": 1727959081983,
    "context_time": 1727959011023,
    "message_cache_id": "6e42c5aac686fdc0ac016ada3abc0bec",
    "message_event": "delta"
  },
  {
    "message_device_id": "3461383562613563363332396262356330303437356231386365316434323537",
    "timestamp_utc": "2024-09-08T07:37:34.382Z",
    "context_application_version": "8.9.68.490",
    "context_conn_country": "MA",
    "context_device_manufacturer": "apple",
    "context_device_model": "iPhone14,5",
    "context_device_type": "mobile",
    "context_os_name": "ios",
    "context_os_version": "17.5.1",
    "context_receiver_service_timestamp": 1725781064720,
    "context_time": 1725781054382,
    "message_cache_id": "a7ad98e5ef93d7018ceba798ce811667",
    "message_event": "delta"
  },
  {
    "message_device_id": "63366163323739333930393863373437",
    "timestamp_utc": "2024-09-12T12:22:21.441Z",
    "context_application_version": "8.9.70.556",
    "context_conn_country": "DE",
    "context_device_manufacturer": "samsung",
    "context_device_model": "SM-A725F",
    "context_device_type": "mobile",
    "context_os_name": "android",
    "context_os_version": "14",
    "context_receiver_service_timestamp": 1727959029442,
    "context_time": 1726143741441,
    "message_cache_id": "6e42c5aac686fdc0ac016ada3abc0bec",
    "message_event": "delta"
  },
  {
    "message_device_id": "3461383562613563363332396262356330303437356231386365316434323537",
    "timestamp_utc": "2024-09-08T12:32:51.986Z",
    "context_application_version": "8.9.68.490",
    "context_conn_country": "FR",
    "context_device_manufacturer": "apple",
    "context_device_model": "iPhone14,5",
    "context_device_type": "mobile",
    "context_os_name": "ios",
    "context_os_version": "17.5.1",
    "context_receiver_service_timestamp": 1725798796093,
    "context_time": 1725798771986,
    "message_cache_id": "a7ad98e5ef93d7018ceba798ce811667",
    "message_event": "delta"
  },
  {
    "message_device_id": "63366163323739333930393863373437",
    "timestamp_utc": "2024-11-02T14:44:38.725Z",
    "context_application_version": "8.9.86.551",
    "context_conn_country": "DE",
    "context_device_manufacturer": "samsung",
    "context_device_model": "SM-A725F",
    "context_device_type": "mobile",
    "context_os_name": "android",
    "context_os_version": "14",
    "context_receiver_service_timestamp": 1733220171845,
    "context_time": 1730558678725,
    "message_cache_id": "6e42c5aac686fdc0ac016ada3abc0bec",
    "message_event": "delta"
  },
  {
    "message_device_id": "3461383562613563363332396262356330303437356231386365316434323537",
    "timestamp_utc": "2024-09-27T06:15:59.380Z",
    "context_application_version": "8.9.74.535",
    "context_conn_country": "FR",
    "context_device_manufacturer": "apple",
    "context_device_model": "iPhone14,5",
    "context_device_type": "mobile",
    "context_os_name": "ios",
    "context_os_version": "17.6.1",
    "context_receiver_service_timestamp": 1727431024348,
    "context_time": 1727417759380,
    "message_cache_id": "a7ad98e5ef93d7018ceba798ce811667",
    "message_event": "delta"
  },
  {
    "message_device_id": "3461383562613563363332396262356330303437356231386365316434323537",
    "timestamp_utc": "2024-11-07T11:49:27.944Z",
    "context_application_version": "8.9.86.419",
    "context_conn_country": "FR",
    "context_device_manufacturer": "apple",
    "context_device_model": "iPhone14,5",
    "context_device_type": "mobile",
    "context_os_name": "ios",
    "context_os_version": "17.6.1",
    "context_receiver_service_timestamp": 1730980169188,
    "context_time": 1730980167944,
    "message_cache_id": "a7ad98e5ef93d7018ceba798ce811667",
    "message_event": "delta"
  },
  {
    "message_device_id": "63366163323739333930393863373437",
    "timestamp_utc": "2024-12-03T12:20:20.999Z",
    "context_application_version": "8.9.96.476",
    "context_conn_country": "DE",
    "context_device_manufacturer": "samsung",
    "context_device_model": "SM-A725F",
    "context_device_type": "mobile",
    "context_os_name": "android",
    "context_os_version": "14",
    "context_receiver_service_timestamp": 1733228389686,
    "context_time": 1733228420999,
    "message_cache_id": "6e42c5aac686fdc0ac016ada3abc0bec",
    "message_event": "delta"
  },
  {
    "message_device_id": "3461383562613563363332396262356330303437356231386365316434323537",
    "timestamp_utc": "2024-09-12T12:52:38.965Z",
    "context_application_version": "8.9.68.490",
    "context_conn_country": "FR",
    "context_device_manufacturer": "apple",
    "context_device_model": "iPhone14,5",
    "context_device_type": "mobile",
    "context_os_name": "ios",
    "context_os_version": "17.6.1",
    "context_receiver_service_timestamp": 1726145583127,
    "context_time": 1726145558965,
    "message_cache_id": "a7ad98e5ef93d7018ceba798ce811667",
    "message_event": "delta"
  }
]