[
  {
    "message_device_id": "532d312d352d32312d3234313734393436302d313031373238393937392d32333531353232373231",
    "message_name": "DESKTOP-PV6HUBK",
    "timestamp_utc": "2024-11-26T09:10:51.065Z",
    "context_time": 1732612251065,
    "message_cache_id": "aa456de60e7ba4aca5427c0d230a4ae1",
    "message_connect_type": "COMPUTER",
    "message_event": "put",
    "message_platform": "WIN32_X86_64"
  },
  {
    "message_device_id": "41374344394537392d393743302d354535462d423239302d303042433234463938463346",
    "message_name": "Nassima’s MacBook Pro",
    "timestamp_utc": "2024-10-26T00:52:42.117Z",
    "context_time": 1729903962117,
    "message_cache_id": "de7edeb95a7fe947184fc7841617846b",
    "message_connect_type": "COMPUTER",
    "message_event": "put",
    "message_platform": "OSX_ARM64"
  },
  {
    "message_device_id": "3061633165343461646537646535386331323332636635646433663037623362",
    "message_name": "iPhone",
    "timestamp_utc": "2024-12-04T23:24:15.725Z",
    "context_time": 1733354655725,
    "message_cache_id": "8262c13532ec4d0cd45cf72412e0f82d",
    "message_connect_type": "SMARTPHONE",
    "message_event": "put",
    "message_platform": "IPHONE_ARM64"
  },
  {
    "message_device_id": "532d312d352d32312d3234313734393436302d313031373238393937392d32333531353232373231",
    "message_name": "DESKTOP-PV6HUBK",
    "timestamp_utc": "2024-11-18T17:14:06.565Z",
    "context_time": 1731950046565,
    "message_cache_id": "aa456de60e7ba4aca5427c0d230a4ae1",
    "message_connect_type": "COMPUTER",
    "message_event": "put",
    "message_platform": "WIN32_X86_64"
  },
  {
    "message_device_id": "3061633165343461646537646535386331323332636635646433663037623362",
    "message_name": "iPhone",
    "timestamp_utc": "2024-09-24T08:15:16.548Z",
    "context_time": 1727165716548,
    "message_cache_id": "8262c13532ec4d0cd45cf72412e0f82d",
    "message_connect_type": "SMARTPHONE",
    "message_event": "put",
    "message_platform": "IPHONE_ARM64"
  },
  {
    "message_device_id": "3461383562613563363332396262356330303437356231386365316434323537",
    "message_name": "iPhone",
    "timestamp_utc": "2024-09-24T16:10:27.263Z",
    "context_time": 1727194227263,
    "message_cache_id": "a7ad98e5ef93d7018ceba798ce811667",
    "message_connect_type": "SMARTPHONE",
    "message_event": "put",
    "message_platform": "IPHONE_ARM64"
  },
  {
    "message_device_id": "3061633165343461646537646535386331323332636635646433663037623362",
    "message_name": "iPhone",
    "timestamp_utc": "2024-11-11T19:24:44.751Z",
    "context_time": 1731353084751,
    "message_cache_id": "8262c13532ec4d0cd45cf72412e0f82d",
    "message_connect_type": "SMARTPHONE",
    "message_event": "put",
    "message_platform": "IPHONE_ARM64"
  },
  {
    "message_device_id": "532d312d352d32312d3234313734393436302d313031373238393937392d32333531353232373231",
    "message_name": "DESKTOP-PV6HUBK",
    "timestamp_utc": "2024-11-10T12:34:11.287Z",
    "context_time": 1731242051287,
    "message_cache_id": "aa456de60e7ba4aca5427c0d230a4ae1",
    "message_connect_type": "COMPUTER",
    "message_event": "put",
    "message_platform": "WIN32_X86_64"
  },
  {
    "message_device_id": "3061633165343461646537646535386331323332636635646433663037623362",
    "message_name": "iPhone",
    "timestamp_utc": "2024-11-19T17:19:34.946Z",
    "context_time": 1732036774946,
    "message_cache_id": "8262c13532ec4d0cd45cf72412e0f82d",
    "message_connect_type": "SMARTPHONE",
    "message_event": "put",
    "message_platform": "IPHONE_ARM64"
  },
  {
    "message_device_id": "532d312d352d32312d3234313734393436302d313031373238393937392d32333531353232373231",
    "message_name": "DESKTOP-PV6HUBK",
    "timestamp_utc": "2024-11-02T12:20:44.355Z",
    "context_time": 1730550044355,
    "message_cache_id": "aa456de60e7ba4aca5427c0d230a4ae1",
    "message_connect_type": "COMPUTER",
    "message_event": "put",
    "message_platform": "WIN32_X86_64"
  },
  {
    "message_device_id": "532d312d352d32312d3234313734393436302d313031373238393937392d32333531353232373231",
    "message_name": "DESKTOP-PV6HUBK",
    "timestamp_utc": "2024-10-08T08:14:01.736Z",
    "context_time": 1728375241736,
    "message_cache_id": "aa456de60e7ba4aca5427c0d230a4ae1",
    "message_connect_type": "COMPUTER",
    "message_event": "put",
    "message_platform": "WIN32_X86_64"
  },
  {
    "message_device_id": "3461383562613563363332396262356330303437356231386365316434323537",
    "message_name": "iPhone",
    "timestamp_utc": "2024-09-09T17:11:35.616Z",
    "context_time": 1725901895616,
    "message_cache_id": "a7ad98e5ef93d7018ceba798ce811667",
    "message_connect_type": "SMARTPHONE",
    "message_event": "put",
    "message_platform": "IPHONE_ARM64"
  },
  {
    "message_device_id": "3061633165343461646537646535386331323332636635646433663037623362",
    "message_name": "iPhone",
    "timestamp_utc": "2024-11-26T22:12:18.813Z",
    "context_time": 1732659138813,
    "message_cache_id": "8262c13532ec4d0cd45cf72412e0f82d",
    "message_connect_type": "SMARTPHONE",
    "message_event": "put",
    "message_platform": "IPHONE_ARM64"
  },
  {
    "message_device_id": "532d312d352d32312d3234313734393436302d313031373238393937392d32333531353232373231",
    "message_name": "DESKTOP-PV6HUBK",
    "timestamp_utc": "2024-09-21T10:20:32.129Z",
    "context_time": 1726914032129,
    "message_cache_id": "aa456de60e7ba4aca5427c0d230a4ae1",
    "message_connect_type": "COMPUTER",
    "message_event": "put",
    "message_platform": "WIN32_X86_64"
  },
  {
    "message_device_id": "3061633165343461646537646535386331323332636635646433663037623362",
    "message_name": "iPhone",
    "timestamp_utc": "2024-10-28T06:45:36.098Z",
    "context_time": 1730097936098,
    "message_cache_id": "8262c13532ec4d0cd45cf72412e0f82d",
    "message_connect_type": "SMARTPHONE",
    "message_event": "put",
    "message_platform": "IPHONE_ARM64"
  },
  {
    "message_device_id": "63366163323739333930393863373437",
    "message_name": "A72 de Safa",
    "timestamp_utc": "2024-09-12T12:03:46.772Z",
    "context_time": 1726142626772,
    "message_cache_id": "6e42c5aac686fdc0ac016ada3abc0bec",
    "message_connect_type": "SMARTPHONE",
    "message_event": "put",
    "message_platform": "ANDROID_ARM"
  },
  {
    "message_device_id": "3461383562613563363332396262356330303437356231386365316434323537",
    "message_name": "iPhone",
    "timestamp_utc": "2024-10-29T20:34:04.260Z",
    "context_time": 1730234044260,
    "message_cache_id": "a7ad98e5ef93d7018ceba798ce811667",
    "message_connect_type": "SMARTPHONE",
    "message_event": "put",
    "message_platform": "IPHONE_ARM64"
  },
  {
    "message_device_id": "3461383562613563363332396262356330303437356231386365316434323537",
    "message_name": "iPhone",
    "timestamp_utc": "2024-11-29T19:42:02.975Z",
    "context_time": 1732909322975,
    "message_cache_id": "a7ad98e5ef93d7018ceba798ce811667",
    "message_connect_type": "SMARTPHONE",
    "message_event": "put",
    "message_platform": "IPHONE_ARM64"
  },
  {
    "message_device_id": "41374344394537392d393743302d354535462d423239302d303042433234463938463346",
    "message_name": "Nassima’s MacBook Pro",
    "timestamp_utc": "2024-11-08T20:45:01.814Z",
    "context_time": 1731098701814,
    "message_cache_id": "de7edeb95a7fe947184fc7841617846b",
    "message_connect_type": "COMPUTER",
    "message_event": "put",
    "message_platform": "OSX_ARM64"
  },
  {
    "message_device_id": "3061633165343461646537646535386331323332636635646433663037623362",
    "message_name": "iPhone",
    "timestamp_utc": "2024-11-04T10:25:45.997Z",
    "context_time": 1730715945997,
    "message_cache_id": "8262c13532ec4d0cd45cf72412e0f82d",
    "message_connect_type": "SMARTPHONE",
    "message_event": "put",
    "message_platform": "IPHONE_ARM64"
  },
  {
    "message_device_id": "3061633165343461646537646535386331323332636635646433663037623362",
    "message_name": "iPhone",
    "timestamp_utc": "2024-09-16T18:32:41.053Z",
    "context_time": 1726511561053,
    "message_cache_id": "8262c13532ec4d0cd45cf72412e0f82d",
    "message_connect_type": "SMARTPHONE",
    "message_event": "put",
    "message_platform": "IPHONE_ARM64"
  },
  {
    "message_device_id": "532d312d352d32312d3234313734393436302d313031373238393937392d32333531353232373231",
    "message_name": "DESKTOP-PV6HUBK",
    "timestamp_utc": "2024-09-13T06:43:21.069Z",
    "context_time": 1726209801069,
    "message_cache_id": "aa456de60e7ba4aca5427c0d230a4ae1",
    "message_connect_type": "COMPUTER",
    "message_event": "put",
    "message_platform": "WIN32_X86_64"
  },
  {
    "message_device_id": "41374344394537392d393743302d354535462d423239302d303042433234463938463346",
    "message_name": "Nassima’s MacBook Pro",
    "timestamp_utc": "2024-11-15T21:33:06.631Z",
    "context_time": 1731706386631,
    "message_cache_id": "de7edeb95a7fe947184fc7841617846b",
    "message_connect_type": "COMPUTER",
    "message_event": "put",
    "message_platform": "OSX_ARM64"
  },
  {
    "message_device_id": "532d312d352d32312d3234313734393436302d313031373238393937392d32333531353232373231",
    "message_name": "DESKTOP-PV6HUBK",
    "timestamp_utc": "2024-09-28T10:52:12.078Z",
    "context_time": 1727520732078,
    "message_cache_id": "aa456de60e7ba4aca5427c0d230a4ae1",
    "message_connect_type": "COMPUTER",
    "message_event": "put",
    "message_platform": "WIN32_X86_64"
  },
  {
    "message_device_id": "41374344394537392d393743302d354535462d423239302d303042433234463938463346",
    "message_name": "Nassima’s MacBook Pro",
    "timestamp_utc": "2024-10-16T18:27:26.453Z",
    "context_time": 1729103246453,
    "message_cache_id": "de7edeb95a7fe947184fc7841617846b",
    "message_connect_type": "COMPUTER",
    "message_event": "put",
    "message_platform": "OSX_ARM64"
  },
  {
    "message_device_id": "41374344394537392d393743302d354535462d423239302d303042433234463938463346",
    "message_name": "Nassima’s MacBook Pro",
    "timestamp_utc": "2024-11-26T16:56:31.738Z",
    "context_time": 1732640191738,
    "message_cache_id": "de7edeb95a7fe947184fc7841617846b",
    "message_connect_type": "COMPUTER",
    "message_event": "put",
    "message_platform": "OSX_ARM64"
  },
  {
    "message_device_id": "3461383562613563363332396262356330303437356231386365316434323537",
    "message_name": "iPhone",
    "timestamp_utc": "2024-10-11T11:06:18.526Z",
    "context_time": 1728644778526,
    "message_cache_id": "a7ad98e5ef93d7018ceba798ce811667",
    "message_connect_type": "SMARTPHONE",
    "message_event": "put",
    "message_platform": "IPHONE_ARM64"
  },
  {
    "message_device_id": "532d312d352d32312d3234313734393436302d313031373238393937392d32333531353232373231",
    "message_name": "DESKTOP-PV6HUBK",
    "timestamp_utc": "2024-10-22T10:55:18.033Z",
    "context_time": 1729594518033,
    "message_cache_id": "aa456de60e7ba4aca5427c0d230a4ae1",
    "message_connect_type": "COMPUTER",
    "message_event": "put",
    "message_platform": "WIN32_X86_64"
  },
  {
    "message_device_id": "3461383562613563363332396262356330303437356231386365316434323537",
    "message_name": "iPhone",
    "timestamp_utc": "2024-11-22T09:05:24.405Z",
    "context_time": 1732266324405,
    "message_cache_id": "a7ad98e5ef93d7018ceba798ce811667",
    "message_connect_type": "SMARTPHONE",
    "message_event": "put",
    "message_platform": "IPHONE_ARM64"
  },
  {
    "message_device_id": "63366163323739333930393863373437",
    "message_name": "SM-A725F",
    "timestamp_utc": "2024-12-03T10:02:39.160Z",
    "context_time": 1733220159160,
    "message_cache_id": "6e42c5aac686fdc0ac016ada3abc0bec",
    "message_connect_type": "SMARTPHONE",
    "message_event": "put",
    "message_platform": "ANDROID_ARM"
  },
  {
    "message_device_id": "3061633165343461646537646535386331323332636635646433663037623362",
    "message_name": "iPhone",
    "timestamp_utc": "2024-10-12T18:31:44.882Z",
    "context_time": 1728757904882,
    "message_cache_id": "8262c13532ec4d0cd45cf72412e0f82d",
    "message_connect_type": "SMARTPHONE",
    "message_event": "put",
    "message_platform": "IPHONE_ARM64"
  },
  {
    "message_device_id": "3061633165343461646537646535386331323332636635646433663037623362",
    "message_name": "iPhone",
    "timestamp_utc": "2024-09-09T07:00:38.929Z",
    "context_time": 1725865238929,
    "message_cache_id": "8262c13532ec4d0cd45cf72412e0f82d",
    "message_connect_type": "SMARTPHONE",
    "message_event": "put",
    "message_platform": "IPHONE_ARM64"
  },
  {
    "message_device_id": "41374344394537392d393743302d354535462d423239302d303042433234463938463346",
    "message_name": "Nassima’s MacBook Pro",
    "timestamp_utc": "2024-10-26T00:52:43.757Z",
    "context_time": 1729903963757,
    "message_cache_id": "de7edeb95a7fe947184fc7841617846b",
    "message_connect_type": "COMPUTER",
    "message_event": "put",
    "message_platform": "OSX_ARM64"
  },
  {
    "message_device_id": "3061633165343461646537646535386331323332636635646433663037623362",
    "message_name": "iPhone",
    "timestamp_utc": "2024-10-03T12:46:52.722Z",
    "context_time": 1727959612722,
    "message_cache_id": "8262c13532ec4d0cd45cf72412e0f82d",
    "message_connect_type": "SMARTPHONE",
    "message_event": "put",
    "message_platform": "IPHONE_ARM64"
  },
  {
    "message_device_id": "41374344394537392d393743302d354535462d423239302d303042433234463938463346",
    "message_name": "Nassima’s MacBook Pro",
    "timestamp_utc": "2024-10-07T22:00:17.294Z",
    "context_time": 1728338417294,
    "message_cache_id": "de7edeb95a7fe947184fc7841617846b",
    "message_connect_type": "COMPUTER",
    "message_event": "put",
    "message_platform": "OSX_ARM64"
  },
  {
    "message_device_id": "3461383562613563363332396262356330303437356231386365316434323537",
    "message_name": "iPhone",
    "timestamp_utc": "2024-09-17T07:18:57.089Z",
    "context_time": 1726557537089,
    "message_cache_id": "a7ad98e5ef93d7018ceba798ce811667",
    "message_connect_type": "SMARTPHONE",
    "message_event": "put",
    "message_platform": "IPHONE_ARM64"
  },
  {
    "message_device_id": "3461383562613563363332396262356330303437356231386365316434323537",
    "message_name": "iPhone",
    "timestamp_utc": "2024-11-15T08:56:14.645Z",
    "context_time": 1731660974645,
    "message_cache_id": "a7ad98e5ef93d7018ceba798ce811667",
    "message_connect_type": "SMARTPHONE",
    "message_event": "put",
    "message_platform": "IPHONE_ARM64"
  },
  {
    "message_device_id": "3461383562613563363332396262356330303437356231386365316434323537",
    "message_name": "iPhone",
    "timestamp_utc": "2024-11-06T21:43:29.212Z",
    "context_time": 1730929409212,
    "message_cache_id": "a7ad98e5ef93d7018ceba798ce811667",
    "message_connect_type": "SMARTPHONE",
    "message_event": "put",
    "message_platform": "IPHONE_ARM64"
  },
  {
    "message_device_id": "532d312d352d32312d3234313734393436302d313031373238393937392d32333531353232373231",
    "message_name": "DESKTOP-PV6HUBK",
    "timestamp_utc": "2024-12-03T09:42:15.274Z",
    "context_time": 1733218935274,
    "message_cache_id": "aa456de60e7ba4aca5427c0d230a4ae1",
    "message_connect_type": "COMPUTER",
    "message_event": "put",
    "message_platform": "WIN32_X86_64"
  },
  {
    "message_device_id": "3061633165343461646537646535386331323332636635646433663037623362",
    "message_name": "iPhone",
    "timestamp_utc": "2024-10-20T19:01:38.601Z",
    "context_time": 1729450898601,
    "message_cache_id": "8262c13532ec4d0cd45cf72412e0f82d",
    "message_connect_type": "SMARTPHONE",
    "message_event": "put",
    "message_platform": "IPHONE_ARM64"
  },
  {
    "message_device_id": "532d312d352d32312d3234313734393436302d313031373238393937392d32333531353232373231",
    "message_name": "DESKTOP-PV6HUBK",
    "timestamp_utc": "2024-10-15T08:20:36.384Z",
    "context_time": 1728980436384,
    "message_cache_id": "aa456de60e7ba4aca5427c0d230a4ae1",
    "message_connect_type": "COMPUTER",
    "message_event": "put",
    "message_platform": "WIN32_X86_64"
  },
  {
    "message_device_id": "3461383562613563363332396262356330303437356231386365316434323537",
    "message_name": "iPhone",
    "timestamp_utc": "2024-10-02T17:47:51.723Z",
    "context_time": 1727891271723,
    "message_cache_id": "a7ad98e5ef93d7018ceba798ce811667",
    "message_connect_type": "SMARTPHONE",
    "message_event": "put",
    "message_platform": "IPHONE_ARM64"
  },
  {
    "message_device_id": "3461383562613563363332396262356330303437356231386365316434323537",
    "message_name": "iPhone",
    "timestamp_utc": "2024-10-22T12:05:12.887Z",
    "context_time": 1729598712887,
    "message_cache_id": "a7ad98e5ef93d7018ceba798ce811667",
    "message_connect_type": "SMARTPHONE",
    "message_event": "put",
    "message_platform": "IPHONE_ARM64"
  }
]