[
  {
    "timestamp_utc": "2024-09-25T02:51:02.197Z",
    "context_time": 1727232662197,
    "message_contents": [
      "spotify:track:3hRV0jL3vUpRrcy398teAU",
      "spotify:track:3JvKfv6T31zO0ini8iNItO",
      "spotify:track:5Z0UnEtpLDQyYlWwgi8m9C",
      "spotify:track:2nMeu6UenVvwUktBCpLMK9",
      "spotify:track:273QnyCvJB65rScHJ1nPZb",
      "spotify:track:6J2LdBN97cDWn0MLxYh9HB",
      "spotify:track:456WNXWhDwYOSf5SpTuqxd",
      "spotify:track:5hnyJvgoWiQUYZttV4wXy6",
      "spotify:track:6si71supnBUhddjR2FJc2L",
      "spotify:track:6dOtVTDdiauQNBQEDOtlAB",
      "spotify:track:2epbL7s3RFV81K5UhTgZje",
      "spotify:track:4x5YzxjrF9wvIIXJV7TveC",
      "spotify:track:0DwClY2t9YAWHBROMIgrXb",
      "spotify:track:43zdsphuZLzwA9k4DJhU0I",
      "spotify:track:6O5TrlFWTYvznd9fMC0VvU",
      "spotify:track:5GbVzc6Ex5LYlLJqzRQhuy",
      "spotify:track:0K7RrcTOdaRY0pz8TSwxnh",
      "spotify:track:2ixsaeFioXJmMgkkbd4uj1",
      "spotify:track:4YoGMmUJJ9dZpQ2CLOmPl2",
      "spotify:track:3nqqDo8CcCLke3ZoTgiOKf",
      "spotify:track:2gMXnyrvIjhVBUZwvLZDMP",
      "spotify:track:3OHfY25tqY28d16oZczHc8",
      "spotify:track:3cCPT7eJhpYXXlH2pbWhfP",
      "spotify:track:3WD91HQDBIavSapet3ZpjG",
      "spotify:track:3qhlB30KknSejmIvZZLjOD",
      "spotify:track:2J2Z1SkXYghSajLibnQHOa",
      "spotify:track:6gxycjJNMgmAyfzUXBN80P",
      "spotify:track:6me7F0aaZjwDo6RJ5MrfBD",
      "spotify:track:3ZCTVFBt2Brf31RLEnCkWJ",
      "spotify:track:4sDbdBjuYQVdNNB4PiHUPo"
    ],
    "message_mix_id": "37i9dQZF1Epn6P2DZqJT0l",
    "message_type": "ON_REPEAT"
  },
  {
    "timestamp_utc": "2024-10-16T02:13:21.583Z",
    "context_time": 1729044801583,
    "message_contents": [
      "spotify:track:0K7RrcTOdaRY0pz8TSwxnh",
      "spotify:track:3RTIYfHCoHIukOD5qMgGwY",
      "spotify:track:6si71supnBUhddjR2FJc2L",
      "spotify:track:6v0UJD4a2FtleHeSYVX02A",
      "spotify:track:2ixsaeFioXJmMgkkbd4uj1",
      "spotify:track:3nqqDo8CcCLke3ZoTgiOKf",
      "spotify:track:2gMXnyrvIjhVBUZwvLZDMP",
      "spotify:track:1CRtJS94Hq3PbBZT9LuF90",
      "spotify:track:43zdsphuZLzwA9k4DJhU0I",
      "spotify:track:1HMQmOWrkieKYWlFsjUP3D",
      "spotify:track:456WNXWhDwYOSf5SpTuqxd",
      "spotify:track:6O5TrlFWTYvznd9fMC0VvU",
      "spotify:track:0u2P5u6lvoDfwTYjAADbn4",
      "spotify:track:5GbVzc6Ex5LYlLJqzRQhuy",
      "spotify:track:1D4XFKolp63mNqqMXJJL1V",
      "spotify:track:2DRMuw0U0QbkVQxWxdJV3M",
      "spotify:track:6dOtVTDdiauQNBQEDOtlAB",
      "spotify:track:6me7F0aaZjwDo6RJ5MrfBD",
      "spotify:track:4RL77hMWUq35NYnPLXBpih",
      "spotify:track:2qBmtZnPSQouvADmqaHKxk",
      "spotify:track:076HUj0TPUnBidZdy9PEyx",
      "spotify:track:2IAzLFdULtSCi4lLCLG8xh",
      "spotify:track:6uHvbKL0Yi37AuvNRmUfMw",
      "spotify:track:0DuWDLjriRPjDRoPgaCslY",
      "spotify:track:2epbL7s3RFV81K5UhTgZje",
      "spotify:track:3bHhUEOTIbezeZ856R0BX5",
      "spotify:track:2MpkOip9Tt8YjZM3nVl361",
      "spotify:track:6q4c1vPRZREh7nw3wG7Ixz",
      "spotify:track:6ylAVPbjRQoNY0khgh63Jf",
      "spotify:track:4U45aEWtQhrm8A5mxPaFZ7"
    ],
    "message_mix_id": "37i9dQZF1EpKQCUHf9XxvD",
    "message_type": "BACKTRACKS"
  },
  {
    "timestamp_utc": "2024-10-07T03:41:13.975Z",
    "context_time": 1728272473975,
    "message_contents": [
      "spotify:track:3JvKfv6T31zO0ini8iNItO",
      "spotify:track:3qhlB30KknSejmIvZZLjOD",
      "spotify:track:7qBENtVsjHWpkCNKTTGyJN",
      "spotify:track:3Kkjo3cT83cw09VJyrLNwX",
      "spotify:track:3hRV0jL3vUpRrcy398teAU",
      "spotify:track:5RhstgfbndAn4HA7ldDUt0",
      "spotify:track:29xE91g0DONeUAgbAtjAMJ",
      "spotify:track:3cCPT7eJhpYXXlH2pbWhfP",
      "spotify:track:19XpFsce28aByvCC4g89tJ",
      "spotify:track:4sDbdBjuYQVdNNB4PiHUPo",
      "spotify:track:4FN4D7vWOV9uigDDw8nr0A",
      "spotify:track:5hnyJvgoWiQUYZttV4wXy6",
      "spotify:track:4x1dWc1GgAfC04GcTlllax",
      "spotify:track:273QnyCvJB65rScHJ1nPZb",
      "spotify:track:6J2LdBN97cDWn0MLxYh9HB",
      "spotify:track:44A0o4jA8F2ZF03Zacwlwx",
      "spotify:track:4RvW5ggYKC7bCDX4UUSSDc",
      "spotify:track:2nMeu6UenVvwUktBCpLMK9",
      "spotify:track:4YoGMmUJJ9dZpQ2CLOmPl2",
      "spotify:track:5GbVzc6Ex5LYlLJqzRQhuy",
      "spotify:track:0DwClY2t9YAWHBROMIgrXb",
      "spotify:track:0TK89ymMmrdq4xXOD1G1RO",
      "spotify:track:2TkmosdPkJXcjhvMzscrYP",
      "spotify:track:6si71supnBUhddjR2FJc2L",
      "spotify:track:1SKPmfSYaPsETbRHaiA18G",
      "spotify:track:1CRtJS94Hq3PbBZT9LuF90",
      "spotify:track:6iY2rKAVgTTaMJBbSndsiU",
      "spotify:track:061rTXN3Rdlvk0x3GDGtQy",
      "spotify:track:2ixsaeFioXJmMgkkbd4uj1",
      "spotify:track:6VObnIkLVruX4UVyxWhlqm"
    ],
    "message_mix_id": "37i9dQZF1Epn6P2DZqJT0l",
    "message_type": "ON_REPEAT"
  },
  {
    "timestamp_utc": "2024-10-22T01:57:50.562Z",
    "context_time": 1729562270562,
    "message_contents": [
      "spotify:track:3JvKfv6T31zO0ini8iNItO",
      "spotify:track:6J2LdBN97cDWn0MLxYh9HB",
      "spotify:track:3hRV0jL3vUpRrcy398teAU",
      "spotify:track:4sDbdBjuYQVdNNB4PiHUPo",
      "spotify:track:4FN4D7vWOV9uigDDw8nr0A",
      "spotify:track:4RvW5ggYKC7bCDX4UUSSDc",
      "spotify:track:3Kkjo3cT83cw09VJyrLNwX",
      "spotify:track:7qBENtVsjHWpkCNKTTGyJN",
      "spotify:track:5RhstgfbndAn4HA7ldDUt0",
      "spotify:track:19XpFsce28aByvCC4g89tJ",
      "spotify:track:5hnyJvgoWiQUYZttV4wXy6",
      "spotify:track:0DwClY2t9YAWHBROMIgrXb",
      "spotify:track:4x1dWc1GgAfC04GcTlllax",
      "spotify:track:2nMeu6UenVvwUktBCpLMK9",
      "spotify:track:3cCPT7eJhpYXXlH2pbWhfP",
      "spotify:track:061rTXN3Rdlvk0x3GDGtQy",
      "spotify:track:44A0o4jA8F2ZF03Zacwlwx",
      "spotify:track:29xE91g0DONeUAgbAtjAMJ",
      "spotify:track:273QnyCvJB65rScHJ1nPZb",
      "spotify:track:6u1N1uweyyPWwY1LPoBBLA",
      "spotify:track:3qhlB30KknSejmIvZZLjOD",
      "spotify:track:3Pbp7cUCx4d3OAkZSCoNvn",
      "spotify:track:4YoGMmUJJ9dZpQ2CLOmPl2",
      "spotify:track:5IgAa2n2XySZup24cPMaOd",
      "spotify:track:3AJwUDP919kvQ9QcozQPxg",
      "spotify:track:6dOtVTDdiauQNBQEDOtlAB",
      "spotify:track:1AofrI6TYzXGIrvKk3tjWe",
      "spotify:track:0VEckWCkjfEPFEhsly59hK",
      "spotify:track:75JFxkI2RXiU7L9VXzMkle",
      "spotify:track:3WD91HQDBIavSapet3ZpjG"
    ],
    "message_mix_id": "37i9dQZF1Epn6P2DZqJT0l",
    "message_type": "ON_REPEAT"
  },
  {
    "timestamp_utc": "2024-11-12T07:37:03.745Z",
    "context_time": 1731397023745,
    "message_contents": [
      "spotify:track:3JvKfv6T31zO0ini8iNItO",
      "spotify:track:7uWFUpGuEfmxYeymkV95jn",
      "spotify:track:6J2LdBN97cDWn0MLxYh9HB",
      "spotify:track:6VObnIkLVruX4UVyxWhlqm",
      "spotify:track:6dOtVTDdiauQNBQEDOtlAB",
      "spotify:track:4sDbdBjuYQVdNNB4PiHUPo",
      "spotify:track:3qhlB30KknSejmIvZZLjOD",
      "spotify:track:3Kkjo3cT83cw09VJyrLNwX",
      "spotify:track:3hRV0jL3vUpRrcy398teAU",
      "spotify:track:0DwClY2t9YAWHBROMIgrXb",
      "spotify:track:6si71supnBUhddjR2FJc2L",
      "spotify:track:3cCPT7eJhpYXXlH2pbWhfP",
      "spotify:track:2IAzLFdULtSCi4lLCLG8xh",
      "spotify:track:14AyWf6y7KlWWLfAjdKMKI",
      "spotify:track:5hnyJvgoWiQUYZttV4wXy6",
      "spotify:track:7jmHyHMEqm9MJWiMAneF05",
      "spotify:track:3di5hcvxxciiqwMH1jarhY",
      "spotify:track:5PbdVk09VHHcvGa0pX86RP",
      "spotify:track:1D4XFKolp63mNqqMXJJL1V",
      "spotify:track:3Y7fpFZbHLpAvWJJYGehz0",
      "spotify:track:273QnyCvJB65rScHJ1nPZb",
      "spotify:track:0rtDE9zfXbamTlRUSwY7zy",
      "spotify:track:7795WJLVKJoAyVoOtCWqXN",
      "spotify:track:061rTXN3Rdlvk0x3GDGtQy",
      "spotify:track:4bzBPrGYD3fQfAadLgIiwT",
      "spotify:track:7qBENtVsjHWpkCNKTTGyJN",
      "spotify:track:3Pbp7cUCx4d3OAkZSCoNvn",
      "spotify:track:2TIlqbIneP0ZY1O0EzYLlc",
      "spotify:track:4x1dWc1GgAfC04GcTlllax",
      "spotify:track:4YoGMmUJJ9dZpQ2CLOmPl2"
    ],
    "message_mix_id": "37i9dQZF1Epn6P2DZqJT0l",
    "message_type": "ON_REPEAT"
  },
  {
    "timestamp_utc": "2024-11-30T03:44:27.481Z",
    "context_time": 1732938267481,
    "message_contents": [
      "spotify:track:19XpFsce28aByvCC4g89tJ",
      "spotify:track:6J2LdBN97cDWn0MLxYh9HB",
      "spotify:track:6dOtVTDdiauQNBQEDOtlAB",
      "spotify:track:6VObnIkLVruX4UVyxWhlqm",
      "spotify:track:3JvKfv6T31zO0ini8iNItO",
      "spotify:track:2pulvQDTgqjX4djPs6UygN",
      "spotify:track:3qhlB30KknSejmIvZZLjOD",
      "spotify:track:2DRMuw0U0QbkVQxWxdJV3M",
      "spotify:track:7DSAEUvxU8FajXtRloy8M0",
      "spotify:track:0u1zBGqurNyLGWwvsxKPyc",
      "spotify:track:7jmHyHMEqm9MJWiMAneF05",
      "spotify:track:3Pbp7cUCx4d3OAkZSCoNvn",
      "spotify:track:3hRV0jL3vUpRrcy398teAU",
      "spotify:track:3AJwUDP919kvQ9QcozQPxg",
      "spotify:track:0u2P5u6lvoDfwTYjAADbn4",
      "spotify:track:061rTXN3Rdlvk0x3GDGtQy",
      "spotify:track:6zeE5tKyr8Nu882DQhhSQI",
      "spotify:track:1AofrI6TYzXGIrvKk3tjWe",
      "spotify:track:0rtDE9zfXbamTlRUSwY7zy",
      "spotify:track:6RRNNciQGZEXnqk8SQ9yv5",
      "spotify:track:0DwClY2t9YAWHBROMIgrXb",
      "spotify:track:46IZ0fSY2mpAiktS3KOqds",
      "spotify:track:2M9ro2krNb7nr7HSprkEgo",
      "spotify:track:7kuOhBGsXjpwvLRQCDAPAJ",
      "spotify:track:3xkHsmpQCBMytMJNiDf3Ii",
      "spotify:track:4zFHwVj4A8s0G5f7aOlpKo",
      "spotify:track:7uWFUpGuEfmxYeymkV95jn",
      "spotify:track:2epbL7s3RFV81K5UhTgZje",
      "spotify:track:315aBOUD3xtj7sUMXtRgMV",
      "spotify:track:6v0UJD4a2FtleHeSYVX02A"
    ],
    "message_mix_id": "37i9dQZF1Epn6P2DZqJT0l",
    "message_type": "ON_REPEAT"
  },
  {
    "timestamp_utc": "2024-11-24T04:51:43.928Z",
    "context_time": 1732423903928,
    "message_contents": [
      "spotify:track:3JvKfv6T31zO0ini8iNItO",
      "spotify:track:6J2LdBN97cDWn0MLxYh9HB",
      "spotify:track:6oUiGf6a2PFfvKjFn47hxK",
      "spotify:track:6dOtVTDdiauQNBQEDOtlAB",
      "spotify:track:7uWFUpGuEfmxYeymkV95jn",
      "spotify:track:4Dvkj6JhhA12EX05fT7y2e",
      "spotify:track:2pulvQDTgqjX4djPs6UygN",
      "spotify:track:3Kkjo3cT83cw09VJyrLNwX",
      "spotify:track:3qhlB30KknSejmIvZZLjOD",
      "spotify:track:5fVFW9WqTsBt34JFhKxIty",
      "spotify:track:4sDbdBjuYQVdNNB4PiHUPo",
      "spotify:track:6VObnIkLVruX4UVyxWhlqm",
      "spotify:track:1J14CdDAvBTE1AJYUOwl6C",
      "spotify:track:7DSAEUvxU8FajXtRloy8M0",
      "spotify:track:3dYD57lRAUcMHufyqn9GcI",
      "spotify:track:3cCPT7eJhpYXXlH2pbWhfP",
      "spotify:track:0RsXkqnuQCrSOQCur6V1UJ",
      "spotify:track:4FN4D7vWOV9uigDDw8nr0A",
      "spotify:track:19XpFsce28aByvCC4g89tJ",
      "spotify:track:14AyWf6y7KlWWLfAjdKMKI",
      "spotify:track:77MdvMx9L4ZQuLhhn3o21h",
      "spotify:track:3hRV0jL3vUpRrcy398teAU",
      "spotify:track:0Z5ok0QLLttAKsujOZYOXf",
      "spotify:track:6si71supnBUhddjR2FJc2L",
      "spotify:track:5PbdVk09VHHcvGa0pX86RP",
      "spotify:track:0rtDE9zfXbamTlRUSwY7zy",
      "spotify:track:3Pbp7cUCx4d3OAkZSCoNvn",
      "spotify:track:1D4XFKolp63mNqqMXJJL1V",
      "spotify:track:2nMeu6UenVvwUktBCpLMK9",
      "spotify:track:2M9ro2krNb7nr7HSprkEgo"
    ],
    "message_mix_id": "37i9dQZF1Epn6P2DZqJT0l",
    "message_type": "ON_REPEAT"
  },
  {
    "timestamp_utc": "2024-10-04T03:47:12.163Z",
    "context_time": 1728013632163,
    "message_contents": [
      "spotify:track:3RTIYfHCoHIukOD5qMgGwY",
      "spotify:track:3nqqDo8CcCLke3ZoTgiOKf",
      "spotify:track:2gMXnyrvIjhVBUZwvLZDMP",
      "spotify:track:6si71supnBUhddjR2FJc2L",
      "spotify:track:6O5TrlFWTYvznd9fMC0VvU",
      "spotify:track:2ixsaeFioXJmMgkkbd4uj1",
      "spotify:track:4U45aEWtQhrm8A5mxPaFZ7",
      "spotify:track:43zdsphuZLzwA9k4DJhU0I",
      "spotify:track:6v0UJD4a2FtleHeSYVX02A",
      "spotify:track:4RL77hMWUq35NYnPLXBpih",
      "spotify:track:1HMQmOWrkieKYWlFsjUP3D",
      "spotify:track:456WNXWhDwYOSf5SpTuqxd",
      "spotify:track:2DRMuw0U0QbkVQxWxdJV3M",
      "spotify:track:1D4XFKolp63mNqqMXJJL1V",
      "spotify:track:0u2P5u6lvoDfwTYjAADbn4",
      "spotify:track:6me7F0aaZjwDo6RJ5MrfBD",
      "spotify:track:6uHvbKL0Yi37AuvNRmUfMw",
      "spotify:track:0VEckWCkjfEPFEhsly59hK",
      "spotify:track:6q4c1vPRZREh7nw3wG7Ixz",
      "spotify:track:6ylAVPbjRQoNY0khgh63Jf",
      "spotify:track:6zupPNGun4zG87eto8RjUo",
      "spotify:track:2IAzLFdULtSCi4lLCLG8xh",
      "spotify:track:4S1VYqwfkLit9mKVY3MXoo",
      "spotify:track:75JFxkI2RXiU7L9VXzMkle",
      "spotify:track:5uu2OCGGrTRS1sIvlMgKwe",
      "spotify:track:3irs6j77Kxo1BMaTdkaTbd",
      "spotify:track:6w8ZPYdnGajyfPddTWdthN",
      "spotify:track:1tt89QYK4SuPjBrgnfewLk",
      "spotify:track:2epbL7s3RFV81K5UhTgZje",
      "spotify:track:7frCzC7XOSEeJdUasfk7Zm"
    ],
    "message_mix_id": "37i9dQZF1EpKQCUHf9XxvD",
    "message_type": "BACKTRACKS"
  },
  {
    "timestamp_utc": "2024-11-27T06:53:36.852Z",
    "context_time": 1732690416852,
    "message_contents": [
      "spotify:track:3bLo59hMbXji4GaXHheJav",
      "spotify:track:3hRV0jL3vUpRrcy398teAU",
      "spotify:track:0K7RrcTOdaRY0pz8TSwxnh",
      "spotify:track:2nMeu6UenVvwUktBCpLMK9",
      "spotify:track:7qBENtVsjHWpkCNKTTGyJN",
      "spotify:track:4RvW5ggYKC7bCDX4UUSSDc",
      "spotify:track:076HUj0TPUnBidZdy9PEyx",
      "spotify:track:0Z5ok0QLLttAKsujOZYOXf",
      "spotify:track:4x1dWc1GgAfC04GcTlllax",
      "spotify:track:0DwClY2t9YAWHBROMIgrXb",
      "spotify:track:3Pbp7cUCx4d3OAkZSCoNvn",
      "spotify:track:29xE91g0DONeUAgbAtjAMJ",
      "spotify:track:3WD91HQDBIavSapet3ZpjG",
      "spotify:track:1lb3H41lbvAN28N7yqRNL9",
      "spotify:track:1CRtJS94Hq3PbBZT9LuF90",
      "spotify:track:5RhstgfbndAn4HA7ldDUt0",
      "spotify:track:5hnyJvgoWiQUYZttV4wXy6",
      "spotify:track:2TkmosdPkJXcjhvMzscrYP",
      "spotify:track:273QnyCvJB65rScHJ1nPZb",
      "spotify:track:4H065d2WS05Pig3f5u0ARg",
      "spotify:track:4x5YzxjrF9wvIIXJV7TveC",
      "spotify:track:0BCPKOYdS2jbQ8iyB56Zns",
      "spotify:track:5PbdVk09VHHcvGa0pX86RP",
      "spotify:track:7cjCNwAwKNjgxfjt1TzK4e",
      "spotify:track:2PY7SkaaxjjRtxiLMGgc2f",
      "spotify:track:2DjWsDGgL1xNbhnr7f6t5F",
      "spotify:track:6si71supnBUhddjR2FJc2L",
      "spotify:track:1zKwulPt1jOqEhRbiXfTxa",
      "spotify:track:2qBmtZnPSQouvADmqaHKxk",
      "spotify:track:6gxycjJNMgmAyfzUXBN80P"
    ],
    "message_mix_id": "37i9dQZF1EpKQCUHf9XxvD",
    "message_type": "BACKTRACKS"
  },
  {
    "timestamp_utc": "2024-09-16T04:44:55.931Z",
    "context_time": 1726461895931,
    "message_contents": [
      "spotify:track:5Z0UnEtpLDQyYlWwgi8m9C",
      "spotify:track:3hRV0jL3vUpRrcy398teAU",
      "spotify:track:2nMeu6UenVvwUktBCpLMK9",
      "spotify:track:3JvKfv6T31zO0ini8iNItO",
      "spotify:track:273QnyCvJB65rScHJ1nPZb",
      "spotify:track:6si71supnBUhddjR2FJc2L",
      "spotify:track:5GbVzc6Ex5LYlLJqzRQhuy",
      "spotify:track:2ixsaeFioXJmMgkkbd4uj1",
      "spotify:track:2epbL7s3RFV81K5UhTgZje",
      "spotify:track:0DwClY2t9YAWHBROMIgrXb",
      "spotify:track:0K7RrcTOdaRY0pz8TSwxnh",
      "spotify:track:6dOtVTDdiauQNBQEDOtlAB",
      "spotify:track:3qhlB30KknSejmIvZZLjOD",
      "spotify:track:5hnyJvgoWiQUYZttV4wXy6",
      "spotify:track:3cCPT7eJhpYXXlH2pbWhfP",
      "spotify:track:3nqqDo8CcCLke3ZoTgiOKf",
      "spotify:track:6zeE5tKyr8Nu882DQhhSQI",
      "spotify:track:456WNXWhDwYOSf5SpTuqxd",
      "spotify:track:4sDbdBjuYQVdNNB4PiHUPo",
      "spotify:track:1SKPmfSYaPsETbRHaiA18G",
      "spotify:track:1HMQmOWrkieKYWlFsjUP3D",
      "spotify:track:0bndF6tTweNXPjwpPL7Slt",
      "spotify:track:0VEckWCkjfEPFEhsly59hK",
      "spotify:track:6me7F0aaZjwDo6RJ5MrfBD",
      "spotify:track:1CRtJS94Hq3PbBZT9LuF90",
      "spotify:track:6CKoWCWAqEVWVjpeoJXyNH",
      "spotify:track:2gMXnyrvIjhVBUZwvLZDMP",
      "spotify:track:3M7Ab3IGSb7vNoLWqDbXVF",
      "spotify:track:0DuWDLjriRPjDRoPgaCslY",
      "spotify:track:4kLLWz7srcuLKA7Et40PQR"
    ],
    "message_mix_id": "37i9dQZF1Epn6P2DZqJT0l",
    "message_type": "ON_REPEAT"
  },
  {
    "timestamp_utc": "2024-09-22T00:33:58.765Z",
    "context_time": 1726965238765,
    "message_contents": [
      "spotify:track:6zupPNGun4zG87eto8RjUo",
      "spotify:track:4U45aEWtQhrm8A5mxPaFZ7",
      "spotify:track:6v0UJD4a2FtleHeSYVX02A",
      "spotify:track:6pIciAIov7TP5Zj4PTN9rc",
      "spotify:track:75JFxkI2RXiU7L9VXzMkle",
      "spotify:track:1HMQmOWrkieKYWlFsjUP3D",
      "spotify:track:0DuWDLjriRPjDRoPgaCslY",
      "spotify:track:4S1VYqwfkLit9mKVY3MXoo",
      "spotify:track:0VEckWCkjfEPFEhsly59hK",
      "spotify:track:7jmHyHMEqm9MJWiMAneF05",
      "spotify:track:4YoGMmUJJ9dZpQ2CLOmPl2",
      "spotify:track:2qhASBzpbFhPRtrnZ5lLnz",
      "spotify:track:6CKoWCWAqEVWVjpeoJXyNH",
      "spotify:track:6me7F0aaZjwDo6RJ5MrfBD",
      "spotify:track:6ylAVPbjRQoNY0khgh63Jf",
      "spotify:track:4RL77hMWUq35NYnPLXBpih",
      "spotify:track:6uHvbKL0Yi37AuvNRmUfMw",
      "spotify:track:0u2P5u6lvoDfwTYjAADbn4",
      "spotify:track:2IAzLFdULtSCi4lLCLG8xh",
      "spotify:track:6VObnIkLVruX4UVyxWhlqm",
      "spotify:track:2F94KDtJjCdzZYCQWBliRC",
      "spotify:track:3RTIYfHCoHIukOD5qMgGwY",
      "spotify:track:3BnDvpeuGOj21Ir2aVEtQo",
      "spotify:track:6w8ZPYdnGajyfPddTWdthN",
      "spotify:track:2LawezPeJhN4AWuSB0GtAU",
      "spotify:track:1D4XFKolp63mNqqMXJJL1V",
      "spotify:track:7wMq5n8mYSKlQIGECKUgTX",
      "spotify:track:2DRMuw0U0QbkVQxWxdJV3M",
      "spotify:track:1Jaah2tmN9Hv81A87KZ1MU",
      "spotify:track:4kLLWz7srcuLKA7Et40PQR"
    ],
    "message_mix_id": "37i9dQZF1EpKQCUHf9XxvD",
    "message_type": "BACKTRACKS"
  },
  {
    "timestamp_utc": "2024-10-28T01:32:34.665Z",
    "context_time": 1730079154665,
    "message_contents": [
      "spotify:track:6J2LdBN97cDWn0MLxYh9HB",
      "spotify:track:3JvKfv6T31zO0ini8iNItO",
      "spotify:track:7uWFUpGuEfmxYeymkV95jn",
      "spotify:track:061rTXN3Rdlvk0x3GDGtQy",
      "spotify:track:0DwClY2t9YAWHBROMIgrXb",
      "spotify:track:6nIABFnyWmAB2gdEja8mqX",
      "spotify:track:3hRV0jL3vUpRrcy398teAU",
      "spotify:track:5jgFfDIR6FR0gvlA56Nakr",
      "spotify:track:4sDbdBjuYQVdNNB4PiHUPo",
      "spotify:track:1lb3H41lbvAN28N7yqRNL9",
      "spotify:track:4x1dWc1GgAfC04GcTlllax",
      "spotify:track:3Pbp7cUCx4d3OAkZSCoNvn",
      "spotify:track:6si71supnBUhddjR2FJc2L",
      "spotify:track:4FN4D7vWOV9uigDDw8nr0A",
      "spotify:track:3qhlB30KknSejmIvZZLjOD",
      "spotify:track:2qBmtZnPSQouvADmqaHKxk",
      "spotify:track:19XpFsce28aByvCC4g89tJ",
      "spotify:track:2pulvQDTgqjX4djPs6UygN",
      "spotify:track:2DjWsDGgL1xNbhnr7f6t5F",
      "spotify:track:0BCPKOYdS2jbQ8iyB56Zns",
      "spotify:track:7jmHyHMEqm9MJWiMAneF05",
      "spotify:track:6u1N1uweyyPWwY1LPoBBLA",
      "spotify:track:3Kkjo3cT83cw09VJyrLNwX",
      "spotify:track:0RsXkqnuQCrSOQCur6V1UJ",
      "spotify:track:7qBENtVsjHWpkCNKTTGyJN",
      "spotify:track:0YMFcrMtBowDdD5bPz0cgy",
      "spotify:track:3cCPT7eJhpYXXlH2pbWhfP",
      "spotify:track:4RvW5ggYKC7bCDX4UUSSDc",
      "spotify:track:4H065d2WS05Pig3f5u0ARg",
      "spotify:track:5377z0OljWvRR7CdSQrJxP"
    ],
    "message_mix_id": "37i9dQZF1Epn6P2DZqJT0l",
    "message_type": "ON_REPEAT"
  },
  {
    "timestamp_utc": "2024-10-31T05:08:45.567Z",
    "context_time": 1730351325567,
    "message_contents": [
      "spotify:track:6J2LdBN97cDWn0MLxYh9HB",
      "spotify:track:3JvKfv6T31zO0ini8iNItO",
      "spotify:track:1lb3H41lbvAN28N7yqRNL9",
      "spotify:track:3hRV0jL3vUpRrcy398teAU",
      "spotify:track:7uWFUpGuEfmxYeymkV95jn",
      "spotify:track:061rTXN3Rdlvk0x3GDGtQy",
      "spotify:track:3qhlB30KknSejmIvZZLjOD",
      "spotify:track:4sDbdBjuYQVdNNB4PiHUPo",
      "spotify:track:3cCPT7eJhpYXXlH2pbWhfP",
      "spotify:track:2PY7SkaaxjjRtxiLMGgc2f",
      "spotify:track:19XpFsce28aByvCC4g89tJ",
      "spotify:track:6si71supnBUhddjR2FJc2L",
      "spotify:track:3Kkjo3cT83cw09VJyrLNwX",
      "spotify:track:6u1N1uweyyPWwY1LPoBBLA",
      "spotify:track:0DwClY2t9YAWHBROMIgrXb",
      "spotify:track:3Pbp7cUCx4d3OAkZSCoNvn",
      "spotify:track:0gplL1WMoJ6iYaPgMCL0gX",
      "spotify:track:4FN4D7vWOV9uigDDw8nr0A",
      "spotify:track:3AJwUDP919kvQ9QcozQPxg",
      "spotify:track:7qBENtVsjHWpkCNKTTGyJN",
      "spotify:track:2qBmtZnPSQouvADmqaHKxk",
      "spotify:track:7jmHyHMEqm9MJWiMAneF05",
      "spotify:track:1AofrI6TYzXGIrvKk3tjWe",
      "spotify:track:6nIABFnyWmAB2gdEja8mqX",
      "spotify:track:4YoGMmUJJ9dZpQ2CLOmPl2",
      "spotify:track:6gxycjJNMgmAyfzUXBN80P",
      "spotify:track:0RsXkqnuQCrSOQCur6V1UJ",
      "spotify:track:4RvW5ggYKC7bCDX4UUSSDc",
      "spotify:track:2DRMuw0U0QbkVQxWxdJV3M",
      "spotify:track:4x1dWc1GgAfC04GcTlllax"
    ],
    "message_mix_id": "37i9dQZF1Epn6P2DZqJT0l",
    "message_type": "ON_REPEAT"
  },
  {
    "timestamp_utc": "2024-11-27T06:53:36.852Z",
    "context_time": 1732690416852,
    "message_contents": [
      "spotify:track:2pulvQDTgqjX4djPs6UygN",
      "spotify:track:6dOtVTDdiauQNBQEDOtlAB",
      "spotify:track:3JvKfv6T31zO0ini8iNItO",
      "spotify:track:6VObnIkLVruX4UVyxWhlqm",
      "spotify:track:0u1zBGqurNyLGWwvsxKPyc",
      "spotify:track:6J2LdBN97cDWn0MLxYh9HB",
      "spotify:track:3qhlB30KknSejmIvZZLjOD",
      "spotify:track:19XpFsce28aByvCC4g89tJ",
      "spotify:track:6oUiGf6a2PFfvKjFn47hxK",
      "spotify:track:2wlZIwHXloe802coeEhJ3T",
      "spotify:track:0RsXkqnuQCrSOQCur6V1UJ",
      "spotify:track:1AofrI6TYzXGIrvKk3tjWe",
      "spotify:track:061rTXN3Rdlvk0x3GDGtQy",
      "spotify:track:14AyWf6y7KlWWLfAjdKMKI",
      "spotify:track:7uWFUpGuEfmxYeymkV95jn",
      "spotify:track:3Kkjo3cT83cw09VJyrLNwX",
      "spotify:track:026yl5jzAywORnqJuKrSWA",
      "spotify:track:1brf4DVRwSrQQjHPlAcDQn",
      "spotify:track:4sDbdBjuYQVdNNB4PiHUPo",
      "spotify:track:0u2P5u6lvoDfwTYjAADbn4",
      "spotify:track:0VEckWCkjfEPFEhsly59hK",
      "spotify:track:6nIABFnyWmAB2gdEja8mqX",
      "spotify:track:3cCPT7eJhpYXXlH2pbWhfP",
      "spotify:track:5GbVzc6Ex5LYlLJqzRQhuy",
      "spotify:track:4FN4D7vWOV9uigDDw8nr0A",
      "spotify:track:1D4XFKolp63mNqqMXJJL1V",
      "spotify:track:6zeE5tKyr8Nu882DQhhSQI",
      "spotify:track:5jgFfDIR6FR0gvlA56Nakr",
      "spotify:track:6u1N1uweyyPWwY1LPoBBLA",
      "spotify:track:5mHG6QC2r02VhELkp8DZeI"
    ],
    "message_mix_id": "37i9dQZF1Epn6P2DZqJT0l",
    "message_type": "ON_REPEAT"
  },
  {
    "timestamp_utc": "2024-09-19T11:08:24.675Z",
    "context_time": 1726744104675,
    "message_contents": [
      "spotify:track:5Z0UnEtpLDQyYlWwgi8m9C",
      "spotify:track:3hRV0jL3vUpRrcy398teAU",
      "spotify:track:2nMeu6UenVvwUktBCpLMK9",
      "spotify:track:273QnyCvJB65rScHJ1nPZb",
      "spotify:track:5hnyJvgoWiQUYZttV4wXy6",
      "spotify:track:6si71supnBUhddjR2FJc2L",
      "spotify:track:3JvKfv6T31zO0ini8iNItO",
      "spotify:track:0DwClY2t9YAWHBROMIgrXb",
      "spotify:track:2epbL7s3RFV81K5UhTgZje",
      "spotify:track:0K7RrcTOdaRY0pz8TSwxnh",
      "spotify:track:6gxycjJNMgmAyfzUXBN80P",
      "spotify:track:5GbVzc6Ex5LYlLJqzRQhuy",
      "spotify:track:2ixsaeFioXJmMgkkbd4uj1",
      "spotify:track:456WNXWhDwYOSf5SpTuqxd",
      "spotify:track:6dOtVTDdiauQNBQEDOtlAB",
      "spotify:track:2FTZeRHQ4gRPViPMpWL9uX",
      "spotify:track:3qhlB30KknSejmIvZZLjOD",
      "spotify:track:4FN4D7vWOV9uigDDw8nr0A",
      "spotify:track:4sDbdBjuYQVdNNB4PiHUPo",
      "spotify:track:3nqqDo8CcCLke3ZoTgiOKf",
      "spotify:track:3cCPT7eJhpYXXlH2pbWhfP",
      "spotify:track:061rTXN3Rdlvk0x3GDGtQy",
      "spotify:track:0bndF6tTweNXPjwpPL7Slt",
      "spotify:track:2gMXnyrvIjhVBUZwvLZDMP",
      "spotify:track:6zeE5tKyr8Nu882DQhhSQI",
      "spotify:track:0VEckWCkjfEPFEhsly59hK",
      "spotify:track:6CU68VwcV10VfulVQMfj3X",
      "spotify:track:2DjWsDGgL1xNbhnr7f6t5F",
      "spotify:track:2IAzLFdULtSCi4lLCLG8xh",
      "spotify:track:1HMQmOWrkieKYWlFsjUP3D"
    ],
    "message_mix_id": "37i9dQZF1Epn6P2DZqJT0l",
    "message_type": "ON_REPEAT"
  },
  {
    "timestamp_utc": "2024-11-09T00:52:16.336Z",
    "context_time": 1731113536336,
    "message_contents": [
      "spotify:track:3bLo59hMbXji4GaXHheJav",
      "spotify:track:0K7RrcTOdaRY0pz8TSwxnh",
      "spotify:track:7qBENtVsjHWpkCNKTTGyJN",
      "spotify:track:273QnyCvJB65rScHJ1nPZb",
      "spotify:track:076HUj0TPUnBidZdy9PEyx",
      "spotify:track:6IV5sJbmLJ9KbEQatq6d4G",
      "spotify:track:0RsXkqnuQCrSOQCur6V1UJ",
      "spotify:track:2DRMuw0U0QbkVQxWxdJV3M",
      "spotify:track:44A0o4jA8F2ZF03Zacwlwx",
      "spotify:track:3WD91HQDBIavSapet3ZpjG",
      "spotify:track:4FN4D7vWOV9uigDDw8nr0A",
      "spotify:track:1CRtJS94Hq3PbBZT9LuF90",
      "spotify:track:29xE91g0DONeUAgbAtjAMJ",
      "spotify:track:4RvW5ggYKC7bCDX4UUSSDc",
      "spotify:track:1SKPmfSYaPsETbRHaiA18G",
      "spotify:track:5RhstgfbndAn4HA7ldDUt0",
      "spotify:track:2TkmosdPkJXcjhvMzscrYP",
      "spotify:track:563SfWAHJs4FBZMkRN0IFN",
      "spotify:track:4x5YzxjrF9wvIIXJV7TveC",
      "spotify:track:0VEckWCkjfEPFEhsly59hK",
      "spotify:track:0DwClY2t9YAWHBROMIgrXb",
      "spotify:track:3QorTmBB8lYdSO9bGglOrb",
      "spotify:track:6iY2rKAVgTTaMJBbSndsiU",
      "spotify:track:2gVHZ9GmBjUX76jaI2syD7",
      "spotify:track:5hnyJvgoWiQUYZttV4wXy6",
      "spotify:track:4cwCGscTjO9FwgtRU9QIAe",
      "spotify:track:2qBmtZnPSQouvADmqaHKxk",
      "spotify:track:4ph3TGED6e9ycyTq4LYBn4",
      "spotify:track:4x1dWc1GgAfC04GcTlllax",
      "spotify:track:5GbVzc6Ex5LYlLJqzRQhuy"
    ],
    "message_mix_id": "37i9dQZF1EpKQCUHf9XxvD",
    "message_type": "BACKTRACKS"
  },
  {
    "timestamp_utc": "2024-11-18T04:45:46.766Z",
    "context_time": 1731905146766,
    "message_contents": [
      "spotify:track:3bLo59hMbXji4GaXHheJav",
      "spotify:track:0K7RrcTOdaRY0pz8TSwxnh",
      "spotify:track:4RvW5ggYKC7bCDX4UUSSDc",
      "spotify:track:7qBENtVsjHWpkCNKTTGyJN",
      "spotify:track:076HUj0TPUnBidZdy9PEyx",
      "spotify:track:273QnyCvJB65rScHJ1nPZb",
      "spotify:track:4FN4D7vWOV9uigDDw8nr0A",
      "spotify:track:0RsXkqnuQCrSOQCur6V1UJ",
      "spotify:track:44A0o4jA8F2ZF03Zacwlwx",
      "spotify:track:1CRtJS94Hq3PbBZT9LuF90",
      "spotify:track:6IV5sJbmLJ9KbEQatq6d4G",
      "spotify:track:3WD91HQDBIavSapet3ZpjG",
      "spotify:track:5RhstgfbndAn4HA7ldDUt0",
      "spotify:track:2DRMuw0U0QbkVQxWxdJV3M",
      "spotify:track:4x1dWc1GgAfC04GcTlllax",
      "spotify:track:29xE91g0DONeUAgbAtjAMJ",
      "spotify:track:1SKPmfSYaPsETbRHaiA18G",
      "spotify:track:4x5YzxjrF9wvIIXJV7TveC",
      "spotify:track:563SfWAHJs4FBZMkRN0IFN",
      "spotify:track:2TkmosdPkJXcjhvMzscrYP",
      "spotify:track:6u1N1uweyyPWwY1LPoBBLA",
      "spotify:track:5y788ya4NvwhBznoDIcXwK",
      "spotify:track:4cwCGscTjO9FwgtRU9QIAe",
      "spotify:track:6iY2rKAVgTTaMJBbSndsiU",
      "spotify:track:1D4XFKolp63mNqqMXJJL1V",
      "spotify:track:1B62o4CbdL9ckGvwsz2cgn",
      "spotify:track:0Z57YWES04xGh3AImDz6Qr",
      "spotify:track:1QJ2l3k2BFJypRUT5M4mLg",
      "spotify:track:6k1I9gABiasGZiWWAosAEb",
      "spotify:track:2PY7SkaaxjjRtxiLMGgc2f"
    ],
    "message_mix_id": "37i9dQZF1EpKQCUHf9XxvD",
    "message_type": "BACKTRACKS"
  },
  {
    "timestamp_utc": "2024-10-25T01:18:40.666Z",
    "context_time": 1729819120666,
    "message_contents": [
      "spotify:track:3JvKfv6T31zO0ini8iNItO",
      "spotify:track:6J2LdBN97cDWn0MLxYh9HB",
      "spotify:track:7uWFUpGuEfmxYeymkV95jn",
      "spotify:track:3hRV0jL3vUpRrcy398teAU",
      "spotify:track:0DwClY2t9YAWHBROMIgrXb",
      "spotify:track:4sDbdBjuYQVdNNB4PiHUPo",
      "spotify:track:7jmHyHMEqm9MJWiMAneF05",
      "spotify:track:4x1dWc1GgAfC04GcTlllax",
      "spotify:track:5jgFfDIR6FR0gvlA56Nakr",
      "spotify:track:3Pbp7cUCx4d3OAkZSCoNvn",
      "spotify:track:19XpFsce28aByvCC4g89tJ",
      "spotify:track:0OgrwAadibZsIz2g1OS7Ig",
      "spotify:track:2DjWsDGgL1xNbhnr7f6t5F",
      "spotify:track:0BCPKOYdS2jbQ8iyB56Zns",
      "spotify:track:5hnyJvgoWiQUYZttV4wXy6",
      "spotify:track:7qBENtVsjHWpkCNKTTGyJN",
      "spotify:track:3cCPT7eJhpYXXlH2pbWhfP",
      "spotify:track:4FN4D7vWOV9uigDDw8nr0A",
      "spotify:track:0YMFcrMtBowDdD5bPz0cgy",
      "spotify:track:2Sf3tqzeuPldmDH1hDgzd2",
      "spotify:track:3Kkjo3cT83cw09VJyrLNwX",
      "spotify:track:6gxycjJNMgmAyfzUXBN80P",
      "spotify:track:2nMeu6UenVvwUktBCpLMK9",
      "spotify:track:5377z0OljWvRR7CdSQrJxP",
      "spotify:track:4YoGMmUJJ9dZpQ2CLOmPl2",
      "spotify:track:5RhstgfbndAn4HA7ldDUt0",
      "spotify:track:29xE91g0DONeUAgbAtjAMJ",
      "spotify:track:6nIABFnyWmAB2gdEja8mqX",
      "spotify:track:4RvW5ggYKC7bCDX4UUSSDc",
      "spotify:track:6si71supnBUhddjR2FJc2L"
    ],
    "message_mix_id": "37i9dQZF1Epn6P2DZqJT0l",
    "message_type": "ON_REPEAT"
  },
  {
    "timestamp_utc": "2024-09-19T11:08:24.675Z",
    "context_time": 1726744104675,
    "message_contents": [
      "spotify:track:6zupPNGun4zG87eto8RjUo",
      "spotify:track:4U45aEWtQhrm8A5mxPaFZ7",
      "spotify:track:6v0UJD4a2FtleHeSYVX02A",
      "spotify:track:75JFxkI2RXiU7L9VXzMkle",
      "spotify:track:4S1VYqwfkLit9mKVY3MXoo",
      "spotify:track:7jmHyHMEqm9MJWiMAneF05",
      "spotify:track:6O5TrlFWTYvznd9fMC0VvU",
      "spotify:track:6pIciAIov7TP5Zj4PTN9rc",
      "spotify:track:2qhASBzpbFhPRtrnZ5lLnz",
      "spotify:track:2LawezPeJhN4AWuSB0GtAU",
      "spotify:track:0DuWDLjriRPjDRoPgaCslY",
      "spotify:track:6CKoWCWAqEVWVjpeoJXyNH",
      "spotify:track:6ylAVPbjRQoNY0khgh63Jf",
      "spotify:track:6uHvbKL0Yi37AuvNRmUfMw",
      "spotify:track:4YoGMmUJJ9dZpQ2CLOmPl2",
      "spotify:track:6J2LdBN97cDWn0MLxYh9HB",
      "spotify:track:2F94KDtJjCdzZYCQWBliRC",
      "spotify:track:3BnDvpeuGOj21Ir2aVEtQo",
      "spotify:track:6VObnIkLVruX4UVyxWhlqm",
      "spotify:track:7wMq5n8mYSKlQIGECKUgTX",
      "spotify:track:1Jaah2tmN9Hv81A87KZ1MU",
      "spotify:track:4kLLWz7srcuLKA7Et40PQR",
      "spotify:track:1WN4uNclrDuczTO3bCr8s1",
      "spotify:track:0BCPKOYdS2jbQ8iyB56Zns",
      "spotify:track:6aX2LyT7zpTLe3iZfDeHki",
      "spotify:track:43zdsphuZLzwA9k4DJhU0I",
      "spotify:track:6q4c1vPRZREh7nw3wG7Ixz",
      "spotify:track:6me7F0aaZjwDo6RJ5MrfBD",
      "spotify:track:4RL77hMWUq35NYnPLXBpih",
      "spotify:track:2wlZIwHXloe802coeEhJ3T"
    ],
    "message_mix_id": "37i9dQZF1EpKQCUHf9XxvD",
    "message_type": "BACKTRACKS"
  },
  {
    "timestamp_utc": "2024-11-24T04:51:43.928Z",
    "context_time": 1732423903928,
    "message_contents": [
      "spotify:track:3bLo59hMbXji4GaXHheJav",
      "spotify:track:0K7RrcTOdaRY0pz8TSwxnh",
      "spotify:track:7qBENtVsjHWpkCNKTTGyJN",
      "spotify:track:4RvW5ggYKC7bCDX4UUSSDc",
      "spotify:track:076HUj0TPUnBidZdy9PEyx",
      "spotify:track:4x1dWc1GgAfC04GcTlllax",
      "spotify:track:061rTXN3Rdlvk0x3GDGtQy",
      "spotify:track:0DwClY2t9YAWHBROMIgrXb",
      "spotify:track:273QnyCvJB65rScHJ1nPZb",
      "spotify:track:29xE91g0DONeUAgbAtjAMJ",
      "spotify:track:3WD91HQDBIavSapet3ZpjG",
      "spotify:track:5RhstgfbndAn4HA7ldDUt0",
      "spotify:track:2DRMuw0U0QbkVQxWxdJV3M",
      "spotify:track:5hnyJvgoWiQUYZttV4wXy6",
      "spotify:track:6IV5sJbmLJ9KbEQatq6d4G",
      "spotify:track:5jgFfDIR6FR0gvlA56Nakr",
      "spotify:track:1CRtJS94Hq3PbBZT9LuF90",
      "spotify:track:2TkmosdPkJXcjhvMzscrYP",
      "spotify:track:0BCPKOYdS2jbQ8iyB56Zns",
      "spotify:track:4x5YzxjrF9wvIIXJV7TveC",
      "spotify:track:6u1N1uweyyPWwY1LPoBBLA",
      "spotify:track:69REWNma0z2gl3IzFUHvTQ",
      "spotify:track:5GbVzc6Ex5LYlLJqzRQhuy",
      "spotify:track:1SKPmfSYaPsETbRHaiA18G",
      "spotify:track:1zKwulPt1jOqEhRbiXfTxa",
      "spotify:track:44A0o4jA8F2ZF03Zacwlwx",
      "spotify:track:5y788ya4NvwhBznoDIcXwK",
      "spotify:track:2Sf3tqzeuPldmDH1hDgzd2",
      "spotify:track:6iY2rKAVgTTaMJBbSndsiU",
      "spotify:track:4cwCGscTjO9FwgtRU9QIAe"
    ],
    "message_mix_id": "37i9dQZF1EpKQCUHf9XxvD",
    "message_type": "BACKTRACKS"
  },
  {
    "timestamp_utc": "2024-11-12T07:37:03.745Z",
    "context_time": 1731397023745,
    "message_contents": [
      "spotify:track:3bLo59hMbXji4GaXHheJav",
      "spotify:track:0K7RrcTOdaRY0pz8TSwxnh",
      "spotify:track:2nMeu6UenVvwUktBCpLMK9",
      "spotify:track:19XpFsce28aByvCC4g89tJ",
      "spotify:track:076HUj0TPUnBidZdy9PEyx",
      "spotify:track:2DRMuw0U0QbkVQxWxdJV3M",
      "spotify:track:4FN4D7vWOV9uigDDw8nr0A",
      "spotify:track:6IV5sJbmLJ9KbEQatq6d4G",
      "spotify:track:0RsXkqnuQCrSOQCur6V1UJ",
      "spotify:track:1CRtJS94Hq3PbBZT9LuF90",
      "spotify:track:44A0o4jA8F2ZF03Zacwlwx",
      "spotify:track:3WD91HQDBIavSapet3ZpjG",
      "spotify:track:29xE91g0DONeUAgbAtjAMJ",
      "spotify:track:4RvW5ggYKC7bCDX4UUSSDc",
      "spotify:track:1SKPmfSYaPsETbRHaiA18G",
      "spotify:track:5RhstgfbndAn4HA7ldDUt0",
      "spotify:track:2TkmosdPkJXcjhvMzscrYP",
      "spotify:track:563SfWAHJs4FBZMkRN0IFN",
      "spotify:track:4x5YzxjrF9wvIIXJV7TveC",
      "spotify:track:0VEckWCkjfEPFEhsly59hK",
      "spotify:track:6iY2rKAVgTTaMJBbSndsiU",
      "spotify:track:4cwCGscTjO9FwgtRU9QIAe",
      "spotify:track:2qBmtZnPSQouvADmqaHKxk",
      "spotify:track:4ph3TGED6e9ycyTq4LYBn4",
      "spotify:track:6k1I9gABiasGZiWWAosAEb",
      "spotify:track:2PY7SkaaxjjRtxiLMGgc2f",
      "spotify:track:69REWNma0z2gl3IzFUHvTQ",
      "spotify:track:2gVHZ9GmBjUX76jaI2syD7",
      "spotify:track:3QorTmBB8lYdSO9bGglOrb",
      "spotify:track:6gxycjJNMgmAyfzUXBN80P"
    ],
    "message_mix_id": "37i9dQZF1EpKQCUHf9XxvD",
    "message_type": "BACKTRACKS"
  },
  {
    "timestamp_utc": "2024-09-12T01:14:34.803Z",
    "context_time": 1726103674803,
    "message_contents": [
      "spotify:track:6zupPNGun4zG87eto8RjUo",
      "spotify:track:4U45aEWtQhrm8A5mxPaFZ7",
      "spotify:track:6v0UJD4a2FtleHeSYVX02A",
      "spotify:track:7jmHyHMEqm9MJWiMAneF05",
      "spotify:track:75JFxkI2RXiU7L9VXzMkle",
      "spotify:track:4S1VYqwfkLit9mKVY3MXoo",
      "spotify:track:6O5TrlFWTYvznd9fMC0VvU",
      "spotify:track:6pIciAIov7TP5Zj4PTN9rc",
      "spotify:track:2qhASBzpbFhPRtrnZ5lLnz",
      "spotify:track:3BnDvpeuGOj21Ir2aVEtQo",
      "spotify:track:4Dvkj6JhhA12EX05fT7y2e",
      "spotify:track:2LawezPeJhN4AWuSB0GtAU",
      "spotify:track:6CKoWCWAqEVWVjpeoJXyNH",
      "spotify:track:6J2LdBN97cDWn0MLxYh9HB",
      "spotify:track:2IAzLFdULtSCi4lLCLG8xh",
      "spotify:track:0DwClY2t9YAWHBROMIgrXb",
      "spotify:track:1WN4uNclrDuczTO3bCr8s1",
      "spotify:track:6aX2LyT7zpTLe3iZfDeHki",
      "spotify:track:6VObnIkLVruX4UVyxWhlqm",
      "spotify:track:2F94KDtJjCdzZYCQWBliRC",
      "spotify:track:7wMq5n8mYSKlQIGECKUgTX",
      "spotify:track:1Jaah2tmN9Hv81A87KZ1MU",
      "spotify:track:0BCPKOYdS2jbQ8iyB56Zns",
      "spotify:track:6ylAVPbjRQoNY0khgh63Jf",
      "spotify:track:6q4c1vPRZREh7nw3wG7Ixz",
      "spotify:track:6uHvbKL0Yi37AuvNRmUfMw",
      "spotify:track:4RL77hMWUq35NYnPLXBpih",
      "spotify:track:2wlZIwHXloe802coeEhJ3T",
      "spotify:track:2J2Z1SkXYghSajLibnQHOa",
      "spotify:track:0u2P5u6lvoDfwTYjAADbn4"
    ],
    "message_mix_id": "37i9dQZF1EpKQCUHf9XxvD",
    "message_type": "BACKTRACKS"
  },
  {
    "timestamp_utc": "2024-09-28T04:04:51.363Z",
    "context_time": 1727496291363,
    "message_contents": [
      "spotify:track:3RTIYfHCoHIukOD5qMgGwY",
      "spotify:track:2gMXnyrvIjhVBUZwvLZDMP",
      "spotify:track:4U45aEWtQhrm8A5mxPaFZ7",
      "spotify:track:3nqqDo8CcCLke3ZoTgiOKf",
      "spotify:track:6zupPNGun4zG87eto8RjUo",
      "spotify:track:6O5TrlFWTYvznd9fMC0VvU",
      "spotify:track:1HMQmOWrkieKYWlFsjUP3D",
      "spotify:track:75JFxkI2RXiU7L9VXzMkle",
      "spotify:track:4RL77hMWUq35NYnPLXBpih",
      "spotify:track:3cCPT7eJhpYXXlH2pbWhfP",
      "spotify:track:6uHvbKL0Yi37AuvNRmUfMw",
      "spotify:track:0VEckWCkjfEPFEhsly59hK",
      "spotify:track:0u2P5u6lvoDfwTYjAADbn4",
      "spotify:track:2DRMuw0U0QbkVQxWxdJV3M",
      "spotify:track:6q4c1vPRZREh7nw3wG7Ixz",
      "spotify:track:6ylAVPbjRQoNY0khgh63Jf",
      "spotify:track:2IAzLFdULtSCi4lLCLG8xh",
      "spotify:track:4S1VYqwfkLit9mKVY3MXoo",
      "spotify:track:6pIciAIov7TP5Zj4PTN9rc",
      "spotify:track:6w8ZPYdnGajyfPddTWdthN",
      "spotify:track:1tt89QYK4SuPjBrgnfewLk",
      "spotify:track:2wlZIwHXloe802coeEhJ3T",
      "spotify:track:2J2Z1SkXYghSajLibnQHOa",
      "spotify:track:0DuWDLjriRPjDRoPgaCslY",
      "spotify:track:6HSXNV0b4M4cLJ7ljgVVeh",
      "spotify:track:6FS0BYsjoCqgwg8azaRGlx",
      "spotify:track:2F94KDtJjCdzZYCQWBliRC",
      "spotify:track:0y1mX0LxNwSMRPXWutJOJu",
      "spotify:track:7jmHyHMEqm9MJWiMAneF05",
      "spotify:track:6GGtHZgBycCgGBUhZo81xe"
    ],
    "message_mix_id": "37i9dQZF1EpKQCUHf9XxvD",
    "message_type": "BACKTRACKS"
  },
  {
    "timestamp_utc": "2024-10-19T01:31:20.287Z",
    "context_time": 1729301480287,
    "message_contents": [
      "spotify:track:0K7RrcTOdaRY0pz8TSwxnh",
      "spotify:track:3RTIYfHCoHIukOD5qMgGwY",
      "spotify:track:2nMeu6UenVvwUktBCpLMK9",
      "spotify:track:6v0UJD4a2FtleHeSYVX02A",
      "spotify:track:6si71supnBUhddjR2FJc2L",
      "spotify:track:43zdsphuZLzwA9k4DJhU0I",
      "spotify:track:2ixsaeFioXJmMgkkbd4uj1",
      "spotify:track:1CRtJS94Hq3PbBZT9LuF90",
      "spotify:track:3nqqDo8CcCLke3ZoTgiOKf",
      "spotify:track:2gMXnyrvIjhVBUZwvLZDMP",
      "spotify:track:1HMQmOWrkieKYWlFsjUP3D",
      "spotify:track:2DRMuw0U0QbkVQxWxdJV3M",
      "spotify:track:0u2P5u6lvoDfwTYjAADbn4",
      "spotify:track:456WNXWhDwYOSf5SpTuqxd",
      "spotify:track:5GbVzc6Ex5LYlLJqzRQhuy",
      "spotify:track:6O5TrlFWTYvznd9fMC0VvU",
      "spotify:track:6dOtVTDdiauQNBQEDOtlAB",
      "spotify:track:1D4XFKolp63mNqqMXJJL1V",
      "spotify:track:6me7F0aaZjwDo6RJ5MrfBD",
      "spotify:track:2qBmtZnPSQouvADmqaHKxk",
      "spotify:track:076HUj0TPUnBidZdy9PEyx",
      "spotify:track:4RL77hMWUq35NYnPLXBpih",
      "spotify:track:6uHvbKL0Yi37AuvNRmUfMw",
      "spotify:track:0DuWDLjriRPjDRoPgaCslY",
      "spotify:track:2epbL7s3RFV81K5UhTgZje",
      "spotify:track:6q4c1vPRZREh7nw3wG7Ixz",
      "spotify:track:3WD91HQDBIavSapet3ZpjG",
      "spotify:track:2MpkOip9Tt8YjZM3nVl361",
      "spotify:track:6ylAVPbjRQoNY0khgh63Jf",
      "spotify:track:6IV5sJbmLJ9KbEQatq6d4G"
    ],
    "message_mix_id": "37i9dQZF1EpKQCUHf9XxvD",
    "message_type": "BACKTRACKS"
  },
  {
    "timestamp_utc": "2024-09-22T00:33:58.765Z",
    "context_time": 1726965238765,
    "message_contents": [
      "spotify:track:3hRV0jL3vUpRrcy398teAU",
      "spotify:track:5Z0UnEtpLDQyYlWwgi8m9C",
      "spotify:track:3JvKfv6T31zO0ini8iNItO",
      "spotify:track:5hnyJvgoWiQUYZttV4wXy6",
      "spotify:track:2nMeu6UenVvwUktBCpLMK9",
      "spotify:track:273QnyCvJB65rScHJ1nPZb",
      "spotify:track:0DwClY2t9YAWHBROMIgrXb",
      "spotify:track:0K7RrcTOdaRY0pz8TSwxnh",
      "spotify:track:6si71supnBUhddjR2FJc2L",
      "spotify:track:6J2LdBN97cDWn0MLxYh9HB",
      "spotify:track:43zdsphuZLzwA9k4DJhU0I",
      "spotify:track:2ixsaeFioXJmMgkkbd4uj1",
      "spotify:track:6gxycjJNMgmAyfzUXBN80P",
      "spotify:track:2epbL7s3RFV81K5UhTgZje",
      "spotify:track:6dOtVTDdiauQNBQEDOtlAB",
      "spotify:track:3qhlB30KknSejmIvZZLjOD",
      "spotify:track:3WD91HQDBIavSapet3ZpjG",
      "spotify:track:5GbVzc6Ex5LYlLJqzRQhuy",
      "spotify:track:456WNXWhDwYOSf5SpTuqxd",
      "spotify:track:3nqqDo8CcCLke3ZoTgiOKf",
      "spotify:track:6O5TrlFWTYvznd9fMC0VvU",
      "spotify:track:2FTZeRHQ4gRPViPMpWL9uX",
      "spotify:track:2gMXnyrvIjhVBUZwvLZDMP",
      "spotify:track:3ZCTVFBt2Brf31RLEnCkWJ",
      "spotify:track:3cCPT7eJhpYXXlH2pbWhfP",
      "spotify:track:2uNLzUR3aLzji6kQQey61D",
      "spotify:track:2tpWsVSb9UEmDRxAl1zhX1",
      "spotify:track:4x5YzxjrF9wvIIXJV7TveC",
      "spotify:track:4mzunnw2g86oya5Img6NqJ",
      "spotify:track:4FN4D7vWOV9uigDDw8nr0A"
    ],
    "message_mix_id": "37i9dQZF1Epn6P2DZqJT0l",
    "message_type": "ON_REPEAT"
  },
  {
    "timestamp_utc": "2024-09-28T04:04:51.363Z",
    "context_time": 1727496291363,
    "message_contents": [
      "spotify:track:3hRV0jL3vUpRrcy398teAU",
      "spotify:track:5Z0UnEtpLDQyYlWwgi8m9C",
      "spotify:track:3JvKfv6T31zO0ini8iNItO",
      "spotify:track:2nMeu6UenVvwUktBCpLMK9",
      "spotify:track:5hnyJvgoWiQUYZttV4wXy6",
      "spotify:track:273QnyCvJB65rScHJ1nPZb",
      "spotify:track:0DwClY2t9YAWHBROMIgrXb",
      "spotify:track:6dOtVTDdiauQNBQEDOtlAB",
      "spotify:track:44A0o4jA8F2ZF03Zacwlwx",
      "spotify:track:5GbVzc6Ex5LYlLJqzRQhuy",
      "spotify:track:456WNXWhDwYOSf5SpTuqxd",
      "spotify:track:6si71supnBUhddjR2FJc2L",
      "spotify:track:4YoGMmUJJ9dZpQ2CLOmPl2",
      "spotify:track:6J2LdBN97cDWn0MLxYh9HB",
      "spotify:track:4RvW5ggYKC7bCDX4UUSSDc",
      "spotify:track:4x5YzxjrF9wvIIXJV7TveC",
      "spotify:track:2epbL7s3RFV81K5UhTgZje",
      "spotify:track:6me7F0aaZjwDo6RJ5MrfBD",
      "spotify:track:1D4XFKolp63mNqqMXJJL1V",
      "spotify:track:2DjWsDGgL1xNbhnr7f6t5F",
      "spotify:track:0K7RrcTOdaRY0pz8TSwxnh",
      "spotify:track:4sDbdBjuYQVdNNB4PiHUPo",
      "spotify:track:52APn0QJbjtcHRK0fiXpL6",
      "spotify:track:6v0UJD4a2FtleHeSYVX02A",
      "spotify:track:2ixsaeFioXJmMgkkbd4uj1",
      "spotify:track:3WD91HQDBIavSapet3ZpjG",
      "spotify:track:1SKPmfSYaPsETbRHaiA18G",
      "spotify:track:1CRtJS94Hq3PbBZT9LuF90",
      "spotify:track:43zdsphuZLzwA9k4DJhU0I",
      "spotify:track:4kLLWz7srcuLKA7Et40PQR"
    ],
    "message_mix_id": "37i9dQZF1Epn6P2DZqJT0l",
    "message_type": "ON_REPEAT"
  },
  {
    "timestamp_utc": "2024-09-12T01:14:34.803Z",
    "context_time": 1726103674803,
    "message_contents": [
      "spotify:track:5Z0UnEtpLDQyYlWwgi8m9C",
      "spotify:track:3hRV0jL3vUpRrcy398teAU",
      "spotify:track:273QnyCvJB65rScHJ1nPZb",
      "spotify:track:2nMeu6UenVvwUktBCpLMK9",
      "spotify:track:2ixsaeFioXJmMgkkbd4uj1",
      "spotify:track:3qhlB30KknSejmIvZZLjOD",
      "spotify:track:6si71supnBUhddjR2FJc2L",
      "spotify:track:3JvKfv6T31zO0ini8iNItO",
      "spotify:track:3M7Ab3IGSb7vNoLWqDbXVF",
      "spotify:track:2uXlHCUbq9OMUwx3hrk06o",
      "spotify:track:3nqqDo8CcCLke3ZoTgiOKf",
      "spotify:track:456WNXWhDwYOSf5SpTuqxd",
      "spotify:track:3cCPT7eJhpYXXlH2pbWhfP",
      "spotify:track:2epbL7s3RFV81K5UhTgZje",
      "spotify:track:5hnyJvgoWiQUYZttV4wXy6",
      "spotify:track:5GbVzc6Ex5LYlLJqzRQhuy",
      "spotify:track:0DuWDLjriRPjDRoPgaCslY",
      "spotify:track:1SKPmfSYaPsETbRHaiA18G",
      "spotify:track:1HMQmOWrkieKYWlFsjUP3D",
      "spotify:track:6me7F0aaZjwDo6RJ5MrfBD",
      "spotify:track:4x5YzxjrF9wvIIXJV7TveC",
      "spotify:track:6dOtVTDdiauQNBQEDOtlAB",
      "spotify:track:0K7RrcTOdaRY0pz8TSwxnh",
      "spotify:track:2gMXnyrvIjhVBUZwvLZDMP",
      "spotify:track:2DRMuw0U0QbkVQxWxdJV3M",
      "spotify:track:3nqQXoyQOWXiESFLlDF1hG",
      "spotify:track:43zdsphuZLzwA9k4DJhU0I",
      "spotify:track:4kLLWz7srcuLKA7Et40PQR",
      "spotify:track:1CRtJS94Hq3PbBZT9LuF90",
      "spotify:track:4sDbdBjuYQVdNNB4PiHUPo"
    ],
    "message_mix_id": "37i9dQZF1Epn6P2DZqJT0l",
    "message_type": "ON_REPEAT"
  },
  {
    "timestamp_utc": "2024-11-21T05:31:04.176Z",
    "context_time": 1732167064176,
    "message_contents": [
      "spotify:track:3bLo59hMbXji4GaXHheJav",
      "spotify:track:0K7RrcTOdaRY0pz8TSwxnh",
      "spotify:track:7qBENtVsjHWpkCNKTTGyJN",
      "spotify:track:4RvW5ggYKC7bCDX4UUSSDc",
      "spotify:track:076HUj0TPUnBidZdy9PEyx",
      "spotify:track:273QnyCvJB65rScHJ1nPZb",
      "spotify:track:29xE91g0DONeUAgbAtjAMJ",
      "spotify:track:3WD91HQDBIavSapet3ZpjG",
      "spotify:track:0RsXkqnuQCrSOQCur6V1UJ",
      "spotify:track:1CRtJS94Hq3PbBZT9LuF90",
      "spotify:track:5RhstgfbndAn4HA7ldDUt0",
      "spotify:track:4x1dWc1GgAfC04GcTlllax",
      "spotify:track:5hnyJvgoWiQUYZttV4wXy6",
      "spotify:track:6IV5sJbmLJ9KbEQatq6d4G",
      "spotify:track:061rTXN3Rdlvk0x3GDGtQy",
      "spotify:track:2TkmosdPkJXcjhvMzscrYP",
      "spotify:track:2DRMuw0U0QbkVQxWxdJV3M",
      "spotify:track:4x5YzxjrF9wvIIXJV7TveC",
      "spotify:track:6u1N1uweyyPWwY1LPoBBLA",
      "spotify:track:69REWNma0z2gl3IzFUHvTQ",
      "spotify:track:1SKPmfSYaPsETbRHaiA18G",
      "spotify:track:44A0o4jA8F2ZF03Zacwlwx",
      "spotify:track:5y788ya4NvwhBznoDIcXwK",
      "spotify:track:6iY2rKAVgTTaMJBbSndsiU",
      "spotify:track:4cwCGscTjO9FwgtRU9QIAe",
      "spotify:track:1B62o4CbdL9ckGvwsz2cgn",
      "spotify:track:4H065d2WS05Pig3f5u0ARg",
      "spotify:track:0Z57YWES04xGh3AImDz6Qr",
      "spotify:track:6k1I9gABiasGZiWWAosAEb",
      "spotify:track:4bZhJVVBfEXLsfbyF2ykFS"
    ],
    "message_mix_id": "37i9dQZF1EpKQCUHf9XxvD",
    "message_type": "BACKTRACKS"
  },
  {
    "timestamp_utc": "2024-11-03T00:31:54.494Z",
    "context_time": 1730593914494,
    "message_contents": [
      "spotify:track:6J2LdBN97cDWn0MLxYh9HB",
      "spotify:track:3JvKfv6T31zO0ini8iNItO",
      "spotify:track:3cCPT7eJhpYXXlH2pbWhfP",
      "spotify:track:061rTXN3Rdlvk0x3GDGtQy",
      "spotify:track:4sDbdBjuYQVdNNB4PiHUPo",
      "spotify:track:3hRV0jL3vUpRrcy398teAU",
      "spotify:track:3Kkjo3cT83cw09VJyrLNwX",
      "spotify:track:3qhlB30KknSejmIvZZLjOD",
      "spotify:track:4FN4D7vWOV9uigDDw8nr0A",
      "spotify:track:1D4XFKolp63mNqqMXJJL1V",
      "spotify:track:7uWFUpGuEfmxYeymkV95jn",
      "spotify:track:4YoGMmUJJ9dZpQ2CLOmPl2",
      "spotify:track:3Pbp7cUCx4d3OAkZSCoNvn",
      "spotify:track:1lb3H41lbvAN28N7yqRNL9",
      "spotify:track:3AJwUDP919kvQ9QcozQPxg",
      "spotify:track:6VObnIkLVruX4UVyxWhlqm",
      "spotify:track:4x1dWc1GgAfC04GcTlllax",
      "spotify:track:7qBENtVsjHWpkCNKTTGyJN",
      "spotify:track:2nMeu6UenVvwUktBCpLMK9",
      "spotify:track:273QnyCvJB65rScHJ1nPZb",
      "spotify:track:5jgFfDIR6FR0gvlA56Nakr",
      "spotify:track:19XpFsce28aByvCC4g89tJ",
      "spotify:track:4RvW5ggYKC7bCDX4UUSSDc",
      "spotify:track:2DRMuw0U0QbkVQxWxdJV3M",
      "spotify:track:1AofrI6TYzXGIrvKk3tjWe",
      "spotify:track:6nIABFnyWmAB2gdEja8mqX",
      "spotify:track:0DwClY2t9YAWHBROMIgrXb",
      "spotify:track:3di5hcvxxciiqwMH1jarhY",
      "spotify:track:0BCPKOYdS2jbQ8iyB56Zns",
      "spotify:track:2PY7SkaaxjjRtxiLMGgc2f"
    ],
    "message_mix_id": "37i9dQZF1Epn6P2DZqJT0l",
    "message_type": "ON_REPEAT"
  },
  {
    "timestamp_utc": "2024-10-10T05:30:11.801Z",
    "context_time": 1728538211801,
    "message_contents": [
      "spotify:track:19XpFsce28aByvCC4g89tJ",
      "spotify:track:3JvKfv6T31zO0ini8iNItO",
      "spotify:track:4x1dWc1GgAfC04GcTlllax",
      "spotify:track:3hRV0jL3vUpRrcy398teAU",
      "spotify:track:44A0o4jA8F2ZF03Zacwlwx",
      "spotify:track:3Kkjo3cT83cw09VJyrLNwX",
      "spotify:track:7qBENtVsjHWpkCNKTTGyJN",
      "spotify:track:0DwClY2t9YAWHBROMIgrXb",
      "spotify:track:1SKPmfSYaPsETbRHaiA18G",
      "spotify:track:3cCPT7eJhpYXXlH2pbWhfP",
      "spotify:track:5RhstgfbndAn4HA7ldDUt0",
      "spotify:track:6J2LdBN97cDWn0MLxYh9HB",
      "spotify:track:3qhlB30KknSejmIvZZLjOD",
      "spotify:track:273QnyCvJB65rScHJ1nPZb",
      "spotify:track:4sDbdBjuYQVdNNB4PiHUPo",
      "spotify:track:5hnyJvgoWiQUYZttV4wXy6",
      "spotify:track:3QorTmBB8lYdSO9bGglOrb",
      "spotify:track:4YoGMmUJJ9dZpQ2CLOmPl2",
      "spotify:track:4FN4D7vWOV9uigDDw8nr0A",
      "spotify:track:29xE91g0DONeUAgbAtjAMJ",
      "spotify:track:2nMeu6UenVvwUktBCpLMK9",
      "spotify:track:6si71supnBUhddjR2FJc2L",
      "spotify:track:4RvW5ggYKC7bCDX4UUSSDc",
      "spotify:track:061rTXN3Rdlvk0x3GDGtQy",
      "spotify:track:3RTIYfHCoHIukOD5qMgGwY",
      "spotify:track:2TkmosdPkJXcjhvMzscrYP",
      "spotify:track:2ixsaeFioXJmMgkkbd4uj1",
      "spotify:track:5377z0OljWvRR7CdSQrJxP",
      "spotify:track:076HUj0TPUnBidZdy9PEyx",
      "spotify:track:6iY2rKAVgTTaMJBbSndsiU"
    ],
    "message_mix_id": "37i9dQZF1Epn6P2DZqJT0l",
    "message_type": "ON_REPEAT"
  },
  {
    "timestamp_utc": "2024-11-21T05:31:04.176Z",
    "context_time": 1732167064176,
    "message_contents": [
      "spotify:track:6J2LdBN97cDWn0MLxYh9HB",
      "spotify:track:3JvKfv6T31zO0ini8iNItO",
      "spotify:track:6dOtVTDdiauQNBQEDOtlAB",
      "spotify:track:7uWFUpGuEfmxYeymkV95jn",
      "spotify:track:6VObnIkLVruX4UVyxWhlqm",
      "spotify:track:4Dvkj6JhhA12EX05fT7y2e",
      "spotify:track:3qhlB30KknSejmIvZZLjOD",
      "spotify:track:7DSAEUvxU8FajXtRloy8M0",
      "spotify:track:3Kkjo3cT83cw09VJyrLNwX",
      "spotify:track:0rtDE9zfXbamTlRUSwY7zy",
      "spotify:track:14AyWf6y7KlWWLfAjdKMKI",
      "spotify:track:77MdvMx9L4ZQuLhhn3o21h",
      "spotify:track:19XpFsce28aByvCC4g89tJ",
      "spotify:track:3hRV0jL3vUpRrcy398teAU",
      "spotify:track:3cCPT7eJhpYXXlH2pbWhfP",
      "spotify:track:3Pbp7cUCx4d3OAkZSCoNvn",
      "spotify:track:1J14CdDAvBTE1AJYUOwl6C",
      "spotify:track:4sDbdBjuYQVdNNB4PiHUPo",
      "spotify:track:3dYD57lRAUcMHufyqn9GcI",
      "spotify:track:4FN4D7vWOV9uigDDw8nr0A",
      "spotify:track:6si71supnBUhddjR2FJc2L",
      "spotify:track:2nMeu6UenVvwUktBCpLMK9",
      "spotify:track:2epbL7s3RFV81K5UhTgZje",
      "spotify:track:2M9ro2krNb7nr7HSprkEgo",
      "spotify:track:5PbdVk09VHHcvGa0pX86RP",
      "spotify:track:1D4XFKolp63mNqqMXJJL1V",
      "spotify:track:607sF1ISzfKaWa29eF3I14",
      "spotify:track:0Z5ok0QLLttAKsujOZYOXf",
      "spotify:track:0DwClY2t9YAWHBROMIgrXb",
      "spotify:track:2plbrEY59IikOBgBGLjaoe"
    ],
    "message_mix_id": "37i9dQZF1Epn6P2DZqJT0l",
    "message_type": "ON_REPEAT"
  },
  {
    "timestamp_utc": "2024-11-15T01:06:40.799Z",
    "context_time": 1731632800799,
    "message_contents": [
      "spotify:track:0K7RrcTOdaRY0pz8TSwxnh",
      "spotify:track:3bLo59hMbXji4GaXHheJav",
      "spotify:track:7qBENtVsjHWpkCNKTTGyJN",
      "spotify:track:4RvW5ggYKC7bCDX4UUSSDc",
      "spotify:track:273QnyCvJB65rScHJ1nPZb",
      "spotify:track:076HUj0TPUnBidZdy9PEyx",
      "spotify:track:0RsXkqnuQCrSOQCur6V1UJ",
      "spotify:track:44A0o4jA8F2ZF03Zacwlwx",
      "spotify:track:1CRtJS94Hq3PbBZT9LuF90",
      "spotify:track:6IV5sJbmLJ9KbEQatq6d4G",
      "spotify:track:3WD91HQDBIavSapet3ZpjG",
      "spotify:track:4x1dWc1GgAfC04GcTlllax",
      "spotify:track:2DRMuw0U0QbkVQxWxdJV3M",
      "spotify:track:4FN4D7vWOV9uigDDw8nr0A",
      "spotify:track:29xE91g0DONeUAgbAtjAMJ",
      "spotify:track:1SKPmfSYaPsETbRHaiA18G",
      "spotify:track:563SfWAHJs4FBZMkRN0IFN",
      "spotify:track:4x5YzxjrF9wvIIXJV7TveC",
      "spotify:track:2TkmosdPkJXcjhvMzscrYP",
      "spotify:track:5RhstgfbndAn4HA7ldDUt0",
      "spotify:track:4cwCGscTjO9FwgtRU9QIAe",
      "spotify:track:1B62o4CbdL9ckGvwsz2cgn",
      "spotify:track:6iY2rKAVgTTaMJBbSndsiU",
      "spotify:track:1D4XFKolp63mNqqMXJJL1V",
      "spotify:track:0Z57YWES04xGh3AImDz6Qr",
      "spotify:track:6k1I9gABiasGZiWWAosAEb",
      "spotify:track:7cjCNwAwKNjgxfjt1TzK4e",
      "spotify:track:2PY7SkaaxjjRtxiLMGgc2f",
      "spotify:track:69REWNma0z2gl3IzFUHvTQ",
      "spotify:track:3QorTmBB8lYdSO9bGglOrb"
    ],
    "message_mix_id": "37i9dQZF1EpKQCUHf9XxvD",
    "message_type": "BACKTRACKS"
  },
  {
    "timestamp_utc": "2024-10-07T03:41:13.975Z",
    "context_time": 1728272473975,
    "message_contents": [
      "spotify:track:0K7RrcTOdaRY0pz8TSwxnh",
      "spotify:track:3RTIYfHCoHIukOD5qMgGwY",
      "spotify:track:2gMXnyrvIjhVBUZwvLZDMP",
      "spotify:track:3nqqDo8CcCLke3ZoTgiOKf",
      "spotify:track:6O5TrlFWTYvznd9fMC0VvU",
      "spotify:track:43zdsphuZLzwA9k4DJhU0I",
      "spotify:track:4RL77hMWUq35NYnPLXBpih",
      "spotify:track:1HMQmOWrkieKYWlFsjUP3D",
      "spotify:track:6v0UJD4a2FtleHeSYVX02A",
      "spotify:track:456WNXWhDwYOSf5SpTuqxd",
      "spotify:track:4U45aEWtQhrm8A5mxPaFZ7",
      "spotify:track:1D4XFKolp63mNqqMXJJL1V",
      "spotify:track:2DRMuw0U0QbkVQxWxdJV3M",
      "spotify:track:0u2P5u6lvoDfwTYjAADbn4",
      "spotify:track:6me7F0aaZjwDo6RJ5MrfBD",
      "spotify:track:6uHvbKL0Yi37AuvNRmUfMw",
      "spotify:track:3bHhUEOTIbezeZ856R0BX5",
      "spotify:track:0VEckWCkjfEPFEhsly59hK",
      "spotify:track:6q4c1vPRZREh7nw3wG7Ixz",
      "spotify:track:6ylAVPbjRQoNY0khgh63Jf",
      "spotify:track:0y1mX0LxNwSMRPXWutJOJu",
      "spotify:track:6dOtVTDdiauQNBQEDOtlAB",
      "spotify:track:6zupPNGun4zG87eto8RjUo",
      "spotify:track:2IAzLFdULtSCi4lLCLG8xh",
      "spotify:track:4S1VYqwfkLit9mKVY3MXoo",
      "spotify:track:75JFxkI2RXiU7L9VXzMkle",
      "spotify:track:2qBmtZnPSQouvADmqaHKxk",
      "spotify:track:5uu2OCGGrTRS1sIvlMgKwe",
      "spotify:track:3irs6j77Kxo1BMaTdkaTbd",
      "spotify:track:6gxycjJNMgmAyfzUXBN80P"
    ],
    "message_mix_id": "37i9dQZF1EpKQCUHf9XxvD",
    "message_type": "BACKTRACKS"
  },
  {
    "timestamp_utc": "2024-12-03T04:26:04.821Z",
    "context_time": 1733199964821,
    "message_contents": [
      "spotify:track:19XpFsce28aByvCC4g89tJ",
      "spotify:track:6J2LdBN97cDWn0MLxYh9HB",
      "spotify:track:6dOtVTDdiauQNBQEDOtlAB",
      "spotify:track:6VObnIkLVruX4UVyxWhlqm",
      "spotify:track:3JvKfv6T31zO0ini8iNItO",
      "spotify:track:3Pbp7cUCx4d3OAkZSCoNvn",
      "spotify:track:7jmHyHMEqm9MJWiMAneF05",
      "spotify:track:2DRMuw0U0QbkVQxWxdJV3M",
      "spotify:track:6GGtHZgBycCgGBUhZo81xe",
      "spotify:track:7DSAEUvxU8FajXtRloy8M0",
      "spotify:track:3hRV0jL3vUpRrcy398teAU",
      "spotify:track:0gplL1WMoJ6iYaPgMCL0gX",
      "spotify:track:7kuOhBGsXjpwvLRQCDAPAJ",
      "spotify:track:7uWFUpGuEfmxYeymkV95jn",
      "spotify:track:0u1zBGqurNyLGWwvsxKPyc",
      "spotify:track:2epbL7s3RFV81K5UhTgZje",
      "spotify:track:0rtDE9zfXbamTlRUSwY7zy",
      "spotify:track:14AyWf6y7KlWWLfAjdKMKI",
      "spotify:track:3qhlB30KknSejmIvZZLjOD",
      "spotify:track:2pulvQDTgqjX4djPs6UygN",
      "spotify:track:0RsXkqnuQCrSOQCur6V1UJ",
      "spotify:track:6RRNNciQGZEXnqk8SQ9yv5",
      "spotify:track:205HNJ73cgpC0LAOnuQiWT",
      "spotify:track:3AJwUDP919kvQ9QcozQPxg",
      "spotify:track:5qaEfEh1AtSdrdrByCP7qR",
      "spotify:track:0DwClY2t9YAWHBROMIgrXb",
      "spotify:track:1dNIEtp7AY3oDAKCGg2XkH",
      "spotify:track:6zeE5tKyr8Nu882DQhhSQI",
      "spotify:track:2M9ro2krNb7nr7HSprkEgo",
      "spotify:track:3FAclTFfvUuQYnEsptbK8w"
    ],
    "message_mix_id": "37i9dQZF1Epn6P2DZqJT0l",
    "message_type": "ON_REPEAT"
  },
  {
    "timestamp_utc": "2024-10-16T02:13:21.583Z",
    "context_time": 1729044801583,
    "message_contents": [
      "spotify:track:4sDbdBjuYQVdNNB4PiHUPo",
      "spotify:track:3hRV0jL3vUpRrcy398teAU",
      "spotify:track:3JvKfv6T31zO0ini8iNItO",
      "spotify:track:6J2LdBN97cDWn0MLxYh9HB",
      "spotify:track:4FN4D7vWOV9uigDDw8nr0A",
      "spotify:track:5hnyJvgoWiQUYZttV4wXy6",
      "spotify:track:4x1dWc1GgAfC04GcTlllax",
      "spotify:track:0DwClY2t9YAWHBROMIgrXb",
      "spotify:track:19XpFsce28aByvCC4g89tJ",
      "spotify:track:3Pbp7cUCx4d3OAkZSCoNvn",
      "spotify:track:3Kkjo3cT83cw09VJyrLNwX",
      "spotify:track:4RvW5ggYKC7bCDX4UUSSDc",
      "spotify:track:061rTXN3Rdlvk0x3GDGtQy",
      "spotify:track:1B62o4CbdL9ckGvwsz2cgn",
      "spotify:track:3cCPT7eJhpYXXlH2pbWhfP",
      "spotify:track:44A0o4jA8F2ZF03Zacwlwx",
      "spotify:track:0VEckWCkjfEPFEhsly59hK",
      "spotify:track:6CKoWCWAqEVWVjpeoJXyNH",
      "spotify:track:273QnyCvJB65rScHJ1nPZb",
      "spotify:track:0Z57YWES04xGh3AImDz6Qr",
      "spotify:track:5RhstgfbndAn4HA7ldDUt0",
      "spotify:track:7qBENtVsjHWpkCNKTTGyJN",
      "spotify:track:4YoGMmUJJ9dZpQ2CLOmPl2",
      "spotify:track:6gxycjJNMgmAyfzUXBN80P",
      "spotify:track:1QJ2l3k2BFJypRUT5M4mLg",
      "spotify:track:3qhlB30KknSejmIvZZLjOD",
      "spotify:track:5jgFfDIR6FR0gvlA56Nakr",
      "spotify:track:2nMeu6UenVvwUktBCpLMK9",
      "spotify:track:6AdsNUCHZwSJAuhoLOVLR6",
      "spotify:track:5377z0OljWvRR7CdSQrJxP"
    ],
    "message_mix_id": "37i9dQZF1Epn6P2DZqJT0l",
    "message_type": "ON_REPEAT"
  },
  {
    "timestamp_utc": "2024-11-15T01:06:40.799Z",
    "context_time": 1731632800799,
    "message_contents": [
      "spotify:track:3JvKfv6T31zO0ini8iNItO",
      "spotify:track:6dOtVTDdiauQNBQEDOtlAB",
      "spotify:track:7uWFUpGuEfmxYeymkV95jn",
      "spotify:track:6J2LdBN97cDWn0MLxYh9HB",
      "spotify:track:3Kkjo3cT83cw09VJyrLNwX",
      "spotify:track:3qhlB30KknSejmIvZZLjOD",
      "spotify:track:0rtDE9zfXbamTlRUSwY7zy",
      "spotify:track:4sDbdBjuYQVdNNB4PiHUPo",
      "spotify:track:6VObnIkLVruX4UVyxWhlqm",
      "spotify:track:3Pbp7cUCx4d3OAkZSCoNvn",
      "spotify:track:19XpFsce28aByvCC4g89tJ",
      "spotify:track:6si71supnBUhddjR2FJc2L",
      "spotify:track:3cCPT7eJhpYXXlH2pbWhfP",
      "spotify:track:0DwClY2t9YAWHBROMIgrXb",
      "spotify:track:3hRV0jL3vUpRrcy398teAU",
      "spotify:track:5hnyJvgoWiQUYZttV4wXy6",
      "spotify:track:2IAzLFdULtSCi4lLCLG8xh",
      "spotify:track:5PbdVk09VHHcvGa0pX86RP",
      "spotify:track:2nMeu6UenVvwUktBCpLMK9",
      "spotify:track:607sF1ISzfKaWa29eF3I14",
      "spotify:track:061rTXN3Rdlvk0x3GDGtQy",
      "spotify:track:14AyWf6y7KlWWLfAjdKMKI",
      "spotify:track:7jmHyHMEqm9MJWiMAneF05",
      "spotify:track:3Y7fpFZbHLpAvWJJYGehz0",
      "spotify:track:7DSAEUvxU8FajXtRloy8M0",
      "spotify:track:76TZCvJ8GitQ2FA1q5dKu0",
      "spotify:track:4YoGMmUJJ9dZpQ2CLOmPl2",
      "spotify:track:6RUKPb4LETWmmr3iAEQktW",
      "spotify:track:6u1N1uweyyPWwY1LPoBBLA",
      "spotify:track:3dYD57lRAUcMHufyqn9GcI"
    ],
    "message_mix_id": "37i9dQZF1Epn6P2DZqJT0l",
    "message_type": "ON_REPEAT"
  },
  {
    "timestamp_utc": "2024-10-31T05:08:45.567Z",
    "context_time": 1730351325567,
    "message_contents": [
      "spotify:track:0K7RrcTOdaRY0pz8TSwxnh",
      "spotify:track:3bLo59hMbXji4GaXHheJav",
      "spotify:track:2nMeu6UenVvwUktBCpLMK9",
      "spotify:track:273QnyCvJB65rScHJ1nPZb",
      "spotify:track:6dOtVTDdiauQNBQEDOtlAB",
      "spotify:track:076HUj0TPUnBidZdy9PEyx",
      "spotify:track:5hnyJvgoWiQUYZttV4wXy6",
      "spotify:track:6v0UJD4a2FtleHeSYVX02A",
      "spotify:track:44A0o4jA8F2ZF03Zacwlwx",
      "spotify:track:0VEckWCkjfEPFEhsly59hK",
      "spotify:track:43zdsphuZLzwA9k4DJhU0I",
      "spotify:track:1CRtJS94Hq3PbBZT9LuF90",
      "spotify:track:6me7F0aaZjwDo6RJ5MrfBD",
      "spotify:track:4x5YzxjrF9wvIIXJV7TveC",
      "spotify:track:3WD91HQDBIavSapet3ZpjG",
      "spotify:track:6O5TrlFWTYvznd9fMC0VvU",
      "spotify:track:6IV5sJbmLJ9KbEQatq6d4G",
      "spotify:track:2epbL7s3RFV81K5UhTgZje",
      "spotify:track:1D4XFKolp63mNqqMXJJL1V",
      "spotify:track:563SfWAHJs4FBZMkRN0IFN",
      "spotify:track:2TkmosdPkJXcjhvMzscrYP",
      "spotify:track:3nqqDo8CcCLke3ZoTgiOKf",
      "spotify:track:4cwCGscTjO9FwgtRU9QIAe",
      "spotify:track:0DuWDLjriRPjDRoPgaCslY",
      "spotify:track:5GbVzc6Ex5LYlLJqzRQhuy",
      "spotify:track:2gVHZ9GmBjUX76jaI2syD7",
      "spotify:track:1HMQmOWrkieKYWlFsjUP3D",
      "spotify:track:6VObnIkLVruX4UVyxWhlqm",
      "spotify:track:29xE91g0DONeUAgbAtjAMJ",
      "spotify:track:0u2P5u6lvoDfwTYjAADbn4"
    ],
    "message_mix_id": "37i9dQZF1EpKQCUHf9XxvD",
    "message_type": "BACKTRACKS"
  },
  {
    "timestamp_utc": "2024-11-06T05:36:57.152Z",
    "context_time": 1730871417152,
    "message_contents": [
      "spotify:track:3bLo59hMbXji4GaXHheJav",
      "spotify:track:0K7RrcTOdaRY0pz8TSwxnh",
      "spotify:track:4YoGMmUJJ9dZpQ2CLOmPl2",
      "spotify:track:7qBENtVsjHWpkCNKTTGyJN",
      "spotify:track:076HUj0TPUnBidZdy9PEyx",
      "spotify:track:6IV5sJbmLJ9KbEQatq6d4G",
      "spotify:track:1CRtJS94Hq3PbBZT9LuF90",
      "spotify:track:0RsXkqnuQCrSOQCur6V1UJ",
      "spotify:track:3WD91HQDBIavSapet3ZpjG",
      "spotify:track:29xE91g0DONeUAgbAtjAMJ",
      "spotify:track:4RvW5ggYKC7bCDX4UUSSDc",
      "spotify:track:0VEckWCkjfEPFEhsly59hK",
      "spotify:track:44A0o4jA8F2ZF03Zacwlwx",
      "spotify:track:2TkmosdPkJXcjhvMzscrYP",
      "spotify:track:563SfWAHJs4FBZMkRN0IFN",
      "spotify:track:4x5YzxjrF9wvIIXJV7TveC",
      "spotify:track:2gVHZ9GmBjUX76jaI2syD7",
      "spotify:track:1SKPmfSYaPsETbRHaiA18G",
      "spotify:track:0DuWDLjriRPjDRoPgaCslY",
      "spotify:track:6iY2rKAVgTTaMJBbSndsiU",
      "spotify:track:5hnyJvgoWiQUYZttV4wXy6",
      "spotify:track:4cwCGscTjO9FwgtRU9QIAe",
      "spotify:track:2qBmtZnPSQouvADmqaHKxk",
      "spotify:track:0DwClY2t9YAWHBROMIgrXb",
      "spotify:track:5GbVzc6Ex5LYlLJqzRQhuy",
      "spotify:track:5y788ya4NvwhBznoDIcXwK",
      "spotify:track:3QhfFRPkhPCR1RMJWV1gde",
      "spotify:track:52APn0QJbjtcHRK0fiXpL6",
      "spotify:track:6v0UJD4a2FtleHeSYVX02A",
      "spotify:track:5RhstgfbndAn4HA7ldDUt0"
    ],
    "message_mix_id": "37i9dQZF1EpKQCUHf9XxvD",
    "message_type": "BACKTRACKS"
  },
  {
    "timestamp_utc": "2024-11-09T00:52:16.336Z",
    "context_time": 1731113536336,
    "message_contents": [
      "spotify:track:6J2LdBN97cDWn0MLxYh9HB",
      "spotify:track:3JvKfv6T31zO0ini8iNItO",
      "spotify:track:6VObnIkLVruX4UVyxWhlqm",
      "spotify:track:4sDbdBjuYQVdNNB4PiHUPo",
      "spotify:track:7uWFUpGuEfmxYeymkV95jn",
      "spotify:track:6si71supnBUhddjR2FJc2L",
      "spotify:track:3Kkjo3cT83cw09VJyrLNwX",
      "spotify:track:6dOtVTDdiauQNBQEDOtlAB",
      "spotify:track:5PbdVk09VHHcvGa0pX86RP",
      "spotify:track:0rtDE9zfXbamTlRUSwY7zy",
      "spotify:track:3cCPT7eJhpYXXlH2pbWhfP",
      "spotify:track:7jmHyHMEqm9MJWiMAneF05",
      "spotify:track:3hRV0jL3vUpRrcy398teAU",
      "spotify:track:5oO3drDxtziYU2H1X23ZIp",
      "spotify:track:3di5hcvxxciiqwMH1jarhY",
      "spotify:track:7LVHVU3tWfcxj5aiPFEW4Q",
      "spotify:track:3qhlB30KknSejmIvZZLjOD",
      "spotify:track:1lb3H41lbvAN28N7yqRNL9",
      "spotify:track:4YoGMmUJJ9dZpQ2CLOmPl2",
      "spotify:track:061rTXN3Rdlvk0x3GDGtQy",
      "spotify:track:7795WJLVKJoAyVoOtCWqXN",
      "spotify:track:0TK89ymMmrdq4xXOD1G1RO",
      "spotify:track:2TIlqbIneP0ZY1O0EzYLlc",
      "spotify:track:1D4XFKolp63mNqqMXJJL1V",
      "spotify:track:75JFxkI2RXiU7L9VXzMkle",
      "spotify:track:6u1N1uweyyPWwY1LPoBBLA",
      "spotify:track:19XpFsce28aByvCC4g89tJ",
      "spotify:track:6zeE5tKyr8Nu882DQhhSQI",
      "spotify:track:2nMeu6UenVvwUktBCpLMK9",
      "spotify:track:3Pbp7cUCx4d3OAkZSCoNvn"
    ],
    "message_mix_id": "37i9dQZF1Epn6P2DZqJT0l",
    "message_type": "ON_REPEAT"
  },
  {
    "timestamp_utc": "2024-09-09T02:59:43.106Z",
    "context_time": 1725850783106,
    "message_contents": [
      "spotify:track:6zupPNGun4zG87eto8RjUo",
      "spotify:track:4U45aEWtQhrm8A5mxPaFZ7",
      "spotify:track:7jmHyHMEqm9MJWiMAneF05",
      "spotify:track:2qhASBzpbFhPRtrnZ5lLnz",
      "spotify:track:6v0UJD4a2FtleHeSYVX02A",
      "spotify:track:75JFxkI2RXiU7L9VXzMkle",
      "spotify:track:4S1VYqwfkLit9mKVY3MXoo",
      "spotify:track:3BnDvpeuGOj21Ir2aVEtQo",
      "spotify:track:6O5TrlFWTYvznd9fMC0VvU",
      "spotify:track:2LawezPeJhN4AWuSB0GtAU",
      "spotify:track:6pIciAIov7TP5Zj4PTN9rc",
      "spotify:track:1WN4uNclrDuczTO3bCr8s1",
      "spotify:track:4Dvkj6JhhA12EX05fT7y2e",
      "spotify:track:6J2LdBN97cDWn0MLxYh9HB",
      "spotify:track:6CKoWCWAqEVWVjpeoJXyNH",
      "spotify:track:2IAzLFdULtSCi4lLCLG8xh",
      "spotify:track:3BQHpFgAp4l80e1XslIjNI",
      "spotify:track:1HMQmOWrkieKYWlFsjUP3D",
      "spotify:track:6VObnIkLVruX4UVyxWhlqm",
      "spotify:track:0iOZM63lendWRTTeKhZBSC",
      "spotify:track:3FAclTFfvUuQYnEsptbK8w",
      "spotify:track:7wMq5n8mYSKlQIGECKUgTX",
      "spotify:track:1Jaah2tmN9Hv81A87KZ1MU",
      "spotify:track:0BCPKOYdS2jbQ8iyB56Zns",
      "spotify:track:6me7F0aaZjwDo6RJ5MrfBD",
      "spotify:track:6q4c1vPRZREh7nw3wG7Ixz",
      "spotify:track:6uHvbKL0Yi37AuvNRmUfMw",
      "spotify:track:3fbnbn6A5O5RNb08tlUEgd",
      "spotify:track:4RL77hMWUq35NYnPLXBpih",
      "spotify:track:5GbVzc6Ex5LYlLJqzRQhuy"
    ],
    "message_mix_id": "37i9dQZF1EpKQCUHf9XxvD",
    "message_type": "BACKTRACKS"
  },
  {
    "timestamp_utc": "2024-10-25T01:18:40.666Z",
    "context_time": 1729819120666,
    "message_contents": [
      "spotify:track:0K7RrcTOdaRY0pz8TSwxnh",
      "spotify:track:3bLo59hMbXji4GaXHheJav",
      "spotify:track:273QnyCvJB65rScHJ1nPZb",
      "spotify:track:43zdsphuZLzwA9k4DJhU0I",
      "spotify:track:3WD91HQDBIavSapet3ZpjG",
      "spotify:track:3nqqDo8CcCLke3ZoTgiOKf",
      "spotify:track:6O5TrlFWTYvznd9fMC0VvU",
      "spotify:track:6dOtVTDdiauQNBQEDOtlAB",
      "spotify:track:076HUj0TPUnBidZdy9PEyx",
      "spotify:track:2ixsaeFioXJmMgkkbd4uj1",
      "spotify:track:6v0UJD4a2FtleHeSYVX02A",
      "spotify:track:1D4XFKolp63mNqqMXJJL1V",
      "spotify:track:2gMXnyrvIjhVBUZwvLZDMP",
      "spotify:track:1HMQmOWrkieKYWlFsjUP3D",
      "spotify:track:1CRtJS94Hq3PbBZT9LuF90",
      "spotify:track:4RL77hMWUq35NYnPLXBpih",
      "spotify:track:44A0o4jA8F2ZF03Zacwlwx",
      "spotify:track:0u2P5u6lvoDfwTYjAADbn4",
      "spotify:track:2DRMuw0U0QbkVQxWxdJV3M",
      "spotify:track:0VEckWCkjfEPFEhsly59hK",
      "spotify:track:6me7F0aaZjwDo6RJ5MrfBD",
      "spotify:track:4x5YzxjrF9wvIIXJV7TveC",
      "spotify:track:0DuWDLjriRPjDRoPgaCslY",
      "spotify:track:456WNXWhDwYOSf5SpTuqxd",
      "spotify:track:3qhlB30KknSejmIvZZLjOD",
      "spotify:track:6ylAVPbjRQoNY0khgh63Jf",
      "spotify:track:2qBmtZnPSQouvADmqaHKxk",
      "spotify:track:3ZCTVFBt2Brf31RLEnCkWJ",
      "spotify:track:5GbVzc6Ex5LYlLJqzRQhuy",
      "spotify:track:6IV5sJbmLJ9KbEQatq6d4G"
    ],
    "message_mix_id": "37i9dQZF1EpKQCUHf9XxvD",
    "message_type": "BACKTRACKS"
  },
  {
    "timestamp_utc": "2024-10-01T05:41:21.238Z",
    "context_time": 1727761281238,
    "message_contents": [
      "spotify:track:3RTIYfHCoHIukOD5qMgGwY",
      "spotify:track:4U45aEWtQhrm8A5mxPaFZ7",
      "spotify:track:6v0UJD4a2FtleHeSYVX02A",
      "spotify:track:1HMQmOWrkieKYWlFsjUP3D",
      "spotify:track:75JFxkI2RXiU7L9VXzMkle",
      "spotify:track:4RL77hMWUq35NYnPLXBpih",
      "spotify:track:3cCPT7eJhpYXXlH2pbWhfP",
      "spotify:track:6uHvbKL0Yi37AuvNRmUfMw",
      "spotify:track:6zupPNGun4zG87eto8RjUo",
      "spotify:track:0VEckWCkjfEPFEhsly59hK",
      "spotify:track:2DRMuw0U0QbkVQxWxdJV3M",
      "spotify:track:0u2P5u6lvoDfwTYjAADbn4",
      "spotify:track:6q4c1vPRZREh7nw3wG7Ixz",
      "spotify:track:6ylAVPbjRQoNY0khgh63Jf",
      "spotify:track:2IAzLFdULtSCi4lLCLG8xh",
      "spotify:track:4S1VYqwfkLit9mKVY3MXoo",
      "spotify:track:3irs6j77Kxo1BMaTdkaTbd",
      "spotify:track:6w8ZPYdnGajyfPddTWdthN",
      "spotify:track:1tt89QYK4SuPjBrgnfewLk",
      "spotify:track:7frCzC7XOSEeJdUasfk7Zm",
      "spotify:track:2wlZIwHXloe802coeEhJ3T",
      "spotify:track:0DuWDLjriRPjDRoPgaCslY",
      "spotify:track:2J2Z1SkXYghSajLibnQHOa",
      "spotify:track:6HSXNV0b4M4cLJ7ljgVVeh",
      "spotify:track:3vkQ5DAB1qQMYO4Mr9zJN6",
      "spotify:track:6FS0BYsjoCqgwg8azaRGlx",
      "spotify:track:2F94KDtJjCdzZYCQWBliRC",
      "spotify:track:0y1mX0LxNwSMRPXWutJOJu",
      "spotify:track:0RsXkqnuQCrSOQCur6V1UJ",
      "spotify:track:6GGtHZgBycCgGBUhZo81xe"
    ],
    "message_mix_id": "37i9dQZF1EpKQCUHf9XxvD",
    "message_type": "BACKTRACKS"
  },
  {
    "timestamp_utc": "2024-10-13T01:05:29.810Z",
    "context_time": 1728781529810,
    "message_contents": [
      "spotify:track:4sDbdBjuYQVdNNB4PiHUPo",
      "spotify:track:3hRV0jL3vUpRrcy398teAU",
      "spotify:track:3JvKfv6T31zO0ini8iNItO",
      "spotify:track:0DwClY2t9YAWHBROMIgrXb",
      "spotify:track:4x1dWc1GgAfC04GcTlllax",
      "spotify:track:19XpFsce28aByvCC4g89tJ",
      "spotify:track:5hnyJvgoWiQUYZttV4wXy6",
      "spotify:track:44A0o4jA8F2ZF03Zacwlwx",
      "spotify:track:7qBENtVsjHWpkCNKTTGyJN",
      "spotify:track:6J2LdBN97cDWn0MLxYh9HB",
      "spotify:track:3Kkjo3cT83cw09VJyrLNwX",
      "spotify:track:4FN4D7vWOV9uigDDw8nr0A",
      "spotify:track:6CKoWCWAqEVWVjpeoJXyNH",
      "spotify:track:3qhlB30KknSejmIvZZLjOD",
      "spotify:track:3cCPT7eJhpYXXlH2pbWhfP",
      "spotify:track:5RhstgfbndAn4HA7ldDUt0",
      "spotify:track:3QorTmBB8lYdSO9bGglOrb",
      "spotify:track:5377z0OljWvRR7CdSQrJxP",
      "spotify:track:273QnyCvJB65rScHJ1nPZb",
      "spotify:track:1SKPmfSYaPsETbRHaiA18G",
      "spotify:track:7uWFUpGuEfmxYeymkV95jn",
      "spotify:track:3Y7fpFZbHLpAvWJJYGehz0",
      "spotify:track:4YoGMmUJJ9dZpQ2CLOmPl2",
      "spotify:track:2nMeu6UenVvwUktBCpLMK9",
      "spotify:track:6gxycjJNMgmAyfzUXBN80P",
      "spotify:track:29xE91g0DONeUAgbAtjAMJ",
      "spotify:track:6u1N1uweyyPWwY1LPoBBLA",
      "spotify:track:1CRtJS94Hq3PbBZT9LuF90",
      "spotify:track:6k1I9gABiasGZiWWAosAEb",
      "spotify:track:5GbVzc6Ex5LYlLJqzRQhuy"
    ],
    "message_mix_id": "37i9dQZF1Epn6P2DZqJT0l",
    "message_type": "ON_REPEAT"
  },
  {
    "timestamp_utc": "2024-11-06T05:36:57.152Z",
    "context_time": 1730871417152,
    "message_contents": [
      "spotify:track:6J2LdBN97cDWn0MLxYh9HB",
      "spotify:track:3JvKfv6T31zO0ini8iNItO",
      "spotify:track:4sDbdBjuYQVdNNB4PiHUPo",
      "spotify:track:7uWFUpGuEfmxYeymkV95jn",
      "spotify:track:6si71supnBUhddjR2FJc2L",
      "spotify:track:3Kkjo3cT83cw09VJyrLNwX",
      "spotify:track:6dOtVTDdiauQNBQEDOtlAB",
      "spotify:track:7LVHVU3tWfcxj5aiPFEW4Q",
      "spotify:track:7jmHyHMEqm9MJWiMAneF05",
      "spotify:track:6VObnIkLVruX4UVyxWhlqm",
      "spotify:track:5PbdVk09VHHcvGa0pX86RP",
      "spotify:track:061rTXN3Rdlvk0x3GDGtQy",
      "spotify:track:0rtDE9zfXbamTlRUSwY7zy",
      "spotify:track:3cCPT7eJhpYXXlH2pbWhfP",
      "spotify:track:1D4XFKolp63mNqqMXJJL1V",
      "spotify:track:3hRV0jL3vUpRrcy398teAU",
      "spotify:track:1lb3H41lbvAN28N7yqRNL9",
      "spotify:track:3di5hcvxxciiqwMH1jarhY",
      "spotify:track:19XpFsce28aByvCC4g89tJ",
      "spotify:track:3qhlB30KknSejmIvZZLjOD",
      "spotify:track:4FN4D7vWOV9uigDDw8nr0A",
      "spotify:track:273QnyCvJB65rScHJ1nPZb",
      "spotify:track:0TK89ymMmrdq4xXOD1G1RO",
      "spotify:track:2nMeu6UenVvwUktBCpLMK9",
      "spotify:track:75JFxkI2RXiU7L9VXzMkle",
      "spotify:track:2DRMuw0U0QbkVQxWxdJV3M",
      "spotify:track:4x1dWc1GgAfC04GcTlllax",
      "spotify:track:3Pbp7cUCx4d3OAkZSCoNvn",
      "spotify:track:3AJwUDP919kvQ9QcozQPxg",
      "spotify:track:4OSBTYWVwsQhGLF9NHvIbR"
    ],
    "message_mix_id": "37i9dQZF1Epn6P2DZqJT0l",
    "message_type": "ON_REPEAT"
  },
  {
    "timestamp_utc": "2024-10-13T01:05:29.810Z",
    "context_time": 1728781529810,
    "message_contents": [
      "spotify:track:0K7RrcTOdaRY0pz8TSwxnh",
      "spotify:track:3RTIYfHCoHIukOD5qMgGwY",
      "spotify:track:6si71supnBUhddjR2FJc2L",
      "spotify:track:2ixsaeFioXJmMgkkbd4uj1",
      "spotify:track:3nqqDo8CcCLke3ZoTgiOKf",
      "spotify:track:6v0UJD4a2FtleHeSYVX02A",
      "spotify:track:2gMXnyrvIjhVBUZwvLZDMP",
      "spotify:track:1HMQmOWrkieKYWlFsjUP3D",
      "spotify:track:6me7F0aaZjwDo6RJ5MrfBD",
      "spotify:track:6O5TrlFWTYvznd9fMC0VvU",
      "spotify:track:6dOtVTDdiauQNBQEDOtlAB",
      "spotify:track:456WNXWhDwYOSf5SpTuqxd",
      "spotify:track:1D4XFKolp63mNqqMXJJL1V",
      "spotify:track:2DRMuw0U0QbkVQxWxdJV3M",
      "spotify:track:43zdsphuZLzwA9k4DJhU0I",
      "spotify:track:6uHvbKL0Yi37AuvNRmUfMw",
      "spotify:track:4RL77hMWUq35NYnPLXBpih",
      "spotify:track:4U45aEWtQhrm8A5mxPaFZ7",
      "spotify:track:0u2P5u6lvoDfwTYjAADbn4",
      "spotify:track:3bHhUEOTIbezeZ856R0BX5",
      "spotify:track:0DuWDLjriRPjDRoPgaCslY",
      "spotify:track:6q4c1vPRZREh7nw3wG7Ixz",
      "spotify:track:6ylAVPbjRQoNY0khgh63Jf",
      "spotify:track:2IAzLFdULtSCi4lLCLG8xh",
      "spotify:track:4S1VYqwfkLit9mKVY3MXoo",
      "spotify:track:563SfWAHJs4FBZMkRN0IFN",
      "spotify:track:2uXlHCUbq9OMUwx3hrk06o",
      "spotify:track:6Kkt27YmFyIFrcX3QXFi2o",
      "spotify:track:6sSE1eOFq2qdwfMTYdE3c2",
      "spotify:track:2qBmtZnPSQouvADmqaHKxk"
    ],
    "message_mix_id": "37i9dQZF1EpKQCUHf9XxvD",
    "message_type": "BACKTRACKS"
  },
  {
    "timestamp_utc": "2024-11-30T03:44:27.481Z",
    "context_time": 1732938267481,
    "message_contents": [
      "spotify:track:3bLo59hMbXji4GaXHheJav",
      "spotify:track:0K7RrcTOdaRY0pz8TSwxnh",
      "spotify:track:2nMeu6UenVvwUktBCpLMK9",
      "spotify:track:3Kkjo3cT83cw09VJyrLNwX",
      "spotify:track:4sDbdBjuYQVdNNB4PiHUPo",
      "spotify:track:7qBENtVsjHWpkCNKTTGyJN",
      "spotify:track:4RvW5ggYKC7bCDX4UUSSDc",
      "spotify:track:0RsXkqnuQCrSOQCur6V1UJ",
      "spotify:track:076HUj0TPUnBidZdy9PEyx",
      "spotify:track:4YoGMmUJJ9dZpQ2CLOmPl2",
      "spotify:track:4x1dWc1GgAfC04GcTlllax",
      "spotify:track:4FN4D7vWOV9uigDDw8nr0A",
      "spotify:track:29xE91g0DONeUAgbAtjAMJ",
      "spotify:track:3WD91HQDBIavSapet3ZpjG",
      "spotify:track:1lb3H41lbvAN28N7yqRNL9",
      "spotify:track:6u1N1uweyyPWwY1LPoBBLA",
      "spotify:track:1CRtJS94Hq3PbBZT9LuF90",
      "spotify:track:5hnyJvgoWiQUYZttV4wXy6",
      "spotify:track:2TkmosdPkJXcjhvMzscrYP",
      "spotify:track:5RhstgfbndAn4HA7ldDUt0",
      "spotify:track:6nIABFnyWmAB2gdEja8mqX",
      "spotify:track:5jgFfDIR6FR0gvlA56Nakr",
      "spotify:track:2PY7SkaaxjjRtxiLMGgc2f",
      "spotify:track:273QnyCvJB65rScHJ1nPZb",
      "spotify:track:4H065d2WS05Pig3f5u0ARg",
      "spotify:track:0BCPKOYdS2jbQ8iyB56Zns",
      "spotify:track:5PbdVk09VHHcvGa0pX86RP",
      "spotify:track:2qBmtZnPSQouvADmqaHKxk",
      "spotify:track:7cjCNwAwKNjgxfjt1TzK4e",
      "spotify:track:6gxycjJNMgmAyfzUXBN80P"
    ],
    "message_mix_id": "37i9dQZF1EpKQCUHf9XxvD",
    "message_type": "BACKTRACKS"
  },
  {
    "timestamp_utc": "2024-10-28T01:32:34.665Z",
    "context_time": 1730079154665,
    "message_contents": [
      "spotify:track:0K7RrcTOdaRY0pz8TSwxnh",
      "spotify:track:3bLo59hMbXji4GaXHheJav",
      "spotify:track:2nMeu6UenVvwUktBCpLMK9",
      "spotify:track:273QnyCvJB65rScHJ1nPZb",
      "spotify:track:5hnyJvgoWiQUYZttV4wXy6",
      "spotify:track:43zdsphuZLzwA9k4DJhU0I",
      "spotify:track:076HUj0TPUnBidZdy9PEyx",
      "spotify:track:4YoGMmUJJ9dZpQ2CLOmPl2",
      "spotify:track:1D4XFKolp63mNqqMXJJL1V",
      "spotify:track:6dOtVTDdiauQNBQEDOtlAB",
      "spotify:track:3WD91HQDBIavSapet3ZpjG",
      "spotify:track:6v0UJD4a2FtleHeSYVX02A",
      "spotify:track:3nqqDo8CcCLke3ZoTgiOKf",
      "spotify:track:44A0o4jA8F2ZF03Zacwlwx",
      "spotify:track:4x5YzxjrF9wvIIXJV7TveC",
      "spotify:track:1CRtJS94Hq3PbBZT9LuF90",
      "spotify:track:2ixsaeFioXJmMgkkbd4uj1",
      "spotify:track:4RL77hMWUq35NYnPLXBpih",
      "spotify:track:6IV5sJbmLJ9KbEQatq6d4G",
      "spotify:track:2DRMuw0U0QbkVQxWxdJV3M",
      "spotify:track:2epbL7s3RFV81K5UhTgZje",
      "spotify:track:2TkmosdPkJXcjhvMzscrYP",
      "spotify:track:1HMQmOWrkieKYWlFsjUP3D",
      "spotify:track:6O5TrlFWTYvznd9fMC0VvU",
      "spotify:track:0u2P5u6lvoDfwTYjAADbn4",
      "spotify:track:0VEckWCkjfEPFEhsly59hK",
      "spotify:track:6me7F0aaZjwDo6RJ5MrfBD",
      "spotify:track:0DuWDLjriRPjDRoPgaCslY",
      "spotify:track:4cwCGscTjO9FwgtRU9QIAe",
      "spotify:track:2gMXnyrvIjhVBUZwvLZDMP"
    ],
    "message_mix_id": "37i9dQZF1EpKQCUHf9XxvD",
    "message_type": "BACKTRACKS"
  },
  {
    "timestamp_utc": "2024-12-03T04:26:04.821Z",
    "context_time": 1733199964821,
    "message_contents": [
      "spotify:track:4zFHwVj4A8s0G5f7aOlpKo",
      "spotify:track:3bLo59hMbXji4GaXHheJav",
      "spotify:track:0K7RrcTOdaRY0pz8TSwxnh",
      "spotify:track:4sDbdBjuYQVdNNB4PiHUPo",
      "spotify:track:3Kkjo3cT83cw09VJyrLNwX",
      "spotify:track:7qBENtVsjHWpkCNKTTGyJN",
      "spotify:track:4RvW5ggYKC7bCDX4UUSSDc",
      "spotify:track:2nMeu6UenVvwUktBCpLMK9",
      "spotify:track:4YoGMmUJJ9dZpQ2CLOmPl2",
      "spotify:track:061rTXN3Rdlvk0x3GDGtQy",
      "spotify:track:076HUj0TPUnBidZdy9PEyx",
      "spotify:track:4x1dWc1GgAfC04GcTlllax",
      "spotify:track:29xE91g0DONeUAgbAtjAMJ",
      "spotify:track:4FN4D7vWOV9uigDDw8nr0A",
      "spotify:track:273QnyCvJB65rScHJ1nPZb",
      "spotify:track:3WD91HQDBIavSapet3ZpjG",
      "spotify:track:1lb3H41lbvAN28N7yqRNL9",
      "spotify:track:6u1N1uweyyPWwY1LPoBBLA",
      "spotify:track:5hnyJvgoWiQUYZttV4wXy6",
      "spotify:track:6nxQV4fJgfvyfZRPPJm1mO",
      "spotify:track:6nIABFnyWmAB2gdEja8mqX",
      "spotify:track:5RhstgfbndAn4HA7ldDUt0",
      "spotify:track:5jgFfDIR6FR0gvlA56Nakr",
      "spotify:track:2PY7SkaaxjjRtxiLMGgc2f",
      "spotify:track:0BCPKOYdS2jbQ8iyB56Zns",
      "spotify:track:6v0UJD4a2FtleHeSYVX02A",
      "spotify:track:5PbdVk09VHHcvGa0pX86RP",
      "spotify:track:7cjCNwAwKNjgxfjt1TzK4e",
      "spotify:track:6gxycjJNMgmAyfzUXBN80P",
      "spotify:track:3QhfFRPkhPCR1RMJWV1gde"
    ],
    "message_mix_id": "37i9dQZF1EpKQCUHf9XxvD",
    "message_type": "BACKTRACKS"
  },
  {
    "timestamp_utc": "2024-10-10T05:30:11.801Z",
    "context_time": 1728538211801,
    "message_contents": [
      "spotify:track:0K7RrcTOdaRY0pz8TSwxnh",
      "spotify:track:3nqqDo8CcCLke3ZoTgiOKf",
      "spotify:track:6v0UJD4a2FtleHeSYVX02A",
      "spotify:track:2gMXnyrvIjhVBUZwvLZDMP",
      "spotify:track:6dOtVTDdiauQNBQEDOtlAB",
      "spotify:track:456WNXWhDwYOSf5SpTuqxd",
      "spotify:track:6O5TrlFWTYvznd9fMC0VvU",
      "spotify:track:1HMQmOWrkieKYWlFsjUP3D",
      "spotify:track:43zdsphuZLzwA9k4DJhU0I",
      "spotify:track:1D4XFKolp63mNqqMXJJL1V",
      "spotify:track:2DRMuw0U0QbkVQxWxdJV3M",
      "spotify:track:6me7F0aaZjwDo6RJ5MrfBD",
      "spotify:track:0u2P5u6lvoDfwTYjAADbn4",
      "spotify:track:4RL77hMWUq35NYnPLXBpih",
      "spotify:track:1CRtJS94Hq3PbBZT9LuF90",
      "spotify:track:6uHvbKL0Yi37AuvNRmUfMw",
      "spotify:track:4U45aEWtQhrm8A5mxPaFZ7",
      "spotify:track:3bHhUEOTIbezeZ856R0BX5",
      "spotify:track:0DuWDLjriRPjDRoPgaCslY",
      "spotify:track:6gxycjJNMgmAyfzUXBN80P",
      "spotify:track:0VEckWCkjfEPFEhsly59hK",
      "spotify:track:5GbVzc6Ex5LYlLJqzRQhuy",
      "spotify:track:2wlZIwHXloe802coeEhJ3T",
      "spotify:track:6q4c1vPRZREh7nw3wG7Ixz",
      "spotify:track:6ylAVPbjRQoNY0khgh63Jf",
      "spotify:track:2IAzLFdULtSCi4lLCLG8xh",
      "spotify:track:4S1VYqwfkLit9mKVY3MXoo",
      "spotify:track:563SfWAHJs4FBZMkRN0IFN",
      "spotify:track:2uXlHCUbq9OMUwx3hrk06o",
      "spotify:track:6sSE1eOFq2qdwfMTYdE3c2"
    ],
    "message_mix_id": "37i9dQZF1EpKQCUHf9XxvD",
    "message_type": "BACKTRACKS"
  },
  {
    "timestamp_utc": "2024-10-01T05:41:21.238Z",
    "context_time": 1727761281238,
    "message_contents": [
      "spotify:track:3hRV0jL3vUpRrcy398teAU",
      "spotify:track:3JvKfv6T31zO0ini8iNItO",
      "spotify:track:2nMeu6UenVvwUktBCpLMK9",
      "spotify:track:5Z0UnEtpLDQyYlWwgi8m9C",
      "spotify:track:273QnyCvJB65rScHJ1nPZb",
      "spotify:track:5hnyJvgoWiQUYZttV4wXy6",
      "spotify:track:44A0o4jA8F2ZF03Zacwlwx",
      "spotify:track:456WNXWhDwYOSf5SpTuqxd",
      "spotify:track:0DwClY2t9YAWHBROMIgrXb",
      "spotify:track:4YoGMmUJJ9dZpQ2CLOmPl2",
      "spotify:track:6dOtVTDdiauQNBQEDOtlAB",
      "spotify:track:5GbVzc6Ex5LYlLJqzRQhuy",
      "spotify:track:4RvW5ggYKC7bCDX4UUSSDc",
      "spotify:track:4x5YzxjrF9wvIIXJV7TveC",
      "spotify:track:6J2LdBN97cDWn0MLxYh9HB",
      "spotify:track:6si71supnBUhddjR2FJc2L",
      "spotify:track:2epbL7s3RFV81K5UhTgZje",
      "spotify:track:4sDbdBjuYQVdNNB4PiHUPo",
      "spotify:track:6me7F0aaZjwDo6RJ5MrfBD",
      "spotify:track:2DjWsDGgL1xNbhnr7f6t5F",
      "spotify:track:0K7RrcTOdaRY0pz8TSwxnh",
      "spotify:track:6zeE5tKyr8Nu882DQhhSQI",
      "spotify:track:2LawezPeJhN4AWuSB0GtAU",
      "spotify:track:2gMXnyrvIjhVBUZwvLZDMP",
      "spotify:track:1D4XFKolp63mNqqMXJJL1V",
      "spotify:track:3nqqDo8CcCLke3ZoTgiOKf",
      "spotify:track:6O5TrlFWTYvznd9fMC0VvU",
      "spotify:track:2ixsaeFioXJmMgkkbd4uj1",
      "spotify:track:43zdsphuZLzwA9k4DJhU0I",
      "spotify:track:7jmHyHMEqm9MJWiMAneF05"
    ],
    "message_mix_id": "37i9dQZF1Epn6P2DZqJT0l",
    "message_type": "ON_REPEAT"
  },
  {
    "timestamp_utc": "2024-11-18T04:45:46.766Z",
    "context_time": 1731905146766,
    "message_contents": [
      "spotify:track:3JvKfv6T31zO0ini8iNItO",
      "spotify:track:6J2LdBN97cDWn0MLxYh9HB",
      "spotify:track:6dOtVTDdiauQNBQEDOtlAB",
      "spotify:track:7uWFUpGuEfmxYeymkV95jn",
      "spotify:track:6VObnIkLVruX4UVyxWhlqm",
      "spotify:track:14AyWf6y7KlWWLfAjdKMKI",
      "spotify:track:3qhlB30KknSejmIvZZLjOD",
      "spotify:track:0rtDE9zfXbamTlRUSwY7zy",
      "spotify:track:3Kkjo3cT83cw09VJyrLNwX",
      "spotify:track:19XpFsce28aByvCC4g89tJ",
      "spotify:track:4sDbdBjuYQVdNNB4PiHUPo",
      "spotify:track:3hRV0jL3vUpRrcy398teAU",
      "spotify:track:3cCPT7eJhpYXXlH2pbWhfP",
      "spotify:track:3Pbp7cUCx4d3OAkZSCoNvn",
      "spotify:track:6si71supnBUhddjR2FJc2L",
      "spotify:track:0DwClY2t9YAWHBROMIgrXb",
      "spotify:track:2epbL7s3RFV81K5UhTgZje",
      "spotify:track:5hnyJvgoWiQUYZttV4wXy6",
      "spotify:track:2IAzLFdULtSCi4lLCLG8xh",
      "spotify:track:5PbdVk09VHHcvGa0pX86RP",
      "spotify:track:2nMeu6UenVvwUktBCpLMK9",
      "spotify:track:607sF1ISzfKaWa29eF3I14",
      "spotify:track:7jmHyHMEqm9MJWiMAneF05",
      "spotify:track:3di5hcvxxciiqwMH1jarhY",
      "spotify:track:6RUKPb4LETWmmr3iAEQktW",
      "spotify:track:061rTXN3Rdlvk0x3GDGtQy",
      "spotify:track:7DSAEUvxU8FajXtRloy8M0",
      "spotify:track:77MdvMx9L4ZQuLhhn3o21h",
      "spotify:track:76TZCvJ8GitQ2FA1q5dKu0",
      "spotify:track:4YoGMmUJJ9dZpQ2CLOmPl2"
    ],
    "message_mix_id": "37i9dQZF1Epn6P2DZqJT0l",
    "message_type": "ON_REPEAT"
  },
  {
    "timestamp_utc": "2024-10-19T01:31:20.287Z",
    "context_time": 1729301480287,
    "message_contents": [
      "spotify:track:4sDbdBjuYQVdNNB4PiHUPo",
      "spotify:track:3hRV0jL3vUpRrcy398teAU",
      "spotify:track:6J2LdBN97cDWn0MLxYh9HB",
      "spotify:track:3JvKfv6T31zO0ini8iNItO",
      "spotify:track:4FN4D7vWOV9uigDDw8nr0A",
      "spotify:track:5hnyJvgoWiQUYZttV4wXy6",
      "spotify:track:3Pbp7cUCx4d3OAkZSCoNvn",
      "spotify:track:0DwClY2t9YAWHBROMIgrXb",
      "spotify:track:5RhstgfbndAn4HA7ldDUt0",
      "spotify:track:4x1dWc1GgAfC04GcTlllax",
      "spotify:track:7qBENtVsjHWpkCNKTTGyJN",
      "spotify:track:4RvW5ggYKC7bCDX4UUSSDc",
      "spotify:track:6u1N1uweyyPWwY1LPoBBLA",
      "spotify:track:3Kkjo3cT83cw09VJyrLNwX",
      "spotify:track:19XpFsce28aByvCC4g89tJ",
      "spotify:track:1AofrI6TYzXGIrvKk3tjWe",
      "spotify:track:061rTXN3Rdlvk0x3GDGtQy",
      "spotify:track:3cCPT7eJhpYXXlH2pbWhfP",
      "spotify:track:1B62o4CbdL9ckGvwsz2cgn",
      "spotify:track:29xE91g0DONeUAgbAtjAMJ",
      "spotify:track:6AdsNUCHZwSJAuhoLOVLR6",
      "spotify:track:273QnyCvJB65rScHJ1nPZb",
      "spotify:track:44A0o4jA8F2ZF03Zacwlwx",
      "spotify:track:0Z57YWES04xGh3AImDz6Qr",
      "spotify:track:0VEckWCkjfEPFEhsly59hK",
      "spotify:track:4YoGMmUJJ9dZpQ2CLOmPl2",
      "spotify:track:3qhlB30KknSejmIvZZLjOD",
      "spotify:track:5jgFfDIR6FR0gvlA56Nakr",
      "spotify:track:1QJ2l3k2BFJypRUT5M4mLg",
      "spotify:track:5PbdVk09VHHcvGa0pX86RP"
    ],
    "message_mix_id": "37i9dQZF1Epn6P2DZqJT0l",
    "message_type": "ON_REPEAT"
  },
  {
    "timestamp_utc": "2024-09-25T02:51:02.197Z",
    "context_time": 1727232662197,
    "message_contents": [
      "spotify:track:6zupPNGun4zG87eto8RjUo",
      "spotify:track:4U45aEWtQhrm8A5mxPaFZ7",
      "spotify:track:6v0UJD4a2FtleHeSYVX02A",
      "spotify:track:3RTIYfHCoHIukOD5qMgGwY",
      "spotify:track:6pIciAIov7TP5Zj4PTN9rc",
      "spotify:track:1HMQmOWrkieKYWlFsjUP3D",
      "spotify:track:75JFxkI2RXiU7L9VXzMkle",
      "spotify:track:4RL77hMWUq35NYnPLXBpih",
      "spotify:track:0u2P5u6lvoDfwTYjAADbn4",
      "spotify:track:6uHvbKL0Yi37AuvNRmUfMw",
      "spotify:track:4S1VYqwfkLit9mKVY3MXoo",
      "spotify:track:1D4XFKolp63mNqqMXJJL1V",
      "spotify:track:0VEckWCkjfEPFEhsly59hK",
      "spotify:track:7jmHyHMEqm9MJWiMAneF05",
      "spotify:track:44A0o4jA8F2ZF03Zacwlwx",
      "spotify:track:2qhASBzpbFhPRtrnZ5lLnz",
      "spotify:track:6q4c1vPRZREh7nw3wG7Ixz",
      "spotify:track:6ylAVPbjRQoNY0khgh63Jf",
      "spotify:track:2IAzLFdULtSCi4lLCLG8xh",
      "spotify:track:2F94KDtJjCdzZYCQWBliRC",
      "spotify:track:3BnDvpeuGOj21Ir2aVEtQo",
      "spotify:track:6w8ZPYdnGajyfPddTWdthN",
      "spotify:track:2LawezPeJhN4AWuSB0GtAU",
      "spotify:track:1WN4uNclrDuczTO3bCr8s1",
      "spotify:track:1tt89QYK4SuPjBrgnfewLk",
      "spotify:track:2DRMuw0U0QbkVQxWxdJV3M",
      "spotify:track:2wlZIwHXloe802coeEhJ3T",
      "spotify:track:6HSXNV0b4M4cLJ7ljgVVeh",
      "spotify:track:3bHhUEOTIbezeZ856R0BX5",
      "spotify:track:0DuWDLjriRPjDRoPgaCslY"
    ],
    "message_mix_id": "37i9dQZF1EpKQCUHf9XxvD",
    "message_type": "BACKTRACKS"
  },
  {
    "timestamp_utc": "2024-10-22T01:57:50.562Z",
    "context_time": 1729562270562,
    "message_contents": [
      "spotify:track:0K7RrcTOdaRY0pz8TSwxnh",
      "spotify:track:3RTIYfHCoHIukOD5qMgGwY",
      "spotify:track:6O5TrlFWTYvznd9fMC0VvU",
      "spotify:track:43zdsphuZLzwA9k4DJhU0I",
      "spotify:track:6si71supnBUhddjR2FJc2L",
      "spotify:track:2ixsaeFioXJmMgkkbd4uj1",
      "spotify:track:6v0UJD4a2FtleHeSYVX02A",
      "spotify:track:3nqqDo8CcCLke3ZoTgiOKf",
      "spotify:track:2gMXnyrvIjhVBUZwvLZDMP",
      "spotify:track:1HMQmOWrkieKYWlFsjUP3D",
      "spotify:track:1CRtJS94Hq3PbBZT9LuF90",
      "spotify:track:0u2P5u6lvoDfwTYjAADbn4",
      "spotify:track:5GbVzc6Ex5LYlLJqzRQhuy",
      "spotify:track:1D4XFKolp63mNqqMXJJL1V",
      "spotify:track:2DRMuw0U0QbkVQxWxdJV3M",
      "spotify:track:6me7F0aaZjwDo6RJ5MrfBD",
      "spotify:track:456WNXWhDwYOSf5SpTuqxd",
      "spotify:track:4RL77hMWUq35NYnPLXBpih",
      "spotify:track:2qBmtZnPSQouvADmqaHKxk",
      "spotify:track:076HUj0TPUnBidZdy9PEyx",
      "spotify:track:6uHvbKL0Yi37AuvNRmUfMw",
      "spotify:track:2epbL7s3RFV81K5UhTgZje",
      "spotify:track:0DuWDLjriRPjDRoPgaCslY",
      "spotify:track:6q4c1vPRZREh7nw3wG7Ixz",
      "spotify:track:6ylAVPbjRQoNY0khgh63Jf",
      "spotify:track:2MpkOip9Tt8YjZM3nVl361",
      "spotify:track:3ZCTVFBt2Brf31RLEnCkWJ",
      "spotify:track:6IV5sJbmLJ9KbEQatq6d4G",
      "spotify:track:563SfWAHJs4FBZMkRN0IFN",
      "spotify:track:2uXlHCUbq9OMUwx3hrk06o"
    ],
    "message_mix_id": "37i9dQZF1EpKQCUHf9XxvD",
    "message_type": "BACKTRACKS"
  },
  {
    "timestamp_utc": "2024-10-04T03:47:12.163Z",
    "context_time": 1728013632163,
    "message_contents": [
      "spotify:track:3qhlB30KknSejmIvZZLjOD",
      "spotify:track:7qBENtVsjHWpkCNKTTGyJN",
      "spotify:track:3cCPT7eJhpYXXlH2pbWhfP",
      "spotify:track:3JvKfv6T31zO0ini8iNItO",
      "spotify:track:19XpFsce28aByvCC4g89tJ",
      "spotify:track:3hRV0jL3vUpRrcy398teAU",
      "spotify:track:3Kkjo3cT83cw09VJyrLNwX",
      "spotify:track:5hnyJvgoWiQUYZttV4wXy6",
      "spotify:track:29xE91g0DONeUAgbAtjAMJ",
      "spotify:track:4x1dWc1GgAfC04GcTlllax",
      "spotify:track:4YoGMmUJJ9dZpQ2CLOmPl2",
      "spotify:track:5GbVzc6Ex5LYlLJqzRQhuy",
      "spotify:track:2nMeu6UenVvwUktBCpLMK9",
      "spotify:track:0DwClY2t9YAWHBROMIgrXb",
      "spotify:track:273QnyCvJB65rScHJ1nPZb",
      "spotify:track:2TkmosdPkJXcjhvMzscrYP",
      "spotify:track:4FN4D7vWOV9uigDDw8nr0A",
      "spotify:track:0TK89ymMmrdq4xXOD1G1RO",
      "spotify:track:4RvW5ggYKC7bCDX4UUSSDc",
      "spotify:track:1CRtJS94Hq3PbBZT9LuF90",
      "spotify:track:4sDbdBjuYQVdNNB4PiHUPo",
      "spotify:track:6J2LdBN97cDWn0MLxYh9HB",
      "spotify:track:6iY2rKAVgTTaMJBbSndsiU",
      "spotify:track:6VObnIkLVruX4UVyxWhlqm",
      "spotify:track:0K7RrcTOdaRY0pz8TSwxnh",
      "spotify:track:6dOtVTDdiauQNBQEDOtlAB",
      "spotify:track:44A0o4jA8F2ZF03Zacwlwx",
      "spotify:track:7jmHyHMEqm9MJWiMAneF05",
      "spotify:track:0DuWDLjriRPjDRoPgaCslY",
      "spotify:track:2DjWsDGgL1xNbhnr7f6t5F"
    ],
    "message_mix_id": "37i9dQZF1Epn6P2DZqJT0l",
    "message_type": "ON_REPEAT"
  },
  {
    "timestamp_utc": "2024-11-03T00:31:54.494Z",
    "context_time": 1730593914494,
    "message_contents": [
      "spotify:track:3bLo59hMbXji4GaXHheJav",
      "spotify:track:0K7RrcTOdaRY0pz8TSwxnh",
      "spotify:track:1CRtJS94Hq3PbBZT9LuF90",
      "spotify:track:6dOtVTDdiauQNBQEDOtlAB",
      "spotify:track:076HUj0TPUnBidZdy9PEyx",
      "spotify:track:6IV5sJbmLJ9KbEQatq6d4G",
      "spotify:track:6v0UJD4a2FtleHeSYVX02A",
      "spotify:track:0RsXkqnuQCrSOQCur6V1UJ",
      "spotify:track:29xE91g0DONeUAgbAtjAMJ",
      "spotify:track:0VEckWCkjfEPFEhsly59hK",
      "spotify:track:563SfWAHJs4FBZMkRN0IFN",
      "spotify:track:4x5YzxjrF9wvIIXJV7TveC",
      "spotify:track:2TkmosdPkJXcjhvMzscrYP",
      "spotify:track:3WD91HQDBIavSapet3ZpjG",
      "spotify:track:2qBmtZnPSQouvADmqaHKxk",
      "spotify:track:44A0o4jA8F2ZF03Zacwlwx",
      "spotify:track:5hnyJvgoWiQUYZttV4wXy6",
      "spotify:track:43zdsphuZLzwA9k4DJhU0I",
      "spotify:track:0DuWDLjriRPjDRoPgaCslY",
      "spotify:track:6iY2rKAVgTTaMJBbSndsiU",
      "spotify:track:4cwCGscTjO9FwgtRU9QIAe",
      "spotify:track:5GbVzc6Ex5LYlLJqzRQhuy",
      "spotify:track:6O5TrlFWTYvznd9fMC0VvU",
      "spotify:track:2gVHZ9GmBjUX76jaI2syD7",
      "spotify:track:6me7F0aaZjwDo6RJ5MrfBD",
      "spotify:track:0TK89ymMmrdq4xXOD1G1RO",
      "spotify:track:6DEMMeWXfmFAXgDUMMzeg6",
      "spotify:track:5y788ya4NvwhBznoDIcXwK",
      "spotify:track:3QhfFRPkhPCR1RMJWV1gde",
      "spotify:track:52APn0QJbjtcHRK0fiXpL6"
    ],
    "message_mix_id": "37i9dQZF1EpKQCUHf9XxvD",
    "message_type": "BACKTRACKS"
  },
  {
    "timestamp_utc": "2024-09-09T02:59:43.106Z",
    "context_time": 1725850783106,
    "message_contents": [
      "spotify:track:3hRV0jL3vUpRrcy398teAU",
      "spotify:track:5Z0UnEtpLDQyYlWwgi8m9C",
      "spotify:track:5PuJtgZFBzZ98GIWDpS2sF",
      "spotify:track:2nMeu6UenVvwUktBCpLMK9",
      "spotify:track:3JvKfv6T31zO0ini8iNItO",
      "spotify:track:3qhlB30KknSejmIvZZLjOD",
      "spotify:track:6si71supnBUhddjR2FJc2L",
      "spotify:track:3nqqDo8CcCLke3ZoTgiOKf",
      "spotify:track:2uXlHCUbq9OMUwx3hrk06o",
      "spotify:track:6dOtVTDdiauQNBQEDOtlAB",
      "spotify:track:2ixsaeFioXJmMgkkbd4uj1",
      "spotify:track:3cCPT7eJhpYXXlH2pbWhfP",
      "spotify:track:456WNXWhDwYOSf5SpTuqxd",
      "spotify:track:0K7RrcTOdaRY0pz8TSwxnh",
      "spotify:track:2epbL7s3RFV81K5UhTgZje",
      "spotify:track:3M7Ab3IGSb7vNoLWqDbXVF",
      "spotify:track:0DuWDLjriRPjDRoPgaCslY",
      "spotify:track:4x5YzxjrF9wvIIXJV7TveC",
      "spotify:track:44A0o4jA8F2ZF03Zacwlwx",
      "spotify:track:2gMXnyrvIjhVBUZwvLZDMP",
      "spotify:track:1CRtJS94Hq3PbBZT9LuF90",
      "spotify:track:4kLLWz7srcuLKA7Et40PQR",
      "spotify:track:4cwCGscTjO9FwgtRU9QIAe",
      "spotify:track:43zdsphuZLzwA9k4DJhU0I",
      "spotify:track:2DRMuw0U0QbkVQxWxdJV3M",
      "spotify:track:3nqQXoyQOWXiESFLlDF1hG",
      "spotify:track:5hnyJvgoWiQUYZttV4wXy6",
      "spotify:track:3RTIYfHCoHIukOD5qMgGwY",
      "spotify:track:4YoGMmUJJ9dZpQ2CLOmPl2",
      "spotify:track:3bHhUEOTIbezeZ856R0BX5"
    ],
    "message_mix_id": "37i9dQZF1Epn6P2DZqJT0l",
    "message_type": "ON_REPEAT"
  },
  {
    "timestamp_utc": "2024-09-16T04:44:55.931Z",
    "context_time": 1726461895931,
    "message_contents": [
      "spotify:track:6zupPNGun4zG87eto8RjUo",
      "spotify:track:4U45aEWtQhrm8A5mxPaFZ7",
      "spotify:track:6v0UJD4a2FtleHeSYVX02A",
      "spotify:track:75JFxkI2RXiU7L9VXzMkle",
      "spotify:track:4S1VYqwfkLit9mKVY3MXoo",
      "spotify:track:7jmHyHMEqm9MJWiMAneF05",
      "spotify:track:6O5TrlFWTYvznd9fMC0VvU",
      "spotify:track:6pIciAIov7TP5Zj4PTN9rc",
      "spotify:track:2qhASBzpbFhPRtrnZ5lLnz",
      "spotify:track:3BnDvpeuGOj21Ir2aVEtQo",
      "spotify:track:2LawezPeJhN4AWuSB0GtAU",
      "spotify:track:6uHvbKL0Yi37AuvNRmUfMw",
      "spotify:track:6J2LdBN97cDWn0MLxYh9HB",
      "spotify:track:2IAzLFdULtSCi4lLCLG8xh",
      "spotify:track:6VObnIkLVruX4UVyxWhlqm",
      "spotify:track:2F94KDtJjCdzZYCQWBliRC",
      "spotify:track:4Dvkj6JhhA12EX05fT7y2e",
      "spotify:track:7wMq5n8mYSKlQIGECKUgTX",
      "spotify:track:4YoGMmUJJ9dZpQ2CLOmPl2",
      "spotify:track:1Jaah2tmN9Hv81A87KZ1MU",
      "spotify:track:1WN4uNclrDuczTO3bCr8s1",
      "spotify:track:0BCPKOYdS2jbQ8iyB56Zns",
      "spotify:track:43zdsphuZLzwA9k4DJhU0I",
      "spotify:track:6aX2LyT7zpTLe3iZfDeHki",
      "spotify:track:6ylAVPbjRQoNY0khgh63Jf",
      "spotify:track:6q4c1vPRZREh7nw3wG7Ixz",
      "spotify:track:4RL77hMWUq35NYnPLXBpih",
      "spotify:track:2wlZIwHXloe802coeEhJ3T",
      "spotify:track:2J2Z1SkXYghSajLibnQHOa",
      "spotify:track:6HSXNV0b4M4cLJ7ljgVVeh"
    ],
    "message_mix_id": "37i9dQZF1EpKQCUHf9XxvD",
    "message_type": "BACKTRACKS"
  }
]