[
  {
    "timestamp_utc": "2024-11-24T21:29:20.901Z",
    "context_application_version": "8.9.94.418",
    "context_conn_country": "FR",
    "context_device_manufacturer": "apple",
    "context_device_model": "iPhone14,5",
    "context_device_type": "mobile",
    "context_os_name": "ios",
    "context_os_version": "17.6.1",
    "context_receiver_service_timestamp": 1732483766878,
    "context_time": 1732483760901,
    "message_app_version": null,
    "message_complication_enabled": false,
    "message_hardware_model": null,
    "message_paired": true,
    "message_system_version": null,
    "message_watch_app_installed": true
  },
  {
    "timestamp_utc": "2024-10-15T16:23:13.525Z",
    "context_application_version": "8.9.76.516",
    "context_conn_country": "FR",
    "context_device_manufacturer": "apple",
    "context_device_model": "iPhone14,5",
    "context_device_type": "mobile",
    "context_os_name": "ios",
    "context_os_version": "17.6.1",
    "context_receiver_service_timestamp": 1729009395015,
    "context_time": 1729009393525,
    "message_app_version": "8.9.76.516",
    "message_complication_enabled": false,
    "message_hardware_model": "Watch3,3",
    "message_paired": true,
    "message_system_version": "8.8.1",
    "message_watch_app_installed": true
  },
  {
    "timestamp_utc": "2024-11-22T09:05:06.673Z",
    "context_application_version": "8.9.94.418",
    "context_conn_country": "FR",
    "context_device_manufacturer": "apple",
    "context_device_model": "iPhone14,5",
    "context_device_type": "mobile",
    "context_os_name": "ios",
    "context_os_version": "17.6.1",
    "context_receiver_service_timestamp": 1732266329311,
    "context_time": 1732266306673,
    "message_app_version": null,
    "message_complication_enabled": false,
    "message_hardware_model": null,
    "message_paired": true,
    "message_system_version": null,
    "message_watch_app_installed": true
  },
  {
    "timestamp_utc": "2024-09-12T11:44:29.811Z",
    "context_application_version": "8.9.68.490",
    "context_conn_country": "FR",
    "context_device_manufacturer": "apple",
    "context_device_model": "iPhone14,5",
    "context_device_type": "mobile",
    "context_os_name": "ios",
    "context_os_version": "17.6.1",
    "context_receiver_service_timestamp": 1726141470586,
    "context_time": 1726141469811,
    "message_app_version": null,
    "message_complication_enabled": false,
    "message_hardware_model": null,
    "message_paired": true,
    "message_system_version": null,
    "message_watch_app_installed": true
  },
  {
    "timestamp_utc": "2024-11-14T12:36:34.466Z",
    "context_application_version": "8.9.90.84",
    "context_conn_country": "FR",
    "context_device_manufacturer": "apple",
    "context_device_model": "iPhone14,5",
    "context_device_type": "mobile",
    "context_os_name": "ios",
    "context_os_version": "17.6.1",
    "context_receiver_service_timestamp": 1731587807551,
    "context_time": 1731587794466,
    "message_app_version": null,
    "message_complication_enabled": false,
    "message_hardware_model": null,
    "message_paired": true,
    "message_system_version": null,
    "message_watch_app_installed": true
  },
  {
    "timestamp_utc": "2024-11-19T12:36:14.207Z",
    "context_application_version": "8.9.90.84",
    "context_conn_country": "FR",
    "context_device_manufacturer": "apple",
    "context_device_model": "iPhone14,5",
    "context_device_type": "mobile",
    "context_os_name": "ios",
    "context_os_version": "17.6.1",
    "context_receiver_service_timestamp": 1732019793729,
    "context_time": 1732019774207,
    "message_app_version": null,
    "message_complication_enabled": false,
    "message_hardware_model": null,
    "message_paired": true,
    "message_system_version": null,
    "message_watch_app_installed": true
  },
  {
    "timestamp_utc": "2024-09-13T14:43:45.772Z",
    "context_application_version": "8.9.68.490",
    "context_conn_country": "FR",
    "context_device_manufacturer": "apple",
    "context_device_model": "iPhone14,5",
    "context_device_type": "mobile",
    "context_os_name": "ios",
    "context_os_version": "17.6.1",
    "context_receiver_service_timestamp": 1726238634208,
    "context_time": 1726238625772,
    "message_app_version": null,
    "message_complication_enabled": false,
    "message_hardware_model": null,
    "message_paired": true,
    "message_system_version": null,
    "message_watch_app_installed": true
  },
  {
    "timestamp_utc": "2024-10-04T16:23:54.440Z",
    "context_application_version": "8.9.76.516",
    "context_conn_country": "FR",
    "context_device_manufacturer": "apple",
    "context_device_model": "iPhone14,5",
    "context_device_type": "mobile",
    "context_os_name": "ios",
    "context_os_version": "17.6.1",
    "context_receiver_service_timestamp": 1728059063882,
    "context_time": 1728059034440,
    "message_app_version": null,
    "message_complication_enabled": false,
    "message_hardware_model": null,
    "message_paired": true,
    "message_system_version": null,
    "message_watch_app_installed": true
  },
  {
    "timestamp_utc": "2024-12-03T09:32:34.486Z",
    "context_application_version": "8.9.94.418",
    "context_conn_country": "FR",
    "context_device_manufacturer": "apple",
    "context_device_model": "iPhone14,5",
    "context_device_type": "mobile",
    "context_os_name": "ios",
    "context_os_version": "18.1.1",
    "context_receiver_service_timestamp": 1733218357769,
    "context_time": 1733218354486,
    "message_app_version": null,
    "message_complication_enabled": false,
    "message_hardware_model": null,
    "message_paired": true,
    "message_system_version": null,
    "message_watch_app_installed": true
  },
  {
    "timestamp_utc": "2024-11-18T17:13:10.656Z",
    "context_application_version": "8.9.90.84",
    "context_conn_country": "FR",
    "context_device_manufacturer": "apple",
    "context_device_model": "iPhone14,5",
    "context_device_type": "mobile",
    "context_os_name": "ios",
    "context_os_version": "17.6.1",
    "context_receiver_service_timestamp": 1731950010402,
    "context_time": 1731949990656,
    "message_app_version": "8.9.90.84",
    "message_complication_enabled": false,
    "message_hardware_model": "Watch3,3",
    "message_paired": true,
    "message_system_version": "8.8.1",
    "message_watch_app_installed": true
  },
  {
    "timestamp_utc": "2024-11-23T11:25:18.033Z",
    "context_application_version": "8.9.94.418",
    "context_conn_country": "FR",
    "context_device_manufacturer": "apple",
    "context_device_model": "iPhone14,5",
    "context_device_type": "mobile",
    "context_os_name": "ios",
    "context_os_version": "17.6.1",
    "context_receiver_service_timestamp": 1732361137615,
    "context_time": 1732361118033,
    "message_app_version": null,
    "message_complication_enabled": false,
    "message_hardware_model": null,
    "message_paired": true,
    "message_system_version": null,
    "message_watch_app_installed": true
  },
  {
    "timestamp_utc": "2024-11-10T23:42:21.459Z",
    "context_application_version": "8.9.86.419",
    "context_conn_country": "FR",
    "context_device_manufacturer": "apple",
    "context_device_model": "iPhone14,5",
    "context_device_type": "mobile",
    "context_os_name": "ios",
    "context_os_version": "17.6.1",
    "context_receiver_service_timestamp": 1731282154813,
    "context_time": 1731282141459,
    "message_app_version": null,
    "message_complication_enabled": false,
    "message_hardware_model": null,
    "message_paired": true,
    "message_system_version": null,
    "message_watch_app_installed": true
  },
  {
    "timestamp_utc": "2024-11-24T19:28:22.077Z",
    "context_application_version": "8.9.94.418",
    "context_conn_country": "FR",
    "context_device_manufacturer": "apple",
    "context_device_model": "iPhone14,5",
    "context_device_type": "mobile",
    "context_os_name": "ios",
    "context_os_version": "17.6.1",
    "context_receiver_service_timestamp": 1732476517782,
    "context_time": 1732476502077,
    "message_app_version": null,
    "message_complication_enabled": false,
    "message_hardware_model": null,
    "message_paired": true,
    "message_system_version": null,
    "message_watch_app_installed": true
  },
  {
    "timestamp_utc": "2024-09-17T16:12:16.295Z",
    "context_application_version": "8.9.74.535",
    "context_conn_country": "FR",
    "context_device_manufacturer": "apple",
    "context_device_model": "iPhone14,5",
    "context_device_type": "mobile",
    "context_os_name": "ios",
    "context_os_version": "17.6.1",
    "context_receiver_service_timestamp": 1726645156198,
    "context_time": 1726589536295,
    "message_app_version": null,
    "message_complication_enabled": false,
    "message_hardware_model": null,
    "message_paired": true,
    "message_system_version": null,
    "message_watch_app_installed": true
  },
  {
    "timestamp_utc": "2024-11-22T09:05:49.472Z",
    "context_application_version": "8.9.94.418",
    "context_conn_country": "FR",
    "context_device_manufacturer": "apple",
    "context_device_model": "iPhone14,5",
    "context_device_type": "mobile",
    "context_os_name": "ios",
    "context_os_version": "17.6.1",
    "context_receiver_service_timestamp": 1732266354699,
    "context_time": 1732266349472,
    "message_app_version": "8.9.94.418",
    "message_complication_enabled": false,
    "message_hardware_model": "Watch3,3",
    "message_paired": true,
    "message_system_version": "8.8.1",
    "message_watch_app_installed": true
  },
  {
    "timestamp_utc": "2024-11-11T11:17:52.220Z",
    "context_application_version": "8.9.86.419",
    "context_conn_country": "FR",
    "context_device_manufacturer": "apple",
    "context_device_model": "iPhone14,5",
    "context_device_type": "mobile",
    "context_os_name": "ios",
    "context_os_version": "17.6.1",
    "context_receiver_service_timestamp": 1731323873974,
    "context_time": 1731323872220,
    "message_app_version": null,
    "message_complication_enabled": false,
    "message_hardware_model": null,
    "message_paired": true,
    "message_system_version": null,
    "message_watch_app_installed": true
  },
  {
    "timestamp_utc": "2024-09-19T09:08:46.195Z",
    "context_application_version": "8.9.74.535",
    "context_conn_country": "FR",
    "context_device_manufacturer": "apple",
    "context_device_model": "iPhone14,5",
    "context_device_type": "mobile",
    "context_os_name": "ios",
    "context_os_version": "17.6.1",
    "context_receiver_service_timestamp": 1726736933294,
    "context_time": 1726736926195,
    "message_app_version": null,
    "message_complication_enabled": false,
    "message_hardware_model": null,
    "message_paired": true,
    "message_system_version": null,
    "message_watch_app_installed": true
  },
  {
    "timestamp_utc": "2024-10-24T11:25:38.084Z",
    "context_application_version": "8.9.82.628",
    "context_conn_country": "FR",
    "context_device_manufacturer": "apple",
    "context_device_model": "iPhone14,5",
    "context_device_type": "mobile",
    "context_os_name": "ios",
    "context_os_version": "17.6.1",
    "context_receiver_service_timestamp": 1729769167476,
    "context_time": 1729769138084,
    "message_app_version": "8.9.82.628",
    "message_complication_enabled": false,
    "message_hardware_model": "Watch3,3",
    "message_paired": true,
    "message_system_version": "8.8.1",
    "message_watch_app_installed": true
  },
  {
    "timestamp_utc": "2024-11-21T15:19:10.547Z",
    "context_application_version": "8.9.90.84",
    "context_conn_country": "FR",
    "context_device_manufacturer": "apple",
    "context_device_model": "iPhone14,5",
    "context_device_type": "mobile",
    "context_os_name": "ios",
    "context_os_version": "17.6.1",
    "context_receiver_service_timestamp": 1732202353860,
    "context_time": 1732202350547,
    "message_app_version": null,
    "message_complication_enabled": false,
    "message_hardware_model": null,
    "message_paired": true,
    "message_system_version": null,
    "message_watch_app_installed": true
  },
  {
    "timestamp_utc": "2024-09-26T12:00:09.381Z",
    "context_application_version": "8.9.74.535",
    "context_conn_country": "FR",
    "context_device_manufacturer": "apple",
    "context_device_model": "iPhone14,5",
    "context_device_type": "mobile",
    "context_os_name": "ios",
    "context_os_version": "17.6.1",
    "context_receiver_service_timestamp": 1727352014749,
    "context_time": 1727352009381,
    "message_app_version": null,
    "message_complication_enabled": false,
    "message_hardware_model": null,
    "message_paired": true,
    "message_system_version": null,
    "message_watch_app_installed": true
  },
  {
    "timestamp_utc": "2024-10-08T11:22:19.842Z",
    "context_application_version": "8.9.76.516",
    "context_conn_country": "FR",
    "context_device_manufacturer": "apple",
    "context_device_model": "iPhone14,5",
    "context_device_type": "mobile",
    "context_os_name": "ios",
    "context_os_version": "17.6.1",
    "context_receiver_service_timestamp": 1728386545267,
    "context_time": 1728386539842,
    "message_app_version": null,
    "message_complication_enabled": false,
    "message_hardware_model": null,
    "message_paired": true,
    "message_system_version": null,
    "message_watch_app_installed": true
  },
  {
    "timestamp_utc": "2024-11-24T21:30:28.493Z",
    "context_application_version": "8.9.94.418",
    "context_conn_country": "FR",
    "context_device_manufacturer": "apple",
    "context_device_model": "iPhone14,5",
    "context_device_type": "mobile",
    "context_os_name": "ios",
    "context_os_version": "17.6.1",
    "context_receiver_service_timestamp": 1732483836191,
    "context_time": 1732483828493,
    "message_app_version": null,
    "message_complication_enabled": false,
    "message_hardware_model": null,
    "message_paired": true,
    "message_system_version": null,
    "message_watch_app_installed": true
  },
  {
    "timestamp_utc": "2024-10-17T16:09:18.301Z",
    "context_application_version": "8.9.76.516",
    "context_conn_country": "FR",
    "context_device_manufacturer": "apple",
    "context_device_model": "iPhone14,5",
    "context_device_type": "mobile",
    "context_os_name": "ios",
    "context_os_version": "17.6.1",
    "context_receiver_service_timestamp": 1729181368507,
    "context_time": 1729181358301,
    "message_app_version": null,
    "message_complication_enabled": false,
    "message_hardware_model": null,
    "message_paired": true,
    "message_system_version": null,
    "message_watch_app_installed": true
  },
  {
    "timestamp_utc": "2024-11-11T08:21:45.780Z",
    "context_application_version": "8.9.86.419",
    "context_conn_country": "FR",
    "context_device_manufacturer": "apple",
    "context_device_model": "iPhone14,5",
    "context_device_type": "mobile",
    "context_os_name": "ios",
    "context_os_version": "17.6.1",
    "context_receiver_service_timestamp": 1731313325093,
    "context_time": 1731313305780,
    "message_app_version": null,
    "message_complication_enabled": false,
    "message_hardware_model": null,
    "message_paired": true,
    "message_system_version": null,
    "message_watch_app_installed": true
  },
  {
    "timestamp_utc": "2024-09-24T16:07:21.541Z",
    "context_application_version": "8.9.74.535",
    "context_conn_country": "FR",
    "context_device_manufacturer": "apple",
    "context_device_model": "iPhone14,5",
    "context_device_type": "mobile",
    "context_os_name": "ios",
    "context_os_version": "17.6.1",
    "context_receiver_service_timestamp": 1727194061193,
    "context_time": 1727194041541,
    "message_app_version": null,
    "message_complication_enabled": false,
    "message_hardware_model": null,
    "message_paired": true,
    "message_system_version": null,
    "message_watch_app_installed": true
  },
  {
    "timestamp_utc": "2024-10-03T17:01:31.478Z",
    "context_application_version": "8.9.76.516",
    "context_conn_country": "FR",
    "context_device_manufacturer": "apple",
    "context_device_model": "iPhone14,5",
    "context_device_type": "mobile",
    "context_os_name": "ios",
    "context_os_version": "17.6.1",
    "context_receiver_service_timestamp": 1727974903459,
    "context_time": 1727974891478,
    "message_app_version": null,
    "message_complication_enabled": false,
    "message_hardware_model": null,
    "message_paired": true,
    "message_system_version": null,
    "message_watch_app_installed": true
  },
  {
    "timestamp_utc": "2024-11-26T17:21:11.793Z",
    "context_application_version": "8.9.94.418",
    "context_conn_country": "FR",
    "context_device_manufacturer": "apple",
    "context_device_model": "iPhone14,5",
    "context_device_type": "mobile",
    "context_os_name": "ios",
    "context_os_version": "17.6.1",
    "context_receiver_service_timestamp": 1732641691107,
    "context_time": 1732641671793,
    "message_app_version": null,
    "message_complication_enabled": false,
    "message_hardware_model": null,
    "message_paired": true,
    "message_system_version": null,
    "message_watch_app_installed": true
  },
  {
    "timestamp_utc": "2024-09-17T07:42:15.552Z",
    "context_application_version": "8.9.74.535",
    "context_conn_country": "FR",
    "context_device_manufacturer": "apple",
    "context_device_model": "iPhone14,5",
    "context_device_type": "mobile",
    "context_os_name": "ios",
    "context_os_version": "17.6.1",
    "context_receiver_service_timestamp": 1726565198785,
    "context_time": 1726558935552,
    "message_app_version": "8.9.74.535",
    "message_complication_enabled": false,
    "message_hardware_model": "Watch3,3",
    "message_paired": true,
    "message_system_version": "8.8.1",
    "message_watch_app_installed": true
  },
  {
    "timestamp_utc": "2024-10-03T12:17:02.241Z",
    "context_application_version": "8.9.76.516",
    "context_conn_country": "FR",
    "context_device_manufacturer": "apple",
    "context_device_model": "iPhone14,5",
    "context_device_type": "mobile",
    "context_os_name": "ios",
    "context_os_version": "17.6.1",
    "context_receiver_service_timestamp": 1727957826525,
    "context_time": 1727957822241,
    "message_app_version": "8.9.76.516",
    "message_complication_enabled": false,
    "message_hardware_model": "Watch3,3",
    "message_paired": true,
    "message_system_version": "8.8.1",
    "message_watch_app_installed": true
  },
  {
    "timestamp_utc": "2024-09-07T14:33:06.965Z",
    "context_application_version": "8.9.68.490",
    "context_conn_country": "MA",
    "context_device_manufacturer": "apple",
    "context_device_model": "iPhone14,5",
    "context_device_type": "mobile",
    "context_os_name": "ios",
    "context_os_version": "17.5.1",
    "context_receiver_service_timestamp": 1725719590349,
    "context_time": 1725719586965,
    "message_app_version": null,
    "message_complication_enabled": false,
    "message_hardware_model": null,
    "message_paired": true,
    "message_system_version": null,
    "message_watch_app_installed": false
  },
  {
    "timestamp_utc": "2024-11-18T08:19:12.156Z",
    "context_application_version": "8.9.90.84",
    "context_conn_country": "FR",
    "context_device_manufacturer": "apple",
    "context_device_model": "iPhone14,5",
    "context_device_type": "mobile",
    "context_os_name": "ios",
    "context_os_version": "17.6.1",
    "context_receiver_service_timestamp": 1731917958507,
    "context_time": 1731917952156,
    "message_app_version": null,
    "message_complication_enabled": false,
    "message_hardware_model": null,
    "message_paired": true,
    "message_system_version": null,
    "message_watch_app_installed": true
  },
  {
    "timestamp_utc": "2024-09-25T07:18:05.473Z",
    "context_application_version": "8.9.74.535",
    "context_conn_country": "FR",
    "context_device_manufacturer": "apple",
    "context_device_model": "iPhone14,5",
    "context_device_type": "mobile",
    "context_os_name": "ios",
    "context_os_version": "17.6.1",
    "context_receiver_service_timestamp": 1727248696060,
    "context_time": 1727248685473,
    "message_app_version": null,
    "message_complication_enabled": false,
    "message_hardware_model": null,
    "message_paired": true,
    "message_system_version": null,
    "message_watch_app_installed": true
  },
  {
    "timestamp_utc": "2024-10-09T16:14:26.613Z",
    "context_application_version": "8.9.76.516",
    "context_conn_country": "FR",
    "context_device_manufacturer": "apple",
    "context_device_model": "iPhone14,5",
    "context_device_type": "mobile",
    "context_os_name": "ios",
    "context_os_version": "17.6.1",
    "context_receiver_service_timestamp": 1728490486368,
    "context_time": 1728490466613,
    "message_app_version": null,
    "message_complication_enabled": false,
    "message_hardware_model": null,
    "message_paired": true,
    "message_system_version": null,
    "message_watch_app_installed": true
  },
  {
    "timestamp_utc": "2024-10-04T16:24:04.463Z",
    "context_application_version": "8.9.76.516",
    "context_conn_country": "FR",
    "context_device_manufacturer": "apple",
    "context_device_model": "iPhone14,5",
    "context_device_type": "mobile",
    "context_os_name": "ios",
    "context_os_version": "17.6.1",
    "context_receiver_service_timestamp": 1728059063882,
    "context_time": 1728059044463,
    "message_app_version": null,
    "message_complication_enabled": false,
    "message_hardware_model": null,
    "message_paired": true,
    "message_system_version": null,
    "message_watch_app_installed": true
  },
  {
    "timestamp_utc": "2024-09-29T13:35:52.001Z",
    "context_application_version": "8.9.76.516",
    "context_conn_country": "FR",
    "context_device_manufacturer": "apple",
    "context_device_model": "iPhone14,5",
    "context_device_type": "mobile",
    "context_os_name": "ios",
    "context_os_version": "17.6.1",
    "context_receiver_service_timestamp": 1727618177338,
    "context_time": 1727616952001,
    "message_app_version": "8.9.76.516",
    "message_complication_enabled": false,
    "message_hardware_model": "Watch3,3",
    "message_paired": true,
    "message_system_version": "8.8.1",
    "message_watch_app_installed": true
  },
  {
    "timestamp_utc": "2024-10-22T11:49:43.649Z",
    "context_application_version": "8.9.82.628",
    "context_conn_country": "FR",
    "context_device_manufacturer": "apple",
    "context_device_model": "iPhone14,5",
    "context_device_type": "mobile",
    "context_os_name": "ios",
    "context_os_version": "17.6.1",
    "context_receiver_service_timestamp": 1729598751146,
    "context_time": 1729597783649,
    "message_app_version": null,
    "message_complication_enabled": false,
    "message_hardware_model": null,
    "message_paired": true,
    "message_system_version": null,
    "message_watch_app_installed": true
  },
  {
    "timestamp_utc": "2024-11-06T21:30:49.313Z",
    "context_application_version": "8.9.84.543",
    "context_conn_country": "FR",
    "context_device_manufacturer": "apple",
    "context_device_model": "iPhone14,5",
    "context_device_type": "mobile",
    "context_os_name": "ios",
    "context_os_version": "17.6.1",
    "context_receiver_service_timestamp": 1730928669189,
    "context_time": 1730928649313,
    "message_app_version": null,
    "message_complication_enabled": false,
    "message_hardware_model": null,
    "message_paired": true,
    "message_system_version": null,
    "message_watch_app_installed": true
  },
  {
    "timestamp_utc": "2024-11-24T21:29:10.665Z",
    "context_application_version": "8.9.94.418",
    "context_conn_country": "FR",
    "context_device_manufacturer": "apple",
    "context_device_model": "iPhone14,5",
    "context_device_type": "mobile",
    "context_os_name": "ios",
    "context_os_version": "17.6.1",
    "context_receiver_service_timestamp": 1732483766878,
    "context_time": 1732483750665,
    "message_app_version": null,
    "message_complication_enabled": false,
    "message_hardware_model": null,
    "message_paired": true,
    "message_system_version": null,
    "message_watch_app_installed": true
  },
  {
    "timestamp_utc": "2024-11-25T20:33:09.712Z",
    "context_application_version": "8.9.94.418",
    "context_conn_country": "FR",
    "context_device_manufacturer": "apple",
    "context_device_model": "iPhone14,5",
    "context_device_type": "mobile",
    "context_os_name": "ios",
    "context_os_version": "17.6.1",
    "context_receiver_service_timestamp": 1732566810094,
    "context_time": 1732566789712,
    "message_app_version": "8.9.94.418",
    "message_complication_enabled": false,
    "message_hardware_model": "Watch3,3",
    "message_paired": true,
    "message_system_version": "8.8.1",
    "message_watch_app_installed": true
  },
  {
    "timestamp_utc": "2024-10-17T16:09:08.271Z",
    "context_application_version": "8.9.76.516",
    "context_conn_country": "FR",
    "context_device_manufacturer": "apple",
    "context_device_model": "iPhone14,5",
    "context_device_type": "mobile",
    "context_os_name": "ios",
    "context_os_version": "17.6.1",
    "context_receiver_service_timestamp": 1729181351406,
    "context_time": 1729181348271,
    "message_app_version": null,
    "message_complication_enabled": false,
    "message_hardware_model": null,
    "message_paired": true,
    "message_system_version": null,
    "message_watch_app_installed": true
  },
  {
    "timestamp_utc": "2024-09-24T17:04:56.984Z",
    "context_application_version": "8.9.74.535",
    "context_conn_country": "FR",
    "context_device_manufacturer": "apple",
    "context_device_model": "iPhone14,5",
    "context_device_type": "mobile",
    "context_os_name": "ios",
    "context_os_version": "17.6.1",
    "context_receiver_service_timestamp": 1727197504049,
    "context_time": 1727197496984,
    "message_app_version": null,
    "message_complication_enabled": false,
    "message_hardware_model": null,
    "message_paired": true,
    "message_system_version": null,
    "message_watch_app_installed": true
  },
  {
    "timestamp_utc": "2024-11-18T08:19:02.036Z",
    "context_application_version": "8.9.90.84",
    "context_conn_country": "FR",
    "context_device_manufacturer": "apple",
    "context_device_model": "iPhone14,5",
    "context_device_type": "mobile",
    "context_os_name": "ios",
    "context_os_version": "17.6.1",
    "context_receiver_service_timestamp": 1731917943056,
    "context_time": 1731917942036,
    "message_app_version": null,
    "message_complication_enabled": false,
    "message_hardware_model": null,
    "message_paired": true,
    "message_system_version": null,
    "message_watch_app_installed": true
  },
  {
    "timestamp_utc": "2024-10-11T13:00:53.936Z",
    "context_application_version": "8.9.76.516",
    "context_conn_country": "FR",
    "context_device_manufacturer": "apple",
    "context_device_model": "iPhone14,5",
    "context_device_type": "mobile",
    "context_os_name": "ios",
    "context_os_version": "17.6.1",
    "context_receiver_service_timestamp": 1728652673828,
    "context_time": 1728651653936,
    "message_app_version": null,
    "message_complication_enabled": false,
    "message_hardware_model": null,
    "message_paired": true,
    "message_system_version": null,
    "message_watch_app_installed": true
  },
  {
    "timestamp_utc": "2024-11-12T12:28:31.315Z",
    "context_application_version": "8.9.90.84",
    "context_conn_country": "FR",
    "context_device_manufacturer": "apple",
    "context_device_model": "iPhone14,5",
    "context_device_type": "mobile",
    "context_os_name": "ios",
    "context_os_version": "17.6.1",
    "context_receiver_service_timestamp": 1731414537854,
    "context_time": 1731414511315,
    "message_app_version": null,
    "message_complication_enabled": false,
    "message_hardware_model": null,
    "message_paired": true,
    "message_system_version": null,
    "message_watch_app_installed": true
  },
  {
    "timestamp_utc": "2024-09-17T07:14:49.080Z",
    "context_application_version": "8.9.74.535",
    "context_conn_country": "FR",
    "context_device_manufacturer": "apple",
    "context_device_model": "iPhone14,5",
    "context_device_type": "mobile",
    "context_os_name": "ios",
    "context_os_version": "17.6.1",
    "context_receiver_service_timestamp": 1726557295644,
    "context_time": 1726557289080,
    "message_app_version": null,
    "message_complication_enabled": false,
    "message_hardware_model": null,
    "message_paired": true,
    "message_system_version": null,
    "message_watch_app_installed": false
  },
  {
    "timestamp_utc": "2024-11-04T11:45:15.350Z",
    "context_application_version": "8.9.84.543",
    "context_conn_country": "FR",
    "context_device_manufacturer": "apple",
    "context_device_model": "iPhone14,5",
    "context_device_type": "mobile",
    "context_os_name": "ios",
    "context_os_version": "17.6.1",
    "context_receiver_service_timestamp": 1730720736008,
    "context_time": 1730720715350,
    "message_app_version": null,
    "message_complication_enabled": false,
    "message_hardware_model": null,
    "message_paired": true,
    "message_system_version": null,
    "message_watch_app_installed": true
  },
  {
    "timestamp_utc": "2024-10-11T11:03:16.398Z",
    "context_application_version": "8.9.76.516",
    "context_conn_country": "FR",
    "context_device_manufacturer": "apple",
    "context_device_model": "iPhone14,5",
    "context_device_type": "mobile",
    "context_os_name": "ios",
    "context_os_version": "17.6.1",
    "context_receiver_service_timestamp": 1728644609379,
    "context_time": 1728644596398,
    "message_app_version": null,
    "message_complication_enabled": false,
    "message_hardware_model": null,
    "message_paired": true,
    "message_system_version": null,
    "message_watch_app_installed": true
  },
  {
    "timestamp_utc": "2024-10-24T14:02:24.150Z",
    "context_application_version": "8.9.82.628",
    "context_conn_country": "FR",
    "context_device_manufacturer": "apple",
    "context_device_model": "iPhone14,5",
    "context_device_type": "mobile",
    "context_os_name": "ios",
    "context_os_version": "17.6.1",
    "context_receiver_service_timestamp": 1729778563412,
    "context_time": 1729778544150,
    "message_app_version": null,
    "message_complication_enabled": false,
    "message_hardware_model": null,
    "message_paired": true,
    "message_system_version": null,
    "message_watch_app_installed": true
  },
  {
    "timestamp_utc": "2024-09-08T08:18:48.557Z",
    "context_application_version": "8.9.68.490",
    "context_conn_country": "FR",
    "context_device_manufacturer": "apple",
    "context_device_model": "iPhone14,5",
    "context_device_type": "mobile",
    "context_os_name": "ios",
    "context_os_version": "17.5.1",
    "context_receiver_service_timestamp": 1725798767279,
    "context_time": 1725783528557,
    "message_app_version": null,
    "message_complication_enabled": false,
    "message_hardware_model": null,
    "message_paired": true,
    "message_system_version": null,
    "message_watch_app_installed": true
  },
  {
    "timestamp_utc": "2024-11-10T23:42:21.459Z",
    "context_application_version": "8.9.86.419",
    "context_conn_country": "FR",
    "context_device_manufacturer": "apple",
    "context_device_model": "iPhone14,5",
    "context_device_type": "mobile",
    "context_os_name": "ios",
    "context_os_version": "17.6.1",
    "context_receiver_service_timestamp": 1731313295748,
    "context_time": 1731282141459,
    "message_app_version": null,
    "message_complication_enabled": false,
    "message_hardware_model": null,
    "message_paired": true,
    "message_system_version": null,
    "message_watch_app_installed": true
  },
  {
    "timestamp_utc": "2024-10-24T14:10:37.512Z",
    "context_application_version": "8.9.82.628",
    "context_conn_country": "FR",
    "context_device_manufacturer": "apple",
    "context_device_model": "iPhone14,5",
    "context_device_type": "mobile",
    "context_os_name": "ios",
    "context_os_version": "17.6.1",
    "context_receiver_service_timestamp": 1729782210449,
    "context_time": 1729779037512,
    "message_app_version": "8.9.82.628",
    "message_complication_enabled": false,
    "message_hardware_model": "Watch3,3",
    "message_paired": true,
    "message_system_version": "8.8.1",
    "message_watch_app_installed": true
  },
  {
    "timestamp_utc": "2024-09-16T09:16:04.922Z",
    "context_application_version": "8.9.74.535",
    "context_conn_country": "FR",
    "context_device_manufacturer": "apple",
    "context_device_model": "iPhone14,5",
    "context_device_type": "mobile",
    "context_os_name": "ios",
    "context_os_version": "17.6.1",
    "context_receiver_service_timestamp": 1726478184373,
    "context_time": 1726478164922,
    "message_app_version": null,
    "message_complication_enabled": false,
    "message_hardware_model": null,
    "message_paired": true,
    "message_system_version": null,
    "message_watch_app_installed": false
  },
  {
    "timestamp_utc": "2024-10-06T09:13:49.916Z",
    "context_application_version": "8.9.76.516",
    "context_conn_country": "FR",
    "context_device_manufacturer": "apple",
    "context_device_model": "iPhone14,5",
    "context_device_type": "mobile",
    "context_os_name": "ios",
    "context_os_version": "17.6.1",
    "context_receiver_service_timestamp": 1728206054807,
    "context_time": 1728206029916,
    "message_app_version": null,
    "message_complication_enabled": false,
    "message_hardware_model": null,
    "message_paired": true,
    "message_system_version": null,
    "message_watch_app_installed": true
  },
  {
    "timestamp_utc": "2024-11-11T13:01:43.498Z",
    "context_application_version": "8.9.86.419",
    "context_conn_country": "FR",
    "context_device_manufacturer": "apple",
    "context_device_model": "iPhone14,5",
    "context_device_type": "mobile",
    "context_os_name": "ios",
    "context_os_version": "17.6.1",
    "context_receiver_service_timestamp": 1731347049769,
    "context_time": 1731330103498,
    "message_app_version": null,
    "message_complication_enabled": false,
    "message_hardware_model": null,
    "message_paired": true,
    "message_system_version": null,
    "message_watch_app_installed": true
  },
  {
    "timestamp_utc": "2024-10-25T12:12:37.120Z",
    "context_application_version": "8.9.82.628",
    "context_conn_country": "FR",
    "context_device_manufacturer": "apple",
    "context_device_model": "iPhone14,5",
    "context_device_type": "mobile",
    "context_os_name": "ios",
    "context_os_version": "17.6.1",
    "context_receiver_service_timestamp": 1729859960995,
    "context_time": 1729858357120,
    "message_app_version": "8.9.82.628",
    "message_complication_enabled": false,
    "message_hardware_model": "Watch3,3",
    "message_paired": true,
    "message_system_version": "8.8.1",
    "message_watch_app_installed": true
  },
  {
    "timestamp_utc": "2024-11-23T11:47:25.572Z",
    "context_application_version": "8.9.94.418",
    "context_conn_country": "FR",
    "context_device_manufacturer": "apple",
    "context_device_model": "iPhone14,5",
    "context_device_type": "mobile",
    "context_os_name": "ios",
    "context_os_version": "17.6.1",
    "context_receiver_service_timestamp": 1732362629802,
    "context_time": 1732362445572,
    "message_app_version": "8.9.94.418",
    "message_complication_enabled": false,
    "message_hardware_model": "Watch3,3",
    "message_paired": true,
    "message_system_version": "8.8.1",
    "message_watch_app_installed": true
  },
  {
    "timestamp_utc": "2024-10-13T17:20:45.267Z",
    "context_application_version": "8.9.76.516",
    "context_conn_country": "FR",
    "context_device_manufacturer": "apple",
    "context_device_model": "iPhone14,5",
    "context_device_type": "mobile",
    "context_os_name": "ios",
    "context_os_version": "17.6.1",
    "context_receiver_service_timestamp": 1728840058858,
    "context_time": 1728840045267,
    "message_app_version": null,
    "message_complication_enabled": false,
    "message_hardware_model": null,
    "message_paired": true,
    "message_system_version": null,
    "message_watch_app_installed": true
  },
  {
    "timestamp_utc": "2024-10-16T14:39:31.439Z",
    "context_application_version": "8.9.76.516",
    "context_conn_country": "FR",
    "context_device_manufacturer": "apple",
    "context_device_model": "iPhone14,5",
    "context_device_type": "mobile",
    "context_os_name": "ios",
    "context_os_version": "17.6.1",
    "context_receiver_service_timestamp": 1729089578088,
    "context_time": 1729089571439,
    "message_app_version": null,
    "message_complication_enabled": false,
    "message_hardware_model": null,
    "message_paired": true,
    "message_system_version": null,
    "message_watch_app_installed": true
  },
  {
    "timestamp_utc": "2024-10-08T18:19:26.309Z",
    "context_application_version": "8.9.76.516",
    "context_conn_country": "FR",
    "context_device_manufacturer": "apple",
    "context_device_model": "iPhone14,5",
    "context_device_type": "mobile",
    "context_os_name": "ios",
    "context_os_version": "17.6.1",
    "context_receiver_service_timestamp": 1728411573727,
    "context_time": 1728411566309,
    "message_app_version": "8.9.76.516",
    "message_complication_enabled": false,
    "message_hardware_model": "Watch3,3",
    "message_paired": true,
    "message_system_version": "8.8.1",
    "message_watch_app_installed": true
  },
  {
    "timestamp_utc": "2024-11-22T08:26:04.465Z",
    "context_application_version": "8.9.90.84",
    "context_conn_country": "FR",
    "context_device_manufacturer": "apple",
    "context_device_model": "iPhone14,5",
    "context_device_type": "mobile",
    "context_os_name": "ios",
    "context_os_version": "17.6.1",
    "context_receiver_service_timestamp": 1732263982800,
    "context_time": 1732263964465,
    "message_app_version": null,
    "message_complication_enabled": false,
    "message_hardware_model": null,
    "message_paired": true,
    "message_system_version": null,
    "message_watch_app_installed": true
  },
  {
    "timestamp_utc": "2024-09-09T17:07:47.284Z",
    "context_application_version": "8.9.68.490",
    "context_conn_country": "FR",
    "context_device_manufacturer": "apple",
    "context_device_model": "iPhone14,5",
    "context_device_type": "mobile",
    "context_os_name": "ios",
    "context_os_version": "17.5.1",
    "context_receiver_service_timestamp": 1725901676150,
    "context_time": 1725901667284,
    "message_app_version": "8.9.68.490",
    "message_complication_enabled": false,
    "message_hardware_model": "Watch3,3",
    "message_paired": true,
    "message_system_version": "8.8.1",
    "message_watch_app_installed": true
  },
  {
    "timestamp_utc": "2024-10-24T08:03:27.781Z",
    "context_application_version": "8.9.82.628",
    "context_conn_country": "FR",
    "context_device_manufacturer": "apple",
    "context_device_model": "iPhone14,5",
    "context_device_type": "mobile",
    "context_os_name": "ios",
    "context_os_version": "17.6.1",
    "context_receiver_service_timestamp": 1729757013845,
    "context_time": 1729757007781,
    "message_app_version": null,
    "message_complication_enabled": false,
    "message_hardware_model": null,
    "message_paired": true,
    "message_system_version": null,
    "message_watch_app_installed": true
  },
  {
    "timestamp_utc": "2024-09-26T11:59:59.340Z",
    "context_application_version": "8.9.74.535",
    "context_conn_country": "FR",
    "context_device_manufacturer": "apple",
    "context_device_model": "iPhone14,5",
    "context_device_type": "mobile",
    "context_os_name": "ios",
    "context_os_version": "17.6.1",
    "context_receiver_service_timestamp": 1727352004930,
    "context_time": 1727351999340,
    "message_app_version": null,
    "message_complication_enabled": false,
    "message_hardware_model": null,
    "message_paired": true,
    "message_system_version": null,
    "message_watch_app_installed": true
  },
  {
    "timestamp_utc": "2024-11-14T08:41:41.843Z",
    "context_application_version": "8.9.90.84",
    "context_conn_country": "FR",
    "context_device_manufacturer": "apple",
    "context_device_model": "iPhone14,5",
    "context_device_type": "mobile",
    "context_os_name": "ios",
    "context_os_version": "17.6.1",
    "context_receiver_service_timestamp": 1731573728529,
    "context_time": 1731573701843,
    "message_app_version": null,
    "message_complication_enabled": false,
    "message_hardware_model": null,
    "message_paired": true,
    "message_system_version": null,
    "message_watch_app_installed": true
  },
  {
    "timestamp_utc": "2024-10-11T11:03:06.896Z",
    "context_application_version": "8.9.76.516",
    "context_conn_country": "FR",
    "context_device_manufacturer": "apple",
    "context_device_model": "iPhone14,5",
    "context_device_type": "mobile",
    "context_os_name": "ios",
    "context_os_version": "17.6.1",
    "context_receiver_service_timestamp": 1728644588339,
    "context_time": 1728644586896,
    "message_app_version": null,
    "message_complication_enabled": false,
    "message_hardware_model": null,
    "message_paired": true,
    "message_system_version": null,
    "message_watch_app_installed": true
  },
  {
    "timestamp_utc": "2024-10-13T16:26:09.056Z",
    "context_application_version": "8.9.76.516",
    "context_conn_country": "FR",
    "context_device_manufacturer": "apple",
    "context_device_model": "iPhone14,5",
    "context_device_type": "mobile",
    "context_os_name": "ios",
    "context_os_version": "17.6.1",
    "context_receiver_service_timestamp": 1728836788761,
    "context_time": 1728836769056,
    "message_app_version": null,
    "message_complication_enabled": false,
    "message_hardware_model": null,
    "message_paired": true,
    "message_system_version": null,
    "message_watch_app_installed": true
  },
  {
    "timestamp_utc": "2024-09-08T05:29:27.794Z",
    "context_application_version": "8.9.68.490",
    "context_conn_country": "MA",
    "context_device_manufacturer": "apple",
    "context_device_model": "iPhone14,5",
    "context_device_type": "mobile",
    "context_os_name": "ios",
    "context_os_version": "17.5.1",
    "context_receiver_service_timestamp": 1725773378934,
    "context_time": 1725773367794,
    "message_app_version": "8.9.68.490",
    "message_complication_enabled": false,
    "message_hardware_model": "Watch3,3",
    "message_paired": true,
    "message_system_version": "8.8.1",
    "message_watch_app_installed": true
  },
  {
    "timestamp_utc": "2024-09-13T13:39:52.723Z",
    "context_application_version": "8.9.68.490",
    "context_conn_country": "FR",
    "context_device_manufacturer": "apple",
    "context_device_model": "iPhone14,5",
    "context_device_type": "mobile",
    "context_os_name": "ios",
    "context_os_version": "17.6.1",
    "context_receiver_service_timestamp": 1726234812308,
    "context_time": 1726234792723,
    "message_app_version": null,
    "message_complication_enabled": false,
    "message_hardware_model": null,
    "message_paired": true,
    "message_system_version": null,
    "message_watch_app_installed": true
  },
  {
    "timestamp_utc": "2024-10-24T15:03:40.168Z",
    "context_application_version": "8.9.82.628",
    "context_conn_country": "FR",
    "context_device_manufacturer": "apple",
    "context_device_model": "iPhone14,5",
    "context_device_type": "mobile",
    "context_os_name": "ios",
    "context_os_version": "17.6.1",
    "context_receiver_service_timestamp": 1729782481896,
    "context_time": 1729782220168,
    "message_app_version": null,
    "message_complication_enabled": false,
    "message_hardware_model": null,
    "message_paired": true,
    "message_system_version": null,
    "message_watch_app_installed": true
  },
  {
    "timestamp_utc": "2024-11-22T13:02:11.711Z",
    "context_application_version": "8.9.94.418",
    "context_conn_country": "FR",
    "context_device_manufacturer": "apple",
    "context_device_model": "iPhone14,5",
    "context_device_type": "mobile",
    "context_os_name": "ios",
    "context_os_version": "17.6.1",
    "context_receiver_service_timestamp": 1732280532007,
    "context_time": 1732280531711,
    "message_app_version": null,
    "message_complication_enabled": false,
    "message_hardware_model": null,
    "message_paired": true,
    "message_system_version": null,
    "message_watch_app_installed": true
  },
  {
    "timestamp_utc": "2024-12-02T12:53:32.158Z",
    "context_application_version": "8.9.94.418",
    "context_conn_country": "FR",
    "context_device_manufacturer": "apple",
    "context_device_model": "iPhone14,5",
    "context_device_type": "mobile",
    "context_os_name": "ios",
    "context_os_version": "18.1.1",
    "context_receiver_service_timestamp": 1733144032482,
    "context_time": 1733144012158,
    "message_app_version": null,
    "message_complication_enabled": false,
    "message_hardware_model": null,
    "message_paired": true,
    "message_system_version": null,
    "message_watch_app_installed": true
  },
  {
    "timestamp_utc": "2024-11-30T21:39:40.427Z",
    "context_application_version": "8.9.94.418",
    "context_conn_country": "FR",
    "context_device_manufacturer": "apple",
    "context_device_model": "iPhone14,5",
    "context_device_type": "mobile",
    "context_os_name": "ios",
    "context_os_version": "18.1.1",
    "context_receiver_service_timestamp": 1733002789950,
    "context_time": 1733002780427,
    "message_app_version": null,
    "message_complication_enabled": false,
    "message_hardware_model": null,
    "message_paired": true,
    "message_system_version": null,
    "message_watch_app_installed": true
  },
  {
    "timestamp_utc": "2024-10-11T15:23:52.411Z",
    "context_application_version": "8.9.76.516",
    "context_conn_country": "FR",
    "context_device_manufacturer": "apple",
    "context_device_model": "iPhone14,5",
    "context_device_type": "mobile",
    "context_os_name": "ios",
    "context_os_version": "17.6.1",
    "context_receiver_service_timestamp": 1728660237325,
    "context_time": 1728660232411,
    "message_app_version": null,
    "message_complication_enabled": false,
    "message_hardware_model": null,
    "message_paired": true,
    "message_system_version": null,
    "message_watch_app_installed": true
  },
  {
    "timestamp_utc": "2024-10-09T16:12:54.344Z",
    "context_application_version": "8.9.76.516",
    "context_conn_country": "FR",
    "context_device_manufacturer": "apple",
    "context_device_model": "iPhone14,5",
    "context_device_type": "mobile",
    "context_os_name": "ios",
    "context_os_version": "17.6.1",
    "context_receiver_service_timestamp": 1728490380821,
    "context_time": 1728490374344,
    "message_app_version": null,
    "message_complication_enabled": false,
    "message_hardware_model": null,
    "message_paired": true,
    "message_system_version": null,
    "message_watch_app_installed": true
  },
  {
    "timestamp_utc": "2024-09-08T13:06:19.209Z",
    "context_application_version": "8.9.68.490",
    "context_conn_country": "FR",
    "context_device_manufacturer": "apple",
    "context_device_model": "iPhone14,5",
    "context_device_type": "mobile",
    "context_os_name": "ios",
    "context_os_version": "17.5.1",
    "context_receiver_service_timestamp": 1725800785975,
    "context_time": 1725800779209,
    "message_app_version": null,
    "message_complication_enabled": false,
    "message_hardware_model": null,
    "message_paired": true,
    "message_system_version": null,
    "message_watch_app_installed": true
  },
  {
    "timestamp_utc": "2024-10-12T22:54:01.284Z",
    "context_application_version": "8.9.76.516",
    "context_conn_country": "FR",
    "context_device_manufacturer": "apple",
    "context_device_model": "iPhone14,5",
    "context_device_type": "mobile",
    "context_os_name": "ios",
    "context_os_version": "17.6.1",
    "context_receiver_service_timestamp": 1728803920767,
    "context_time": 1728773641284,
    "message_app_version": null,
    "message_complication_enabled": false,
    "message_hardware_model": null,
    "message_paired": true,
    "message_system_version": null,
    "message_watch_app_installed": true
  },
  {
    "timestamp_utc": "2024-11-18T12:54:56.685Z",
    "context_application_version": "8.9.90.84",
    "context_conn_country": "FR",
    "context_device_manufacturer": "apple",
    "context_device_model": "iPhone14,5",
    "context_device_type": "mobile",
    "context_os_name": "ios",
    "context_os_version": "17.6.1",
    "context_receiver_service_timestamp": 1731934514484,
    "context_time": 1731934496685,
    "message_app_version": null,
    "message_complication_enabled": false,
    "message_hardware_model": null,
    "message_paired": true,
    "message_system_version": null,
    "message_watch_app_installed": true
  },
  {
    "timestamp_utc": "2024-10-24T15:04:11.251Z",
    "context_application_version": "8.9.82.628",
    "context_conn_country": "FR",
    "context_device_manufacturer": "apple",
    "context_device_model": "iPhone14,5",
    "context_device_type": "mobile",
    "context_os_name": "ios",
    "context_os_version": "17.6.1",
    "context_receiver_service_timestamp": 1729782482348,
    "context_time": 1729782251251,
    "message_app_version": null,
    "message_complication_enabled": false,
    "message_hardware_model": null,
    "message_paired": true,
    "message_system_version": null,
    "message_watch_app_installed": true
  },
  {
    "timestamp_utc": "2024-10-02T17:43:41.863Z",
    "context_application_version": "8.9.76.516",
    "context_conn_country": "FR",
    "context_device_manufacturer": "apple",
    "context_device_model": "iPhone14,5",
    "context_device_type": "mobile",
    "context_os_name": "ios",
    "context_os_version": "17.6.1",
    "context_receiver_service_timestamp": 1727891040349,
    "context_time": 1727891021863,
    "message_app_version": null,
    "message_complication_enabled": false,
    "message_hardware_model": null,
    "message_paired": true,
    "message_system_version": null,
    "message_watch_app_installed": true
  },
  {
    "timestamp_utc": "2024-11-27T09:21:18.484Z",
    "context_application_version": "8.9.94.418",
    "context_conn_country": "FR",
    "context_device_manufacturer": "apple",
    "context_device_model": "iPhone14,5",
    "context_device_type": "mobile",
    "context_os_name": "ios",
    "context_os_version": "17.6.1",
    "context_receiver_service_timestamp": 1732699284781,
    "context_time": 1732699278484,
    "message_app_version": null,
    "message_complication_enabled": false,
    "message_hardware_model": null,
    "message_paired": true,
    "message_system_version": null,
    "message_watch_app_installed": true
  },
  {
    "timestamp_utc": "2024-09-13T13:39:42.688Z",
    "context_application_version": "8.9.68.490",
    "context_conn_country": "FR",
    "context_device_manufacturer": "apple",
    "context_device_model": "iPhone14,5",
    "context_device_type": "mobile",
    "context_os_name": "ios",
    "context_os_version": "17.6.1",
    "context_receiver_service_timestamp": 1726234812308,
    "context_time": 1726234782688,
    "message_app_version": null,
    "message_complication_enabled": false,
    "message_hardware_model": null,
    "message_paired": true,
    "message_system_version": null,
    "message_watch_app_installed": true
  },
  {
    "timestamp_utc": "2024-09-18T07:39:15.585Z",
    "context_application_version": "8.9.74.535",
    "context_conn_country": "FR",
    "context_device_manufacturer": "apple",
    "context_device_model": "iPhone14,5",
    "context_device_type": "mobile",
    "context_os_name": "ios",
    "context_os_version": "17.6.1",
    "context_receiver_service_timestamp": 1726645156198,
    "context_time": 1726645155585,
    "message_app_version": null,
    "message_complication_enabled": false,
    "message_hardware_model": null,
    "message_paired": true,
    "message_system_version": null,
    "message_watch_app_installed": true
  },
  {
    "timestamp_utc": "2024-11-26T20:55:42.452Z",
    "context_application_version": "8.9.94.418",
    "context_conn_country": "FR",
    "context_device_manufacturer": "apple",
    "context_device_model": "iPhone14,5",
    "context_device_type": "mobile",
    "context_os_name": "ios",
    "context_os_version": "17.6.1",
    "context_receiver_service_timestamp": 1732654561492,
    "context_time": 1732654542452,
    "message_app_version": null,
    "message_complication_enabled": false,
    "message_hardware_model": null,
    "message_paired": true,
    "message_system_version": null,
    "message_watch_app_installed": true
  },
  {
    "timestamp_utc": "2024-11-05T11:53:27.765Z",
    "context_application_version": "8.9.84.543",
    "context_conn_country": "FR",
    "context_device_manufacturer": "apple",
    "context_device_model": "iPhone14,5",
    "context_device_type": "mobile",
    "context_os_name": "ios",
    "context_os_version": "17.6.1",
    "context_receiver_service_timestamp": 1730807627169,
    "context_time": 1730807607765,
    "message_app_version": null,
    "message_complication_enabled": false,
    "message_hardware_model": null,
    "message_paired": true,
    "message_system_version": null,
    "message_watch_app_installed": true
  },
  {
    "timestamp_utc": "2024-10-11T15:23:42.382Z",
    "context_application_version": "8.9.76.516",
    "context_conn_country": "FR",
    "context_device_manufacturer": "apple",
    "context_device_model": "iPhone14,5",
    "context_device_type": "mobile",
    "context_os_name": "ios",
    "context_os_version": "17.6.1",
    "context_receiver_service_timestamp": 1728660236690,
    "context_time": 1728660222382,
    "message_app_version": null,
    "message_complication_enabled": false,
    "message_hardware_model": null,
    "message_paired": true,
    "message_system_version": null,
    "message_watch_app_installed": true
  },
  {
    "timestamp_utc": "2024-12-05T13:04:25.042Z",
    "context_application_version": "8.9.94.418",
    "context_conn_country": "FR",
    "context_device_manufacturer": "apple",
    "context_device_model": "iPhone14,5",
    "context_device_type": "mobile",
    "context_os_name": "ios",
    "context_os_version": "18.1.1",
    "context_receiver_service_timestamp": 1733403891172,
    "context_time": 1733403865042,
    "message_app_version": "8.9.94.418",
    "message_complication_enabled": false,
    "message_hardware_model": "Watch3,3",
    "message_paired": true,
    "message_system_version": "8.8.1",
    "message_watch_app_installed": true
  },
  {
    "timestamp_utc": "2024-10-17T16:11:23.517Z",
    "context_application_version": "8.9.76.516",
    "context_conn_country": "FR",
    "context_device_manufacturer": "apple",
    "context_device_model": "iPhone14,5",
    "context_device_type": "mobile",
    "context_os_name": "ios",
    "context_os_version": "17.6.1",
    "context_receiver_service_timestamp": 1729181554571,
    "context_time": 1729181483517,
    "message_app_version": "8.9.76.516",
    "message_complication_enabled": false,
    "message_hardware_model": "Watch3,3",
    "message_paired": true,
    "message_system_version": "8.8.1",
    "message_watch_app_installed": true
  },
  {
    "timestamp_utc": "2024-10-29T20:29:15.996Z",
    "context_application_version": "8.9.84.543",
    "context_conn_country": "FR",
    "context_device_manufacturer": "apple",
    "context_device_model": "iPhone14,5",
    "context_device_type": "mobile",
    "context_os_name": "ios",
    "context_os_version": "17.6.1",
    "context_receiver_service_timestamp": 1730233775915,
    "context_time": 1730233755996,
    "message_app_version": null,
    "message_complication_enabled": false,
    "message_hardware_model": null,
    "message_paired": true,
    "message_system_version": null,
    "message_watch_app_installed": true
  },
  {
    "timestamp_utc": "2024-10-22T11:47:29.822Z",
    "context_application_version": "8.9.82.628",
    "context_conn_country": "FR",
    "context_device_manufacturer": "apple",
    "context_device_model": "iPhone14,5",
    "context_device_type": "mobile",
    "context_os_name": "ios",
    "context_os_version": "17.6.1",
    "context_receiver_service_timestamp": 1729597654759,
    "context_time": 1729597649822,
    "message_app_version": null,
    "message_complication_enabled": false,
    "message_hardware_model": null,
    "message_paired": true,
    "message_system_version": null,
    "message_watch_app_installed": true
  },
  {
    "timestamp_utc": "2024-10-06T15:37:07.543Z",
    "context_application_version": "8.9.76.516",
    "context_conn_country": "FR",
    "context_device_manufacturer": "apple",
    "context_device_model": "iPhone14,5",
    "context_device_type": "mobile",
    "context_os_name": "ios",
    "context_os_version": "17.6.1",
    "context_receiver_service_timestamp": 1728229036291,
    "context_time": 1728229027543,
    "message_app_version": null,
    "message_complication_enabled": false,
    "message_hardware_model": null,
    "message_paired": true,
    "message_system_version": null,
    "message_watch_app_installed": true
  },
  {
    "timestamp_utc": "2024-12-05T13:03:41.192Z",
    "context_application_version": "8.9.94.418",
    "context_conn_country": "FR",
    "context_device_manufacturer": "apple",
    "context_device_model": "iPhone14,5",
    "context_device_type": "mobile",
    "context_os_name": "ios",
    "context_os_version": "18.1.1",
    "context_receiver_service_timestamp": 1733403840175,
    "context_time": 1733403821192,
    "message_app_version": null,
    "message_complication_enabled": false,
    "message_hardware_model": null,
    "message_paired": true,
    "message_system_version": null,
    "message_watch_app_installed": true
  },
  {
    "timestamp_utc": "2024-11-04T23:00:49.319Z",
    "context_application_version": "8.9.84.543",
    "context_conn_country": "FR",
    "context_device_manufacturer": "apple",
    "context_device_model": "iPhone14,5",
    "context_device_type": "mobile",
    "context_os_name": "ios",
    "context_os_version": "17.6.1",
    "context_receiver_service_timestamp": 1730807602691,
    "context_time": 1730761249319,
    "message_app_version": null,
    "message_complication_enabled": false,
    "message_hardware_model": null,
    "message_paired": true,
    "message_system_version": null,
    "message_watch_app_installed": true
  },
  {
    "timestamp_utc": "2024-11-27T09:21:08.338Z",
    "context_application_version": "8.9.94.418",
    "context_conn_country": "FR",
    "context_device_manufacturer": "apple",
    "context_device_model": "iPhone14,5",
    "context_device_type": "mobile",
    "context_os_name": "ios",
    "context_os_version": "17.6.1",
    "context_receiver_service_timestamp": 1732699284559,
    "context_time": 1732699268338,
    "message_app_version": null,
    "message_complication_enabled": false,
    "message_hardware_model": null,
    "message_paired": true,
    "message_system_version": null,
    "message_watch_app_installed": true
  },
  {
    "timestamp_utc": "2024-11-02T00:57:42.680Z",
    "context_application_version": "8.9.84.543",
    "context_conn_country": "FR",
    "context_device_manufacturer": "apple",
    "context_device_model": "iPhone14,5",
    "context_device_type": "mobile",
    "context_os_name": "ios",
    "context_os_version": "17.6.1",
    "context_receiver_service_timestamp": 1730720706315,
    "context_time": 1730509062680,
    "message_app_version": "8.9.84.543",
    "message_complication_enabled": false,
    "message_hardware_model": "Watch3,3",
    "message_paired": true,
    "message_system_version": "8.8.1",
    "message_watch_app_installed": true
  },
  {
    "timestamp_utc": "2024-09-17T10:21:48.416Z",
    "context_application_version": "8.9.74.535",
    "context_conn_country": "FR",
    "context_device_manufacturer": "apple",
    "context_device_model": "iPhone14,5",
    "context_device_type": "mobile",
    "context_os_name": "ios",
    "context_os_version": "17.6.1",
    "context_receiver_service_timestamp": 1726568509009,
    "context_time": 1726568508416,
    "message_app_version": "8.9.74.535",
    "message_complication_enabled": false,
    "message_hardware_model": "Watch3,3",
    "message_paired": true,
    "message_system_version": "8.8.1",
    "message_watch_app_installed": true
  },
  {
    "timestamp_utc": "2024-09-26T22:59:54.746Z",
    "context_application_version": "8.9.74.535",
    "context_conn_country": "FR",
    "context_device_manufacturer": "apple",
    "context_device_model": "iPhone14,5",
    "context_device_type": "mobile",
    "context_os_name": "ios",
    "context_os_version": "17.6.1",
    "context_receiver_service_timestamp": 1727391614561,
    "context_time": 1727391594746,
    "message_app_version": null,
    "message_complication_enabled": false,
    "message_hardware_model": null,
    "message_paired": true,
    "message_system_version": null,
    "message_watch_app_installed": true
  },
  {
    "timestamp_utc": "2024-11-07T11:48:59.585Z",
    "context_application_version": "8.9.86.419",
    "context_conn_country": "FR",
    "context_device_manufacturer": "apple",
    "context_device_model": "iPhone14,5",
    "context_device_type": "mobile",
    "context_os_name": "ios",
    "context_os_version": "17.6.1",
    "context_receiver_service_timestamp": 1730980168974,
    "context_time": 1730980139585,
    "message_app_version": null,
    "message_complication_enabled": false,
    "message_hardware_model": null,
    "message_paired": true,
    "message_system_version": null,
    "message_watch_app_installed": false
  },
  {
    "timestamp_utc": "2024-09-16T11:47:08.037Z",
    "context_application_version": "8.9.74.535",
    "context_conn_country": "FR",
    "context_device_manufacturer": "apple",
    "context_device_model": "iPhone14,5",
    "context_device_type": "mobile",
    "context_os_name": "ios",
    "context_os_version": "17.6.1",
    "context_receiver_service_timestamp": 1726487244154,
    "context_time": 1726487228037,
    "message_app_version": null,
    "message_complication_enabled": false,
    "message_hardware_model": null,
    "message_paired": true,
    "message_system_version": null,
    "message_watch_app_installed": false
  },
  {
    "timestamp_utc": "2024-11-29T19:38:24.974Z",
    "context_application_version": "8.9.94.418",
    "context_conn_country": "FR",
    "context_device_manufacturer": "apple",
    "context_device_model": "iPhone14,5",
    "context_device_type": "mobile",
    "context_os_name": "ios",
    "context_os_version": "17.6.1",
    "context_receiver_service_timestamp": 1732909124488,
    "context_time": 1732909104974,
    "message_app_version": null,
    "message_complication_enabled": false,
    "message_hardware_model": null,
    "message_paired": true,
    "message_system_version": null,
    "message_watch_app_installed": true
  },
  {
    "timestamp_utc": "2024-09-08T12:32:56.722Z",
    "context_application_version": "8.9.68.490",
    "context_conn_country": "FR",
    "context_device_manufacturer": "apple",
    "context_device_model": "iPhone14,5",
    "context_device_type": "mobile",
    "context_os_name": "ios",
    "context_os_version": "17.5.1",
    "context_receiver_service_timestamp": 1725798796093,
    "context_time": 1725798776722,
    "message_app_version": null,
    "message_complication_enabled": false,
    "message_hardware_model": null,
    "message_paired": true,
    "message_system_version": null,
    "message_watch_app_installed": true
  },
  {
    "timestamp_utc": "2024-10-04T07:30:33.869Z",
    "context_application_version": "8.9.76.516",
    "context_conn_country": "FR",
    "context_device_manufacturer": "apple",
    "context_device_model": "iPhone14,5",
    "context_device_type": "mobile",
    "context_os_name": "ios",
    "context_os_version": "17.6.1",
    "context_receiver_service_timestamp": 1728027034407,
    "context_time": 1728027033869,
    "message_app_version": null,
    "message_complication_enabled": false,
    "message_hardware_model": null,
    "message_paired": true,
    "message_system_version": null,
    "message_watch_app_installed": true
  },
  {
    "timestamp_utc": "2024-10-06T09:14:01.298Z",
    "context_application_version": "8.9.76.516",
    "context_conn_country": "FR",
    "context_device_manufacturer": "apple",
    "context_device_model": "iPhone14,5",
    "context_device_type": "mobile",
    "context_os_name": "ios",
    "context_os_version": "17.6.1",
    "context_receiver_service_timestamp": 1728206055034,
    "context_time": 1728206041298,
    "message_app_version": null,
    "message_complication_enabled": false,
    "message_hardware_model": null,
    "message_paired": true,
    "message_system_version": null,
    "message_watch_app_installed": true
  },
  {
    "timestamp_utc": "2024-09-24T07:16:02.482Z",
    "context_application_version": "8.9.74.535",
    "context_conn_country": "FR",
    "context_device_manufacturer": "apple",
    "context_device_model": "iPhone14,5",
    "context_device_type": "mobile",
    "context_os_name": "ios",
    "context_os_version": "17.6.1",
    "context_receiver_service_timestamp": 1727162182309,
    "context_time": 1727162162482,
    "message_app_version": null,
    "message_complication_enabled": false,
    "message_hardware_model": null,
    "message_paired": true,
    "message_system_version": null,
    "message_watch_app_installed": true
  },
  {
    "timestamp_utc": "2024-10-02T17:43:51.968Z",
    "context_application_version": "8.9.76.516",
    "context_conn_country": "FR",
    "context_device_manufacturer": "apple",
    "context_device_model": "iPhone14,5",
    "context_device_type": "mobile",
    "context_os_name": "ios",
    "context_os_version": "17.6.1",
    "context_receiver_service_timestamp": 1727891040519,
    "context_time": 1727891031968,
    "message_app_version": null,
    "message_complication_enabled": false,
    "message_hardware_model": null,
    "message_paired": true,
    "message_system_version": null,
    "message_watch_app_installed": true
  },
  {
    "timestamp_utc": "2024-11-16T19:22:45.304Z",
    "context_application_version": "8.9.90.84",
    "context_conn_country": "FR",
    "context_device_manufacturer": "apple",
    "context_device_model": "iPhone14,5",
    "context_device_type": "mobile",
    "context_os_name": "ios",
    "context_os_version": "17.6.1",
    "context_receiver_service_timestamp": 1731784977153,
    "context_time": 1731784965304,
    "message_app_version": null,
    "message_complication_enabled": false,
    "message_hardware_model": null,
    "message_paired": true,
    "message_system_version": null,
    "message_watch_app_installed": true
  },
  {
    "timestamp_utc": "2024-09-13T08:25:35.266Z",
    "context_application_version": "8.9.68.490",
    "context_conn_country": "FR",
    "context_device_manufacturer": "apple",
    "context_device_model": "iPhone14,5",
    "context_device_type": "mobile",
    "context_os_name": "ios",
    "context_os_version": "17.6.1",
    "context_receiver_service_timestamp": 1726215951387,
    "context_time": 1726215935266,
    "message_app_version": null,
    "message_complication_enabled": false,
    "message_hardware_model": null,
    "message_paired": true,
    "message_system_version": null,
    "message_watch_app_installed": true
  },
  {
    "timestamp_utc": "2024-09-13T12:45:18.730Z",
    "context_application_version": "8.9.68.490",
    "context_conn_country": "FR",
    "context_device_manufacturer": "apple",
    "context_device_model": "iPhone14,5",
    "context_device_type": "mobile",
    "context_os_name": "ios",
    "context_os_version": "17.6.1",
    "context_receiver_service_timestamp": 1726231521561,
    "context_time": 1726231518730,
    "message_app_version": null,
    "message_complication_enabled": false,
    "message_hardware_model": null,
    "message_paired": true,
    "message_system_version": null,
    "message_watch_app_installed": true
  },
  {
    "timestamp_utc": "2024-09-18T07:39:25.625Z",
    "context_application_version": "8.9.74.535",
    "context_conn_country": "FR",
    "context_device_manufacturer": "apple",
    "context_device_model": "iPhone14,5",
    "context_device_type": "mobile",
    "context_os_name": "ios",
    "context_os_version": "17.6.1",
    "context_receiver_service_timestamp": 1726645191960,
    "context_time": 1726645165625,
    "message_app_version": null,
    "message_complication_enabled": false,
    "message_hardware_model": null,
    "message_paired": true,
    "message_system_version": null,
    "message_watch_app_installed": true
  },
  {
    "timestamp_utc": "2024-10-15T13:11:19.123Z",
    "context_application_version": "8.9.76.516",
    "context_conn_country": "FR",
    "context_device_manufacturer": "apple",
    "context_device_model": "iPhone14,5",
    "context_device_type": "mobile",
    "context_os_name": "ios",
    "context_os_version": "17.6.1",
    "context_receiver_service_timestamp": 1728997898861,
    "context_time": 1728997879123,
    "message_app_version": null,
    "message_complication_enabled": false,
    "message_hardware_model": null,
    "message_paired": true,
    "message_system_version": null,
    "message_watch_app_installed": true
  },
  {
    "timestamp_utc": "2024-10-16T14:26:59.576Z",
    "context_application_version": "8.9.76.516",
    "context_conn_country": "FR",
    "context_device_manufacturer": "apple",
    "context_device_model": "iPhone14,5",
    "context_device_type": "mobile",
    "context_os_name": "ios",
    "context_os_version": "17.6.1",
    "context_receiver_service_timestamp": 1729088839019,
    "context_time": 1729088819576,
    "message_app_version": null,
    "message_complication_enabled": false,
    "message_hardware_model": null,
    "message_paired": true,
    "message_system_version": null,
    "message_watch_app_installed": true
  },
  {
    "timestamp_utc": "2024-09-19T16:58:01.299Z",
    "context_application_version": "8.9.74.535",
    "context_conn_country": "FR",
    "context_device_manufacturer": "apple",
    "context_device_model": "iPhone14,5",
    "context_device_type": "mobile",
    "context_os_name": "ios",
    "context_os_version": "17.6.1",
    "context_receiver_service_timestamp": 1726765111014,
    "context_time": 1726765081299,
    "message_app_version": null,
    "message_complication_enabled": false,
    "message_hardware_model": null,
    "message_paired": true,
    "message_system_version": null,
    "message_watch_app_installed": true
  },
  {
    "timestamp_utc": "2024-11-21T12:54:57.688Z",
    "context_application_version": "8.9.90.84",
    "context_conn_country": "FR",
    "context_device_manufacturer": "apple",
    "context_device_model": "iPhone14,5",
    "context_device_type": "mobile",
    "context_os_name": "ios",
    "context_os_version": "17.6.1",
    "context_receiver_service_timestamp": 1732193711479,
    "context_time": 1732193697688,
    "message_app_version": null,
    "message_complication_enabled": false,
    "message_hardware_model": null,
    "message_paired": true,
    "message_system_version": null,
    "message_watch_app_installed": true
  },
  {
    "timestamp_utc": "2024-09-27T09:57:14.409Z",
    "context_application_version": "8.9.74.535",
    "context_conn_country": "FR",
    "context_device_manufacturer": "apple",
    "context_device_model": "iPhone14,5",
    "context_device_type": "mobile",
    "context_os_name": "ios",
    "context_os_version": "17.6.1",
    "context_receiver_service_timestamp": 1727431050068,
    "context_time": 1727431034409,
    "message_app_version": null,
    "message_complication_enabled": false,
    "message_hardware_model": null,
    "message_paired": true,
    "message_system_version": null,
    "message_watch_app_installed": true
  },
  {
    "timestamp_utc": "2024-09-19T16:58:11.329Z",
    "context_application_version": "8.9.74.535",
    "context_conn_country": "FR",
    "context_device_manufacturer": "apple",
    "context_device_model": "iPhone14,5",
    "context_device_type": "mobile",
    "context_os_name": "ios",
    "context_os_version": "17.6.1",
    "context_receiver_service_timestamp": 1726765111236,
    "context_time": 1726765091329,
    "message_app_version": null,
    "message_complication_enabled": false,
    "message_hardware_model": null,
    "message_paired": true,
    "message_system_version": null,
    "message_watch_app_installed": true
  },
  {
    "timestamp_utc": "2024-11-25T20:31:40.874Z",
    "context_application_version": "8.9.94.418",
    "context_conn_country": "FR",
    "context_device_manufacturer": "apple",
    "context_device_model": "iPhone14,5",
    "context_device_type": "mobile",
    "context_os_name": "ios",
    "context_os_version": "17.6.1",
    "context_receiver_service_timestamp": 1732566719488,
    "context_time": 1732566700874,
    "message_app_version": null,
    "message_complication_enabled": false,
    "message_hardware_model": null,
    "message_paired": true,
    "message_system_version": null,
    "message_watch_app_installed": true
  },
  {
    "timestamp_utc": "2024-10-25T11:46:37.733Z",
    "context_application_version": "8.9.82.628",
    "context_conn_country": "FR",
    "context_device_manufacturer": "apple",
    "context_device_model": "iPhone14,5",
    "context_device_type": "mobile",
    "context_os_name": "ios",
    "context_os_version": "17.6.1",
    "context_receiver_service_timestamp": 1729856817723,
    "context_time": 1729856797733,
    "message_app_version": null,
    "message_complication_enabled": false,
    "message_hardware_model": null,
    "message_paired": true,
    "message_system_version": null,
    "message_watch_app_installed": true
  },
  {
    "timestamp_utc": "2024-09-29T13:53:36.886Z",
    "context_application_version": "8.9.76.516",
    "context_conn_country": "FR",
    "context_device_manufacturer": "apple",
    "context_device_model": "iPhone14,5",
    "context_device_type": "mobile",
    "context_os_name": "ios",
    "context_os_version": "17.6.1",
    "context_receiver_service_timestamp": 1727618177884,
    "context_time": 1727618016886,
    "message_app_version": "8.9.76.516",
    "message_complication_enabled": false,
    "message_hardware_model": "Watch3,3",
    "message_paired": true,
    "message_system_version": "8.8.1",
    "message_watch_app_installed": true
  },
  {
    "timestamp_utc": "2024-11-22T09:04:56.530Z",
    "context_application_version": "8.9.94.418",
    "context_conn_country": "FR",
    "context_device_manufacturer": "apple",
    "context_device_model": "iPhone14,5",
    "context_device_type": "mobile",
    "context_os_name": "ios",
    "context_os_version": "17.6.1",
    "context_receiver_service_timestamp": 1732266299059,
    "context_time": 1732266296530,
    "message_app_version": null,
    "message_complication_enabled": false,
    "message_hardware_model": null,
    "message_paired": true,
    "message_system_version": null,
    "message_watch_app_installed": true
  },
  {
    "timestamp_utc": "2024-10-08T14:16:35.887Z",
    "context_application_version": "8.9.76.516",
    "context_conn_country": "FR",
    "context_device_manufacturer": "apple",
    "context_device_model": "iPhone14,5",
    "context_device_type": "mobile",
    "context_os_name": "ios",
    "context_os_version": "17.6.1",
    "context_receiver_service_timestamp": 1728398559869,
    "context_time": 1728396995887,
    "message_app_version": null,
    "message_complication_enabled": false,
    "message_hardware_model": null,
    "message_paired": true,
    "message_system_version": null,
    "message_watch_app_installed": true
  },
  {
    "timestamp_utc": "2024-09-16T11:10:47.606Z",
    "context_application_version": "8.9.74.535",
    "context_conn_country": "FR",
    "context_device_manufacturer": "apple",
    "context_device_model": "iPhone14,5",
    "context_device_type": "mobile",
    "context_os_name": "ios",
    "context_os_version": "17.6.1",
    "context_receiver_service_timestamp": 1726485060147,
    "context_time": 1726485047606,
    "message_app_version": null,
    "message_complication_enabled": false,
    "message_hardware_model": null,
    "message_paired": true,
    "message_system_version": null,
    "message_watch_app_installed": false
  },
  {
    "timestamp_utc": "2024-10-06T15:37:17.749Z",
    "context_application_version": "8.9.76.516",
    "context_conn_country": "FR",
    "context_device_manufacturer": "apple",
    "context_device_model": "iPhone14,5",
    "context_device_type": "mobile",
    "context_os_name": "ios",
    "context_os_version": "17.6.1",
    "context_receiver_service_timestamp": 1728229057071,
    "context_time": 1728229037749,
    "message_app_version": null,
    "message_complication_enabled": false,
    "message_hardware_model": null,
    "message_paired": true,
    "message_system_version": null,
    "message_watch_app_installed": true
  },
  {
    "timestamp_utc": "2024-09-13T14:43:35.744Z",
    "context_application_version": "8.9.68.490",
    "context_conn_country": "FR",
    "context_device_manufacturer": "apple",
    "context_device_model": "iPhone14,5",
    "context_device_type": "mobile",
    "context_os_name": "ios",
    "context_os_version": "17.6.1",
    "context_receiver_service_timestamp": 1726238621634,
    "context_time": 1726238615744,
    "message_app_version": null,
    "message_complication_enabled": false,
    "message_hardware_model": null,
    "message_paired": true,
    "message_system_version": null,
    "message_watch_app_installed": true
  },
  {
    "timestamp_utc": "2024-11-12T12:46:32.067Z",
    "context_application_version": "8.9.90.84",
    "context_conn_country": "FR",
    "context_device_manufacturer": "apple",
    "context_device_model": "iPhone14,5",
    "context_device_type": "mobile",
    "context_os_name": "ios",
    "context_os_version": "17.6.1",
    "context_receiver_service_timestamp": 1731415610855,
    "context_time": 1731415592067,
    "message_app_version": "8.9.90.84",
    "message_complication_enabled": false,
    "message_hardware_model": "Watch3,3",
    "message_paired": true,
    "message_system_version": "8.8.1",
    "message_watch_app_installed": true
  },
  {
    "timestamp_utc": "2024-09-26T22:59:44.735Z",
    "context_application_version": "8.9.74.535",
    "context_conn_country": "FR",
    "context_device_manufacturer": "apple",
    "context_device_model": "iPhone14,5",
    "context_device_type": "mobile",
    "context_os_name": "ios",
    "context_os_version": "17.6.1",
    "context_receiver_service_timestamp": 1727391614213,
    "context_time": 1727391584735,
    "message_app_version": null,
    "message_complication_enabled": false,
    "message_hardware_model": null,
    "message_paired": true,
    "message_system_version": null,
    "message_watch_app_installed": true
  },
  {
    "timestamp_utc": "2024-10-09T16:12:44.354Z",
    "context_application_version": "8.9.76.516",
    "context_conn_country": "FR",
    "context_device_manufacturer": "apple",
    "context_device_model": "iPhone14,5",
    "context_device_type": "mobile",
    "context_os_name": "ios",
    "context_os_version": "17.6.1",
    "context_receiver_service_timestamp": 1728490380423,
    "context_time": 1728490364354,
    "message_app_version": null,
    "message_complication_enabled": false,
    "message_hardware_model": null,
    "message_paired": true,
    "message_system_version": null,
    "message_watch_app_installed": true
  },
  {
    "timestamp_utc": "2024-09-27T09:57:04.739Z",
    "context_application_version": "8.9.74.535",
    "context_conn_country": "FR",
    "context_device_manufacturer": "apple",
    "context_device_model": "iPhone14,5",
    "context_device_type": "mobile",
    "context_os_name": "ios",
    "context_os_version": "17.6.1",
    "context_receiver_service_timestamp": 1727431050068,
    "context_time": 1727431024739,
    "message_app_version": null,
    "message_complication_enabled": false,
    "message_hardware_model": null,
    "message_paired": true,
    "message_system_version": null,
    "message_watch_app_installed": true
  },
  {
    "timestamp_utc": "2024-11-24T21:03:26.310Z",
    "context_application_version": "8.9.94.418",
    "context_conn_country": "FR",
    "context_device_manufacturer": "apple",
    "context_device_model": "iPhone14,5",
    "context_device_type": "mobile",
    "context_os_name": "ios",
    "context_os_version": "17.6.1",
    "context_receiver_service_timestamp": 1732483750760,
    "context_time": 1732482206310,
    "message_app_version": "8.9.94.418",
    "message_complication_enabled": false,
    "message_hardware_model": "Watch3,3",
    "message_paired": true,
    "message_system_version": "8.8.1",
    "message_watch_app_installed": true
  },
  {
    "timestamp_utc": "2024-11-16T19:20:17.428Z",
    "context_application_version": "8.9.90.84",
    "context_conn_country": "FR",
    "context_device_manufacturer": "apple",
    "context_device_model": "iPhone14,5",
    "context_device_type": "mobile",
    "context_os_name": "ios",
    "context_os_version": "17.6.1",
    "context_receiver_service_timestamp": 1731784826033,
    "context_time": 1731784817428,
    "message_app_version": null,
    "message_complication_enabled": false,
    "message_hardware_model": null,
    "message_paired": true,
    "message_system_version": null,
    "message_watch_app_installed": true
  },
  {
    "timestamp_utc": "2024-10-11T19:54:44.684Z",
    "context_application_version": "8.9.76.516",
    "context_conn_country": "FR",
    "context_device_manufacturer": "apple",
    "context_device_model": "iPhone14,5",
    "context_device_type": "mobile",
    "context_os_name": "ios",
    "context_os_version": "17.6.1",
    "context_receiver_service_timestamp": 1728803919534,
    "context_time": 1728676484684,
    "message_app_version": null,
    "message_complication_enabled": false,
    "message_hardware_model": null,
    "message_paired": true,
    "message_system_version": null,
    "message_watch_app_installed": true
  },
  {
    "timestamp_utc": "2024-09-07T16:33:34.626Z",
    "context_application_version": "8.9.68.490",
    "context_conn_country": "MA",
    "context_device_manufacturer": "apple",
    "context_device_model": "iPhone14,5",
    "context_device_type": "mobile",
    "context_os_name": "ios",
    "context_os_version": "17.5.1",
    "context_receiver_service_timestamp": 1725726834287,
    "context_time": 1725726814626,
    "message_app_version": null,
    "message_complication_enabled": false,
    "message_hardware_model": null,
    "message_paired": true,
    "message_system_version": null,
    "message_watch_app_installed": false
  },
  {
    "timestamp_utc": "2024-09-22T22:47:53.368Z",
    "context_application_version": "8.9.74.535",
    "context_conn_country": "FR",
    "context_device_manufacturer": "apple",
    "context_device_model": "iPhone14,5",
    "context_device_type": "mobile",
    "context_os_name": "ios",
    "context_os_version": "17.6.1",
    "context_receiver_service_timestamp": 1727045292832,
    "context_time": 1727045273368,
    "message_app_version": null,
    "message_complication_enabled": false,
    "message_hardware_model": null,
    "message_paired": true,
    "message_system_version": null,
    "message_watch_app_installed": true
  },
  {
    "timestamp_utc": "2024-09-07T00:37:49.694Z",
    "context_application_version": "8.9.68.490",
    "context_conn_country": "MA",
    "context_device_manufacturer": "apple",
    "context_device_model": "iPhone14,5",
    "context_device_type": "mobile",
    "context_os_name": "ios",
    "context_os_version": "17.5.1",
    "context_receiver_service_timestamp": 1725719577249,
    "context_time": 1725669469694,
    "message_app_version": null,
    "message_complication_enabled": false,
    "message_hardware_model": null,
    "message_paired": true,
    "message_system_version": null,
    "message_watch_app_installed": false
  },
  {
    "timestamp_utc": "2024-10-05T18:44:25.033Z",
    "context_application_version": "8.9.76.516",
    "context_conn_country": "FR",
    "context_device_manufacturer": "apple",
    "context_device_model": "iPhone14,5",
    "context_device_type": "mobile",
    "context_os_name": "ios",
    "context_os_version": "17.6.1",
    "context_receiver_service_timestamp": 1728153884899,
    "context_time": 1728153865033,
    "message_app_version": null,
    "message_complication_enabled": false,
    "message_hardware_model": null,
    "message_paired": true,
    "message_system_version": null,
    "message_watch_app_installed": true
  },
  {
    "timestamp_utc": "2024-11-01T22:53:00.811Z",
    "context_application_version": "8.9.84.543",
    "context_conn_country": "FR",
    "context_device_manufacturer": "apple",
    "context_device_model": "iPhone14,5",
    "context_device_type": "mobile",
    "context_os_name": "ios",
    "context_os_version": "17.6.1",
    "context_receiver_service_timestamp": 1730501589952,
    "context_time": 1730501580811,
    "message_app_version": "8.9.84.543",
    "message_complication_enabled": false,
    "message_hardware_model": "Watch3,3",
    "message_paired": true,
    "message_system_version": "8.8.1",
    "message_watch_app_installed": true
  },
  {
    "timestamp_utc": "2024-10-11T13:01:04.092Z",
    "context_application_version": "8.9.76.516",
    "context_conn_country": "FR",
    "context_device_manufacturer": "apple",
    "context_device_model": "iPhone14,5",
    "context_device_type": "mobile",
    "context_os_name": "ios",
    "context_os_version": "17.6.1",
    "context_receiver_service_timestamp": 1728652674038,
    "context_time": 1728651664092,
    "message_app_version": null,
    "message_complication_enabled": false,
    "message_hardware_model": null,
    "message_paired": true,
    "message_system_version": null,
    "message_watch_app_installed": true
  },
  {
    "timestamp_utc": "2024-09-18T07:40:43.532Z",
    "context_application_version": "8.9.74.535",
    "context_conn_country": "FR",
    "context_device_manufacturer": "apple",
    "context_device_model": "iPhone14,5",
    "context_device_type": "mobile",
    "context_os_name": "ios",
    "context_os_version": "17.6.1",
    "context_receiver_service_timestamp": 1726645263418,
    "context_time": 1726645243532,
    "message_app_version": null,
    "message_complication_enabled": false,
    "message_hardware_model": null,
    "message_paired": true,
    "message_system_version": null,
    "message_watch_app_installed": true
  },
  {
    "timestamp_utc": "2024-09-09T17:07:36.732Z",
    "context_application_version": "8.9.68.490",
    "context_conn_country": "FR",
    "context_device_manufacturer": "apple",
    "context_device_model": "iPhone14,5",
    "context_device_type": "mobile",
    "context_os_name": "ios",
    "context_os_version": "17.5.1",
    "context_receiver_service_timestamp": 1725901657657,
    "context_time": 1725901656732,
    "message_app_version": null,
    "message_complication_enabled": false,
    "message_hardware_model": null,
    "message_paired": true,
    "message_system_version": null,
    "message_watch_app_installed": true
  },
  {
    "timestamp_utc": "2024-11-11T19:25:47.209Z",
    "context_application_version": "8.9.90.84",
    "context_conn_country": "FR",
    "context_device_manufacturer": "apple",
    "context_device_model": "iPhone14,5",
    "context_device_type": "mobile",
    "context_os_name": "ios",
    "context_os_version": "17.6.1",
    "context_receiver_service_timestamp": 1731353166694,
    "context_time": 1731353147209,
    "message_app_version": null,
    "message_complication_enabled": false,
    "message_hardware_model": null,
    "message_paired": true,
    "message_system_version": null,
    "message_watch_app_installed": true
  },
  {
    "timestamp_utc": "2024-11-24T19:28:11.901Z",
    "context_application_version": "8.9.94.418",
    "context_conn_country": "FR",
    "context_device_manufacturer": "apple",
    "context_device_model": "iPhone14,5",
    "context_device_type": "mobile",
    "context_os_name": "ios",
    "context_os_version": "17.6.1",
    "context_receiver_service_timestamp": 1732476517314,
    "context_time": 1732476491901,
    "message_app_version": null,
    "message_complication_enabled": false,
    "message_hardware_model": null,
    "message_paired": true,
    "message_system_version": null,
    "message_watch_app_installed": true
  },
  {
    "timestamp_utc": "2024-10-04T07:30:43.880Z",
    "context_application_version": "8.9.76.516",
    "context_conn_country": "FR",
    "context_device_manufacturer": "apple",
    "context_device_model": "iPhone14,5",
    "context_device_type": "mobile",
    "context_os_name": "ios",
    "context_os_version": "17.6.1",
    "context_receiver_service_timestamp": 1728027063330,
    "context_time": 1728027043880,
    "message_app_version": null,
    "message_complication_enabled": false,
    "message_hardware_model": null,
    "message_paired": true,
    "message_system_version": null,
    "message_watch_app_installed": true
  },
  {
    "timestamp_utc": "2024-09-25T07:17:55.393Z",
    "context_application_version": "8.9.74.535",
    "context_conn_country": "FR",
    "context_device_manufacturer": "apple",
    "context_device_model": "iPhone14,5",
    "context_device_type": "mobile",
    "context_os_name": "ios",
    "context_os_version": "17.6.1",
    "context_receiver_service_timestamp": 1727248695428,
    "context_time": 1727248675393,
    "message_app_version": null,
    "message_complication_enabled": false,
    "message_hardware_model": null,
    "message_paired": true,
    "message_system_version": null,
    "message_watch_app_installed": true
  },
  {
    "timestamp_utc": "2024-10-03T17:01:21.463Z",
    "context_application_version": "8.9.76.516",
    "context_conn_country": "FR",
    "context_device_manufacturer": "apple",
    "context_device_model": "iPhone14,5",
    "context_device_type": "mobile",
    "context_os_name": "ios",
    "context_os_version": "17.6.1",
    "context_receiver_service_timestamp": 1727974903459,
    "context_time": 1727974881463,
    "message_app_version": null,
    "message_complication_enabled": false,
    "message_hardware_model": null,
    "message_paired": true,
    "message_system_version": null,
    "message_watch_app_installed": true
  },
  {
    "timestamp_utc": "2024-10-13T16:25:59.023Z",
    "context_application_version": "8.9.76.516",
    "context_conn_country": "FR",
    "context_device_manufacturer": "apple",
    "context_device_model": "iPhone14,5",
    "context_device_type": "mobile",
    "context_os_name": "ios",
    "context_os_version": "17.6.1",
    "context_receiver_service_timestamp": 1728836788761,
    "context_time": 1728836759023,
    "message_app_version": null,
    "message_complication_enabled": false,
    "message_hardware_model": null,
    "message_paired": true,
    "message_system_version": null,
    "message_watch_app_installed": true
  },
  {
    "timestamp_utc": "2024-11-16T19:22:46.362Z",
    "context_application_version": "8.9.90.84",
    "context_conn_country": "FR",
    "context_device_manufacturer": "apple",
    "context_device_model": "iPhone14,5",
    "context_device_type": "mobile",
    "context_os_name": "ios",
    "context_os_version": "17.6.1",
    "context_receiver_service_timestamp": 1731784977153,
    "context_time": 1731784966362,
    "message_app_version": "8.9.90.84",
    "message_complication_enabled": false,
    "message_hardware_model": "Watch3,3",
    "message_paired": true,
    "message_system_version": "8.8.1",
    "message_watch_app_installed": true
  },
  {
    "timestamp_utc": "2024-11-22T08:25:54.206Z",
    "context_application_version": "8.9.90.84",
    "context_conn_country": "FR",
    "context_device_manufacturer": "apple",
    "context_device_model": "iPhone14,5",
    "context_device_type": "mobile",
    "context_os_name": "ios",
    "context_os_version": "17.6.1",
    "context_receiver_service_timestamp": 1732263982554,
    "context_time": 1732263954206,
    "message_app_version": null,
    "message_complication_enabled": false,
    "message_hardware_model": null,
    "message_paired": true,
    "message_system_version": null,
    "message_watch_app_installed": true
  },
  {
    "timestamp_utc": "2024-10-22T11:47:39.881Z",
    "context_application_version": "8.9.82.628",
    "context_conn_country": "FR",
    "context_device_manufacturer": "apple",
    "context_device_model": "iPhone14,5",
    "context_device_type": "mobile",
    "context_os_name": "ios",
    "context_os_version": "17.6.1",
    "context_receiver_service_timestamp": 1729597679295,
    "context_time": 1729597659881,
    "message_app_version": null,
    "message_complication_enabled": false,
    "message_hardware_model": null,
    "message_paired": true,
    "message_system_version": null,
    "message_watch_app_installed": true
  },
  {
    "timestamp_utc": "2024-11-18T16:03:23.277Z",
    "context_application_version": "8.9.90.84",
    "context_conn_country": "FR",
    "context_device_manufacturer": "apple",
    "context_device_model": "iPhone14,5",
    "context_device_type": "mobile",
    "context_os_name": "ios",
    "context_os_version": "17.6.1",
    "context_receiver_service_timestamp": 1731945823231,
    "context_time": 1731945803277,
    "message_app_version": null,
    "message_complication_enabled": false,
    "message_hardware_model": null,
    "message_paired": true,
    "message_system_version": null,
    "message_watch_app_installed": true
  },
  {
    "timestamp_utc": "2024-10-03T11:39:05.307Z",
    "context_application_version": "8.9.76.516",
    "context_conn_country": "FR",
    "context_device_manufacturer": "apple",
    "context_device_model": "iPhone14,5",
    "context_device_type": "mobile",
    "context_os_name": "ios",
    "context_os_version": "17.6.1",
    "context_receiver_service_timestamp": 1727955551543,
    "context_time": 1727955545307,
    "message_app_version": null,
    "message_complication_enabled": false,
    "message_hardware_model": null,
    "message_paired": true,
    "message_system_version": null,
    "message_watch_app_installed": true
  },
  {
    "timestamp_utc": "2024-10-08T11:22:38.248Z",
    "context_application_version": "8.9.76.516",
    "context_conn_country": "FR",
    "context_device_manufacturer": "apple",
    "context_device_model": "iPhone14,5",
    "context_device_type": "mobile",
    "context_os_name": "ios",
    "context_os_version": "17.6.1",
    "context_receiver_service_timestamp": 1728386559243,
    "context_time": 1728386558248,
    "message_app_version": "8.9.76.516",
    "message_complication_enabled": false,
    "message_hardware_model": "Watch3,3",
    "message_paired": true,
    "message_system_version": "8.8.1",
    "message_watch_app_installed": true
  },
  {
    "timestamp_utc": "2024-11-18T16:03:13.301Z",
    "context_application_version": "8.9.90.84",
    "context_conn_country": "FR",
    "context_device_manufacturer": "apple",
    "context_device_model": "iPhone14,5",
    "context_device_type": "mobile",
    "context_os_name": "ios",
    "context_os_version": "17.6.1",
    "context_receiver_service_timestamp": 1731945823035,
    "context_time": 1731945793301,
    "message_app_version": null,
    "message_complication_enabled": false,
    "message_hardware_model": null,
    "message_paired": true,
    "message_system_version": null,
    "message_watch_app_installed": true
  },
  {
    "timestamp_utc": "2024-09-07T17:10:42.700Z",
    "context_application_version": "8.9.68.490",
    "context_conn_country": "MA",
    "context_device_manufacturer": "apple",
    "context_device_model": "iPhone14,5",
    "context_device_type": "mobile",
    "context_os_name": "ios",
    "context_os_version": "17.5.1",
    "context_receiver_service_timestamp": 1725729048307,
    "context_time": 1725729042700,
    "message_app_version": null,
    "message_complication_enabled": false,
    "message_hardware_model": null,
    "message_paired": true,
    "message_system_version": null,
    "message_watch_app_installed": false
  },
  {
    "timestamp_utc": "2024-11-20T15:20:33.626Z",
    "context_application_version": "8.9.90.84",
    "context_conn_country": "FR",
    "context_device_manufacturer": "apple",
    "context_device_model": "iPhone14,5",
    "context_device_type": "mobile",
    "context_os_name": "ios",
    "context_os_version": "17.6.1",
    "context_receiver_service_timestamp": 1732116052978,
    "context_time": 1732116033626,
    "message_app_version": null,
    "message_complication_enabled": false,
    "message_hardware_model": null,
    "message_paired": true,
    "message_system_version": null,
    "message_watch_app_installed": true
  }
]