[
  {
    "timestamp_utc": "2024-11-05T11:53:22.511Z",
    "context_time": 1730807602511,
    "message_business_metric": "Consumption",
    "message_business_metric_sub_category": "",
    "message_campaign_id": "85872",
    "message_channel": "INAPP",
    "message_experiment_properties": [
      {
        "key": "multi_objective_selection",
        "value": "DATA_COLLECTION"
      },
      {
        "key": "inapp_data_collection_window_config",
        "value": "NO_CHANGE"
      }
    ],
    "message_filter_reason": "MULTI_OBJECTIVE_SELECTION_DATA_COLLECTION",
    "message_holdouts": [
    ],
    "message_locale": "en_FR",
    "message_message_id": "156773",
    "message_module_channel": "EXISTINGUSER_INAPP",
    "message_ppc_action": null,
    "message_product": "PREMIUM",
    "message_rank": 0,
    "message_region": "europe-west1",
    "message_reorder_occurred": false,
    "message_request_index": 0,
    "message_stages": [
      {
        "key": "MultiObjectiveSelectionDataCollectionStage",
        "value": "true"
      },
      {
        "key": "ProductPromotionCoordinatorFilter",
        "value": "false"
      }
    ],
    "message_uplift_variant": "false"
  },
  {
    "timestamp_utc": "2024-10-17T22:13:08.724Z",
    "context_time": 1729203188724,
    "message_business_metric": "Non recurring revenue",
    "message_business_metric_sub_category": "Concert Tickets",
    "message_campaign_id": "68399",
    "message_channel": "EMAIL",
    "message_experiment_properties": [
      {
        "key": "multi_objective_selection_email",
        "value": "NO_CHANGE"
      },
      {
        "key": "email_data_collection_window_config",
        "value": "NO_CHANGE"
      }
    ],
    "message_filter_reason": null,
    "message_holdouts": [
    ],
    "message_locale": "de",
    "message_message_id": "158045",
    "message_module_channel": "ENGAGEMENT_EMAIL",
    "message_ppc_action": null,
    "message_product": "PREMIUM",
    "message_rank": 1,
    "message_region": "asia-east1",
    "message_reorder_occurred": false,
    "message_request_index": 1,
    "message_stages": [
      {
        "key": "NewUserProtectionStage",
        "value": "false"
      },
      {
        "key": "InAppNewUserUpliftStage",
        "value": "false"
      },
      {
        "key": "SalemRankingModelStage",
        "value": "false"
      },
      {
        "key": "InAppExistingUserUpliftStage",
        "value": "false"
      },
      {
        "key": "ProductPromotionCoordinatorFilter",
        "value": "false"
      },
      {
        "key": "PushEmailNewUserProtectionStage",
        "value": "false"
      }
    ],
    "message_uplift_variant": "false"
  },
  {
    "timestamp_utc": "2024-10-17T22:13:08.724Z",
    "context_time": 1729203188724,
    "message_business_metric": "Non recurring revenue",
    "message_business_metric_sub_category": "Concert Tickets",
    "message_campaign_id": "68399",
    "message_channel": "EMAIL",
    "message_experiment_properties": [
      {
        "key": "multi_objective_selection_email",
        "value": "NO_CHANGE"
      },
      {
        "key": "email_data_collection_window_config",
        "value": "NO_CHANGE"
      }
    ],
    "message_filter_reason": null,
    "message_holdouts": [
    ],
    "message_locale": "de",
    "message_message_id": "157108",
    "message_module_channel": "ENGAGEMENT_EMAIL",
    "message_ppc_action": null,
    "message_product": "PREMIUM",
    "message_rank": 0,
    "message_region": "asia-east1",
    "message_reorder_occurred": false,
    "message_request_index": 0,
    "message_stages": [
      {
        "key": "NewUserProtectionStage",
        "value": "false"
      },
      {
        "key": "InAppNewUserUpliftStage",
        "value": "false"
      },
      {
        "key": "SalemRankingModelStage",
        "value": "false"
      },
      {
        "key": "InAppExistingUserUpliftStage",
        "value": "false"
      },
      {
        "key": "ProductPromotionCoordinatorFilter",
        "value": "false"
      },
      {
        "key": "PushEmailNewUserProtectionStage",
        "value": "false"
      }
    ],
    "message_uplift_variant": "false"
  },
  {
    "timestamp_utc": "2024-10-18T22:13:24.656Z",
    "context_time": 1729289604656,
    "message_business_metric": "Non recurring revenue",
    "message_business_metric_sub_category": "Concert Tickets",
    "message_campaign_id": "68399",
    "message_channel": "EMAIL",
    "message_experiment_properties": [
      {
        "key": "multi_objective_selection_email",
        "value": "NO_CHANGE"
      },
      {
        "key": "email_data_collection_window_config",
        "value": "NO_CHANGE"
      }
    ],
    "message_filter_reason": null,
    "message_holdouts": [
    ],
    "message_locale": "de",
    "message_message_id": "158045",
    "message_module_channel": "ENGAGEMENT_EMAIL",
    "message_ppc_action": null,
    "message_product": "PREMIUM",
    "message_rank": 0,
    "message_region": "us-central1",
    "message_reorder_occurred": false,
    "message_request_index": 0,
    "message_stages": [
      {
        "key": "NewUserProtectionStage",
        "value": "false"
      },
      {
        "key": "InAppNewUserUpliftStage",
        "value": "false"
      },
      {
        "key": "SalemRankingModelStage",
        "value": "false"
      },
      {
        "key": "InAppExistingUserUpliftStage",
        "value": "false"
      },
      {
        "key": "ProductPromotionCoordinatorFilter",
        "value": "false"
      },
      {
        "key": "PushEmailNewUserProtectionStage",
        "value": "false"
      }
    ],
    "message_uplift_variant": "false"
  },
  {
    "timestamp_utc": "2024-11-18T10:18:31.071Z",
    "context_time": 1731925111071,
    "message_business_metric": "Non recurring revenue",
    "message_business_metric_sub_category": "Concert Tickets",
    "message_campaign_id": "68399",
    "message_channel": "EMAIL",
    "message_experiment_properties": [
      {
        "key": "multi_objective_selection_email",
        "value": "NO_CHANGE"
      },
      {
        "key": "email_data_collection_window_config",
        "value": "NO_CHANGE"
      }
    ],
    "message_filter_reason": null,
    "message_holdouts": [
    ],
    "message_locale": "de",
    "message_message_id": "158045",
    "message_module_channel": "ENGAGEMENT_EMAIL",
    "message_ppc_action": null,
    "message_product": "PREMIUM",
    "message_rank": 0,
    "message_region": "europe-west1",
    "message_reorder_occurred": false,
    "message_request_index": 0,
    "message_stages": [
      {
        "key": "NewUserProtectionStage",
        "value": "false"
      },
      {
        "key": "InAppNewUserUpliftStage",
        "value": "false"
      },
      {
        "key": "SalemRankingModelStage",
        "value": "false"
      },
      {
        "key": "InAppExistingUserUpliftStage",
        "value": "false"
      },
      {
        "key": "ProductPromotionCoordinatorFilter",
        "value": "false"
      },
      {
        "key": "PushEmailNewUserProtectionStage",
        "value": "false"
      }
    ],
    "message_uplift_variant": "false"
  },
  {
    "timestamp_utc": "2024-11-26T20:55:32.818Z",
    "context_time": 1732654532818,
    "message_business_metric": "Consumption",
    "message_business_metric_sub_category": "",
    "message_campaign_id": "85874",
    "message_channel": "INAPP",
    "message_experiment_properties": [
      {
        "key": "multi_objective_selection",
        "value": "DATA_COLLECTION"
      },
      {
        "key": "inapp_data_collection_window_config",
        "value": "NO_CHANGE"
      }
    ],
    "message_filter_reason": null,
    "message_holdouts": [
    ],
    "message_locale": "en_FR",
    "message_message_id": "156775",
    "message_module_channel": "EXISTINGUSER_INAPP",
    "message_ppc_action": null,
    "message_product": "PREMIUM",
    "message_rank": 0,
    "message_region": "europe-west1",
    "message_reorder_occurred": false,
    "message_request_index": 0,
    "message_stages": [
      {
        "key": "MultiObjectiveSelectionDataCollectionStage",
        "value": "true"
      },
      {
        "key": "ProductPromotionCoordinatorFilter",
        "value": "false"
      }
    ],
    "message_uplift_variant": "false"
  },
  {
    "timestamp_utc": "2024-10-30T11:21:59.179Z",
    "context_time": 1730287319179,
    "message_business_metric": "Non recurring revenue",
    "message_business_metric_sub_category": "Concert Tickets",
    "message_campaign_id": "68399",
    "message_channel": "EMAIL",
    "message_experiment_properties": [
      {
        "key": "multi_objective_selection_email",
        "value": "NO_CHANGE"
      },
      {
        "key": "email_data_collection_window_config",
        "value": "NO_CHANGE"
      }
    ],
    "message_filter_reason": null,
    "message_holdouts": [
    ],
    "message_locale": "de",
    "message_message_id": "157108",
    "message_module_channel": "ENGAGEMENT_EMAIL",
    "message_ppc_action": null,
    "message_product": "PREMIUM",
    "message_rank": 0,
    "message_region": "us-central1",
    "message_reorder_occurred": false,
    "message_request_index": 0,
    "message_stages": [
      {
        "key": "NewUserProtectionStage",
        "value": "false"
      },
      {
        "key": "InAppNewUserUpliftStage",
        "value": "false"
      },
      {
        "key": "SalemRankingModelStage",
        "value": "false"
      },
      {
        "key": "InAppExistingUserUpliftStage",
        "value": "false"
      },
      {
        "key": "ProductPromotionCoordinatorFilter",
        "value": "false"
      },
      {
        "key": "PushEmailNewUserProtectionStage",
        "value": "false"
      }
    ],
    "message_uplift_variant": "false"
  },
  {
    "timestamp_utc": "2024-09-12T08:03:06.844Z",
    "context_time": 1726128186844,
    "message_business_metric": "MAU",
    "message_business_metric_sub_category": "Concert Tickets",
    "message_campaign_id": "85553",
    "message_channel": "EMAIL",
    "message_experiment_properties": [
      {
        "key": "email_data_collection_window_config",
        "value": "NO_CHANGE"
      }
    ],
    "message_filter_reason": null,
    "message_holdouts": [
    ],
    "message_locale": "de",
    "message_message_id": "155619",
    "message_module_channel": "ENGAGEMENT_EMAIL",
    "message_ppc_action": null,
    "message_product": "PREMIUM",
    "message_rank": 0,
    "message_region": "us-central1",
    "message_reorder_occurred": false,
    "message_request_index": 0,
    "message_stages": [
      {
        "key": "NewUserProtectionStage",
        "value": "false"
      },
      {
        "key": "InAppNewUserUpliftStage",
        "value": "false"
      },
      {
        "key": "FrequencyModelStage",
        "value": "false"
      },
      {
        "key": "SalemRankingModelStage",
        "value": "false"
      },
      {
        "key": "InAppExistingUserUpliftStage",
        "value": "false"
      },
      {
        "key": "ProductPromotionCoordinatorStage",
        "value": "false"
      },
      {
        "key": "PushEmailNewUserProtectionStage",
        "value": "false"
      },
      {
        "key": "PulRankingStage",
        "value": "false"
      }
    ],
    "message_uplift_variant": "false"
  },
  {
    "timestamp_utc": "2024-10-09T09:45:54.980Z",
    "context_time": 1728467154980,
    "message_business_metric": "Non recurring revenue",
    "message_business_metric_sub_category": "Concert Tickets",
    "message_campaign_id": "68399",
    "message_channel": "EMAIL",
    "message_experiment_properties": [
      {
        "key": "multi_objective_selection_email",
        "value": "NO_CHANGE"
      },
      {
        "key": "email_data_collection_window_config",
        "value": "NO_CHANGE"
      }
    ],
    "message_filter_reason": null,
    "message_holdouts": [
    ],
    "message_locale": "de",
    "message_message_id": "157108",
    "message_module_channel": "ENGAGEMENT_EMAIL",
    "message_ppc_action": null,
    "message_product": "PREMIUM",
    "message_rank": 0,
    "message_region": "asia-east1",
    "message_reorder_occurred": false,
    "message_request_index": 0,
    "message_stages": [
      {
        "key": "NewUserProtectionStage",
        "value": "false"
      },
      {
        "key": "InAppNewUserUpliftStage",
        "value": "false"
      },
      {
        "key": "SalemRankingModelStage",
        "value": "false"
      },
      {
        "key": "InAppExistingUserUpliftStage",
        "value": "false"
      },
      {
        "key": "ProductPromotionCoordinatorFilter",
        "value": "false"
      },
      {
        "key": "PushEmailNewUserProtectionStage",
        "value": "false"
      }
    ],
    "message_uplift_variant": "false"
  },
  {
    "timestamp_utc": "2024-11-27T20:19:28.653Z",
    "context_time": 1732738768653,
    "message_business_metric": "Non recurring revenue",
    "message_business_metric_sub_category": "Concert Tickets",
    "message_campaign_id": "68399",
    "message_channel": "EMAIL",
    "message_experiment_properties": [
      {
        "key": "multi_objective_selection_email",
        "value": "NO_CHANGE"
      },
      {
        "key": "email_data_collection_window_config",
        "value": "NO_CHANGE"
      }
    ],
    "message_filter_reason": null,
    "message_holdouts": [
    ],
    "message_locale": "de",
    "message_message_id": "157108",
    "message_module_channel": "ENGAGEMENT_EMAIL",
    "message_ppc_action": null,
    "message_product": "PREMIUM",
    "message_rank": 0,
    "message_region": "europe-west1",
    "message_reorder_occurred": false,
    "message_request_index": 0,
    "message_stages": [
      {
        "key": "NewUserProtectionStage",
        "value": "false"
      },
      {
        "key": "InAppNewUserUpliftStage",
        "value": "false"
      },
      {
        "key": "SalemRankingModelStage",
        "value": "false"
      },
      {
        "key": "InAppExistingUserUpliftStage",
        "value": "false"
      },
      {
        "key": "ProductPromotionCoordinatorFilter",
        "value": "false"
      },
      {
        "key": "PushEmailNewUserProtectionStage",
        "value": "false"
      }
    ],
    "message_uplift_variant": "false"
  },
  {
    "timestamp_utc": "2024-10-11T11:03:06.702Z",
    "context_time": 1728644586702,
    "message_business_metric": "MAU",
    "message_business_metric_sub_category": "",
    "message_campaign_id": "85554",
    "message_channel": "INAPP",
    "message_experiment_properties": [
      {
        "key": "multi_objective_selection",
        "value": "DATA_COLLECTION"
      },
      {
        "key": "inapp_data_collection_window_config",
        "value": "NO_CHANGE"
      }
    ],
    "message_filter_reason": null,
    "message_holdouts": [
    ],
    "message_locale": "en_FR",
    "message_message_id": "155624",
    "message_module_channel": "EXISTINGUSER_INAPP",
    "message_ppc_action": null,
    "message_product": "PREMIUM",
    "message_rank": 0,
    "message_region": "europe-west1",
    "message_reorder_occurred": false,
    "message_request_index": 0,
    "message_stages": [
      {
        "key": "MultiObjectiveSelectionDataCollectionStage",
        "value": "true"
      },
      {
        "key": "ProductPromotionCoordinatorFilter",
        "value": "false"
      }
    ],
    "message_uplift_variant": "false"
  },
  {
    "timestamp_utc": "2024-09-12T14:07:05.979Z",
    "context_time": 1726150025979,
    "message_business_metric": "MAU",
    "message_business_metric_sub_category": "Concert Tickets",
    "message_campaign_id": "85630",
    "message_channel": "EMAIL",
    "message_experiment_properties": [
      {
        "key": "email_data_collection_window_config",
        "value": "NO_CHANGE"
      }
    ],
    "message_filter_reason": null,
    "message_holdouts": [
    ],
    "message_locale": "de",
    "message_message_id": "155841",
    "message_module_channel": "ENGAGEMENT_EMAIL",
    "message_ppc_action": null,
    "message_product": "PREMIUM",
    "message_rank": 0,
    "message_region": "asia-east1",
    "message_reorder_occurred": false,
    "message_request_index": 0,
    "message_stages": [
      {
        "key": "NewUserProtectionStage",
        "value": "false"
      },
      {
        "key": "InAppNewUserUpliftStage",
        "value": "false"
      },
      {
        "key": "FrequencyModelStage",
        "value": "false"
      },
      {
        "key": "SalemRankingModelStage",
        "value": "false"
      },
      {
        "key": "InAppExistingUserUpliftStage",
        "value": "false"
      },
      {
        "key": "ProductPromotionCoordinatorStage",
        "value": "false"
      },
      {
        "key": "PushEmailNewUserProtectionStage",
        "value": "false"
      },
      {
        "key": "PulRankingStage",
        "value": "false"
      }
    ],
    "message_uplift_variant": "false"
  },
  {
    "timestamp_utc": "2024-11-08T12:14:12.046Z",
    "context_time": 1731068052046,
    "message_business_metric": "Non recurring revenue",
    "message_business_metric_sub_category": "Concert Tickets",
    "message_campaign_id": "68399",
    "message_channel": "EMAIL",
    "message_experiment_properties": [
      {
        "key": "multi_objective_selection_email",
        "value": "NO_CHANGE"
      },
      {
        "key": "email_data_collection_window_config",
        "value": "NO_CHANGE"
      }
    ],
    "message_filter_reason": null,
    "message_holdouts": [
    ],
    "message_locale": "de",
    "message_message_id": "157108",
    "message_module_channel": "ENGAGEMENT_EMAIL",
    "message_ppc_action": null,
    "message_product": "PREMIUM",
    "message_rank": 0,
    "message_region": "europe-west1",
    "message_reorder_occurred": false,
    "message_request_index": 0,
    "message_stages": [
      {
        "key": "NewUserProtectionStage",
        "value": "false"
      },
      {
        "key": "InAppNewUserUpliftStage",
        "value": "false"
      },
      {
        "key": "SalemRankingModelStage",
        "value": "false"
      },
      {
        "key": "InAppExistingUserUpliftStage",
        "value": "false"
      },
      {
        "key": "ProductPromotionCoordinatorFilter",
        "value": "false"
      },
      {
        "key": "PushEmailNewUserProtectionStage",
        "value": "false"
      }
    ],
    "message_uplift_variant": "false"
  },
  {
    "timestamp_utc": "2024-11-04T21:47:27.312Z",
    "context_time": 1730756847312,
    "message_business_metric": "Consumption",
    "message_business_metric_sub_category": "",
    "message_campaign_id": "85872",
    "message_channel": "INAPP",
    "message_experiment_properties": [
      {
        "key": "multi_objective_selection",
        "value": "DATA_COLLECTION"
      },
      {
        "key": "inapp_data_collection_window_config",
        "value": "NO_CHANGE"
      }
    ],
    "message_filter_reason": null,
    "message_holdouts": [
    ],
    "message_locale": "en_FR",
    "message_message_id": "156773",
    "message_module_channel": "EXISTINGUSER_INAPP",
    "message_ppc_action": null,
    "message_product": "PREMIUM",
    "message_rank": 0,
    "message_region": "europe-west1",
    "message_reorder_occurred": false,
    "message_request_index": 0,
    "message_stages": [
      {
        "key": "MultiObjectiveSelectionDataCollectionStage",
        "value": "true"
      },
      {
        "key": "ProductPromotionCoordinatorFilter",
        "value": "false"
      }
    ],
    "message_uplift_variant": "false"
  },
  {
    "timestamp_utc": "2024-09-19T20:45:50.855Z",
    "context_time": 1726778750855,
    "message_business_metric": "Non recurring revenue",
    "message_business_metric_sub_category": "Concert Tickets",
    "message_campaign_id": "68399",
    "message_channel": "EMAIL",
    "message_experiment_properties": [
      {
        "key": "multi_objective_selection_email",
        "value": "NO_CHANGE"
      },
      {
        "key": "email_data_collection_window_config",
        "value": "NO_CHANGE"
      }
    ],
    "message_filter_reason": null,
    "message_holdouts": [
    ],
    "message_locale": "de",
    "message_message_id": "144651",
    "message_module_channel": "ENGAGEMENT_EMAIL",
    "message_ppc_action": null,
    "message_product": "PREMIUM",
    "message_rank": 0,
    "message_region": "europe-west1",
    "message_reorder_occurred": false,
    "message_request_index": 0,
    "message_stages": [
      {
        "key": "NewUserProtectionStage",
        "value": "false"
      },
      {
        "key": "InAppNewUserUpliftStage",
        "value": "false"
      },
      {
        "key": "FrequencyModelStage",
        "value": "false"
      },
      {
        "key": "SalemRankingModelStage",
        "value": "false"
      },
      {
        "key": "InAppExistingUserUpliftStage",
        "value": "false"
      },
      {
        "key": "ProductPromotionCoordinatorFilter",
        "value": "false"
      },
      {
        "key": "PushEmailNewUserProtectionStage",
        "value": "false"
      },
      {
        "key": "PulRankingStage",
        "value": "false"
      }
    ],
    "message_uplift_variant": "false"
  },
  {
    "timestamp_utc": "2024-10-31T22:13:29.144Z",
    "context_time": 1730412809144,
    "message_business_metric": "Non recurring revenue",
    "message_business_metric_sub_category": "Concert Tickets",
    "message_campaign_id": "68399",
    "message_channel": "EMAIL",
    "message_experiment_properties": [
      {
        "key": "multi_objective_selection_email",
        "value": "NO_CHANGE"
      },
      {
        "key": "email_data_collection_window_config",
        "value": "NO_CHANGE"
      }
    ],
    "message_filter_reason": null,
    "message_holdouts": [
    ],
    "message_locale": "de",
    "message_message_id": "158045",
    "message_module_channel": "ENGAGEMENT_EMAIL",
    "message_ppc_action": null,
    "message_product": "PREMIUM",
    "message_rank": 0,
    "message_region": "europe-west1",
    "message_reorder_occurred": false,
    "message_request_index": 0,
    "message_stages": [
      {
        "key": "NewUserProtectionStage",
        "value": "false"
      },
      {
        "key": "InAppNewUserUpliftStage",
        "value": "false"
      },
      {
        "key": "SalemRankingModelStage",
        "value": "false"
      },
      {
        "key": "InAppExistingUserUpliftStage",
        "value": "false"
      },
      {
        "key": "ProductPromotionCoordinatorFilter",
        "value": "false"
      },
      {
        "key": "PushEmailNewUserProtectionStage",
        "value": "false"
      }
    ],
    "message_uplift_variant": "false"
  },
  {
    "timestamp_utc": "2024-11-30T21:18:57.808Z",
    "context_time": 1733001537808,
    "message_business_metric": "Non recurring revenue",
    "message_business_metric_sub_category": "Concert Tickets",
    "message_campaign_id": "68399",
    "message_channel": "EMAIL",
    "message_experiment_properties": [
      {
        "key": "multi_objective_selection_email",
        "value": "NO_CHANGE"
      },
      {
        "key": "email_data_collection_window_config",
        "value": "NO_CHANGE"
      }
    ],
    "message_filter_reason": null,
    "message_holdouts": [
    ],
    "message_locale": "de",
    "message_message_id": "157101",
    "message_module_channel": "ENGAGEMENT_EMAIL",
    "message_ppc_action": null,
    "message_product": "PREMIUM",
    "message_rank": 0,
    "message_region": "us-central1",
    "message_reorder_occurred": false,
    "message_request_index": 0,
    "message_stages": [
      {
        "key": "NewUserProtectionStage",
        "value": "false"
      },
      {
        "key": "InAppNewUserUpliftStage",
        "value": "false"
      },
      {
        "key": "SalemRankingModelStage",
        "value": "false"
      },
      {
        "key": "InAppExistingUserUpliftStage",
        "value": "false"
      },
      {
        "key": "ProductPromotionCoordinatorFilter",
        "value": "false"
      },
      {
        "key": "PushEmailNewUserProtectionStage",
        "value": "false"
      }
    ],
    "message_uplift_variant": "false"
  },
  {
    "timestamp_utc": "2024-10-03T09:00:53.893Z",
    "context_time": 1727946053893,
    "message_business_metric": "MAU",
    "message_business_metric_sub_category": "Concert Tickets",
    "message_campaign_id": "85922",
    "message_channel": "EMAIL",
    "message_experiment_properties": [
      {
        "key": "multi_objective_selection_email",
        "value": "NO_CHANGE"
      },
      {
        "key": "email_data_collection_window_config",
        "value": "NO_CHANGE"
      }
    ],
    "message_filter_reason": null,
    "message_holdouts": [
    ],
    "message_locale": "de",
    "message_message_id": "157094",
    "message_module_channel": "ENGAGEMENT_EMAIL",
    "message_ppc_action": null,
    "message_product": "PREMIUM",
    "message_rank": 0,
    "message_region": "europe-west1",
    "message_reorder_occurred": false,
    "message_request_index": 0,
    "message_stages": [
      {
        "key": "NewUserProtectionStage",
        "value": "false"
      },
      {
        "key": "InAppNewUserUpliftStage",
        "value": "false"
      },
      {
        "key": "SalemRankingModelStage",
        "value": "false"
      },
      {
        "key": "InAppExistingUserUpliftStage",
        "value": "false"
      },
      {
        "key": "ProductPromotionCoordinatorFilter",
        "value": "false"
      },
      {
        "key": "PushEmailNewUserProtectionStage",
        "value": "false"
      }
    ],
    "message_uplift_variant": "false"
  },
  {
    "timestamp_utc": "2024-11-16T15:18:39.989Z",
    "context_time": 1731770319989,
    "message_business_metric": "Non recurring revenue",
    "message_business_metric_sub_category": "Concert Tickets",
    "message_campaign_id": "68399",
    "message_channel": "EMAIL",
    "message_experiment_properties": [
      {
        "key": "multi_objective_selection_email",
        "value": "NO_CHANGE"
      },
      {
        "key": "email_data_collection_window_config",
        "value": "NO_CHANGE"
      }
    ],
    "message_filter_reason": null,
    "message_holdouts": [
    ],
    "message_locale": "de",
    "message_message_id": "157108",
    "message_module_channel": "ENGAGEMENT_EMAIL",
    "message_ppc_action": null,
    "message_product": "PREMIUM",
    "message_rank": 0,
    "message_region": "europe-west1",
    "message_reorder_occurred": false,
    "message_request_index": 0,
    "message_stages": [
      {
        "key": "NewUserProtectionStage",
        "value": "false"
      },
      {
        "key": "InAppNewUserUpliftStage",
        "value": "false"
      },
      {
        "key": "SalemRankingModelStage",
        "value": "false"
      },
      {
        "key": "InAppExistingUserUpliftStage",
        "value": "false"
      },
      {
        "key": "ProductPromotionCoordinatorFilter",
        "value": "false"
      },
      {
        "key": "PushEmailNewUserProtectionStage",
        "value": "false"
      }
    ],
    "message_uplift_variant": "false"
  }
]