[
  {
    "timestamp_utc": "2024-09-05T07:02:20.450Z",
    "context_time": 1725519740450,
    "message_candidates": [
      "spotify:track:4KlL5Bwlm4yHYxr0B2rHci",
      "spotify:track:5MzXUNfn8AAcz4Z6j2KgTK",
      "spotify:track:5sF7hdYvhrcgNq8NZjfK8L",
      "spotify:track:2Kz5qeXifBxE0zmuoVchlM",
      "spotify:track:4OLVK3kktkdLPp8dDgoCtb",
      "spotify:track:3HNTLCpAGnizbyJmk7466r",
      "spotify:track:5zCunX8URvLoBHlg1Fnjv6",
      "spotify:track:3tJjZMHLqhD8DaGgdBICnc",
      "spotify:track:0udoMICxzaUbNUT8EVRq8B",
      "spotify:track:2k2CZ1dJClLmDO2TVGsz1R",
      "spotify:track:0ElpbbncWT9aS7mgoqEHbQ",
      "spotify:track:5IH7HQEWhToZnMQTZRzp1H",
      "spotify:track:1rGxG6Y5OgmSwGPRPJv9Q4",
      "spotify:track:4RL77hMWUq35NYnPLXBpih",
      "spotify:track:5Djt1AQnhfhYJjs4m7WS6G",
      "spotify:track:6w8pFOKn42O418qwcQElZ3",
      "spotify:track:1B62o4CbdL9ckGvwsz2cgn",
      "spotify:track:3IgUCMkHS4RgHdngIlporF",
      "spotify:track:0NlGoUyOJSuSHmngoibVAs",
      "spotify:track:6DAnfSOcjQ1k0pXtIYiZnA",
      "spotify:track:0YywjDvFudcaHG74NuWISy",
      "spotify:track:0ygOBx60exSPPvnI4sS28r",
      "spotify:track:4gVZhkcsZcwQ4mU1gEeXEO",
      "spotify:track:7LwGBxB0h0CVmkOZxYKn0g",
      "spotify:track:0aIW3ekrhK1eh3BYCh11op",
      "spotify:track:11xs8VwgHHIQqz3dbyEcLS",
      "spotify:track:1z6ytxdIawe7Dd14cfiSQf",
      "spotify:track:2d7LPtieXdIYzf7yHPooWd",
      "spotify:track:4pvb0WLRcMtbPGmtejJJ6y",
      "spotify:track:555CH6CnGJRqO37pqA30vW",
      "spotify:track:0OW2r3EJzCg7K5Ml0AUVEo",
      "spotify:track:3qeTDINIdJjblabgluS5rK",
      "spotify:track:6KkyuDhrEhR5nJVKtv9mCf",
      "spotify:track:1tYOB844iD7HxHvPtwDPNu",
      "spotify:track:2VlLbhGLVJgdOW7kKdWWFc",
      "spotify:track:5zT5cMnMKoyruPj13TQXGx",
      "spotify:track:12OLyHDxt6dqlAybSPFBK3",
      "spotify:track:7pq5vONxrAy8T773nhkiW3",
      "spotify:track:5GZEeowhvSieFDiR8fQ2im",
      "spotify:track:54KFQB6N4pn926IUUYZGzK",
      "spotify:track:3mzpsnjF6D5lSInT5ADAyc",
      "spotify:track:3cWI6Hj9LQ0MfMuhw9uSMc",
      "spotify:track:4MKO1xltVSQlMMZUfOMEA1",
      "spotify:track:6GL1MiIvlrAm3hTvHzQJLl",
      "spotify:track:0u4rkpmNtgcFxYHepnVF4v",
      "spotify:track:5Qn7UBFKV5iemqZMJ5F5ve",
      "spotify:track:57h4OYRuqBvgE87biicEzq",
      "spotify:track:16XiTUC2rQvb5lmtOm3FYY",
      "spotify:track:44p0C72gL2FbjWbzkUFfTf",
      "spotify:track:4S6fv0puLCsfYjyBTPDb9k",
      "spotify:track:401MfYscl2EMF4nDbnbG0K",
      "spotify:track:56N9s9PS6VwGolUnx1CJkv",
      "spotify:track:7zw6nQHTwml1mVuQDf5V6k",
      "spotify:track:32RC7EvEAUUn9aoQZlWT2e",
      "spotify:track:5mzhTOlIIzYgQURk0Skzhe",
      "spotify:track:6eLOyOwKUJvjN0f9equFf8",
      "spotify:track:1ZMiCix7XSAbfAJlEZWMCp",
      "spotify:track:7ezhI4Xt8EPPcSTPEZEqNF",
      "spotify:track:0UPMxtinlgA1dkne9PAKTW",
      "spotify:track:7jqzZyJJLrpkRFYGpkqSK6",
      "spotify:track:6GI4rgcKBRwbi9hN84ErdW",
      "spotify:track:2I07Lbee7UvoAdlTAl37AM",
      "spotify:track:5uq3x8Pg8HAj8qNwPFOzfl",
      "spotify:track:6FdTNHF3BlW3pECDcdUx1c",
      "spotify:track:1ps79IsdI5nvOlebU1R1S4",
      "spotify:track:1fTzOcw64Xm0AxUsLcRHAZ",
      "spotify:track:0CzKeBPCiBrGZRV9eLzzBo",
      "spotify:track:7iHl6LcHD94l5VpmfrBUmG",
      "spotify:track:6CcJMwBtXByIz4zQLzFkKc",
      "spotify:track:6myjRCWhMVgwgJEYNIGah3",
      "spotify:track:4g2WiijzSKzH8PApKDbadN",
      "spotify:track:1m5eFhE34yyYv2lkjtcKPG",
      "spotify:track:7lPrG609DAZF6mCf5EjfCa",
      "spotify:track:7qH9Z4dJEN0l9bidizW7fq",
      "spotify:track:6U1iuA5QfzYRPJxvdcxqtf",
      "spotify:track:6Kkt27YmFyIFrcX3QXFi2o",
      "spotify:track:3hRV0jL3vUpRrcy398teAU",
      "spotify:track:3XwTKOAP8Syq2GAcKBCAmN",
      "spotify:track:5Ohxk2dO5COHF1krpoPigN",
      "spotify:track:1YyWhuvE5ZKN9S295kuVZb",
      "spotify:track:6MM22AtXB7I5gfTErMF0mJ",
      "spotify:track:0Uon5NsSAkBDx69XYOaQ5P",
      "spotify:track:0dHF8t7OIhgPele5WRUfWG",
      "spotify:track:7t3Xdbufg7q2onVsR8RBdY",
      "spotify:track:4JuJZzGcswQszYiKJSnC6i",
      "spotify:track:6iWEhoALoBFnQMNVhYY0Sc",
      "spotify:track:43zdsphuZLzwA9k4DJhU0I",
      "spotify:track:2pV8RpdLemcyMWko8dASVt",
      "spotify:track:4x5YzxjrF9wvIIXJV7TveC",
      "spotify:track:2BOqDYLOJBiMOXShCV1neZ",
      "spotify:track:6ZeQp2XTOiPCePWRfCHSo5",
      "spotify:track:1GIsnE71uUtWvGpvnJCTXO",
      "spotify:track:3WnkK9068MrNVLzhh4XZ5g",
      "spotify:track:2kfGoV9a5dbSKCNmUWH2ZF",
      "spotify:track:65gLJGey4u4KFFqoC5fzFJ",
      "spotify:track:2nMeu6UenVvwUktBCpLMK9",
      "spotify:track:42bbDWZ8WmXTH7PkYAlGLu",
      "spotify:track:6sPpUfwcYBgW3kTXStNsVM",
      "spotify:track:2FeYeAGexV851DsHdFsAmo",
      "spotify:track:6q4c1vPRZREh7nw3wG7Ixz"
    ],
    "message_country": "DE",
    "message_dow_descriptors": [
      "calm",
      "slow",
      "relaxing",
      "sad",
      "soft",
      "melancholy",
      "chanson",
      "rainy day",
      "emotional",
      "variete francaise"
    ],
    "message_locale": "en-GB",
    "message_overall_descriptors": [
      "sad",
      "slow",
      "soft pop",
      "calm",
      "depress sesh",
      "emotional",
      "rainy day",
      "melancholy",
      "crying",
      "heartache"
    ],
    "message_playlist_description": "You listened to <a href=\"spotify:playlist:37i9dQZF1EIcNUtFW3CJZc\">soft</a> and calm on Thursdays in the morning. Here's some: <a href=\"spotify:playlist:37i9dQZF1EIdWtb59YXz7e\">contemporary dance</a>, <a href=\"spotify:playlist:37i9dQZF1EIcPIJ1flcGAs\">writing</a>, <a href=\"spotify:playlist:37i9dQZF1EIhjX4MYAtAxf\">improvisation</a>, <a href=\"spotify:playlist:37i9dQZF1EIfs1TDfYoOn9\">lyrical dance</a>, <a href=\"spotify:playlist:37i9dQZF1EIfls9TsEh8mV\">romantasy</a> and <a href=\"spotify:playlist:37i9dQZF1EIgrEQA5FONTg\">melancholy</a>",
    "message_playlist_title": "contemporary dance writing thursday morning",
    "message_realtime_descriptors": [
      "hopecore",
      "downtown vibes",
      "journaling",
      "whimsical",
      "venting",
      "lovesick",
      "goblincore",
      "power ballad",
      "happy indie",
      "soul crushing"
    ],
    "message_recommendation_descriptors": [
      "contemporary dance",
      "writing",
      "improvisation",
      "lyrical dance",
      "romantasy",
      "melancholy",
      "sleepy weepy",
      "depress sesh",
      "emotional",
      "heartache",
      "sad",
      "overthinking",
      "rainy day",
      "grief",
      "slow",
      "calm",
      "crying",
      "sad girl",
      "heartbroken",
      "contemporary",
      "desiderium",
      "reading",
      "stretching",
      "quiet",
      "fanficore",
      "rain",
      "acoustic",
      "moody",
      "bad mood",
      "drained"
    ],
    "message_tod_descriptors": [
      "calm",
      "slow",
      "sad",
      "relaxing",
      "soft",
      "bad mood",
      "depress sesh",
      "emotional",
      "heartbroken",
      "heartache"
    ],
    "message_tod_dow_descriptors": [
      "soft",
      "calm",
      "slow",
      "relaxing",
      "zen",
      "sad",
      "stretching",
      "chill",
      "acoustic",
      "melancholy"
    ],
    "message_tracks": [
      "spotify:track:4KlL5Bwlm4yHYxr0B2rHci",
      "spotify:track:5MzXUNfn8AAcz4Z6j2KgTK",
      "spotify:track:5sF7hdYvhrcgNq8NZjfK8L",
      "spotify:track:4OLVK3kktkdLPp8dDgoCtb",
      "spotify:track:3HNTLCpAGnizbyJmk7466r",
      "spotify:track:5zCunX8URvLoBHlg1Fnjv6",
      "spotify:track:2k2CZ1dJClLmDO2TVGsz1R",
      "spotify:track:0ElpbbncWT9aS7mgoqEHbQ",
      "spotify:track:2Kz5qeXifBxE0zmuoVchlM",
      "spotify:track:0udoMICxzaUbNUT8EVRq8B",
      "spotify:track:1rGxG6Y5OgmSwGPRPJv9Q4",
      "spotify:track:5Djt1AQnhfhYJjs4m7WS6G",
      "spotify:track:3tJjZMHLqhD8DaGgdBICnc",
      "spotify:track:6w8pFOKn42O418qwcQElZ3",
      "spotify:track:4RL77hMWUq35NYnPLXBpih",
      "spotify:track:3IgUCMkHS4RgHdngIlporF",
      "spotify:track:0NlGoUyOJSuSHmngoibVAs",
      "spotify:track:6DAnfSOcjQ1k0pXtIYiZnA",
      "spotify:track:0ygOBx60exSPPvnI4sS28r",
      "spotify:track:0YywjDvFudcaHG74NuWISy",
      "spotify:track:4gVZhkcsZcwQ4mU1gEeXEO",
      "spotify:track:7LwGBxB0h0CVmkOZxYKn0g",
      "spotify:track:0aIW3ekrhK1eh3BYCh11op",
      "spotify:track:2d7LPtieXdIYzf7yHPooWd",
      "spotify:track:4pvb0WLRcMtbPGmtejJJ6y",
      "spotify:track:0OW2r3EJzCg7K5Ml0AUVEo",
      "spotify:track:1z6ytxdIawe7Dd14cfiSQf",
      "spotify:track:3qeTDINIdJjblabgluS5rK",
      "spotify:track:6KkyuDhrEhR5nJVKtv9mCf",
      "spotify:track:1tYOB844iD7HxHvPtwDPNu",
      "spotify:track:2VlLbhGLVJgdOW7kKdWWFc",
      "spotify:track:5zT5cMnMKoyruPj13TQXGx",
      "spotify:track:12OLyHDxt6dqlAybSPFBK3",
      "spotify:track:555CH6CnGJRqO37pqA30vW",
      "spotify:track:7pq5vONxrAy8T773nhkiW3",
      "spotify:track:5GZEeowhvSieFDiR8fQ2im",
      "spotify:track:54KFQB6N4pn926IUUYZGzK",
      "spotify:track:3mzpsnjF6D5lSInT5ADAyc",
      "spotify:track:3cWI6Hj9LQ0MfMuhw9uSMc",
      "spotify:track:4MKO1xltVSQlMMZUfOMEA1",
      "spotify:track:6GL1MiIvlrAm3hTvHzQJLl",
      "spotify:track:0u4rkpmNtgcFxYHepnVF4v",
      "spotify:track:5Qn7UBFKV5iemqZMJ5F5ve",
      "spotify:track:57h4OYRuqBvgE87biicEzq",
      "spotify:track:16XiTUC2rQvb5lmtOm3FYY",
      "spotify:track:44p0C72gL2FbjWbzkUFfTf",
      "spotify:track:401MfYscl2EMF4nDbnbG0K",
      "spotify:track:56N9s9PS6VwGolUnx1CJkv",
      "spotify:track:7zw6nQHTwml1mVuQDf5V6k",
      "spotify:track:32RC7EvEAUUn9aoQZlWT2e"
    ]
  },
  {
    "timestamp_utc": "2024-11-30T12:36:04.581Z",
    "context_time": 1732970164581,
    "message_candidates": [
      "spotify:track:5Ohxk2dO5COHF1krpoPigN",
      "spotify:track:3rTnGUeDrnZV22DvRuUuXr",
      "spotify:track:54KFQB6N4pn926IUUYZGzK",
      "spotify:track:0NlGoUyOJSuSHmngoibVAs",
      "spotify:track:6w8pFOKn42O418qwcQElZ3",
      "spotify:track:1B62o4CbdL9ckGvwsz2cgn",
      "spotify:track:5MzXUNfn8AAcz4Z6j2KgTK",
      "spotify:track:2Kz5qeXifBxE0zmuoVchlM",
      "spotify:track:4RL77hMWUq35NYnPLXBpih",
      "spotify:track:5hnyJvgoWiQUYZttV4wXy6",
      "spotify:track:6HTVZeVQ9J6Uiq6tHESxU9",
      "spotify:track:2BOqDYLOJBiMOXShCV1neZ",
      "spotify:track:2ubUxHP2XzxO2WmcF1dJCo",
      "spotify:track:3JOVTQ5h8HGFnDdp4VT3MP",
      "spotify:track:4iVVU8DyQvOVsKafv3KWIF",
      "spotify:track:63lNvqjdrYxusz43JnORbE",
      "spotify:track:0CzKeBPCiBrGZRV9eLzzBo",
      "spotify:track:3dYD57lRAUcMHufyqn9GcI",
      "spotify:track:0ll8uFnc0nANY35E0Lfxvg",
      "spotify:track:3hRV0jL3vUpRrcy398teAU",
      "spotify:track:7LVHVU3tWfcxj5aiPFEW4Q",
      "spotify:track:4KlL5Bwlm4yHYxr0B2rHci",
      "spotify:track:7iHl6LcHD94l5VpmfrBUmG",
      "spotify:track:44p0C72gL2FbjWbzkUFfTf",
      "spotify:track:7dZ1Odmx9jWIweQSatnRqo",
      "spotify:track:0DwClY2t9YAWHBROMIgrXb",
      "spotify:track:2nMeu6UenVvwUktBCpLMK9",
      "spotify:track:2VxeLyX666F8uXCJ0dZF8B",
      "spotify:track:75JFxkI2RXiU7L9VXzMkle",
      "spotify:track:43zdsphuZLzwA9k4DJhU0I",
      "spotify:track:6iWEhoALoBFnQMNVhYY0Sc",
      "spotify:track:0YywjDvFudcaHG74NuWISy",
      "spotify:track:4gVZhkcsZcwQ4mU1gEeXEO",
      "spotify:track:0fYVliAYKHuPmECRs1pbRf",
      "spotify:track:3HNTLCpAGnizbyJmk7466r",
      "spotify:track:5TvE3pk05pyFIGdSY9j4DJ",
      "spotify:track:6si71supnBUhddjR2FJc2L",
      "spotify:track:14AyWf6y7KlWWLfAjdKMKI",
      "spotify:track:2EA3zDCZYf3pKCCaOSP95r",
      "spotify:track:5GZEeowhvSieFDiR8fQ2im",
      "spotify:track:40x5K8xyIWVmSeUrYjj0os",
      "spotify:track:3tJjZMHLqhD8DaGgdBICnc",
      "spotify:track:1f1wT6Q7Buxb3OD0BqMW8O",
      "spotify:track:6FLwmdmW77N1Pxb1aWsZmO",
      "spotify:track:5Djt1AQnhfhYJjs4m7WS6G",
      "spotify:track:33HucJaMg7OBQLqmaVx58p",
      "spotify:track:0ZNYGrmcehorhh9JOeg5Iv",
      "spotify:track:7qEHsqek33rTcFNT9PFqLf",
      "spotify:track:4S6fv0puLCsfYjyBTPDb9k",
      "spotify:track:6ADSaE87h8Y3lccZlBJdXH",
      "spotify:track:4bzBPrGYD3fQfAadLgIiwT",
      "spotify:track:3e7sxremeOE3wTySiOhGiP",
      "spotify:track:0BCPKOYdS2jbQ8iyB56Zns",
      "spotify:track:3U4isOIWM3VvDubwSI3y7a",
      "spotify:track:6GI4rgcKBRwbi9hN84ErdW",
      "spotify:track:1B10XgaxSXRLAFq967oMpF",
      "spotify:track:0y1QJc3SJVPKJ1OvFmFqe6",
      "spotify:track:0Qh38w01QRXK6KHIv0e3hb",
      "spotify:track:5zT5cMnMKoyruPj13TQXGx",
      "spotify:track:6k1I9gABiasGZiWWAosAEb",
      "spotify:track:7jqzZyJJLrpkRFYGpkqSK6",
      "spotify:track:6kwAbEjseqBob48jCus7Sz",
      "spotify:track:2ixsaeFioXJmMgkkbd4uj1",
      "spotify:track:31VOknKjFrEX47bZXzqcoF",
      "spotify:track:5GbVzc6Ex5LYlLJqzRQhuy",
      "spotify:track:5sF7hdYvhrcgNq8NZjfK8L",
      "spotify:track:5qrSlOut2rNAWv3ubArkNy",
      "spotify:track:789CxjEOtO76BVD1A9yJQH",
      "spotify:track:7t3Xdbufg7q2onVsR8RBdY",
      "spotify:track:0HZhYMZOcUzZKSFwPOti6m",
      "spotify:track:2rbDhOo9Fh61Bbu23T2qCk",
      "spotify:track:7qH9Z4dJEN0l9bidizW7fq",
      "spotify:track:35KiiILklye1JRRctaLUb4",
      "spotify:track:1jF7IL57ayN4Ity3jQqGu0",
      "spotify:track:18V1UiYRvWYwn01CRDbbuR",
      "spotify:track:7jtQIBanIiJOMS6RyCx6jZ",
      "spotify:track:5lRzWDEe7UuedU2QPsFg0K",
      "spotify:track:5MxWTfmlmRDx6VZHvB9xV8",
      "spotify:track:46MsXtEIIrDint2tbHrrE1",
      "spotify:track:6KkyuDhrEhR5nJVKtv9mCf",
      "spotify:track:5YqpHuXpFjDVZ7tY1ClFll",
      "spotify:track:6y2Kaz9QI01XBKJ8mTb7Pf",
      "spotify:track:1NhPKVLsHhFUHIOZ32QnS2",
      "spotify:track:11BAVEGi1ivJ6JWLqKUNrZ",
      "spotify:track:6fxVffaTuwjgEk5h9QyRjy",
      "spotify:track:7wBrglFVTNCcW6IhdgBkm1",
      "spotify:track:6jBUP2KCe821yqf1hiBqPR",
      "spotify:track:5y788ya4NvwhBznoDIcXwK",
      "spotify:track:5fVZC9GiM4e8vu99W0Xf6J",
      "spotify:track:3cWI6Hj9LQ0MfMuhw9uSMc",
      "spotify:track:44alNkXsYnTyPnkMdohBcx",
      "spotify:track:6O5TrlFWTYvznd9fMC0VvU",
      "spotify:track:5g7rJvWYVrloJZwKiShqlS",
      "spotify:track:2XJi8jbLnDBZ60gTPpdbrg",
      "spotify:track:3AJwUDP919kvQ9QcozQPxg",
      "spotify:track:1UZOjK1BwmwWU14Erba9CZ",
      "spotify:track:14QX1ckbDIhqetvu5VZ3cP",
      "spotify:track:2QVmiA93GVhWNTWQctyY1K",
      "spotify:track:0u4rkpmNtgcFxYHepnVF4v",
      "spotify:track:4lJNen4SMTIJMahALc3DcB"
    ],
    "message_country": "DE",
    "message_dow_descriptors": [
      "spiritual",
      "old money",
      "italian pop",
      "mystical",
      "beautiful",
      "vintage",
      "zen",
      "violin",
      "poetry",
      "melancholy"
    ],
    "message_locale": "en-GB",
    "message_overall_descriptors": [
      "pop",
      "soft pop",
      "international",
      "sad",
      "slow",
      "calm",
      "heartbroken",
      "heartache",
      "depress sesh",
      "soft"
    ],
    "message_playlist_description": "You listened to <a href=\"spotify:playlist:37i9dQZF1EIfk2N1Y8uPoA\">relaxing</a> and <a href=\"spotify:playlist:37i9dQZF1EId3t5UgBhKyY\">zen</a> on Saturdays in the afternoon. Here's some: <a href=\"spotify:playlist:37i9dQZF1EIhjX4MYAtAxf\">improvisation</a>, <a href=\"spotify:playlist:37i9dQZF1EIdxiHZHyYLbp\">depress sesh</a>, <a href=\"spotify:playlist:37i9dQZF1EIdWtb59YXz7e\">contemporary dance</a>, <a href=\"spotify:playlist:37i9dQZF1EIh5QTm0PNBlW\">rainy day</a>, <a href=\"spotify:playlist:37i9dQZF1EIfqMuHDHBmcS\">sleepy weepy</a> and <a href=\"spotify:playlist:37i9dQZF1EIerV7MkE62Mz\">emotional</a>",
    "message_playlist_title": "slow improvisation saturday afternoon",
    "message_realtime_descriptors": [
      "2010s",
      "bachelorette party",
      "dance pop",
      "throwback pop",
      "nostalgia",
      "foreign music",
      "kid friendly",
      "dance",
      "recession pop",
      "fraternity"
    ],
    "message_recommendation_descriptors": [
      "improvisation",
      "depress sesh",
      "contemporary dance",
      "slow",
      "sad",
      "rainy day",
      "sleepy weepy",
      "emotional",
      "relaxing",
      "lyrical dance",
      "contemporary",
      "heartache",
      "melancholy",
      "crying",
      "heartbroken",
      "acoustic",
      "stretching",
      "sad girl",
      "bad mood",
      "sentimental",
      "calm",
      "soft pop",
      "mellow pop",
      "quiet",
      "soppy",
      "romantasy",
      "acoustic chill",
      "indie folk",
      "unwinding",
      "sad and slow"
    ],
    "message_tod_descriptors": [
      "acoustic",
      "soft",
      "slow",
      "arabic classics",
      "mellow pop",
      "soft pop",
      "classic",
      "international",
      "timeless",
      "calm"
    ],
    "message_tod_dow_descriptors": [
      "relaxing",
      "zen",
      "soft",
      "massage",
      "celtic music",
      "new age",
      "soundtrack",
      "audiophile",
      "haunting",
      "dreamy"
    ],
    "message_tracks": [
      "spotify:track:5Ohxk2dO5COHF1krpoPigN",
      "spotify:track:3rTnGUeDrnZV22DvRuUuXr",
      "spotify:track:54KFQB6N4pn926IUUYZGzK",
      "spotify:track:0NlGoUyOJSuSHmngoibVAs",
      "spotify:track:6w8pFOKn42O418qwcQElZ3",
      "spotify:track:1B62o4CbdL9ckGvwsz2cgn",
      "spotify:track:5MzXUNfn8AAcz4Z6j2KgTK",
      "spotify:track:2Kz5qeXifBxE0zmuoVchlM",
      "spotify:track:5hnyJvgoWiQUYZttV4wXy6",
      "spotify:track:6HTVZeVQ9J6Uiq6tHESxU9",
      "spotify:track:2BOqDYLOJBiMOXShCV1neZ",
      "spotify:track:2ubUxHP2XzxO2WmcF1dJCo",
      "spotify:track:3JOVTQ5h8HGFnDdp4VT3MP",
      "spotify:track:4RL77hMWUq35NYnPLXBpih",
      "spotify:track:4iVVU8DyQvOVsKafv3KWIF",
      "spotify:track:63lNvqjdrYxusz43JnORbE",
      "spotify:track:0CzKeBPCiBrGZRV9eLzzBo",
      "spotify:track:3dYD57lRAUcMHufyqn9GcI",
      "spotify:track:0ll8uFnc0nANY35E0Lfxvg",
      "spotify:track:3hRV0jL3vUpRrcy398teAU",
      "spotify:track:7LVHVU3tWfcxj5aiPFEW4Q",
      "spotify:track:4KlL5Bwlm4yHYxr0B2rHci",
      "spotify:track:7iHl6LcHD94l5VpmfrBUmG",
      "spotify:track:44p0C72gL2FbjWbzkUFfTf",
      "spotify:track:7dZ1Odmx9jWIweQSatnRqo",
      "spotify:track:0DwClY2t9YAWHBROMIgrXb",
      "spotify:track:2nMeu6UenVvwUktBCpLMK9",
      "spotify:track:75JFxkI2RXiU7L9VXzMkle",
      "spotify:track:43zdsphuZLzwA9k4DJhU0I",
      "spotify:track:6iWEhoALoBFnQMNVhYY0Sc",
      "spotify:track:2VxeLyX666F8uXCJ0dZF8B",
      "spotify:track:0YywjDvFudcaHG74NuWISy",
      "spotify:track:4gVZhkcsZcwQ4mU1gEeXEO",
      "spotify:track:0fYVliAYKHuPmECRs1pbRf",
      "spotify:track:3HNTLCpAGnizbyJmk7466r",
      "spotify:track:5TvE3pk05pyFIGdSY9j4DJ",
      "spotify:track:6si71supnBUhddjR2FJc2L",
      "spotify:track:14AyWf6y7KlWWLfAjdKMKI",
      "spotify:track:2EA3zDCZYf3pKCCaOSP95r",
      "spotify:track:5GZEeowhvSieFDiR8fQ2im",
      "spotify:track:40x5K8xyIWVmSeUrYjj0os",
      "spotify:track:3tJjZMHLqhD8DaGgdBICnc",
      "spotify:track:1f1wT6Q7Buxb3OD0BqMW8O",
      "spotify:track:6FLwmdmW77N1Pxb1aWsZmO",
      "spotify:track:33HucJaMg7OBQLqmaVx58p",
      "spotify:track:0ZNYGrmcehorhh9JOeg5Iv",
      "spotify:track:7qEHsqek33rTcFNT9PFqLf",
      "spotify:track:4S6fv0puLCsfYjyBTPDb9k",
      "spotify:track:6ADSaE87h8Y3lccZlBJdXH",
      "spotify:track:4bzBPrGYD3fQfAadLgIiwT"
    ]
  },
  {
    "timestamp_utc": "2024-09-06T14:29:50.409Z",
    "context_time": 1725632990409,
    "message_candidates": [
      "spotify:track:65uoaqX5qcjXZRheAj1qQT",
      "spotify:track:0ll8uFnc0nANY35E0Lfxvg",
      "spotify:track:6IAZHEBUIGJ6NJKxxOBIEr",
      "spotify:track:6nGeLlakfzlBcFdZXteDq7",
      "spotify:track:3RiPr603aXAoi4GHyXx0uy",
      "spotify:track:7j4OmvkjRz0PrjFADlHfQx",
      "spotify:track:7jtQIBanIiJOMS6RyCx6jZ",
      "spotify:track:3dYD57lRAUcMHufyqn9GcI",
      "spotify:track:7wBrglFVTNCcW6IhdgBkm1",
      "spotify:track:2tpWsVSb9UEmDRxAl1zhX1",
      "spotify:track:3U4isOIWM3VvDubwSI3y7a",
      "spotify:track:1qDrWA6lyx8cLECdZE7TV7",
      "spotify:track:4VrWlk8IQxevMvERoX08iC",
      "spotify:track:1mea3bSkSGXuIRvnydlB5b",
      "spotify:track:4bzBPrGYD3fQfAadLgIiwT",
      "spotify:track:5hx7w26Zi3zafMgvMTUqF6",
      "spotify:track:0qOnSQQF0yzuPWsXrQ9paz",
      "spotify:track:2J2Z1SkXYghSajLibnQHOa",
      "spotify:track:3e7sxremeOE3wTySiOhGiP",
      "spotify:track:0FDzzruyVECATHXKHFs9eJ",
      "spotify:track:0lHAMNU8RGiIObScrsRgmP",
      "spotify:track:1z9kQ14XBSN0r2v6fx4IdG",
      "spotify:track:5qaEfEh1AtSdrdrByCP7qR",
      "spotify:track:4lsOsGMzO1yCjGVucoWOZ1",
      "spotify:track:1FEiijYPJtyswChfcpv3p0",
      "spotify:track:1MqzIgGsHP4cNjPboevsfq",
      "spotify:track:27SdWb2rFzO6GWiYDBTD9j",
      "spotify:track:6VObnIkLVruX4UVyxWhlqm",
      "spotify:track:5O2P9iiztwhomNh8xkR9lJ",
      "spotify:track:6lanRgr6wXibZr8KgzXxBl",
      "spotify:track:1J14CdDAvBTE1AJYUOwl6C",
      "spotify:track:4Dvkj6JhhA12EX05fT7y2e",
      "spotify:track:5lkpeJwmQKgY3bX2zChjxX",
      "spotify:track:2uXlHCUbq9OMUwx3hrk06o",
      "spotify:track:2hrUO4drrO63i7FYbCLBl2",
      "spotify:track:5MHJfk2EAZtJGrpioarm95",
      "spotify:track:0RJWhctsc1G1Hg3Ov2th7x",
      "spotify:track:2CvOqDpQIMw69cCzWqr5yr",
      "spotify:track:40x5K8xyIWVmSeUrYjj0os",
      "spotify:track:3ZFTkvIE7kyPt6Nu3PEa7V",
      "spotify:track:6M4nkEPZMj58acftDRTuKL",
      "spotify:track:6VhuP99TE6gYNQRJIlAWFD",
      "spotify:track:0tgVpDi06FyKpA1z0VMD4v",
      "spotify:track:3QGsuHI8jO1Rx4JWLUh9jd",
      "spotify:track:58zsLZPvfflaiIbNWoA22O",
      "spotify:track:68EMU2RD1ECNeOeJ5qAXCV",
      "spotify:track:6habFhsOp2NvshLv26DqMb",
      "spotify:track:6KGHsN5QI0qunsADx3e51i",
      "spotify:track:1SOClUWhOi8vHZYMz3GluK",
      "spotify:track:2ajUl8lBLAXOXNpG4NEPMz",
      "spotify:track:02dRkCEc8Q5ch4TTcnLxOn",
      "spotify:track:3I09LQbHS3NSU46Ly3tPpR",
      "spotify:track:2vwlzO0Qp8kfEtzTsCXfyE",
      "spotify:track:1v1oIWf2Xgh54kIWuKsDf6",
      "spotify:track:1u8c2t2Cy7UBoG4ArRcF5g",
      "spotify:track:0pqnGHJpmpxLKifKRmU6WP",
      "spotify:track:18E1LAdiOj79wZqSOYMHE7",
      "spotify:track:3Wrjm47oTz2sjIgck11l5e",
      "spotify:track:7129iqBafaphfc3WPCGC0L",
      "spotify:track:378iszndTZAR4dH8kwsLC6",
      "spotify:track:0y1QJc3SJVPKJ1OvFmFqe6",
      "spotify:track:5Ohxk2dO5COHF1krpoPigN",
      "spotify:track:6fxVffaTuwjgEk5h9QyRjy",
      "spotify:track:62ke5zFUJN6RvtXZgVH0F8",
      "spotify:track:6bLopGnirdrilrpdVB6Um1",
      "spotify:track:0u2P5u6lvoDfwTYjAADbn4",
      "spotify:track:698ItKASDavgwZ3WjaWjtz",
      "spotify:track:6skGMlljk0s5yeBKZ7sN5n",
      "spotify:track:2eAvDnpXP5W0cVtiI0PUxV",
      "spotify:track:1mKXFLRA179hdOWQBwUk9e",
      "spotify:track:34dx8DACTJsc3rsJdaEIQw",
      "spotify:track:3zHq9ouUJQFQRf3cm1rRLu",
      "spotify:track:4nVBt6MZDDP6tRVdQTgxJg",
      "spotify:track:48QmG1dfvMuYLxMPt7KSRA",
      "spotify:track:2nMeu6UenVvwUktBCpLMK9",
      "spotify:track:4Wui4miiL1JR3QqWcbcKwD",
      "spotify:track:6RUKPb4LETWmmr3iAEQktW",
      "spotify:track:4HlFJV71xXKIGcU3kRyttv",
      "spotify:track:2qxmye6gAegTMjLKEBoR3d",
      "spotify:track:3dkIE8P7hvl3tHl9KSb6dA",
      "spotify:track:734dz1YaFITwawPpM25fSt",
      "spotify:track:3FAclTFfvUuQYnEsptbK8w",
      "spotify:track:5rgy6ghBq1eRApCkeUdJXf",
      "spotify:track:22skzmqfdWrjJylampe0kt",
      "spotify:track:0DwClY2t9YAWHBROMIgrXb",
      "spotify:track:0ct6r3EGTcMLPtrXHDvVjc",
      "spotify:track:7vFoFDWqTX0mHzLfrF1Cfy",
      "spotify:track:2bL2gyO6kBdLkNSkxXNh6x",
      "spotify:track:0wI7QkCcs8FUQE1OkXUIqd",
      "spotify:track:0lYBSQXN6rCTvUZvg9S0lU",
      "spotify:track:2DB4DdfCFMw1iaR6JaR03a",
      "spotify:track:5cF0dROlMOK5uNZtivgu50",
      "spotify:track:1WvvmEowf7hiz5EnyAwtTj",
      "spotify:track:4r6eNCsrZnQWJzzvFh4nlg",
      "spotify:track:7wMq5n8mYSKlQIGECKUgTX",
      "spotify:track:3S0OXQeoh0w6AY8WQVckRW",
      "spotify:track:7qiZfU4dY1lWllzX7mPBI3",
      "spotify:track:0nrRP2bk19rLc0orkWPQk2",
      "spotify:track:7pYfyrMNPn3wtoCyqcTVoI",
      "spotify:track:1Bhm5HNO1cq8olDbBmokyL"
    ],
    "message_country": "DE",
    "message_dow_descriptors": [
      "good mood",
      "zen",
      "calm",
      "tarab",
      "relaxing",
      "good vibes",
      "coffee",
      "tranquil",
      "global",
      "slow"
    ],
    "message_locale": "en-GB",
    "message_overall_descriptors": [
      "slow",
      "soft pop",
      "sad",
      "calm",
      "pop",
      "depress sesh",
      "international",
      "emotional",
      "acoustic",
      "easy listening"
    ],
    "message_playlist_description": "You listened to <a href=\"spotify:playlist:37i9dQZF1EIcMWU5aFysN5\">bollywood</a> and <a href=\"spotify:playlist:37i9dQZF1EIczL2fUeGAb1\">anime</a> on Fridays in the afternoon. Here's some: <a href=\"spotify:playlist:37i9dQZF1EIcYfkRZ2VimI\">bilingual</a>, <a href=\"spotify:playlist:37i9dQZF1EIh1N3prJGSZD\">american pop</a>, <a href=\"spotify:playlist:37i9dQZF1EQqedj0y9Uwvu\">2010s</a>, <a href=\"spotify:playlist:37i9dQZF1EIeafqVd1HlMZ\">international</a>, <a href=\"spotify:playlist:37i9dQZF1EIhPHE6I5H5A1\">throwback pop</a> and <a href=\"spotify:playlist:37i9dQZF1EIhP1vafFElWQ\">hollywood</a>",
    "message_playlist_title": "bilingual american pop friday afternoon",
    "message_realtime_descriptors": [
      "soft piano",
      "zen",
      "hippie",
      "massage",
      "summer of love",
      "60s",
      "60s-70s",
      "piano",
      "neoclassical",
      "psychedelic"
    ],
    "message_recommendation_descriptors": [
      "bilingual",
      "american pop",
      "2010s",
      "international",
      "throwback pop",
      "hollywood",
      "commercial",
      "holly",
      "poppish",
      "nostalgia",
      "dance pop",
      "western",
      "electropop",
      "pop",
      "motivation",
      "00s pop",
      "running",
      "180 bpm",
      "summer camp",
      "soft pop",
      "viral",
      "europop",
      "good mood",
      "teen pop",
      "fun",
      "poppy",
      "exercise",
      "ice skating",
      "powerful",
      "fantasy"
    ],
    "message_tod_descriptors": [
      "soft pop",
      "international",
      "slow",
      "sad",
      "uk pop",
      "pop",
      "acoustic",
      "emotional",
      "sentimental",
      "easy listening"
    ],
    "message_tod_dow_descriptors": [
      "bollywood",
      "anime",
      "rumba",
      "desi pop",
      "piano rock",
      "mangas",
      "indian music",
      "cinco de mayo",
      "throwback pop",
      "flamenco"
    ],
    "message_tracks": [
      "spotify:track:65uoaqX5qcjXZRheAj1qQT",
      "spotify:track:0ll8uFnc0nANY35E0Lfxvg",
      "spotify:track:6IAZHEBUIGJ6NJKxxOBIEr",
      "spotify:track:3RiPr603aXAoi4GHyXx0uy",
      "spotify:track:7jtQIBanIiJOMS6RyCx6jZ",
      "spotify:track:3dYD57lRAUcMHufyqn9GcI",
      "spotify:track:6nGeLlakfzlBcFdZXteDq7",
      "spotify:track:2tpWsVSb9UEmDRxAl1zhX1",
      "spotify:track:3U4isOIWM3VvDubwSI3y7a",
      "spotify:track:7j4OmvkjRz0PrjFADlHfQx",
      "spotify:track:7wBrglFVTNCcW6IhdgBkm1",
      "spotify:track:1qDrWA6lyx8cLECdZE7TV7",
      "spotify:track:4VrWlk8IQxevMvERoX08iC",
      "spotify:track:4bzBPrGYD3fQfAadLgIiwT",
      "spotify:track:5hx7w26Zi3zafMgvMTUqF6",
      "spotify:track:1mea3bSkSGXuIRvnydlB5b",
      "spotify:track:0qOnSQQF0yzuPWsXrQ9paz",
      "spotify:track:3e7sxremeOE3wTySiOhGiP",
      "spotify:track:0lHAMNU8RGiIObScrsRgmP",
      "spotify:track:2J2Z1SkXYghSajLibnQHOa",
      "spotify:track:0FDzzruyVECATHXKHFs9eJ",
      "spotify:track:1z9kQ14XBSN0r2v6fx4IdG",
      "spotify:track:5qaEfEh1AtSdrdrByCP7qR",
      "spotify:track:4lsOsGMzO1yCjGVucoWOZ1",
      "spotify:track:1FEiijYPJtyswChfcpv3p0",
      "spotify:track:27SdWb2rFzO6GWiYDBTD9j",
      "spotify:track:6VObnIkLVruX4UVyxWhlqm",
      "spotify:track:5O2P9iiztwhomNh8xkR9lJ",
      "spotify:track:6lanRgr6wXibZr8KgzXxBl",
      "spotify:track:1J14CdDAvBTE1AJYUOwl6C",
      "spotify:track:1MqzIgGsHP4cNjPboevsfq",
      "spotify:track:4Dvkj6JhhA12EX05fT7y2e",
      "spotify:track:2uXlHCUbq9OMUwx3hrk06o",
      "spotify:track:5lkpeJwmQKgY3bX2zChjxX",
      "spotify:track:2hrUO4drrO63i7FYbCLBl2",
      "spotify:track:5MHJfk2EAZtJGrpioarm95",
      "spotify:track:0RJWhctsc1G1Hg3Ov2th7x",
      "spotify:track:2CvOqDpQIMw69cCzWqr5yr",
      "spotify:track:40x5K8xyIWVmSeUrYjj0os",
      "spotify:track:6M4nkEPZMj58acftDRTuKL",
      "spotify:track:6VhuP99TE6gYNQRJIlAWFD",
      "spotify:track:3ZFTkvIE7kyPt6Nu3PEa7V",
      "spotify:track:0tgVpDi06FyKpA1z0VMD4v",
      "spotify:track:3QGsuHI8jO1Rx4JWLUh9jd",
      "spotify:track:58zsLZPvfflaiIbNWoA22O",
      "spotify:track:68EMU2RD1ECNeOeJ5qAXCV",
      "spotify:track:6habFhsOp2NvshLv26DqMb",
      "spotify:track:6KGHsN5QI0qunsADx3e51i",
      "spotify:track:1SOClUWhOi8vHZYMz3GluK",
      "spotify:track:2ajUl8lBLAXOXNpG4NEPMz"
    ]
  },
  {
    "timestamp_utc": "2024-12-03T21:48:40.360Z",
    "context_time": 1733262520360,
    "message_candidates": [
      "spotify:track:3fVnlF4pGqWI9flVENcT28",
      "spotify:track:4ZtFanR9U6ndgddUvNcjcG",
      "spotify:track:2iUXsYOEPhVqEBwsqP70rE",
      "spotify:track:6KfoDhO4XUWSbnyKjNp9c4",
      "spotify:track:6UelLqGlWMcVH1E5c4H7lY",
      "spotify:track:017PF4Q3l4DBUiWoXk4OWT",
      "spotify:track:6FB3v4YcR57y4tXFcdxI1E",
      "spotify:track:5wANPM4fQCJwkGd4rN57mH",
      "spotify:track:2f0pn9DkEJwAzXApnFh5cr",
      "spotify:track:6FZDfxM3a3UCqtzo5pxSLZ",
      "spotify:track:3NxWJWftvkstyxvb1pZlFo",
      "spotify:track:2EA3zDCZYf3pKCCaOSP95r",
      "spotify:track:2GiJYvgVaD2HtM8GqD9EgQ",
      "spotify:track:3yOlyBJuViE2YSGn3nVE1K",
      "spotify:track:3jjujdWJ72nww5eGnfs2E7",
      "spotify:track:3PfIrDoz19wz7qK7tYeu62",
      "spotify:track:6HU7h9RYOaPRFeh0R3UeAr",
      "spotify:track:1u8c2t2Cy7UBoG4ArRcF5g",
      "spotify:track:6ZuahEctZD6w75peme58hm",
      "spotify:track:22vgEDb5hykfaTwLuskFGD",
      "spotify:track:7a53HqqArd4b9NF4XAmlbI",
      "spotify:track:1P17dC1amhFzptugyAO7Il",
      "spotify:track:20R4HfKloPKgXDqU7UKk3x",
      "spotify:track:0wI7QkCcs8FUQE1OkXUIqd",
      "spotify:track:4l0Mvzj72xxOpRrp6h8nHi",
      "spotify:track:0TvQLMecTE8utzoNmvXRbK",
      "spotify:track:3AzjcOeAmA57TIOr9zF1ZW",
      "spotify:track:6jRq8gaZhMUyy5RclRPcAf",
      "spotify:track:6RRNNciQGZEXnqk8SQ9yv5",
      "spotify:track:6ocbgoVGwYJhOv1GgI9NsF",
      "spotify:track:2tpWsVSb9UEmDRxAl1zhX1",
      "spotify:track:3mRLHiSHYtC8Hk7bzZdUs1",
      "spotify:track:3DXXKDbbZKyAZfNb96ST3q",
      "spotify:track:0tBbt8CrmxbjRP0pueQkyU",
      "spotify:track:76cy1WJvNGJTj78UqeA5zr",
      "spotify:track:04ZTP5KsCypmtCmQg5tH9R",
      "spotify:track:3RauEVgRgj1IuWdJ9fDs70",
      "spotify:track:6yARPLK0PV4heEyh7pVMGz",
      "spotify:track:7BqHUALzNBTanL6OvsqmC1",
      "spotify:track:02dRkCEc8Q5ch4TTcnLxOn",
      "spotify:track:4l0RmWt52FxpVxMNni6i63",
      "spotify:track:7lidXGPXPYLNThITAOTlkK",
      "spotify:track:0u2P5u6lvoDfwTYjAADbn4",
      "spotify:track:7ju97lgwC2rKQ6wwsf9no9",
      "spotify:track:1V6gIisPpYqgFeWbMLI0bA",
      "spotify:track:3uwnnTQcHM1rDqSfA4gQNz",
      "spotify:track:7DnAm9FOTWE3cUvso43HhI",
      "spotify:track:2gMXnyrvIjhVBUZwvLZDMP",
      "spotify:track:1nInOsHbtotAmEOQhtvnzP",
      "spotify:track:3ZCTVFBt2Brf31RLEnCkWJ",
      "spotify:track:1J14CdDAvBTE1AJYUOwl6C",
      "spotify:track:1R0a2iXumgCiFb7HEZ7gUE",
      "spotify:track:4jbmgIyjGoXjY01XxatOx6",
      "spotify:track:3XF5xLJHOQQRbWya6hBp7d",
      "spotify:track:1IIV8jglA0klVZy17q665k",
      "spotify:track:39LLxExYz6ewLAcYrzQQyP",
      "spotify:track:3USxtqRwSYz57Ewm6wWRMp",
      "spotify:track:6KgBpzTuTRPebChN0VTyzV",
      "spotify:track:3Uo7WG0vmLQ07WB4BDwy7D",
      "spotify:track:2vwlzO0Qp8kfEtzTsCXfyE",
      "spotify:track:4hQ6UGyWQIGJmHSo0J88JW",
      "spotify:track:2Oycxb8QbPkpHTo8ZrmG0B",
      "spotify:track:1ulXmqjktxSdrdT1bzc69H",
      "spotify:track:5jzKL4BDMClWqRguW5qZvh",
      "spotify:track:0JiY190vktuhSGN6aqJdrt",
      "spotify:track:0VjIjW4GlUZAMYd2vXMi3b",
      "spotify:track:4IhKLu7Vk3j2TLmnFPl6To",
      "spotify:track:4r6eNCsrZnQWJzzvFh4nlg",
      "spotify:track:1v1oIWf2Xgh54kIWuKsDf6",
      "spotify:track:3E7dfMvvCLUddWissuqMwr",
      "spotify:track:2eAAEa8pxKF7My0EO4rFgR",
      "spotify:track:6I9VzXrHxO9rA9A5euc8Ak",
      "spotify:track:2Rk4JlNc2TPmZe2af99d45",
      "spotify:track:45S5WTQEGOB1VHr1Q4FuPl",
      "spotify:track:69HzZ3ti9DLwb0GdWCGYSo",
      "spotify:track:2uIX8YMNjGMD7441kqyyNU",
      "spotify:track:1CQ2cMfrmFM1YdfmjENKVE",
      "spotify:track:51NFxnQvaosfDDutk0tams",
      "spotify:track:3DmW6y7wTEYHJZlLo1r6XJ",
      "spotify:track:08bNPGLD8AhKpnnERrAc6G",
      "spotify:track:12ZCF1YHZTtygHyl1h0wEe",
      "spotify:track:13P5rwmk2EsoFRIz9UCeh9",
      "spotify:track:3e7sxremeOE3wTySiOhGiP",
      "spotify:track:14OxJlLdcHNpgsm4DRwDOB",
      "spotify:track:3dYD57lRAUcMHufyqn9GcI",
      "spotify:track:77MdvMx9L4ZQuLhhn3o21h",
      "spotify:track:2yLa0QULdQr0qAIvVwN6B5",
      "spotify:track:1ZMiCix7XSAbfAJlEZWMCp",
      "spotify:track:1oew3nFNY3vMacJAsvry0S",
      "spotify:track:5jsw9uXEGuKyJzs0boZ1bT",
      "spotify:track:5WtfUKzXircvW8l5aaVZWT",
      "spotify:track:4DpNNXFMMxQEKl7r0ykkWA",
      "spotify:track:43zdsphuZLzwA9k4DJhU0I",
      "spotify:track:7JJmb5XwzOO8jgpou264Ml",
      "spotify:track:6FE2iI43OZnszFLuLtvvmg",
      "spotify:track:3Z8FwOEN59mRMxDCtb8N0A",
      "spotify:track:2ez6qvOTHKeI3ss80NGqnI",
      "spotify:track:37LNNQNbL1YLyutBG6aWRx",
      "spotify:track:0AS63m1wHv9n4VVRizK6Hc",
      "spotify:track:1K39ty6o1sHwwlZwO6a7wK"
    ],
    "message_country": "DE",
    "message_dow_descriptors": [
      "pop",
      "uk pop",
      "poppy",
      "soft pop",
      "foreign music",
      "international",
      "american pop",
      "empowering",
      "pop soul",
      "2010s"
    ],
    "message_locale": "en-GB",
    "message_overall_descriptors": [
      "pop",
      "sad",
      "soft pop",
      "international",
      "calm",
      "crying",
      "depress sesh",
      "slow",
      "heartache",
      "rainy day"
    ],
    "message_playlist_description": "You listened to foreign music and <a href=\"spotify:playlist:37i9dQZF1EIdihFN4QbIc1\">poppy</a> on Tuesdays at night. Here's some: <a href=\"spotify:playlist:37i9dQZF1EIcLOeXqKcPwn\">teen pop</a>, <a href=\"spotify:playlist:37i9dQZF1EIhL29ZRgaofy\">gymnastics</a>, <a href=\"spotify:playlist:37i9dQZF1EIgYDXBUqtlXp\">gacha gaming</a>, foreign music, <a href=\"spotify:playlist:37i9dQZF1EIhAa4OzjmrFk\">confidence</a> and <a href=\"spotify:playlist:37i9dQZF1EIeRRBUi9Gtdk\">empowering</a>",
    "message_playlist_title": "teen pop gymnastics tuesday night",
    "message_realtime_descriptors": [
      "english rock",
      "motivation",
      "pop rock",
      "alternative rock",
      "good vibes",
      "alternative",
      "southern gothic",
      "travel",
      "british rock",
      "acoustic cover"
    ],
    "message_recommendation_descriptors": [
      "teen pop",
      "gymnastics",
      "gacha gaming",
      "poppy",
      "foreign music",
      "confidence",
      "empowering",
      "badass",
      "angry",
      "main character",
      "american pop",
      "fun",
      "hollywood",
      "jazzdance",
      "treadmill",
      "bbe",
      "bachelorette party",
      "relationship",
      "happy pop",
      "kid friendly",
      "bubblegum pop",
      "wild & free",
      "spin class",
      "netball",
      "dance pop",
      "good mood",
      "strut",
      "running",
      "western",
      "sleepover"
    ],
    "message_tod_descriptors": [
      "sleepy weepy",
      "sad",
      "overthinking",
      "crying",
      "desiderium",
      "sad girl",
      "rainy day",
      "depress sesh",
      "heartache",
      "heartbroken"
    ],
    "message_tod_dow_descriptors": [
      "foreign music",
      "poppy",
      "spin class",
      "empowering",
      "bachelorette party",
      "lip sync",
      "strut",
      "confidence",
      "bubblegum pop",
      "bbe"
    ],
    "message_tracks": [
      "spotify:track:3fVnlF4pGqWI9flVENcT28",
      "spotify:track:4ZtFanR9U6ndgddUvNcjcG",
      "spotify:track:2iUXsYOEPhVqEBwsqP70rE",
      "spotify:track:6KfoDhO4XUWSbnyKjNp9c4",
      "spotify:track:6UelLqGlWMcVH1E5c4H7lY",
      "spotify:track:017PF4Q3l4DBUiWoXk4OWT",
      "spotify:track:6FB3v4YcR57y4tXFcdxI1E",
      "spotify:track:5wANPM4fQCJwkGd4rN57mH",
      "spotify:track:2f0pn9DkEJwAzXApnFh5cr",
      "spotify:track:6FZDfxM3a3UCqtzo5pxSLZ",
      "spotify:track:3NxWJWftvkstyxvb1pZlFo",
      "spotify:track:2EA3zDCZYf3pKCCaOSP95r",
      "spotify:track:2GiJYvgVaD2HtM8GqD9EgQ",
      "spotify:track:3yOlyBJuViE2YSGn3nVE1K",
      "spotify:track:3jjujdWJ72nww5eGnfs2E7",
      "spotify:track:3PfIrDoz19wz7qK7tYeu62",
      "spotify:track:6HU7h9RYOaPRFeh0R3UeAr",
      "spotify:track:1u8c2t2Cy7UBoG4ArRcF5g",
      "spotify:track:6ZuahEctZD6w75peme58hm",
      "spotify:track:22vgEDb5hykfaTwLuskFGD",
      "spotify:track:7a53HqqArd4b9NF4XAmlbI",
      "spotify:track:20R4HfKloPKgXDqU7UKk3x",
      "spotify:track:0wI7QkCcs8FUQE1OkXUIqd",
      "spotify:track:1P17dC1amhFzptugyAO7Il",
      "spotify:track:4l0Mvzj72xxOpRrp6h8nHi",
      "spotify:track:3AzjcOeAmA57TIOr9zF1ZW",
      "spotify:track:6jRq8gaZhMUyy5RclRPcAf",
      "spotify:track:6ocbgoVGwYJhOv1GgI9NsF",
      "spotify:track:0TvQLMecTE8utzoNmvXRbK",
      "spotify:track:2tpWsVSb9UEmDRxAl1zhX1",
      "spotify:track:3mRLHiSHYtC8Hk7bzZdUs1",
      "spotify:track:3DXXKDbbZKyAZfNb96ST3q",
      "spotify:track:0tBbt8CrmxbjRP0pueQkyU",
      "spotify:track:76cy1WJvNGJTj78UqeA5zr",
      "spotify:track:04ZTP5KsCypmtCmQg5tH9R",
      "spotify:track:6RRNNciQGZEXnqk8SQ9yv5",
      "spotify:track:6yARPLK0PV4heEyh7pVMGz",
      "spotify:track:7BqHUALzNBTanL6OvsqmC1",
      "spotify:track:02dRkCEc8Q5ch4TTcnLxOn",
      "spotify:track:4l0RmWt52FxpVxMNni6i63",
      "spotify:track:7lidXGPXPYLNThITAOTlkK",
      "spotify:track:0u2P5u6lvoDfwTYjAADbn4",
      "spotify:track:3RauEVgRgj1IuWdJ9fDs70",
      "spotify:track:7ju97lgwC2rKQ6wwsf9no9",
      "spotify:track:1V6gIisPpYqgFeWbMLI0bA",
      "spotify:track:7DnAm9FOTWE3cUvso43HhI",
      "spotify:track:2gMXnyrvIjhVBUZwvLZDMP",
      "spotify:track:1nInOsHbtotAmEOQhtvnzP",
      "spotify:track:3ZCTVFBt2Brf31RLEnCkWJ",
      "spotify:track:1J14CdDAvBTE1AJYUOwl6C"
    ]
  }
]