[
  {
    "timestamp_utc": "2024-07-09T19:09:03.243Z",
    "context_application_version": "8.9.52.552",
    "context_conn_country": "MA",
    "context_device_manufacturer": "samsung",
    "context_device_model": "SM-A725F",
    "context_device_type": "mobile",
    "context_os_name": "android",
    "context_os_version": "14",
    "context_receiver_service_timestamp": 1720602678262,
    "context_time": 1720552143243,
    "message_audiocodec": "unknown",
    "message_bitrate": 0,
    "message_error_code": 802,
    "message_external_track": false,
    "message_fatal": true,
    "message_file_id": "AAAAAAAAAAAAAAAAAAAAAAAAAAA=",
    "message_playback_id": "N2GXtebg9gTflHv/CBPwdw==",
    "message_position_ms": 0,
    "message_track_id": "spotify:track:7frCzC7XOSEeJdUasfk7Zm"
  },
  {
    "timestamp_utc": "2024-07-09T19:04:10.892Z",
    "context_application_version": "8.9.52.552",
    "context_conn_country": "MA",
    "context_device_manufacturer": "samsung",
    "context_device_model": "SM-A725F",
    "context_device_type": "mobile",
    "context_os_name": "android",
    "context_os_version": "14",
    "context_receiver_service_timestamp": 1720602677686,
    "context_time": 1720551850892,
    "message_audiocodec": "unknown",
    "message_bitrate": 0,
    "message_error_code": 802,
    "message_external_track": false,
    "message_fatal": true,
    "message_file_id": "AAAAAAAAAAAAAAAAAAAAAAAAAAA=",
    "message_playback_id": "tWHxC6TLAluNPLQZXjgOyQ==",
    "message_position_ms": 0,
    "message_track_id": "spotify:track:0NonOvpmpv8btaUlGW1HDZ"
  },
  {
    "timestamp_utc": "2024-07-10T17:21:33.263Z",
    "context_application_version": "8.9.50.491",
    "context_conn_country": "DE",
    "context_device_manufacturer": "apple",
    "context_device_model": "iPhone15,2",
    "context_device_type": "mobile",
    "context_os_name": "ios",
    "context_os_version": "17.5.1",
    "context_receiver_service_timestamp": 1720632096373,
    "context_time": 1720632093263,
    "message_audiocodec": "vorbis",
    "message_bitrate": 96000,
    "message_error_code": 8001,
    "message_external_track": false,
    "message_fatal": false,
    "message_file_id": "Y/g9856JcS6Hvz3WHzQLW/L4MEE=",
    "message_playback_id": "rmAOvJEaDZeYE4A4fRMi0g==",
    "message_position_ms": 180,
    "message_track_id": "spotify:track:79f59WX858txqdTECC9czE"
  },
  {
    "timestamp_utc": "2024-07-09T19:18:23.847Z",
    "context_application_version": "8.9.52.552",
    "context_conn_country": "MA",
    "context_device_manufacturer": "samsung",
    "context_device_model": "SM-A725F",
    "context_device_type": "mobile",
    "context_os_name": "android",
    "context_os_version": "14",
    "context_receiver_service_timestamp": 1720602678738,
    "context_time": 1720552703847,
    "message_audiocodec": "unknown",
    "message_bitrate": 0,
    "message_error_code": 802,
    "message_external_track": false,
    "message_fatal": true,
    "message_file_id": "AAAAAAAAAAAAAAAAAAAAAAAAAAA=",
    "message_playback_id": "xXHLxNb/NpBKXlnEcnql6g==",
    "message_position_ms": 0,
    "message_track_id": "spotify:track:7frCzC7XOSEeJdUasfk7Zm"
  },
  {
    "timestamp_utc": "2024-07-09T19:09:01.616Z",
    "context_application_version": "8.9.52.552",
    "context_conn_country": "MA",
    "context_device_manufacturer": "samsung",
    "context_device_model": "SM-A725F",
    "context_device_type": "mobile",
    "context_os_name": "android",
    "context_os_version": "14",
    "context_receiver_service_timestamp": 1720602678262,
    "context_time": 1720552141616,
    "message_audiocodec": "unknown",
    "message_bitrate": 0,
    "message_error_code": 802,
    "message_external_track": false,
    "message_fatal": true,
    "message_file_id": "AAAAAAAAAAAAAAAAAAAAAAAAAAA=",
    "message_playback_id": "ZOmC+P7y0vzyfhTtCIJF4w==",
    "message_position_ms": 0,
    "message_track_id": "spotify:track:7frCzC7XOSEeJdUasfk7Zm"
  },
  {
    "timestamp_utc": "2024-07-09T19:09:00.367Z",
    "context_application_version": "8.9.52.552",
    "context_conn_country": "MA",
    "context_device_manufacturer": "samsung",
    "context_device_model": "SM-A725F",
    "context_device_type": "mobile",
    "context_os_name": "android",
    "context_os_version": "14",
    "context_receiver_service_timestamp": 1720602678027,
    "context_time": 1720552140367,
    "message_audiocodec": "unknown",
    "message_bitrate": 0,
    "message_error_code": 802,
    "message_external_track": false,
    "message_fatal": true,
    "message_file_id": "AAAAAAAAAAAAAAAAAAAAAAAAAAA=",
    "message_playback_id": "SFUpg048aMm8bvSiV5h/4g==",
    "message_position_ms": 0,
    "message_track_id": "spotify:track:7frCzC7XOSEeJdUasfk7Zm"
  },
  {
    "timestamp_utc": "2024-07-09T19:04:01.254Z",
    "context_application_version": "8.9.52.552",
    "context_conn_country": "MA",
    "context_device_manufacturer": "samsung",
    "context_device_model": "SM-A725F",
    "context_device_type": "mobile",
    "context_os_name": "android",
    "context_os_version": "14",
    "context_receiver_service_timestamp": 1720602677381,
    "context_time": 1720551841254,
    "message_audiocodec": "unknown",
    "message_bitrate": 0,
    "message_error_code": 802,
    "message_external_track": false,
    "message_fatal": true,
    "message_file_id": "AAAAAAAAAAAAAAAAAAAAAAAAAAA=",
    "message_playback_id": "nXoDZUf35KwtUDC+ygh0Vw==",
    "message_position_ms": 0,
    "message_track_id": "spotify:track:7frCzC7XOSEeJdUasfk7Zm"
  },
  {
    "timestamp_utc": "2024-07-09T19:44:19.885Z",
    "context_application_version": "8.9.52.552",
    "context_conn_country": "MA",
    "context_device_manufacturer": "samsung",
    "context_device_model": "SM-A725F",
    "context_device_type": "mobile",
    "context_os_name": "android",
    "context_os_version": "14",
    "context_receiver_service_timestamp": 1720602679711,
    "context_time": 1720554259885,
    "message_audiocodec": "unknown",
    "message_bitrate": 0,
    "message_error_code": 802,
    "message_external_track": false,
    "message_fatal": true,
    "message_file_id": "AAAAAAAAAAAAAAAAAAAAAAAAAAA=",
    "message_playback_id": "c8pMvv8R9ixMGWpsgEG7cg==",
    "message_position_ms": 0,
    "message_track_id": "spotify:track:7frCzC7XOSEeJdUasfk7Zm"
  },
  {
    "timestamp_utc": "2024-10-06T00:07:29.877Z",
    "context_application_version": "8.9.76.516",
    "context_conn_country": "DE",
    "context_device_manufacturer": "apple",
    "context_device_model": "iPhone15,2",
    "context_device_type": "mobile",
    "context_os_name": "ios",
    "context_os_version": "18.0",
    "context_receiver_service_timestamp": 1728206726856,
    "context_time": 1728173249877,
    "message_audiocodec": "vorbis",
    "message_bitrate": 96000,
    "message_error_code": 12,
    "message_external_track": false,
    "message_fatal": true,
    "message_file_id": "mB9ir/JJ/GjBRILCFkqOJCF4iY4=",
    "message_playback_id": "iaOAkrjoSTbc2CcTSHFlwQ==",
    "message_position_ms": 0,
    "message_track_id": "spotify:track:1uE7Gln68v4duncYy4QgQm"
  },
  {
    "timestamp_utc": "2024-07-09T18:54:54.433Z",
    "context_application_version": "8.9.52.552",
    "context_conn_country": "MA",
    "context_device_manufacturer": "samsung",
    "context_device_model": "SM-A725F",
    "context_device_type": "mobile",
    "context_os_name": "android",
    "context_os_version": "14",
    "context_receiver_service_timestamp": 1720602676527,
    "context_time": 1720551294433,
    "message_audiocodec": "unknown",
    "message_bitrate": 0,
    "message_error_code": 802,
    "message_external_track": false,
    "message_fatal": true,
    "message_file_id": "AAAAAAAAAAAAAAAAAAAAAAAAAAA=",
    "message_playback_id": "CLy21hRLcgXNftc2G620hw==",
    "message_position_ms": 0,
    "message_track_id": "spotify:track:7frCzC7XOSEeJdUasfk7Zm"
  },
  {
    "timestamp_utc": "2024-07-09T19:04:09.243Z",
    "context_application_version": "8.9.52.552",
    "context_conn_country": "MA",
    "context_device_manufacturer": "samsung",
    "context_device_model": "SM-A725F",
    "context_device_type": "mobile",
    "context_os_name": "android",
    "context_os_version": "14",
    "context_receiver_service_timestamp": 1720602677686,
    "context_time": 1720551849243,
    "message_audiocodec": "unknown",
    "message_bitrate": 0,
    "message_error_code": 802,
    "message_external_track": false,
    "message_fatal": true,
    "message_file_id": "AAAAAAAAAAAAAAAAAAAAAAAAAAA=",
    "message_playback_id": "EnRSkqTXCgH46mj7OUy2Mg==",
    "message_position_ms": 0,
    "message_track_id": "spotify:track:0NonOvpmpv8btaUlGW1HDZ"
  },
  {
    "timestamp_utc": "2024-07-09T19:03:53.557Z",
    "context_application_version": "8.9.52.552",
    "context_conn_country": "MA",
    "context_device_manufacturer": "samsung",
    "context_device_model": "SM-A725F",
    "context_device_type": "mobile",
    "context_os_name": "android",
    "context_os_version": "14",
    "context_receiver_service_timestamp": 1720602677078,
    "context_time": 1720551833557,
    "message_audiocodec": "unknown",
    "message_bitrate": 0,
    "message_error_code": 802,
    "message_external_track": false,
    "message_fatal": true,
    "message_file_id": "AAAAAAAAAAAAAAAAAAAAAAAAAAA=",
    "message_playback_id": "NIqlsX/hmeKoi8FvcjzbgQ==",
    "message_position_ms": 0,
    "message_track_id": "spotify:track:0NonOvpmpv8btaUlGW1HDZ"
  },
  {
    "timestamp_utc": "2024-07-09T19:28:26.630Z",
    "context_application_version": "8.9.52.552",
    "context_conn_country": "MA",
    "context_device_manufacturer": "samsung",
    "context_device_model": "SM-A725F",
    "context_device_type": "mobile",
    "context_os_name": "android",
    "context_os_version": "14",
    "context_receiver_service_timestamp": 1720602678967,
    "context_time": 1720553306630,
    "message_audiocodec": "unknown",
    "message_bitrate": 0,
    "message_error_code": 802,
    "message_external_track": false,
    "message_fatal": true,
    "message_file_id": "AAAAAAAAAAAAAAAAAAAAAAAAAAA=",
    "message_playback_id": "JNG1XgFGAdu33E5WO+3s5w==",
    "message_position_ms": 0,
    "message_track_id": "spotify:track:7frCzC7XOSEeJdUasfk7Zm"
  },
  {
    "timestamp_utc": "2024-11-26T12:51:07.160Z",
    "context_application_version": "8.9.94.418",
    "context_conn_country": "DE",
    "context_device_manufacturer": "apple",
    "context_device_model": "iPhone15,2",
    "context_device_type": "mobile",
    "context_os_name": "ios",
    "context_os_version": "18.0",
    "context_receiver_service_timestamp": 1732625481823,
    "context_time": 1732625467160,
    "message_audiocodec": "vorbis",
    "message_bitrate": 96000,
    "message_error_code": 8001,
    "message_external_track": false,
    "message_fatal": false,
    "message_file_id": "MpI+4pfP1+ivbCXU6yzIymsn1Cc=",
    "message_playback_id": "uTgbIcLAy8NjIlEncc82DA==",
    "message_position_ms": 110,
    "message_track_id": "spotify:track:4JLcAU2xY90qTkTSNM1lUa"
  },
  {
    "timestamp_utc": "2024-07-09T19:03:57.035Z",
    "context_application_version": "8.9.52.552",
    "context_conn_country": "MA",
    "context_device_manufacturer": "samsung",
    "context_device_model": "SM-A725F",
    "context_device_type": "mobile",
    "context_os_name": "android",
    "context_os_version": "14",
    "context_receiver_service_timestamp": 1720602677381,
    "context_time": 1720551837035,
    "message_audiocodec": "unknown",
    "message_bitrate": 0,
    "message_error_code": 802,
    "message_external_track": false,
    "message_fatal": true,
    "message_file_id": "AAAAAAAAAAAAAAAAAAAAAAAAAAA=",
    "message_playback_id": "vTbTHpMTQVyTh3ovphwllQ==",
    "message_position_ms": 0,
    "message_track_id": "spotify:track:0NonOvpmpv8btaUlGW1HDZ"
  },
  {
    "timestamp_utc": "2024-07-09T19:08:51.949Z",
    "context_application_version": "8.9.52.552",
    "context_conn_country": "MA",
    "context_device_manufacturer": "samsung",
    "context_device_model": "SM-A725F",
    "context_device_type": "mobile",
    "context_os_name": "android",
    "context_os_version": "14",
    "context_receiver_service_timestamp": 1720602678027,
    "context_time": 1720552131949,
    "message_audiocodec": "unknown",
    "message_bitrate": 0,
    "message_error_code": 802,
    "message_external_track": false,
    "message_fatal": true,
    "message_file_id": "AAAAAAAAAAAAAAAAAAAAAAAAAAA=",
    "message_playback_id": "allA/IzCWgSR1vQZjEB4Gw==",
    "message_position_ms": 0,
    "message_track_id": "spotify:track:7frCzC7XOSEeJdUasfk7Zm"
  },
  {
    "timestamp_utc": "2024-07-09T19:08:54.692Z",
    "context_application_version": "8.9.52.552",
    "context_conn_country": "MA",
    "context_device_manufacturer": "samsung",
    "context_device_model": "SM-A725F",
    "context_device_type": "mobile",
    "context_os_name": "android",
    "context_os_version": "14",
    "context_receiver_service_timestamp": 1720602678027,
    "context_time": 1720552134692,
    "message_audiocodec": "unknown",
    "message_bitrate": 0,
    "message_error_code": 802,
    "message_external_track": false,
    "message_fatal": true,
    "message_file_id": "AAAAAAAAAAAAAAAAAAAAAAAAAAA=",
    "message_playback_id": "uwb0xYs2exMFxWIq/5yjVg==",
    "message_position_ms": 0,
    "message_track_id": "spotify:track:7frCzC7XOSEeJdUasfk7Zm"
  },
  {
    "timestamp_utc": "2024-08-06T13:03:59.986Z",
    "context_application_version": "8.9.60.458",
    "context_conn_country": "DE",
    "context_device_manufacturer": "apple",
    "context_device_model": "iPhone15,2",
    "context_device_type": "mobile",
    "context_os_name": "ios",
    "context_os_version": "17.5.1",
    "context_receiver_service_timestamp": 1722949440061,
    "context_time": 1722949439986,
    "message_audiocodec": "vorbis",
    "message_bitrate": 96000,
    "message_error_code": 12,
    "message_external_track": false,
    "message_fatal": true,
    "message_file_id": "8n9mMvbaqxG31sM8EFjIfsERMZk=",
    "message_playback_id": "1n48d0a/RDdAGuWXmZ0N1w==",
    "message_position_ms": 0,
    "message_track_id": "spotify:track:5hnyJvgoWiQUYZttV4wXy6"
  },
  {
    "timestamp_utc": "2024-09-24T16:08:21.811Z",
    "context_application_version": "8.9.74.535",
    "context_conn_country": "FR",
    "context_device_manufacturer": "apple",
    "context_device_model": "iPhone14,5",
    "context_device_type": "mobile",
    "context_os_name": "ios",
    "context_os_version": "17.6.1",
    "context_receiver_service_timestamp": 1727194102046,
    "context_time": 1727194101811,
    "message_audiocodec": "vorbis",
    "message_bitrate": 96000,
    "message_error_code": 8001,
    "message_external_track": false,
    "message_fatal": false,
    "message_file_id": "8rKb09YWLFRXqUDPLA5lM1OrF+M=",
    "message_playback_id": "PPjCiGBDWJiTYvn4z/GPYw==",
    "message_position_ms": 69,
    "message_track_id": "spotify:track:19XpFsce28aByvCC4g89tJ"
  },
  {
    "timestamp_utc": "2024-07-09T19:38:17.383Z",
    "context_application_version": "8.9.52.552",
    "context_conn_country": "MA",
    "context_device_manufacturer": "samsung",
    "context_device_model": "SM-A725F",
    "context_device_type": "mobile",
    "context_os_name": "android",
    "context_os_version": "14",
    "context_receiver_service_timestamp": 1720602679276,
    "context_time": 1720553897383,
    "message_audiocodec": "unknown",
    "message_bitrate": 0,
    "message_error_code": 802,
    "message_external_track": false,
    "message_fatal": true,
    "message_file_id": "AAAAAAAAAAAAAAAAAAAAAAAAAAA=",
    "message_playback_id": "cZt9pil0fa5AhWdkISIGig==",
    "message_position_ms": 0,
    "message_track_id": "spotify:track:0NonOvpmpv8btaUlGW1HDZ"
  },
  {
    "timestamp_utc": "2024-07-09T19:24:15.491Z",
    "context_application_version": "8.9.52.552",
    "context_conn_country": "MA",
    "context_device_manufacturer": "samsung",
    "context_device_model": "SM-A725F",
    "context_device_type": "mobile",
    "context_os_name": "android",
    "context_os_version": "14",
    "context_receiver_service_timestamp": 1720602678967,
    "context_time": 1720553055491,
    "message_audiocodec": "unknown",
    "message_bitrate": 0,
    "message_error_code": 802,
    "message_external_track": false,
    "message_fatal": true,
    "message_file_id": "AAAAAAAAAAAAAAAAAAAAAAAAAAA=",
    "message_playback_id": "BADMMEV4J7EWyLYywXvyGA==",
    "message_position_ms": 0,
    "message_track_id": "spotify:track:0NonOvpmpv8btaUlGW1HDZ"
  },
  {
    "timestamp_utc": "2024-07-09T19:08:32.016Z",
    "context_application_version": "8.9.52.552",
    "context_conn_country": "MA",
    "context_device_manufacturer": "samsung",
    "context_device_model": "SM-A725F",
    "context_device_type": "mobile",
    "context_os_name": "android",
    "context_os_version": "14",
    "context_receiver_service_timestamp": 1720602677686,
    "context_time": 1720552112016,
    "message_audiocodec": "unknown",
    "message_bitrate": 0,
    "message_error_code": 802,
    "message_external_track": false,
    "message_fatal": true,
    "message_file_id": "AAAAAAAAAAAAAAAAAAAAAAAAAAA=",
    "message_playback_id": "AI1Cf+NCFreLF97D2v1Pow==",
    "message_position_ms": 0,
    "message_track_id": "spotify:track:7frCzC7XOSEeJdUasfk7Zm"
  }
]