[
  {
    "timestamp_utc": "2024-09-24T16:08:21.878Z",
    "context_application_version": "8.9.74.535",
    "context_conn_country": "FR",
    "context_device_manufacturer": "apple",
    "context_device_model": "iPhone14,5",
    "context_device_type": "mobile",
    "context_os_name": "ios",
    "context_os_version": "17.6.1",
    "context_receiver_service_timestamp": 1727194102046,
    "context_time": 1727194101878,
    "message_etag": "",
    "message_expiry": null,
    "message_method": "metadata_refresh",
    "message_playback_id": "PPjCiGBDWJiTYvn4z/GPYw==",
    "message_prev_etag": "9d0a5e49147fc28f20adb34f132f0817",
    "message_prev_expiry": 1726564554,
    "message_reason": "key_denied",
    "message_status": "metadata_already_up_to_date",
    "message_track": "spotify:track:19XpFsce28aByvCC4g89tJ"
  },
  {
    "timestamp_utc": "2024-12-01T18:11:49.305Z",
    "context_application_version": "1.2.51.345",
    "context_conn_country": "DE",
    "context_device_manufacturer": "Apple Inc.",
    "context_device_model": "MacBookPro17,1",
    "context_device_type": "desktop",
    "context_os_name": "osx",
    "context_os_version": "14.1.2",
    "context_receiver_service_timestamp": 1733076531230,
    "context_time": 1733076709305,
    "message_etag": "",
    "message_expiry": null,
    "message_method": "metadata_refresh",
    "message_playback_id": "htW3UhjPGbthOzEjBiqYgg==",
    "message_prev_etag": "",
    "message_prev_expiry": 0,
    "message_reason": "no_files_available",
    "message_status": "metadata_not_expired",
    "message_track": "spotify:track:28Ct4qwkQXY2W5yyNCLuVI"
  },
  {
    "timestamp_utc": "2024-09-18T07:40:05.201Z",
    "context_application_version": "8.9.74.535",
    "context_conn_country": "FR",
    "context_device_manufacturer": "apple",
    "context_device_model": "iPhone14,5",
    "context_device_type": "mobile",
    "context_os_name": "ios",
    "context_os_version": "17.6.1",
    "context_receiver_service_timestamp": 1726645218245,
    "context_time": 1726645205201,
    "message_etag": "",
    "message_expiry": null,
    "message_method": "metadata_refresh",
    "message_playback_id": "/AnPUUASXo/pfWiF+B3DmA==",
    "message_prev_etag": "",
    "message_prev_expiry": 0,
    "message_reason": "no_files_available",
    "message_status": "metadata_not_expired",
    "message_track": "spotify:track:0TK89ymMmrdq4xXOD1G1RO"
  },
  {
    "timestamp_utc": "2024-11-14T13:07:44.731Z",
    "context_application_version": "8.9.90.84",
    "context_conn_country": "FR",
    "context_device_manufacturer": "apple",
    "context_device_model": "iPhone14,5",
    "context_device_type": "mobile",
    "context_os_name": "ios",
    "context_os_version": "17.6.1",
    "context_receiver_service_timestamp": 1731660592550,
    "context_time": 1731589664731,
    "message_etag": "",
    "message_expiry": null,
    "message_method": "metadata_refresh",
    "message_playback_id": "YK1UZ/GlNt0j5+hjGGor2w==",
    "message_prev_etag": "",
    "message_prev_expiry": 0,
    "message_reason": "no_files_available",
    "message_status": "metadata_not_expired",
    "message_track": "spotify:track:607sF1ISzfKaWa29eF3I14"
  },
  {
    "timestamp_utc": "2024-11-26T12:51:07.278Z",
    "context_application_version": "8.9.94.418",
    "context_conn_country": "DE",
    "context_device_manufacturer": "apple",
    "context_device_model": "iPhone15,2",
    "context_device_type": "mobile",
    "context_os_name": "ios",
    "context_os_version": "18.0",
    "context_receiver_service_timestamp": 1732625481823,
    "context_time": 1732625467278,
    "message_etag": "",
    "message_expiry": null,
    "message_method": "metadata_refresh",
    "message_playback_id": "uTgbIcLAy8NjIlEncc82DA==",
    "message_prev_etag": "3f1969ad2a9b69425489c6d739ab45fa",
    "message_prev_expiry": 1732641027,
    "message_reason": "key_denied",
    "message_status": "metadata_already_up_to_date",
    "message_track": "spotify:track:1VJ82z9vp7hvBzthdGWtNa"
  },
  {
    "timestamp_utc": "2024-09-18T07:40:15.473Z",
    "context_application_version": "8.9.74.535",
    "context_conn_country": "FR",
    "context_device_manufacturer": "apple",
    "context_device_model": "iPhone14,5",
    "context_device_type": "mobile",
    "context_os_name": "ios",
    "context_os_version": "17.6.1",
    "context_receiver_service_timestamp": 1726645232172,
    "context_time": 1726645215473,
    "message_etag": "",
    "message_expiry": null,
    "message_method": "metadata_refresh",
    "message_playback_id": "IL32qlEk6bkoY0+zcSnB9Q==",
    "message_prev_etag": "",
    "message_prev_expiry": 0,
    "message_reason": "no_files_available",
    "message_status": "metadata_not_expired",
    "message_track": "spotify:track:0TK89ymMmrdq4xXOD1G1RO"
  }
]