[
  {
    "message_playing_context_uri": "spotify:show:3dLmv3iMDVU0RxeVoxkQkV",
    "timestamp_utc": "2024-11-10T23:42:12.676Z",
    "context_application_version": "8.9.86.419",
    "context_conn_country": "FR",
    "context_device_manufacturer": "apple",
    "context_device_model": "iPhone14,5",
    "context_device_type": "mobile",
    "context_os_name": "ios",
    "context_os_version": "17.6.1",
    "context_receiver_service_timestamp": 1731313295748,
    "context_time": 1731282132676,
    "context_user_agent": null,
    "message_playing_entity_uri": "spotify:episode:2UjXwwKoZjTsguAhO89Mz8"
  },
  {
    "message_playing_context_uri": "spotify:search:vacr",
    "timestamp_utc": "2024-07-04T16:36:00.560Z",
    "context_application_version": "8.9.50.491",
    "context_conn_country": "DE",
    "context_device_manufacturer": "apple",
    "context_device_model": "iPhone15,2",
    "context_device_type": "mobile",
    "context_os_name": "ios",
    "context_os_version": "17.5.1",
    "context_receiver_service_timestamp": 1720110964308,
    "context_time": 1720110960560,
    "context_user_agent": null,
    "message_playing_entity_uri": "spotify:track:7LKbaK4RD00Nso9EJk4opn"
  },
  {
    "message_playing_context_uri": "spotify:album:5O9PH4OPR3rxtpjXhMjElr",
    "timestamp_utc": "2024-09-22T22:47:44.627Z",
    "context_application_version": "8.9.74.535",
    "context_conn_country": "FR",
    "context_device_manufacturer": "apple",
    "context_device_model": "iPhone14,5",
    "context_device_type": "mobile",
    "context_os_name": "ios",
    "context_os_version": "17.6.1",
    "context_receiver_service_timestamp": 1727045292832,
    "context_time": 1727045264627,
    "context_user_agent": null,
    "message_playing_entity_uri": "spotify:track:6kIKaWfJlrYqkHxmqHflDz"
  },
  {
    "message_playing_context_uri": "spotify:show:3dLmv3iMDVU0RxeVoxkQkV",
    "timestamp_utc": "2024-11-10T23:42:12.676Z",
    "context_application_version": "8.9.86.419",
    "context_conn_country": "FR",
    "context_device_manufacturer": "apple",
    "context_device_model": "iPhone14,5",
    "context_device_type": "mobile",
    "context_os_name": "ios",
    "context_os_version": "17.6.1",
    "context_receiver_service_timestamp": 1731282154813,
    "context_time": 1731282132676,
    "context_user_agent": null,
    "message_playing_entity_uri": "spotify:episode:2UjXwwKoZjTsguAhO89Mz8"
  },
  {
    "message_playing_context_uri": "spotify:artist:76wDwepIombkHCdm0kas1h",
    "timestamp_utc": "2024-10-15T20:38:07.792Z",
    "context_application_version": "8.9.82.628",
    "context_conn_country": "DE",
    "context_device_manufacturer": "apple",
    "context_device_model": "iPhone15,2",
    "context_device_type": "mobile",
    "context_os_name": "ios",
    "context_os_version": "18.0",
    "context_receiver_service_timestamp": 1729024695626,
    "context_time": 1729024687792,
    "context_user_agent": null,
    "message_playing_entity_uri": "spotify:track:5d54P8T7TXGwE2d0zyN3uu"
  },
  {
    "message_playing_context_uri": "spotify:playlist:2jVNZYsWwREANkotiU7B11",
    "timestamp_utc": "2024-07-15T21:56:59.932Z",
    "context_application_version": "8.9.54.343",
    "context_conn_country": "DE",
    "context_device_manufacturer": "apple",
    "context_device_model": "iPhone15,2",
    "context_device_type": "mobile",
    "context_os_name": "ios",
    "context_os_version": "17.5.1",
    "context_receiver_service_timestamp": 1721080627763,
    "context_time": 1721080619932,
    "context_user_agent": null,
    "message_playing_entity_uri": "spotify:track:5YbgcwHjQhdT1BYQ4rxWlD"
  },
  {
    "message_playing_context_uri": "spotify:album:56IC2T71i0teqHqPYvZhCu",
    "timestamp_utc": "2024-11-19T12:36:05.192Z",
    "context_application_version": "8.9.90.84",
    "context_conn_country": "FR",
    "context_device_manufacturer": "apple",
    "context_device_model": "iPhone14,5",
    "context_device_type": "mobile",
    "context_os_name": "ios",
    "context_os_version": "17.6.1",
    "context_receiver_service_timestamp": 1732019793729,
    "context_time": 1732019765192,
    "context_user_agent": null,
    "message_playing_entity_uri": "spotify:track:3s8s1eh4pTtQkqrsl7mnqf"
  },
  {
    "message_playing_context_uri": "spotify:album:3E1BsHAXbrhuF15Ubqo7y9",
    "timestamp_utc": "2024-11-19T13:11:13.578Z",
    "context_application_version": "8.9.90.84",
    "context_conn_country": "FR",
    "context_device_manufacturer": "apple",
    "context_device_model": "iPhone14,5",
    "context_device_type": "mobile",
    "context_os_name": "ios",
    "context_os_version": "17.6.1",
    "context_receiver_service_timestamp": 1732021874599,
    "context_time": 1732021873578,
    "context_user_agent": null,
    "message_playing_entity_uri": "spotify:track:518h38JXHfQPLgpjadIoYG"
  }
]