[
  {
    "timestamp_utc": "2024-12-04T23:16:16.377Z",
    "context_time": 1733354176377,
    "message_app_store": null,
    "message_application_version": "899400418",
    "message_client_id": "58bd3c95768941ea9eb4350aaa033eb3",
    "message_country": "DE",
    "message_duration": 1,
    "message_platform": "IPHONE_ARM64",
    "message_request_environment": "premium-destination-hubs",
    "message_request_uri_path": "/v1/badge",
    "message_status": 200
  },
  {
    "timestamp_utc": "2024-09-22T09:35:24.172Z",
    "context_time": 1726997724172,
    "message_app_store": null,
    "message_application_version": "897600516",
    "message_client_id": "58bd3c95768941ea9eb4350aaa033eb3",
    "message_country": "DE",
    "message_duration": 0,
    "message_platform": "IPHONE_ARM64",
    "message_request_environment": "premium-destination-hubs",
    "message_request_uri_path": "/v1/badge",
    "message_status": 200
  },
  {
    "timestamp_utc": "2024-09-23T10:03:17.969Z",
    "context_time": 1727085797969,
    "message_app_store": null,
    "message_application_version": "897600516",
    "message_client_id": "58bd3c95768941ea9eb4350aaa033eb3",
    "message_country": "DE",
    "message_duration": 1,
    "message_platform": "IPHONE_ARM64",
    "message_request_environment": "premium-destination-hubs",
    "message_request_uri_path": "/v1/badge",
    "message_status": 200
  },
  {
    "timestamp_utc": "2024-09-27T10:17:29.025Z",
    "context_time": 1727432249025,
    "message_app_store": null,
    "message_application_version": "897600516",
    "message_client_id": "58bd3c95768941ea9eb4350aaa033eb3",
    "message_country": "DE",
    "message_duration": 1,
    "message_platform": "IPHONE_ARM64",
    "message_request_environment": "premium-destination-hubs",
    "message_request_uri_path": "/v1/badge",
    "message_status": 200
  },
  {
    "timestamp_utc": "2024-09-10T14:57:57.268Z",
    "context_time": 1725980277268,
    "message_app_store": null,
    "message_application_version": "897000592",
    "message_client_id": "58bd3c95768941ea9eb4350aaa033eb3",
    "message_country": "DE",
    "message_duration": 1,
    "message_platform": "IPHONE_ARM64",
    "message_request_environment": "premium-destination-hubs",
    "message_request_uri_path": "/v1/badge",
    "message_status": 200
  },
  {
    "timestamp_utc": "2024-12-02T10:26:33.728Z",
    "context_time": 1733135193728,
    "message_app_store": null,
    "message_application_version": "899400418",
    "message_client_id": "58bd3c95768941ea9eb4350aaa033eb3",
    "message_country": "DE",
    "message_duration": 1,
    "message_platform": "IPHONE_ARM64",
    "message_request_environment": "premium-destination-hubs",
    "message_request_uri_path": "/v1/badge",
    "message_status": 200
  },
  {
    "timestamp_utc": "2024-09-22T22:47:43.925Z",
    "context_time": 1727045263925,
    "message_app_store": null,
    "message_application_version": "897400535",
    "message_client_id": "58bd3c95768941ea9eb4350aaa033eb3",
    "message_country": "DE",
    "message_duration": 1,
    "message_platform": "IPHONE_ARM64",
    "message_request_environment": "premium-destination-hubs",
    "message_request_uri_path": "/v1/badge",
    "message_status": 200
  },
  {
    "timestamp_utc": "2024-09-16T18:28:44.383Z",
    "context_time": 1726511324383,
    "message_app_store": null,
    "message_application_version": "897400535",
    "message_client_id": "58bd3c95768941ea9eb4350aaa033eb3",
    "message_country": "DE",
    "message_duration": 1,
    "message_platform": "IPHONE_ARM64",
    "message_request_environment": "premium-destination-hubs",
    "message_request_uri_path": "/v1/badge",
    "message_status": 200
  },
  {
    "timestamp_utc": "2024-10-01T20:17:57.539Z",
    "context_time": 1727813877539,
    "message_app_store": null,
    "message_application_version": "897600516",
    "message_client_id": "58bd3c95768941ea9eb4350aaa033eb3",
    "message_country": "DE",
    "message_duration": 1,
    "message_platform": "IPHONE_ARM64",
    "message_request_environment": "premium-destination-hubs",
    "message_request_uri_path": "/v1/badge",
    "message_status": 200
  },
  {
    "timestamp_utc": "2024-09-19T10:54:11.550Z",
    "context_time": 1726743251550,
    "message_app_store": null,
    "message_application_version": "897400535",
    "message_client_id": "58bd3c95768941ea9eb4350aaa033eb3",
    "message_country": "DE",
    "message_duration": 1,
    "message_platform": "IPHONE_ARM64",
    "message_request_environment": "premium-destination-hubs",
    "message_request_uri_path": "/v1/badge",
    "message_status": 200
  },
  {
    "timestamp_utc": "2024-09-20T12:12:28.564Z",
    "context_time": 1726834348564,
    "message_app_store": null,
    "message_application_version": "897400535",
    "message_client_id": "58bd3c95768941ea9eb4350aaa033eb3",
    "message_country": "DE",
    "message_duration": 1,
    "message_platform": "IPHONE_ARM64",
    "message_request_environment": "premium-destination-hubs",
    "message_request_uri_path": "/v1/badge",
    "message_status": 200
  },
  {
    "timestamp_utc": "2024-09-24T07:15:53.038Z",
    "context_time": 1727162153038,
    "message_app_store": null,
    "message_application_version": "897400535",
    "message_client_id": "58bd3c95768941ea9eb4350aaa033eb3",
    "message_country": "DE",
    "message_duration": 1,
    "message_platform": "IPHONE_ARM64",
    "message_request_environment": "premium-destination-hubs",
    "message_request_uri_path": "/v1/badge",
    "message_status": 200
  },
  {
    "timestamp_utc": "2024-12-05T13:03:31.671Z",
    "context_time": 1733403811671,
    "message_app_store": null,
    "message_application_version": "899400418",
    "message_client_id": "58bd3c95768941ea9eb4350aaa033eb3",
    "message_country": "DE",
    "message_duration": 1,
    "message_platform": "IPHONE_ARM64",
    "message_request_environment": "premium-destination-hubs",
    "message_request_uri_path": "/v1/badge",
    "message_status": 200
  },
  {
    "timestamp_utc": "2024-09-28T19:04:54.741Z",
    "context_time": 1727550294741,
    "message_app_store": null,
    "message_application_version": "897600516",
    "message_client_id": "58bd3c95768941ea9eb4350aaa033eb3",
    "message_country": "DE",
    "message_duration": 1,
    "message_platform": "IPHONE_ARM64",
    "message_request_environment": "premium-destination-hubs",
    "message_request_uri_path": "/v1/badge",
    "message_status": 200
  },
  {
    "timestamp_utc": "2024-12-02T12:53:22.221Z",
    "context_time": 1733144002221,
    "message_app_store": null,
    "message_application_version": "899400418",
    "message_client_id": "58bd3c95768941ea9eb4350aaa033eb3",
    "message_country": "DE",
    "message_duration": 1,
    "message_platform": "IPHONE_ARM64",
    "message_request_environment": "premium-destination-hubs",
    "message_request_uri_path": "/v1/badge",
    "message_status": 200
  },
  {
    "timestamp_utc": "2024-09-26T11:59:59.956Z",
    "context_time": 1727351999956,
    "message_app_store": null,
    "message_application_version": "897400535",
    "message_client_id": "58bd3c95768941ea9eb4350aaa033eb3",
    "message_country": "DE",
    "message_duration": 0,
    "message_platform": "IPHONE_ARM64",
    "message_request_environment": "premium-destination-hubs",
    "message_request_uri_path": "/v1/badge",
    "message_status": 200
  },
  {
    "timestamp_utc": "2024-11-29T19:38:15.564Z",
    "context_time": 1732909095564,
    "message_app_store": null,
    "message_application_version": "899400418",
    "message_client_id": "58bd3c95768941ea9eb4350aaa033eb3",
    "message_country": "DE",
    "message_duration": 1,
    "message_platform": "IPHONE_ARM64",
    "message_request_environment": "premium-destination-hubs",
    "message_request_uri_path": "/v1/badge",
    "message_status": 200
  },
  {
    "timestamp_utc": "2024-09-25T08:31:09.378Z",
    "context_time": 1727253069378,
    "message_app_store": null,
    "message_application_version": "897600516",
    "message_client_id": "58bd3c95768941ea9eb4350aaa033eb3",
    "message_country": "DE",
    "message_duration": 1,
    "message_platform": "IPHONE_ARM64",
    "message_request_environment": "premium-destination-hubs",
    "message_request_uri_path": "/v1/badge",
    "message_status": 200
  },
  {
    "timestamp_utc": "2024-10-03T11:05:30.242Z",
    "context_time": 1727953530242,
    "message_app_store": null,
    "message_application_version": "897600516",
    "message_client_id": "58bd3c95768941ea9eb4350aaa033eb3",
    "message_country": "DE",
    "message_duration": 1,
    "message_platform": "IPHONE_ARM64",
    "message_request_environment": "premium-destination-hubs",
    "message_request_uri_path": "/v1/badge",
    "message_status": 200
  },
  {
    "timestamp_utc": "2024-10-02T17:43:42.453Z",
    "context_time": 1727891022453,
    "message_app_store": null,
    "message_application_version": "897600516",
    "message_client_id": "58bd3c95768941ea9eb4350aaa033eb3",
    "message_country": "DE",
    "message_duration": 1,
    "message_platform": "IPHONE_ARM64",
    "message_request_environment": "premium-destination-hubs",
    "message_request_uri_path": "/v1/badge",
    "message_status": 200
  },
  {
    "timestamp_utc": "2024-11-26T21:24:25.161Z",
    "context_time": 1732656265161,
    "message_app_store": null,
    "message_application_version": "899400418",
    "message_client_id": "58bd3c95768941ea9eb4350aaa033eb3",
    "message_country": "DE",
    "message_duration": 1,
    "message_platform": "IPHONE_ARM64",
    "message_request_environment": "premium-destination-hubs",
    "message_request_uri_path": "/v1/badge",
    "message_status": 200
  },
  {
    "timestamp_utc": "2024-11-30T11:14:27.438Z",
    "context_time": 1732965267438,
    "message_app_store": null,
    "message_application_version": "899400418",
    "message_client_id": "58bd3c95768941ea9eb4350aaa033eb3",
    "message_country": "DE",
    "message_duration": 1,
    "message_platform": "IPHONE_ARM64",
    "message_request_environment": "premium-destination-hubs",
    "message_request_uri_path": "/v1/badge",
    "message_status": 200
  },
  {
    "timestamp_utc": "2024-11-26T17:21:02.312Z",
    "context_time": 1732641662312,
    "message_app_store": null,
    "message_application_version": "899400418",
    "message_client_id": "58bd3c95768941ea9eb4350aaa033eb3",
    "message_country": "DE",
    "message_duration": 1,
    "message_platform": "IPHONE_ARM64",
    "message_request_environment": "premium-destination-hubs",
    "message_request_uri_path": "/v1/badge",
    "message_status": 200
  },
  {
    "timestamp_utc": "2024-12-03T21:37:15.451Z",
    "context_time": 1733261835451,
    "message_app_store": null,
    "message_application_version": "899400418",
    "message_client_id": "58bd3c95768941ea9eb4350aaa033eb3",
    "message_country": "DE",
    "message_duration": 1,
    "message_platform": "IPHONE_ARM64",
    "message_request_environment": "premium-destination-hubs",
    "message_request_uri_path": "/v1/badge",
    "message_status": 200
  },
  {
    "timestamp_utc": "2024-11-30T21:39:31.204Z",
    "context_time": 1733002771204,
    "message_app_store": null,
    "message_application_version": "899400418",
    "message_client_id": "58bd3c95768941ea9eb4350aaa033eb3",
    "message_country": "DE",
    "message_duration": 1,
    "message_platform": "IPHONE_ARM64",
    "message_request_environment": "premium-destination-hubs",
    "message_request_uri_path": "/v1/badge",
    "message_status": 200
  },
  {
    "timestamp_utc": "2024-09-17T13:24:32.233Z",
    "context_time": 1726579472233,
    "message_app_store": null,
    "message_application_version": "897400535",
    "message_client_id": "58bd3c95768941ea9eb4350aaa033eb3",
    "message_country": "DE",
    "message_duration": 1,
    "message_platform": "IPHONE_ARM64",
    "message_request_environment": "premium-destination-hubs",
    "message_request_uri_path": "/v1/badge",
    "message_status": 200
  },
  {
    "timestamp_utc": "2024-11-29T10:28:24.085Z",
    "context_time": 1732876104085,
    "message_app_store": null,
    "message_application_version": "899400418",
    "message_client_id": "58bd3c95768941ea9eb4350aaa033eb3",
    "message_country": "DE",
    "message_duration": 1,
    "message_platform": "IPHONE_ARM64",
    "message_request_environment": "premium-destination-hubs",
    "message_request_uri_path": "/v1/badge",
    "message_status": 200
  },
  {
    "timestamp_utc": "2024-09-26T10:11:12.017Z",
    "context_time": 1727345472017,
    "message_app_store": null,
    "message_application_version": "897600516",
    "message_client_id": "58bd3c95768941ea9eb4350aaa033eb3",
    "message_country": "DE",
    "message_duration": 1,
    "message_platform": "IPHONE_ARM64",
    "message_request_environment": "premium-destination-hubs",
    "message_request_uri_path": "/v1/badge",
    "message_status": 200
  },
  {
    "timestamp_utc": "2024-09-09T12:15:22.367Z",
    "context_time": 1725884122367,
    "message_app_store": null,
    "message_application_version": "897000592",
    "message_client_id": "58bd3c95768941ea9eb4350aaa033eb3",
    "message_country": "DE",
    "message_duration": 1,
    "message_platform": "IPHONE_ARM64",
    "message_request_environment": "premium-destination-hubs",
    "message_request_uri_path": "/v1/badge",
    "message_status": 200
  },
  {
    "timestamp_utc": "2024-09-25T07:17:55.710Z",
    "context_time": 1727248675710,
    "message_app_store": null,
    "message_application_version": "897400535",
    "message_client_id": "58bd3c95768941ea9eb4350aaa033eb3",
    "message_country": "DE",
    "message_duration": 1,
    "message_platform": "IPHONE_ARM64",
    "message_request_environment": "premium-destination-hubs",
    "message_request_uri_path": "/v1/badge",
    "message_status": 200
  },
  {
    "timestamp_utc": "2024-09-16T11:10:38.166Z",
    "context_time": 1726485038166,
    "message_app_store": null,
    "message_application_version": "897400535",
    "message_client_id": "58bd3c95768941ea9eb4350aaa033eb3",
    "message_country": "DE",
    "message_duration": 1,
    "message_platform": "IPHONE_ARM64",
    "message_request_environment": "premium-destination-hubs",
    "message_request_uri_path": "/v1/badge",
    "message_status": 200
  },
  {
    "timestamp_utc": "2024-09-19T09:08:36.841Z",
    "context_time": 1726736916841,
    "message_app_store": null,
    "message_application_version": "897400535",
    "message_client_id": "58bd3c95768941ea9eb4350aaa033eb3",
    "message_country": "DE",
    "message_duration": 1,
    "message_platform": "IPHONE_ARM64",
    "message_request_environment": "premium-destination-hubs",
    "message_request_uri_path": "/v1/badge",
    "message_status": 200
  },
  {
    "timestamp_utc": "2024-11-28T07:49:51.663Z",
    "context_time": 1732780191663,
    "message_app_store": null,
    "message_application_version": "899400418",
    "message_client_id": "58bd3c95768941ea9eb4350aaa033eb3",
    "message_country": "DE",
    "message_duration": 1,
    "message_platform": "IPHONE_ARM64",
    "message_request_environment": "premium-destination-hubs",
    "message_request_uri_path": "/v1/badge",
    "message_status": 200
  }
]