[
  {
    "timestamp_utc": "2024-09-12T11:59:56.958Z",
    "context_application_version": "8.9.70.556",
    "context_conn_country": "DE",
    "context_device_manufacturer": "samsung",
    "context_device_model": "SM-A725F",
    "context_device_type": "mobile",
    "context_os_name": "android",
    "context_os_version": "14",
    "context_receiver_service_timestamp": 1726142440197,
    "context_time": 1726142396958,
    "message_timestamp_ms": 1726142396958
  },
  {
    "timestamp_utc": "2024-12-03T12:00:34.497Z",
    "context_application_version": "8.9.96.476",
    "context_conn_country": "DE",
    "context_device_manufacturer": "samsung",
    "context_device_model": "SM-A725F",
    "context_device_type": "mobile",
    "context_os_name": "android",
    "context_os_version": "14",
    "context_receiver_service_timestamp": 1733227200422,
    "context_time": 1733227234497,
    "message_timestamp_ms": 1733227234497
  }
]