[
  {
    "timestamp_utc": "2024-10-15T13:11:12.825Z",
    "context_time": 1728997872825,
    "message_app": "music",
    "message_app_device_id": "a231b9b2-0ecd-30fb-955c-4aeed127a356",
    "message_app_id": "com.spotify.client",
    "message_app_version": "897600516",
    "message_environment": "PROD",
    "message_event_id": "96b9dd85-a796-4018-9227-9e0bb98c5613",
    "message_os_version": "17.6.1",
    "message_platform": "ios",
    "message_status": 200,
    "message_timestamp": "2024-10-15T13:11:12.825248042Z"
  },
  {
    "timestamp_utc": "2024-11-30T17:38:27.498Z",
    "context_time": 1732988307498,
    "message_app": "music",
    "message_app_device_id": "41719527-bc45-3a73-b037-8db1bd661f22",
    "message_app_id": "com.spotify.client",
    "message_app_version": "899400418",
    "message_environment": "PROD",
    "message_event_id": "b1da3670-e069-4a9c-a45f-8a8bcf394469",
    "message_os_version": "18.0.0",
    "message_platform": "ios",
    "message_status": 200,
    "message_timestamp": "2024-11-30T17:38:27.498209649Z"
  },
  {
    "timestamp_utc": "2024-09-19T09:08:36.510Z",
    "context_time": 1726736916510,
    "message_app": "music",
    "message_app_device_id": "a231b9b2-0ecd-30fb-955c-4aeed127a356",
    "message_app_id": "com.spotify.client",
    "message_app_version": "897400535",
    "message_environment": "PROD",
    "message_event_id": "12f7340d-30e9-4874-8d10-a5cdddfb707a",
    "message_os_version": "17.6.1",
    "message_platform": "ios",
    "message_status": 200,
    "message_timestamp": "2024-09-19T09:08:36.510430349Z"
  },
  {
    "timestamp_utc": "2024-11-19T12:36:04.436Z",
    "context_time": 1732019764436,
    "message_app": "music",
    "message_app_device_id": "a231b9b2-0ecd-30fb-955c-4aeed127a356",
    "message_app_id": "com.spotify.client",
    "message_app_version": "899000084",
    "message_environment": "PROD",
    "message_event_id": "56b8771f-d8b0-4140-89bd-fe37597dfe46",
    "message_os_version": "17.6.1",
    "message_platform": "ios",
    "message_status": 200,
    "message_timestamp": "2024-11-19T12:36:04.436779824Z"
  },
  {
    "timestamp_utc": "2024-09-10T16:48:40.128Z",
    "context_time": 1725986920128,
    "message_app": "music",
    "message_app_device_id": "a231b9b2-0ecd-30fb-955c-4aeed127a356",
    "message_app_id": "com.spotify.client",
    "message_app_version": "896800490",
    "message_environment": "PROD",
    "message_event_id": "671ea669-615a-44d4-84b9-4717ecebe37b",
    "message_os_version": "17.5.1",
    "message_platform": "ios",
    "message_status": 200,
    "message_timestamp": "2024-09-10T16:48:40.128652350Z"
  },
  {
    "timestamp_utc": "2024-09-27T09:57:04.709Z",
    "context_time": 1727431024709,
    "message_app": "music",
    "message_app_device_id": "a231b9b2-0ecd-30fb-955c-4aeed127a356",
    "message_app_id": "com.spotify.client",
    "message_app_version": "897400535",
    "message_environment": "PROD",
    "message_event_id": "c73dc7e1-1a79-486a-a315-6af9880dacc9",
    "message_os_version": "17.6.1",
    "message_platform": "ios",
    "message_status": 200,
    "message_timestamp": "2024-09-27T09:57:04.709758720Z"
  },
  {
    "timestamp_utc": "2024-12-03T11:59:38.821Z",
    "context_time": 1733227178821,
    "message_app": "music",
    "message_app_device_id": "c5f108f8-fbdd-326a-a9b7-f1d4060fc438",
    "message_app_id": "com.spotify.music",
    "message_app_version": "899600476",
    "message_environment": "prod",
    "message_event_id": "ad1375cf-1626-4ef2-8300-94c4e1f9e14e",
    "message_os_version": "14",
    "message_platform": "android",
    "message_status": 200,
    "message_timestamp": "2024-12-03T11:59:38.821869093Z"
  },
  {
    "timestamp_utc": "2024-11-01T16:06:11.289Z",
    "context_time": 1730477171289,
    "message_app": "music",
    "message_app_device_id": "a231b9b2-0ecd-30fb-955c-4aeed127a356",
    "message_app_id": "com.spotify.client",
    "message_app_version": "898400543",
    "message_environment": "PROD",
    "message_event_id": "bea2a882-865e-464c-b4ad-04e1e25476ae",
    "message_os_version": "17.6.1",
    "message_platform": "ios",
    "message_status": 200,
    "message_timestamp": "2024-11-01T16:06:11.289349051Z"
  },
  {
    "timestamp_utc": "2024-11-29T10:28:24.077Z",
    "context_time": 1732876104077,
    "message_app": "music",
    "message_app_device_id": "41719527-bc45-3a73-b037-8db1bd661f22",
    "message_app_id": "com.spotify.client",
    "message_app_version": "899400418",
    "message_environment": "PROD",
    "message_event_id": "51a0157b-4933-4c2a-bbf5-07dbc16e60eb",
    "message_os_version": "18.0.0",
    "message_platform": "ios",
    "message_status": 200,
    "message_timestamp": "2024-11-29T10:28:24.077366415Z"
  },
  {
    "timestamp_utc": "2024-10-20T18:58:54.466Z",
    "context_time": 1729450734466,
    "message_app": "music",
    "message_app_device_id": "41719527-bc45-3a73-b037-8db1bd661f22",
    "message_app_id": "com.spotify.client",
    "message_app_version": "898200628",
    "message_environment": "PROD",
    "message_event_id": "7f15ac08-e219-44dc-9798-040cf025b82e",
    "message_os_version": "18.0.0",
    "message_platform": "ios",
    "message_status": 200,
    "message_timestamp": "2024-10-20T18:58:54.466171482Z"
  },
  {
    "timestamp_utc": "2024-10-05T18:44:15.211Z",
    "context_time": 1728153855211,
    "message_app": "music",
    "message_app_device_id": "a231b9b2-0ecd-30fb-955c-4aeed127a356",
    "message_app_id": "com.spotify.client",
    "message_app_version": "897600516",
    "message_environment": "PROD",
    "message_event_id": "d6fd1bbf-d00e-48b4-b853-0dda34c57afb",
    "message_os_version": "17.6.1",
    "message_platform": "ios",
    "message_status": 200,
    "message_timestamp": "2024-10-05T18:44:15.210989412Z"
  },
  {
    "timestamp_utc": "2024-09-19T10:54:11.547Z",
    "context_time": 1726743251547,
    "message_app": "music",
    "message_app_device_id": "41719527-bc45-3a73-b037-8db1bd661f22",
    "message_app_id": "com.spotify.client",
    "message_app_version": "897400535",
    "message_environment": "PROD",
    "message_event_id": "ea1f8530-7957-4929-8dbc-b95d9d2c38e9",
    "message_os_version": "17.5.1",
    "message_platform": "ios",
    "message_status": 200,
    "message_timestamp": "2024-09-19T10:54:11.547620106Z"
  },
  {
    "timestamp_utc": "2024-10-01T20:17:57.379Z",
    "context_time": 1727813877379,
    "message_app": "music",
    "message_app_device_id": "41719527-bc45-3a73-b037-8db1bd661f22",
    "message_app_id": "com.spotify.client",
    "message_app_version": "897600516",
    "message_environment": "PROD",
    "message_event_id": "14fc0ab3-48ca-44a6-8a82-dd9a160a34a6",
    "message_os_version": "17.5.1",
    "message_platform": "ios",
    "message_status": 200,
    "message_timestamp": "2024-10-01T20:17:57.379376585Z"
  },
  {
    "timestamp_utc": "2024-10-24T08:03:18.237Z",
    "context_time": 1729756998237,
    "message_app": "music",
    "message_app_device_id": "a231b9b2-0ecd-30fb-955c-4aeed127a356",
    "message_app_id": "com.spotify.client",
    "message_app_version": "898200628",
    "message_environment": "PROD",
    "message_event_id": "53bef66f-6c7e-482c-93ac-011e992bcf97",
    "message_os_version": "17.6.1",
    "message_platform": "ios",
    "message_status": 200,
    "message_timestamp": "2024-10-24T08:03:18.237163964Z"
  },
  {
    "timestamp_utc": "2024-11-29T19:38:15.228Z",
    "context_time": 1732909095228,
    "message_app": "music",
    "message_app_device_id": "a231b9b2-0ecd-30fb-955c-4aeed127a356",
    "message_app_id": "com.spotify.client",
    "message_app_version": "899400418",
    "message_environment": "PROD",
    "message_event_id": "7d957b76-a431-41d9-a9d2-99023c1c154d",
    "message_os_version": "17.6.1",
    "message_platform": "ios",
    "message_status": 200,
    "message_timestamp": "2024-11-29T19:38:15.228243453Z"
  },
  {
    "timestamp_utc": "2024-09-12T12:00:20.802Z",
    "context_time": 1726142420802,
    "message_app": "music",
    "message_app_device_id": "c5f108f8-fbdd-326a-a9b7-f1d4060fc438",
    "message_app_id": "com.spotify.music",
    "message_app_version": "897000556",
    "message_environment": "prod",
    "message_event_id": "2a271667-414d-415d-91e1-cdc0bc728384",
    "message_os_version": "14",
    "message_platform": "android",
    "message_status": 200,
    "message_timestamp": "2024-09-12T12:00:20.802340483Z"
  },
  {
    "timestamp_utc": "2024-11-10T23:42:11.827Z",
    "context_time": 1731282131827,
    "message_app": "music",
    "message_app_device_id": "a231b9b2-0ecd-30fb-955c-4aeed127a356",
    "message_app_id": "com.spotify.client",
    "message_app_version": "898600419",
    "message_environment": "PROD",
    "message_event_id": "c06fdb0c-4a38-4b89-be2e-bafee7f062d6",
    "message_os_version": "17.6.1",
    "message_platform": "ios",
    "message_status": 200,
    "message_timestamp": "2024-11-10T23:42:11.827226381Z"
  },
  {
    "timestamp_utc": "2024-10-29T22:39:16.288Z",
    "context_time": 1730241556288,
    "message_app": "music",
    "message_app_device_id": "41719527-bc45-3a73-b037-8db1bd661f22",
    "message_app_id": "com.spotify.client",
    "message_app_version": "898400543",
    "message_environment": "PROD",
    "message_event_id": "991ce762-50d9-4178-a7b0-cd22849b2124",
    "message_os_version": "18.0.0",
    "message_platform": "ios",
    "message_status": 200,
    "message_timestamp": "2024-10-29T22:39:16.288970689Z"
  },
  {
    "timestamp_utc": "2024-11-11T18:24:07.040Z",
    "context_time": 1731349447040,
    "message_app": "music",
    "message_app_device_id": "41719527-bc45-3a73-b037-8db1bd661f22",
    "message_app_id": "com.spotify.client",
    "message_app_version": "899000084",
    "message_environment": "PROD",
    "message_event_id": "8b95219d-6005-4d39-9f11-292cf7dbedb0",
    "message_os_version": "18.0.0",
    "message_platform": "ios",
    "message_status": 200,
    "message_timestamp": "2024-11-11T18:24:07.040892077Z"
  },
  {
    "timestamp_utc": "2024-09-10T14:57:57.409Z",
    "context_time": 1725980277409,
    "message_app": "music",
    "message_app_device_id": "41719527-bc45-3a73-b037-8db1bd661f22",
    "message_app_id": "com.spotify.client",
    "message_app_version": "897000592",
    "message_environment": "PROD",
    "message_event_id": "42f7060d-6344-4ad0-a087-7146824c5780",
    "message_os_version": "17.5.1",
    "message_platform": "ios",
    "message_status": 200,
    "message_timestamp": "2024-09-10T14:57:57.409099463Z"
  },
  {
    "timestamp_utc": "2024-10-12T18:27:30.757Z",
    "context_time": 1728757650757,
    "message_app": "music",
    "message_app_device_id": "41719527-bc45-3a73-b037-8db1bd661f22",
    "message_app_id": "com.spotify.client",
    "message_app_version": "897600516",
    "message_environment": "PROD",
    "message_event_id": "57e92c8a-7a72-4946-8d32-622cfdb2963e",
    "message_os_version": "18.0.0",
    "message_platform": "ios",
    "message_status": 200,
    "message_timestamp": "2024-10-12T18:27:30.757910968Z"
  },
  {
    "timestamp_utc": "2024-11-21T07:46:36.987Z",
    "context_time": 1732175196987,
    "message_app": "music",
    "message_app_device_id": "41719527-bc45-3a73-b037-8db1bd661f22",
    "message_app_id": "com.spotify.client",
    "message_app_version": "899000084",
    "message_environment": "PROD",
    "message_event_id": "46b03d0b-c486-430e-9a8b-97a51cf14c08",
    "message_os_version": "18.0.0",
    "message_platform": "ios",
    "message_status": 200,
    "message_timestamp": "2024-11-21T07:46:36.987554598Z"
  }
]