[
  {
    "timestamp_utc": "2024-11-20T15:19:54.006Z",
    "context_time": 1732115994006,
    "message_action": "RESUME",
    "message_content_type": "MUSIC",
    "message_feature_identifier": "ALEXA_MSK",
    "message_has_tts_intro": false,
    "message_interaction_id": "",
    "message_player_state_status": "PAUSED",
    "message_previous_content_type": null,
    "message_previous_context_uri": null,
    "message_previous_playback_device_id": null,
    "message_recommendation_context_uri": null,
    "message_request_id": "74ef4b41-0bc0-421c-8a96-ed768c6f2b64",
    "message_result": "SUCCESS",
    "message_target_device_id": null,
    "message_user_context": [
      "voice"
    ]
  },
  {
    "timestamp_utc": "2024-10-11T12:38:48.373Z",
    "context_time": 1728650328373,
    "message_action": "RESUME",
    "message_content_type": "MUSIC",
    "message_feature_identifier": "ALEXA_MSK",
    "message_has_tts_intro": false,
    "message_interaction_id": "",
    "message_player_state_status": "PAUSED",
    "message_previous_content_type": null,
    "message_previous_context_uri": null,
    "message_previous_playback_device_id": null,
    "message_recommendation_context_uri": null,
    "message_request_id": "2edf5db6-4185-4f66-a5f5-2e32ee07a78e",
    "message_result": "SUCCESS",
    "message_target_device_id": null,
    "message_user_context": [
      "voice"
    ]
  },
  {
    "timestamp_utc": "2024-10-30T09:26:13.154Z",
    "context_time": 1730280373154,
    "message_action": "RESUME",
    "message_content_type": "MUSIC",
    "message_feature_identifier": "ALEXA_MSK",
    "message_has_tts_intro": false,
    "message_interaction_id": "",
    "message_player_state_status": "PAUSED",
    "message_previous_content_type": null,
    "message_previous_context_uri": null,
    "message_previous_playback_device_id": null,
    "message_recommendation_context_uri": null,
    "message_request_id": "a30131a9-aa9d-4f5f-bef2-b8748db804be",
    "message_result": "SUCCESS",
    "message_target_device_id": null,
    "message_user_context": [
      "voice"
    ]
  },
  {
    "timestamp_utc": "2024-10-13T09:22:40.646Z",
    "context_time": 1728811360646,
    "message_action": "RESUME",
    "message_content_type": "MUSIC",
    "message_feature_identifier": "UNKNOWN",
    "message_has_tts_intro": false,
    "message_interaction_id": "",
    "message_player_state_status": "PAUSED",
    "message_previous_content_type": null,
    "message_previous_context_uri": null,
    "message_previous_playback_device_id": null,
    "message_recommendation_context_uri": null,
    "message_request_id": "a4be9ab0-5bb8-4c98-afcd-4c5f40267518",
    "message_result": "SUCCESS",
    "message_target_device_id": null,
    "message_user_context": [
      "voice"
    ]
  },
  {
    "timestamp_utc": "2024-11-06T08:47:17.844Z",
    "context_time": 1730882837844,
    "message_action": "RESUME",
    "message_content_type": "MUSIC",
    "message_feature_identifier": "ALEXA_MSK",
    "message_has_tts_intro": false,
    "message_interaction_id": "",
    "message_player_state_status": "PAUSED",
    "message_previous_content_type": null,
    "message_previous_context_uri": null,
    "message_previous_playback_device_id": null,
    "message_recommendation_context_uri": null,
    "message_request_id": "be8af075-9626-4f79-a0bc-a87c198edcbe",
    "message_result": "SUCCESS",
    "message_target_device_id": null,
    "message_user_context": [
      "voice"
    ]
  },
  {
    "timestamp_utc": "2024-11-24T11:11:17.937Z",
    "context_time": 1732446677937,
    "message_action": "RESUME",
    "message_content_type": "MUSIC",
    "message_feature_identifier": "UNKNOWN",
    "message_has_tts_intro": false,
    "message_interaction_id": "",
    "message_player_state_status": "PAUSED",
    "message_previous_content_type": null,
    "message_previous_context_uri": null,
    "message_previous_playback_device_id": null,
    "message_recommendation_context_uri": null,
    "message_request_id": "13401f04-7546-42f7-816f-2544a61bdbe7",
    "message_result": "SUCCESS",
    "message_target_device_id": null,
    "message_user_context": [
      "voice"
    ]
  },
  {
    "timestamp_utc": "2024-11-02T11:51:37.330Z",
    "context_time": 1730548297330,
    "message_action": "RESUME",
    "message_content_type": "MUSIC",
    "message_feature_identifier": "ALEXA_MSK",
    "message_has_tts_intro": false,
    "message_interaction_id": "",
    "message_player_state_status": "PAUSED",
    "message_previous_content_type": null,
    "message_previous_context_uri": null,
    "message_previous_playback_device_id": null,
    "message_recommendation_context_uri": null,
    "message_request_id": "b77c0313-73ac-4d08-af34-16240bc83ca8",
    "message_result": "SUCCESS",
    "message_target_device_id": null,
    "message_user_context": [
      "voice"
    ]
  },
  {
    "timestamp_utc": "2024-10-13T14:11:55.660Z",
    "context_time": 1728828715660,
    "message_action": "TRANSFER",
    "message_content_type": "MUSIC",
    "message_feature_identifier": "ALEXA_MSK",
    "message_has_tts_intro": false,
    "message_interaction_id": "",
    "message_player_state_status": "PLAYING",
    "message_previous_content_type": null,
    "message_previous_context_uri": null,
    "message_previous_playback_device_id": null,
    "message_recommendation_context_uri": null,
    "message_request_id": "ef67d17d-a561-459f-8485-36215513f041",
    "message_result": "SUCCESS",
    "message_target_device_id": null,
    "message_user_context": [
      "voice"
    ]
  },
  {
    "timestamp_utc": "2024-09-07T10:31:15.887Z",
    "context_time": 1725705075887,
    "message_action": "RESUME",
    "message_content_type": "MUSIC",
    "message_feature_identifier": "ALEXA_MSK",
    "message_has_tts_intro": false,
    "message_interaction_id": "",
    "message_player_state_status": "PAUSED",
    "message_previous_content_type": null,
    "message_previous_context_uri": null,
    "message_previous_playback_device_id": null,
    "message_recommendation_context_uri": null,
    "message_request_id": "8137f317-a887-4f31-8bef-d2e1b18aea3e",
    "message_result": "SUCCESS",
    "message_target_device_id": null,
    "message_user_context": [
      "voice"
    ]
  },
  {
    "timestamp_utc": "2024-11-29T15:38:15.392Z",
    "context_time": 1732894695392,
    "message_action": "TRANSFER",
    "message_content_type": "MUSIC",
    "message_feature_identifier": "ALEXA_MSK",
    "message_has_tts_intro": false,
    "message_interaction_id": "",
    "message_player_state_status": "PLAYING",
    "message_previous_content_type": null,
    "message_previous_context_uri": null,
    "message_previous_playback_device_id": null,
    "message_recommendation_context_uri": null,
    "message_request_id": "694549ad-e74e-492d-8704-edc44356f951",
    "message_result": "SUCCESS",
    "message_target_device_id": null,
    "message_user_context": [
      "voice"
    ]
  },
  {
    "timestamp_utc": "2024-09-09T19:21:36.904Z",
    "context_time": 1725909696904,
    "message_action": "RESUME",
    "message_content_type": "MUSIC",
    "message_feature_identifier": "ALEXA_MSK",
    "message_has_tts_intro": false,
    "message_interaction_id": "",
    "message_player_state_status": "PAUSED",
    "message_previous_content_type": null,
    "message_previous_context_uri": null,
    "message_previous_playback_device_id": null,
    "message_recommendation_context_uri": null,
    "message_request_id": "af1e786c-535a-462b-aadd-f9959aec18e3",
    "message_result": "SUCCESS",
    "message_target_device_id": null,
    "message_user_context": [
      "voice"
    ]
  },
  {
    "timestamp_utc": "2024-11-29T15:36:51.469Z",
    "context_time": 1732894611469,
    "message_action": "TRANSFER",
    "message_content_type": "MUSIC",
    "message_feature_identifier": "UNKNOWN",
    "message_has_tts_intro": false,
    "message_interaction_id": "",
    "message_player_state_status": "PLAYING",
    "message_previous_content_type": null,
    "message_previous_context_uri": null,
    "message_previous_playback_device_id": null,
    "message_recommendation_context_uri": null,
    "message_request_id": "8d011d60-5131-4293-aefb-985c9d43afdd",
    "message_result": "SUCCESS",
    "message_target_device_id": null,
    "message_user_context": [
      "voice"
    ]
  },
  {
    "timestamp_utc": "2024-11-29T15:38:01.172Z",
    "context_time": 1732894681172,
    "message_action": "TRANSFER",
    "message_content_type": "MUSIC",
    "message_feature_identifier": "UNKNOWN",
    "message_has_tts_intro": false,
    "message_interaction_id": "",
    "message_player_state_status": "PLAYING",
    "message_previous_content_type": null,
    "message_previous_context_uri": null,
    "message_previous_playback_device_id": null,
    "message_recommendation_context_uri": null,
    "message_request_id": "82a966d6-0dbc-4438-b974-bb7507a5d0c5",
    "message_result": "SUCCESS",
    "message_target_device_id": null,
    "message_user_context": [
      "voice"
    ]
  },
  {
    "timestamp_utc": "2024-10-11T12:38:49.922Z",
    "context_time": 1728650329922,
    "message_action": "RESUME",
    "message_content_type": "MUSIC",
    "message_feature_identifier": "UNKNOWN",
    "message_has_tts_intro": false,
    "message_interaction_id": "",
    "message_player_state_status": "PAUSED",
    "message_previous_content_type": null,
    "message_previous_context_uri": null,
    "message_previous_playback_device_id": null,
    "message_recommendation_context_uri": null,
    "message_request_id": "2edf5db6-4185-4f66-a5f5-2e32ee07a78e",
    "message_result": "SUCCESS",
    "message_target_device_id": null,
    "message_user_context": [
      "voice"
    ]
  },
  {
    "timestamp_utc": "2024-11-26T20:15:22.543Z",
    "context_time": 1732652122543,
    "message_action": "TRANSFER",
    "message_content_type": "MUSIC",
    "message_feature_identifier": "UNKNOWN",
    "message_has_tts_intro": false,
    "message_interaction_id": "",
    "message_player_state_status": "PLAYING",
    "message_previous_content_type": null,
    "message_previous_context_uri": null,
    "message_previous_playback_device_id": null,
    "message_recommendation_context_uri": null,
    "message_request_id": "0f23e52b-eb14-4bc0-b8c7-05b55447fd91",
    "message_result": "SUCCESS",
    "message_target_device_id": null,
    "message_user_context": [
      "voice"
    ]
  },
  {
    "timestamp_utc": "2024-11-19T17:55:34.762Z",
    "context_time": 1732038934762,
    "message_action": "RESUME",
    "message_content_type": "MUSIC",
    "message_feature_identifier": "ALEXA_MSK",
    "message_has_tts_intro": false,
    "message_interaction_id": "",
    "message_player_state_status": "PAUSED",
    "message_previous_content_type": null,
    "message_previous_context_uri": null,
    "message_previous_playback_device_id": null,
    "message_recommendation_context_uri": null,
    "message_request_id": "b414e8e2-2748-4f05-b17b-ff6e4489270a",
    "message_result": "SUCCESS",
    "message_target_device_id": null,
    "message_user_context": [
      "voice"
    ]
  },
  {
    "timestamp_utc": "2024-12-01T13:44:16.851Z",
    "context_time": 1733060656851,
    "message_action": "TRANSFER",
    "message_content_type": "MUSIC",
    "message_feature_identifier": "UNKNOWN",
    "message_has_tts_intro": false,
    "message_interaction_id": "",
    "message_player_state_status": "PLAYING",
    "message_previous_content_type": null,
    "message_previous_context_uri": null,
    "message_previous_playback_device_id": null,
    "message_recommendation_context_uri": null,
    "message_request_id": "dbbc94e6-ae9e-4cf6-b1c6-fc72be04d606",
    "message_result": "SUCCESS",
    "message_target_device_id": null,
    "message_user_context": [
      "voice"
    ]
  },
  {
    "timestamp_utc": "2024-11-01T08:01:08.922Z",
    "context_time": 1730448068922,
    "message_action": "RESUME",
    "message_content_type": "MUSIC",
    "message_feature_identifier": "ALEXA_MSK",
    "message_has_tts_intro": false,
    "message_interaction_id": "",
    "message_player_state_status": "PAUSED",
    "message_previous_content_type": null,
    "message_previous_context_uri": null,
    "message_previous_playback_device_id": null,
    "message_recommendation_context_uri": null,
    "message_request_id": "188b4965-0392-40ed-b081-35122b7a3300",
    "message_result": "SUCCESS",
    "message_target_device_id": null,
    "message_user_context": [
      "voice"
    ]
  },
  {
    "timestamp_utc": "2024-11-18T13:57:29.316Z",
    "context_time": 1731938249316,
    "message_action": "RESUME",
    "message_content_type": "MUSIC",
    "message_feature_identifier": "UNKNOWN",
    "message_has_tts_intro": false,
    "message_interaction_id": "",
    "message_player_state_status": "PAUSED",
    "message_previous_content_type": null,
    "message_previous_context_uri": null,
    "message_previous_playback_device_id": null,
    "message_recommendation_context_uri": null,
    "message_request_id": "2d8defe4-530f-4673-a662-529fecdef6b2",
    "message_result": "SUCCESS",
    "message_target_device_id": null,
    "message_user_context": [
      "voice"
    ]
  },
  {
    "timestamp_utc": "2024-11-15T17:18:18.636Z",
    "context_time": 1731691098636,
    "message_action": "RESUME",
    "message_content_type": "MUSIC",
    "message_feature_identifier": "ALEXA_MSK",
    "message_has_tts_intro": false,
    "message_interaction_id": "",
    "message_player_state_status": "PAUSED",
    "message_previous_content_type": null,
    "message_previous_context_uri": null,
    "message_previous_playback_device_id": null,
    "message_recommendation_context_uri": null,
    "message_request_id": "6d7a8b1a-3580-4c23-99f4-d578dd335712",
    "message_result": "SUCCESS",
    "message_target_device_id": null,
    "message_user_context": [
      "voice"
    ]
  },
  {
    "timestamp_utc": "2024-11-02T11:51:38.732Z",
    "context_time": 1730548298732,
    "message_action": "RESUME",
    "message_content_type": "MUSIC",
    "message_feature_identifier": "UNKNOWN",
    "message_has_tts_intro": false,
    "message_interaction_id": "",
    "message_player_state_status": "PAUSED",
    "message_previous_content_type": null,
    "message_previous_context_uri": null,
    "message_previous_playback_device_id": null,
    "message_recommendation_context_uri": null,
    "message_request_id": "b77c0313-73ac-4d08-af34-16240bc83ca8",
    "message_result": "SUCCESS",
    "message_target_device_id": null,
    "message_user_context": [
      "voice"
    ]
  },
  {
    "timestamp_utc": "2024-11-19T17:55:37.025Z",
    "context_time": 1732038937025,
    "message_action": "RESUME",
    "message_content_type": "MUSIC",
    "message_feature_identifier": "UNKNOWN",
    "message_has_tts_intro": false,
    "message_interaction_id": "",
    "message_player_state_status": "PAUSED",
    "message_previous_content_type": null,
    "message_previous_context_uri": null,
    "message_previous_playback_device_id": null,
    "message_recommendation_context_uri": null,
    "message_request_id": "b414e8e2-2748-4f05-b17b-ff6e4489270a",
    "message_result": "SUCCESS",
    "message_target_device_id": null,
    "message_user_context": [
      "voice"
    ]
  },
  {
    "timestamp_utc": "2024-11-14T16:57:55.957Z",
    "context_time": 1731603475957,
    "message_action": "RESUME",
    "message_content_type": "MUSIC",
    "message_feature_identifier": "ALEXA_MSK",
    "message_has_tts_intro": false,
    "message_interaction_id": "",
    "message_player_state_status": "PAUSED",
    "message_previous_content_type": null,
    "message_previous_context_uri": null,
    "message_previous_playback_device_id": null,
    "message_recommendation_context_uri": null,
    "message_request_id": "193ad01a-54b9-4a72-84bc-3c41ae713f96",
    "message_result": "SUCCESS",
    "message_target_device_id": null,
    "message_user_context": [
      "voice"
    ]
  },
  {
    "timestamp_utc": "2024-09-09T19:21:38.500Z",
    "context_time": 1725909698500,
    "message_action": "RESUME",
    "message_content_type": "MUSIC",
    "message_feature_identifier": "UNKNOWN",
    "message_has_tts_intro": false,
    "message_interaction_id": "",
    "message_player_state_status": "PAUSED",
    "message_previous_content_type": null,
    "message_previous_context_uri": null,
    "message_previous_playback_device_id": null,
    "message_recommendation_context_uri": null,
    "message_request_id": "af1e786c-535a-462b-aadd-f9959aec18e3",
    "message_result": "SUCCESS",
    "message_target_device_id": null,
    "message_user_context": [
      "voice"
    ]
  },
  {
    "timestamp_utc": "2024-09-07T10:31:17.292Z",
    "context_time": 1725705077292,
    "message_action": "RESUME",
    "message_content_type": "MUSIC",
    "message_feature_identifier": "UNKNOWN",
    "message_has_tts_intro": false,
    "message_interaction_id": "",
    "message_player_state_status": "PAUSED",
    "message_previous_content_type": null,
    "message_previous_context_uri": null,
    "message_previous_playback_device_id": null,
    "message_recommendation_context_uri": null,
    "message_request_id": "8137f317-a887-4f31-8bef-d2e1b18aea3e",
    "message_result": "SUCCESS",
    "message_target_device_id": null,
    "message_user_context": [
      "voice"
    ]
  },
  {
    "timestamp_utc": "2024-09-11T18:17:18.167Z",
    "context_time": 1726078638167,
    "message_action": "RESUME",
    "message_content_type": "MUSIC",
    "message_feature_identifier": "UNKNOWN",
    "message_has_tts_intro": false,
    "message_interaction_id": "",
    "message_player_state_status": "PAUSED",
    "message_previous_content_type": null,
    "message_previous_context_uri": null,
    "message_previous_playback_device_id": null,
    "message_recommendation_context_uri": null,
    "message_request_id": "15932796-0f1e-46ec-ac9b-8abd6557e50a",
    "message_result": "SUCCESS",
    "message_target_device_id": null,
    "message_user_context": [
      "voice"
    ]
  },
  {
    "timestamp_utc": "2024-09-07T12:22:17.399Z",
    "context_time": 1725711737399,
    "message_action": "PLAY",
    "message_content_type": "MUSIC",
    "message_feature_identifier": "ALEXA_MSK",
    "message_has_tts_intro": false,
    "message_interaction_id": "",
    "message_player_state_status": "EMPTY",
    "message_previous_content_type": null,
    "message_previous_context_uri": null,
    "message_previous_playback_device_id": null,
    "message_recommendation_context_uri": null,
    "message_request_id": "8a2d0133-ee71-43e6-a0f2-6fadd3f83175",
    "message_result": "SUCCESS",
    "message_target_device_id": null,
    "message_user_context": [
      "voice"
    ]
  },
  {
    "timestamp_utc": "2024-09-08T13:39:59.170Z",
    "context_time": 1725802799170,
    "message_action": "RESUME",
    "message_content_type": "MUSIC",
    "message_feature_identifier": "ALEXA_MSK",
    "message_has_tts_intro": false,
    "message_interaction_id": "",
    "message_player_state_status": "PAUSED",
    "message_previous_content_type": null,
    "message_previous_context_uri": null,
    "message_previous_playback_device_id": null,
    "message_recommendation_context_uri": null,
    "message_request_id": "8af34828-0507-4095-9d0d-2c91926fed68",
    "message_result": "SUCCESS",
    "message_target_device_id": null,
    "message_user_context": [
      "voice"
    ]
  },
  {
    "timestamp_utc": "2024-09-11T17:07:39.179Z",
    "context_time": 1726074459179,
    "message_action": "RESUME",
    "message_content_type": "MUSIC",
    "message_feature_identifier": "UNKNOWN",
    "message_has_tts_intro": false,
    "message_interaction_id": "",
    "message_player_state_status": "PAUSED",
    "message_previous_content_type": null,
    "message_previous_context_uri": null,
    "message_previous_playback_device_id": null,
    "message_recommendation_context_uri": null,
    "message_request_id": "428102f9-f849-4855-bee0-5c98c55c3608",
    "message_result": "SUCCESS",
    "message_target_device_id": null,
    "message_user_context": [
      "voice"
    ]
  },
  {
    "timestamp_utc": "2024-09-11T17:07:37.777Z",
    "context_time": 1726074457777,
    "message_action": "RESUME",
    "message_content_type": "MUSIC",
    "message_feature_identifier": "ALEXA_MSK",
    "message_has_tts_intro": false,
    "message_interaction_id": "",
    "message_player_state_status": "PAUSED",
    "message_previous_content_type": null,
    "message_previous_context_uri": null,
    "message_previous_playback_device_id": null,
    "message_recommendation_context_uri": null,
    "message_request_id": "428102f9-f849-4855-bee0-5c98c55c3608",
    "message_result": "SUCCESS",
    "message_target_device_id": null,
    "message_user_context": [
      "voice"
    ]
  },
  {
    "timestamp_utc": "2024-11-29T15:37:50.866Z",
    "context_time": 1732894670866,
    "message_action": "TRANSFER",
    "message_content_type": "MUSIC",
    "message_feature_identifier": "ALEXA_MSK",
    "message_has_tts_intro": false,
    "message_interaction_id": "",
    "message_player_state_status": "PLAYING",
    "message_previous_content_type": null,
    "message_previous_context_uri": null,
    "message_previous_playback_device_id": null,
    "message_recommendation_context_uri": null,
    "message_request_id": "2b0f5e87-da87-4298-b14c-00dfa39a579a",
    "message_result": "SUCCESS",
    "message_target_device_id": null,
    "message_user_context": [
      "voice"
    ]
  },
  {
    "timestamp_utc": "2024-11-28T17:28:39.029Z",
    "context_time": 1732814919029,
    "message_action": "RESUME",
    "message_content_type": "MUSIC",
    "message_feature_identifier": "UNKNOWN",
    "message_has_tts_intro": false,
    "message_interaction_id": "",
    "message_player_state_status": "PAUSED",
    "message_previous_content_type": null,
    "message_previous_context_uri": null,
    "message_previous_playback_device_id": null,
    "message_recommendation_context_uri": null,
    "message_request_id": "fa3fcc8c-96e0-4289-b839-34b82943354d",
    "message_result": "SUCCESS",
    "message_target_device_id": null,
    "message_user_context": [
      "voice"
    ]
  },
  {
    "timestamp_utc": "2024-10-13T14:11:57.112Z",
    "context_time": 1728828717112,
    "message_action": "TRANSFER",
    "message_content_type": "MUSIC",
    "message_feature_identifier": "UNKNOWN",
    "message_has_tts_intro": false,
    "message_interaction_id": "",
    "message_player_state_status": "PLAYING",
    "message_previous_content_type": null,
    "message_previous_context_uri": null,
    "message_previous_playback_device_id": null,
    "message_recommendation_context_uri": null,
    "message_request_id": "ef67d17d-a561-459f-8485-36215513f041",
    "message_result": "SUCCESS",
    "message_target_device_id": null,
    "message_user_context": [
      "voice"
    ]
  },
  {
    "timestamp_utc": "2024-11-06T08:47:19.789Z",
    "context_time": 1730882839789,
    "message_action": "RESUME",
    "message_content_type": "MUSIC",
    "message_feature_identifier": "UNKNOWN",
    "message_has_tts_intro": false,
    "message_interaction_id": "",
    "message_player_state_status": "PAUSED",
    "message_previous_content_type": null,
    "message_previous_context_uri": null,
    "message_previous_playback_device_id": null,
    "message_recommendation_context_uri": null,
    "message_request_id": "be8af075-9626-4f79-a0bc-a87c198edcbe",
    "message_result": "SUCCESS",
    "message_target_device_id": null,
    "message_user_context": [
      "voice"
    ]
  },
  {
    "timestamp_utc": "2024-11-15T22:38:15.672Z",
    "context_time": 1731710295672,
    "message_action": "TRANSFER",
    "message_content_type": "MUSIC",
    "message_feature_identifier": "ALEXA_MSK",
    "message_has_tts_intro": false,
    "message_interaction_id": "",
    "message_player_state_status": "PLAYING",
    "message_previous_content_type": null,
    "message_previous_context_uri": null,
    "message_previous_playback_device_id": null,
    "message_recommendation_context_uri": null,
    "message_request_id": "e5ffa9d3-b18a-4fd6-b498-92d5297116d7",
    "message_result": "SUCCESS",
    "message_target_device_id": null,
    "message_user_context": [
      "voice"
    ]
  },
  {
    "timestamp_utc": "2024-11-29T15:37:53.602Z",
    "context_time": 1732894673602,
    "message_action": "TRANSFER",
    "message_content_type": "MUSIC",
    "message_feature_identifier": "UNKNOWN",
    "message_has_tts_intro": false,
    "message_interaction_id": "",
    "message_player_state_status": "PLAYING",
    "message_previous_content_type": null,
    "message_previous_context_uri": null,
    "message_previous_playback_device_id": null,
    "message_recommendation_context_uri": null,
    "message_request_id": "2b0f5e87-da87-4298-b14c-00dfa39a579a",
    "message_result": "SUCCESS",
    "message_target_device_id": null,
    "message_user_context": [
      "voice"
    ]
  },
  {
    "timestamp_utc": "2024-11-14T16:19:50.412Z",
    "context_time": 1731601190412,
    "message_action": "RESUME",
    "message_content_type": "MUSIC",
    "message_feature_identifier": "UNKNOWN",
    "message_has_tts_intro": false,
    "message_interaction_id": "",
    "message_player_state_status": "PAUSED",
    "message_previous_content_type": null,
    "message_previous_context_uri": null,
    "message_previous_playback_device_id": null,
    "message_recommendation_context_uri": null,
    "message_request_id": "f475a6ee-5e25-4805-b732-c50c59260509",
    "message_result": "SUCCESS",
    "message_target_device_id": null,
    "message_user_context": [
      "voice"
    ]
  },
  {
    "timestamp_utc": "2024-11-17T18:14:47.174Z",
    "context_time": 1731867287174,
    "message_action": "TRANSFER",
    "message_content_type": "MUSIC",
    "message_feature_identifier": "UNKNOWN",
    "message_has_tts_intro": false,
    "message_interaction_id": "",
    "message_player_state_status": "PLAYING",
    "message_previous_content_type": null,
    "message_previous_context_uri": null,
    "message_previous_playback_device_id": null,
    "message_recommendation_context_uri": null,
    "message_request_id": "f240dfd9-e2e0-469e-9bba-9e6fbad89b25",
    "message_result": "SUCCESS",
    "message_target_device_id": null,
    "message_user_context": [
      "voice"
    ]
  },
  {
    "timestamp_utc": "2024-11-24T16:33:50.204Z",
    "context_time": 1732466030204,
    "message_action": "RESUME",
    "message_content_type": "MUSIC",
    "message_feature_identifier": "UNKNOWN",
    "message_has_tts_intro": false,
    "message_interaction_id": "",
    "message_player_state_status": "PAUSED",
    "message_previous_content_type": null,
    "message_previous_context_uri": null,
    "message_previous_playback_device_id": null,
    "message_recommendation_context_uri": null,
    "message_request_id": "6a30c937-3f2f-41c2-ab2d-b25f4f752e42",
    "message_result": "SUCCESS",
    "message_target_device_id": null,
    "message_user_context": [
      "voice"
    ]
  },
  {
    "timestamp_utc": "2024-11-14T16:19:47.736Z",
    "context_time": 1731601187736,
    "message_action": "RESUME",
    "message_content_type": "MUSIC",
    "message_feature_identifier": "ALEXA_MSK",
    "message_has_tts_intro": false,
    "message_interaction_id": "",
    "message_player_state_status": "PAUSED",
    "message_previous_content_type": null,
    "message_previous_context_uri": null,
    "message_previous_playback_device_id": null,
    "message_recommendation_context_uri": null,
    "message_request_id": "f475a6ee-5e25-4805-b732-c50c59260509",
    "message_result": "SUCCESS",
    "message_target_device_id": null,
    "message_user_context": [
      "voice"
    ]
  },
  {
    "timestamp_utc": "2024-11-17T18:14:45.777Z",
    "context_time": 1731867285777,
    "message_action": "TRANSFER",
    "message_content_type": "MUSIC",
    "message_feature_identifier": "ALEXA_MSK",
    "message_has_tts_intro": false,
    "message_interaction_id": "",
    "message_player_state_status": "PLAYING",
    "message_previous_content_type": null,
    "message_previous_context_uri": null,
    "message_previous_playback_device_id": null,
    "message_recommendation_context_uri": null,
    "message_request_id": "f240dfd9-e2e0-469e-9bba-9e6fbad89b25",
    "message_result": "SUCCESS",
    "message_target_device_id": null,
    "message_user_context": [
      "voice"
    ]
  },
  {
    "timestamp_utc": "2024-11-25T18:50:52.541Z",
    "context_time": 1732560652541,
    "message_action": "RESUME",
    "message_content_type": "MUSIC",
    "message_feature_identifier": "UNKNOWN",
    "message_has_tts_intro": false,
    "message_interaction_id": "",
    "message_player_state_status": "PAUSED",
    "message_previous_content_type": null,
    "message_previous_context_uri": null,
    "message_previous_playback_device_id": null,
    "message_recommendation_context_uri": null,
    "message_request_id": "82c80f9f-83f4-44f8-8b97-a7bef4ef0a8c",
    "message_result": "SUCCESS",
    "message_target_device_id": null,
    "message_user_context": [
      "voice"
    ]
  },
  {
    "timestamp_utc": "2024-11-15T17:18:20.037Z",
    "context_time": 1731691100037,
    "message_action": "RESUME",
    "message_content_type": "MUSIC",
    "message_feature_identifier": "UNKNOWN",
    "message_has_tts_intro": false,
    "message_interaction_id": "",
    "message_player_state_status": "PAUSED",
    "message_previous_content_type": null,
    "message_previous_context_uri": null,
    "message_previous_playback_device_id": null,
    "message_recommendation_context_uri": null,
    "message_request_id": "6d7a8b1a-3580-4c23-99f4-d578dd335712",
    "message_result": "SUCCESS",
    "message_target_device_id": null,
    "message_user_context": [
      "voice"
    ]
  },
  {
    "timestamp_utc": "2024-11-20T18:27:35.519Z",
    "context_time": 1732127255519,
    "message_action": "RESUME",
    "message_content_type": "MUSIC",
    "message_feature_identifier": "UNKNOWN",
    "message_has_tts_intro": false,
    "message_interaction_id": "",
    "message_player_state_status": "PAUSED",
    "message_previous_content_type": null,
    "message_previous_context_uri": null,
    "message_previous_playback_device_id": null,
    "message_recommendation_context_uri": null,
    "message_request_id": "07c6d7de-0b95-4559-9c94-2f58171faf21",
    "message_result": "SUCCESS",
    "message_target_device_id": null,
    "message_user_context": [
      "voice"
    ]
  },
  {
    "timestamp_utc": "2024-11-14T16:57:57.337Z",
    "context_time": 1731603477337,
    "message_action": "RESUME",
    "message_content_type": "MUSIC",
    "message_feature_identifier": "UNKNOWN",
    "message_has_tts_intro": false,
    "message_interaction_id": "",
    "message_player_state_status": "PAUSED",
    "message_previous_content_type": null,
    "message_previous_context_uri": null,
    "message_previous_playback_device_id": null,
    "message_recommendation_context_uri": null,
    "message_request_id": "193ad01a-54b9-4a72-84bc-3c41ae713f96",
    "message_result": "SUCCESS",
    "message_target_device_id": null,
    "message_user_context": [
      "voice"
    ]
  },
  {
    "timestamp_utc": "2024-12-01T13:43:57.781Z",
    "context_time": 1733060637781,
    "message_action": "PLAY",
    "message_content_type": "MUSIC",
    "message_feature_identifier": "ALEXA_MSK",
    "message_has_tts_intro": false,
    "message_interaction_id": "",
    "message_player_state_status": "PAUSED",
    "message_previous_content_type": null,
    "message_previous_context_uri": null,
    "message_previous_playback_device_id": null,
    "message_recommendation_context_uri": null,
    "message_request_id": "28553917-cb09-407f-a926-8f4d6ae339d3",
    "message_result": "SUCCESS",
    "message_target_device_id": null,
    "message_user_context": [
      "voice"
    ]
  },
  {
    "timestamp_utc": "2024-11-20T18:27:34.140Z",
    "context_time": 1732127254140,
    "message_action": "RESUME",
    "message_content_type": "MUSIC",
    "message_feature_identifier": "ALEXA_MSK",
    "message_has_tts_intro": false,
    "message_interaction_id": "",
    "message_player_state_status": "PAUSED",
    "message_previous_content_type": null,
    "message_previous_context_uri": null,
    "message_previous_playback_device_id": null,
    "message_recommendation_context_uri": null,
    "message_request_id": "07c6d7de-0b95-4559-9c94-2f58171faf21",
    "message_result": "SUCCESS",
    "message_target_device_id": null,
    "message_user_context": [
      "voice"
    ]
  },
  {
    "timestamp_utc": "2024-11-01T08:01:10.280Z",
    "context_time": 1730448070280,
    "message_action": "RESUME",
    "message_content_type": "MUSIC",
    "message_feature_identifier": "UNKNOWN",
    "message_has_tts_intro": false,
    "message_interaction_id": "",
    "message_player_state_status": "PAUSED",
    "message_previous_content_type": null,
    "message_previous_context_uri": null,
    "message_previous_playback_device_id": null,
    "message_recommendation_context_uri": null,
    "message_request_id": "188b4965-0392-40ed-b081-35122b7a3300",
    "message_result": "SUCCESS",
    "message_target_device_id": null,
    "message_user_context": [
      "voice"
    ]
  },
  {
    "timestamp_utc": "2024-10-12T18:27:24.292Z",
    "context_time": 1728757644292,
    "message_action": "RESUME",
    "message_content_type": "PODCAST",
    "message_feature_identifier": "ALEXA_MSK",
    "message_has_tts_intro": false,
    "message_interaction_id": "",
    "message_player_state_status": "PAUSED",
    "message_previous_content_type": null,
    "message_previous_context_uri": null,
    "message_previous_playback_device_id": null,
    "message_recommendation_context_uri": null,
    "message_request_id": "cd3f2106-13a0-41bb-8633-d8b955384cac",
    "message_result": "SUCCESS",
    "message_target_device_id": null,
    "message_user_context": [
      "voice"
    ]
  },
  {
    "timestamp_utc": "2024-11-24T16:33:48.749Z",
    "context_time": 1732466028749,
    "message_action": "RESUME",
    "message_content_type": "MUSIC",
    "message_feature_identifier": "ALEXA_MSK",
    "message_has_tts_intro": false,
    "message_interaction_id": "",
    "message_player_state_status": "PAUSED",
    "message_previous_content_type": null,
    "message_previous_context_uri": null,
    "message_previous_playback_device_id": null,
    "message_recommendation_context_uri": null,
    "message_request_id": "6a30c937-3f2f-41c2-ab2d-b25f4f752e42",
    "message_result": "SUCCESS",
    "message_target_device_id": null,
    "message_user_context": [
      "voice"
    ]
  },
  {
    "timestamp_utc": "2024-09-08T13:40:00.648Z",
    "context_time": 1725802800648,
    "message_action": "RESUME",
    "message_content_type": "MUSIC",
    "message_feature_identifier": "UNKNOWN",
    "message_has_tts_intro": false,
    "message_interaction_id": "",
    "message_player_state_status": "PAUSED",
    "message_previous_content_type": null,
    "message_previous_context_uri": null,
    "message_previous_playback_device_id": null,
    "message_recommendation_context_uri": null,
    "message_request_id": "8af34828-0507-4095-9d0d-2c91926fed68",
    "message_result": "SUCCESS",
    "message_target_device_id": null,
    "message_user_context": [
      "voice"
    ]
  },
  {
    "timestamp_utc": "2024-10-30T09:26:14.647Z",
    "context_time": 1730280374647,
    "message_action": "RESUME",
    "message_content_type": "MUSIC",
    "message_feature_identifier": "UNKNOWN",
    "message_has_tts_intro": false,
    "message_interaction_id": "",
    "message_player_state_status": "PAUSED",
    "message_previous_content_type": null,
    "message_previous_context_uri": null,
    "message_previous_playback_device_id": null,
    "message_recommendation_context_uri": null,
    "message_request_id": "a30131a9-aa9d-4f5f-bef2-b8748db804be",
    "message_result": "SUCCESS",
    "message_target_device_id": null,
    "message_user_context": [
      "voice"
    ]
  },
  {
    "timestamp_utc": "2024-11-24T11:11:16.576Z",
    "context_time": 1732446676576,
    "message_action": "RESUME",
    "message_content_type": "MUSIC",
    "message_feature_identifier": "ALEXA_MSK",
    "message_has_tts_intro": false,
    "message_interaction_id": "",
    "message_player_state_status": "PAUSED",
    "message_previous_content_type": null,
    "message_previous_context_uri": null,
    "message_previous_playback_device_id": null,
    "message_recommendation_context_uri": null,
    "message_request_id": "13401f04-7546-42f7-816f-2544a61bdbe7",
    "message_result": "SUCCESS",
    "message_target_device_id": null,
    "message_user_context": [
      "voice"
    ]
  },
  {
    "timestamp_utc": "2024-11-27T14:33:23.080Z",
    "context_time": 1732718003080,
    "message_action": "RESUME",
    "message_content_type": "MUSIC",
    "message_feature_identifier": "ALEXA_MSK",
    "message_has_tts_intro": false,
    "message_interaction_id": "",
    "message_player_state_status": "PAUSED",
    "message_previous_content_type": null,
    "message_previous_context_uri": null,
    "message_previous_playback_device_id": null,
    "message_recommendation_context_uri": null,
    "message_request_id": "d0f374aa-3ab4-4021-90f8-27f11ed87163",
    "message_result": "SUCCESS",
    "message_target_device_id": null,
    "message_user_context": [
      "voice"
    ]
  },
  {
    "timestamp_utc": "2024-11-25T18:50:51.145Z",
    "context_time": 1732560651145,
    "message_action": "RESUME",
    "message_content_type": "MUSIC",
    "message_feature_identifier": "ALEXA_MSK",
    "message_has_tts_intro": false,
    "message_interaction_id": "",
    "message_player_state_status": "PAUSED",
    "message_previous_content_type": null,
    "message_previous_context_uri": null,
    "message_previous_playback_device_id": null,
    "message_recommendation_context_uri": null,
    "message_request_id": "82c80f9f-83f4-44f8-8b97-a7bef4ef0a8c",
    "message_result": "SUCCESS",
    "message_target_device_id": null,
    "message_user_context": [
      "voice"
    ]
  },
  {
    "timestamp_utc": "2024-10-13T09:22:39.242Z",
    "context_time": 1728811359242,
    "message_action": "RESUME",
    "message_content_type": "MUSIC",
    "message_feature_identifier": "ALEXA_MSK",
    "message_has_tts_intro": false,
    "message_interaction_id": "",
    "message_player_state_status": "PAUSED",
    "message_previous_content_type": null,
    "message_previous_context_uri": null,
    "message_previous_playback_device_id": null,
    "message_recommendation_context_uri": null,
    "message_request_id": "a4be9ab0-5bb8-4c98-afcd-4c5f40267518",
    "message_result": "SUCCESS",
    "message_target_device_id": null,
    "message_user_context": [
      "voice"
    ]
  },
  {
    "timestamp_utc": "2024-11-29T15:36:48.691Z",
    "context_time": 1732894608691,
    "message_action": "TRANSFER",
    "message_content_type": "MUSIC",
    "message_feature_identifier": "ALEXA_MSK",
    "message_has_tts_intro": false,
    "message_interaction_id": "",
    "message_player_state_status": "PLAYING",
    "message_previous_content_type": null,
    "message_previous_context_uri": null,
    "message_previous_playback_device_id": null,
    "message_recommendation_context_uri": null,
    "message_request_id": "8d011d60-5131-4293-aefb-985c9d43afdd",
    "message_result": "SUCCESS",
    "message_target_device_id": null,
    "message_user_context": [
      "voice"
    ]
  },
  {
    "timestamp_utc": "2024-11-13T21:23:41.756Z",
    "context_time": 1731533021756,
    "message_action": "RESUME",
    "message_content_type": "MUSIC",
    "message_feature_identifier": "ALEXA_MSK",
    "message_has_tts_intro": false,
    "message_interaction_id": "",
    "message_player_state_status": "PAUSED",
    "message_previous_content_type": null,
    "message_previous_context_uri": null,
    "message_previous_playback_device_id": null,
    "message_recommendation_context_uri": null,
    "message_request_id": "4f00103d-b64b-42c2-b9bf-0c7e0fb23f7b",
    "message_result": "SUCCESS",
    "message_target_device_id": null,
    "message_user_context": [
      "voice"
    ]
  },
  {
    "timestamp_utc": "2024-11-18T13:57:27.961Z",
    "context_time": 1731938247961,
    "message_action": "RESUME",
    "message_content_type": "MUSIC",
    "message_feature_identifier": "ALEXA_MSK",
    "message_has_tts_intro": false,
    "message_interaction_id": "",
    "message_player_state_status": "PAUSED",
    "message_previous_content_type": null,
    "message_previous_context_uri": null,
    "message_previous_playback_device_id": null,
    "message_recommendation_context_uri": null,
    "message_request_id": "2d8defe4-530f-4673-a662-529fecdef6b2",
    "message_result": "SUCCESS",
    "message_target_device_id": null,
    "message_user_context": [
      "voice"
    ]
  },
  {
    "timestamp_utc": "2024-11-29T15:38:18.150Z",
    "context_time": 1732894698150,
    "message_action": "TRANSFER",
    "message_content_type": "MUSIC",
    "message_feature_identifier": "UNKNOWN",
    "message_has_tts_intro": false,
    "message_interaction_id": "",
    "message_player_state_status": "PLAYING",
    "message_previous_content_type": null,
    "message_previous_context_uri": null,
    "message_previous_playback_device_id": null,
    "message_recommendation_context_uri": null,
    "message_request_id": "694549ad-e74e-492d-8704-edc44356f951",
    "message_result": "SUCCESS",
    "message_target_device_id": null,
    "message_user_context": [
      "voice"
    ]
  },
  {
    "timestamp_utc": "2024-11-20T15:19:56.298Z",
    "context_time": 1732115996298,
    "message_action": "RESUME",
    "message_content_type": "MUSIC",
    "message_feature_identifier": "UNKNOWN",
    "message_has_tts_intro": false,
    "message_interaction_id": "",
    "message_player_state_status": "PAUSED",
    "message_previous_content_type": null,
    "message_previous_context_uri": null,
    "message_previous_playback_device_id": null,
    "message_recommendation_context_uri": null,
    "message_request_id": "74ef4b41-0bc0-421c-8a96-ed768c6f2b64",
    "message_result": "SUCCESS",
    "message_target_device_id": null,
    "message_user_context": [
      "voice"
    ]
  },
  {
    "timestamp_utc": "2024-11-13T21:23:43.772Z",
    "context_time": 1731533023772,
    "message_action": "RESUME",
    "message_content_type": "MUSIC",
    "message_feature_identifier": "UNKNOWN",
    "message_has_tts_intro": false,
    "message_interaction_id": "",
    "message_player_state_status": "PAUSED",
    "message_previous_content_type": null,
    "message_previous_context_uri": null,
    "message_previous_playback_device_id": null,
    "message_recommendation_context_uri": null,
    "message_request_id": "4f00103d-b64b-42c2-b9bf-0c7e0fb23f7b",
    "message_result": "SUCCESS",
    "message_target_device_id": null,
    "message_user_context": [
      "voice"
    ]
  },
  {
    "timestamp_utc": "2024-12-01T13:44:34.146Z",
    "context_time": 1733060674146,
    "message_action": "TRANSFER",
    "message_content_type": "MUSIC",
    "message_feature_identifier": "UNKNOWN",
    "message_has_tts_intro": false,
    "message_interaction_id": "",
    "message_player_state_status": "PLAYING",
    "message_previous_content_type": null,
    "message_previous_context_uri": null,
    "message_previous_playback_device_id": null,
    "message_recommendation_context_uri": null,
    "message_request_id": "3039c380-626a-43e0-abab-83e2822190ce",
    "message_result": "SUCCESS",
    "message_target_device_id": null,
    "message_user_context": [
      "voice"
    ]
  },
  {
    "timestamp_utc": "2024-10-12T18:27:27.510Z",
    "context_time": 1728757647510,
    "message_action": "RESUME",
    "message_content_type": "PODCAST",
    "message_feature_identifier": "UNKNOWN",
    "message_has_tts_intro": false,
    "message_interaction_id": "",
    "message_player_state_status": "PAUSED",
    "message_previous_content_type": null,
    "message_previous_context_uri": null,
    "message_previous_playback_device_id": null,
    "message_recommendation_context_uri": null,
    "message_request_id": "cd3f2106-13a0-41bb-8633-d8b955384cac",
    "message_result": "SUCCESS",
    "message_target_device_id": null,
    "message_user_context": [
      "voice"
    ]
  },
  {
    "timestamp_utc": "2024-12-01T13:44:32.735Z",
    "context_time": 1733060672735,
    "message_action": "TRANSFER",
    "message_content_type": "MUSIC",
    "message_feature_identifier": "ALEXA_MSK",
    "message_has_tts_intro": false,
    "message_interaction_id": "",
    "message_player_state_status": "PLAYING",
    "message_previous_content_type": null,
    "message_previous_context_uri": null,
    "message_previous_playback_device_id": null,
    "message_recommendation_context_uri": null,
    "message_request_id": "3039c380-626a-43e0-abab-83e2822190ce",
    "message_result": "SUCCESS",
    "message_target_device_id": null,
    "message_user_context": [
      "voice"
    ]
  },
  {
    "timestamp_utc": "2024-11-15T22:38:17.010Z",
    "context_time": 1731710297010,
    "message_action": "TRANSFER",
    "message_content_type": "MUSIC",
    "message_feature_identifier": "UNKNOWN",
    "message_has_tts_intro": false,
    "message_interaction_id": "",
    "message_player_state_status": "PLAYING",
    "message_previous_content_type": null,
    "message_previous_context_uri": null,
    "message_previous_playback_device_id": null,
    "message_recommendation_context_uri": null,
    "message_request_id": "e5ffa9d3-b18a-4fd6-b498-92d5297116d7",
    "message_result": "SUCCESS",
    "message_target_device_id": null,
    "message_user_context": [
      "voice"
    ]
  },
  {
    "timestamp_utc": "2024-12-01T13:44:15.432Z",
    "context_time": 1733060655432,
    "message_action": "TRANSFER",
    "message_content_type": "MUSIC",
    "message_feature_identifier": "ALEXA_MSK",
    "message_has_tts_intro": false,
    "message_interaction_id": "",
    "message_player_state_status": "PLAYING",
    "message_previous_content_type": null,
    "message_previous_context_uri": null,
    "message_previous_playback_device_id": null,
    "message_recommendation_context_uri": null,
    "message_request_id": "dbbc94e6-ae9e-4cf6-b1c6-fc72be04d606",
    "message_result": "SUCCESS",
    "message_target_device_id": null,
    "message_user_context": [
      "voice"
    ]
  },
  {
    "timestamp_utc": "2024-11-29T15:37:58.405Z",
    "context_time": 1732894678405,
    "message_action": "TRANSFER",
    "message_content_type": "MUSIC",
    "message_feature_identifier": "ALEXA_MSK",
    "message_has_tts_intro": false,
    "message_interaction_id": "",
    "message_player_state_status": "PLAYING",
    "message_previous_content_type": null,
    "message_previous_context_uri": null,
    "message_previous_playback_device_id": null,
    "message_recommendation_context_uri": null,
    "message_request_id": "82a966d6-0dbc-4438-b974-bb7507a5d0c5",
    "message_result": "SUCCESS",
    "message_target_device_id": null,
    "message_user_context": [
      "voice"
    ]
  },
  {
    "timestamp_utc": "2024-11-27T14:33:24.429Z",
    "context_time": 1732718004429,
    "message_action": "RESUME",
    "message_content_type": "MUSIC",
    "message_feature_identifier": "UNKNOWN",
    "message_has_tts_intro": false,
    "message_interaction_id": "",
    "message_player_state_status": "PAUSED",
    "message_previous_content_type": null,
    "message_previous_context_uri": null,
    "message_previous_playback_device_id": null,
    "message_recommendation_context_uri": null,
    "message_request_id": "d0f374aa-3ab4-4021-90f8-27f11ed87163",
    "message_result": "SUCCESS",
    "message_target_device_id": null,
    "message_user_context": [
      "voice"
    ]
  },
  {
    "timestamp_utc": "2024-11-26T20:15:20.097Z",
    "context_time": 1732652120097,
    "message_action": "TRANSFER",
    "message_content_type": "MUSIC",
    "message_feature_identifier": "ALEXA_MSK",
    "message_has_tts_intro": false,
    "message_interaction_id": "",
    "message_player_state_status": "PLAYING",
    "message_previous_content_type": null,
    "message_previous_context_uri": null,
    "message_previous_playback_device_id": null,
    "message_recommendation_context_uri": null,
    "message_request_id": "0f23e52b-eb14-4bc0-b8c7-05b55447fd91",
    "message_result": "SUCCESS",
    "message_target_device_id": null,
    "message_user_context": [
      "voice"
    ]
  },
  {
    "timestamp_utc": "2024-09-11T18:17:16.737Z",
    "context_time": 1726078636737,
    "message_action": "RESUME",
    "message_content_type": "MUSIC",
    "message_feature_identifier": "ALEXA_MSK",
    "message_has_tts_intro": false,
    "message_interaction_id": "",
    "message_player_state_status": "PAUSED",
    "message_previous_content_type": null,
    "message_previous_context_uri": null,
    "message_previous_playback_device_id": null,
    "message_recommendation_context_uri": null,
    "message_request_id": "15932796-0f1e-46ec-ac9b-8abd6557e50a",
    "message_result": "SUCCESS",
    "message_target_device_id": null,
    "message_user_context": [
      "voice"
    ]
  },
  {
    "timestamp_utc": "2024-11-28T17:28:37.643Z",
    "context_time": 1732814917643,
    "message_action": "RESUME",
    "message_content_type": "MUSIC",
    "message_feature_identifier": "ALEXA_MSK",
    "message_has_tts_intro": false,
    "message_interaction_id": "",
    "message_player_state_status": "PAUSED",
    "message_previous_content_type": null,
    "message_previous_context_uri": null,
    "message_previous_playback_device_id": null,
    "message_recommendation_context_uri": null,
    "message_request_id": "fa3fcc8c-96e0-4289-b839-34b82943354d",
    "message_result": "SUCCESS",
    "message_target_device_id": null,
    "message_user_context": [
      "voice"
    ]
  }
]