[
  {
    "timestamp_utc": "2024-09-07T16:33:29.528Z",
    "context_application_version": "8.9.68.490",
    "context_conn_country": "MA",
    "context_device_manufacturer": "apple",
    "context_device_model": "iPhone14,5",
    "context_device_type": "mobile",
    "context_os_name": "ios",
    "context_os_version": "17.5.1",
    "context_receiver_service_timestamp": 1725726834287,
    "context_time": 1725726809528,
    "message_error_description": "RecentsShelfDataSourceError.synchronizeTimeout",
    "message_page_uri": null
  },
  {
    "timestamp_utc": "2024-10-24T12:26:56.579Z",
    "context_application_version": "8.9.82.628",
    "context_conn_country": "FR",
    "context_device_manufacturer": "apple",
    "context_device_model": "iPhone14,5",
    "context_device_type": "mobile",
    "context_os_name": "ios",
    "context_os_version": "17.6.1",
    "context_receiver_service_timestamp": 1729778534262,
    "context_time": 1729772816579,
    "message_error_description": "PlaylistsShelfDecorationError.partialResponse",
    "message_page_uri": null
  },
  {
    "timestamp_utc": "2024-08-21T19:25:22.981Z",
    "context_application_version": "8.9.64.456",
    "context_conn_country": "MA",
    "context_device_manufacturer": "apple",
    "context_device_model": "iPhone14,5",
    "context_device_type": "mobile",
    "context_os_name": "ios",
    "context_os_version": "17.5.1",
    "context_receiver_service_timestamp": 1724268347469,
    "context_time": 1724268322981,
    "message_error_description": "RecentsShelfDataSourceError.synchronizeTimeout",
    "message_page_uri": null
  },
  {
    "timestamp_utc": "2024-09-06T23:42:30.226Z",
    "context_application_version": "8.9.68.490",
    "context_conn_country": "MA",
    "context_device_manufacturer": "apple",
    "context_device_model": "iPhone14,5",
    "context_device_type": "mobile",
    "context_os_name": "ios",
    "context_os_version": "17.5.1",
    "context_receiver_service_timestamp": 1725666169384,
    "context_time": 1725666150226,
    "message_error_description": "RecentsShelfDataSourceError.synchronizeTimeout",
    "message_page_uri": null
  },
  {
    "timestamp_utc": "2024-11-26T21:58:27.317Z",
    "context_application_version": "8.9.94.418",
    "context_conn_country": "FR",
    "context_device_manufacturer": "apple",
    "context_device_model": "iPhone14,5",
    "context_device_type": "mobile",
    "context_os_name": "ios",
    "context_os_version": "17.6.1",
    "context_receiver_service_timestamp": 1732699268438,
    "context_time": 1732658307317,
    "message_error_description": "PlaylistsDecorationError.partialResponse",
    "message_page_uri": null
  },
  {
    "timestamp_utc": "2024-09-16T11:10:59.623Z",
    "context_application_version": "8.9.74.535",
    "context_conn_country": "FR",
    "context_device_manufacturer": "apple",
    "context_device_model": "iPhone14,5",
    "context_device_type": "mobile",
    "context_os_name": "ios",
    "context_os_version": "17.6.1",
    "context_receiver_service_timestamp": 1726485068479,
    "context_time": 1726485059623,
    "message_error_description": "RecentsShelfDataSourceError.synchronizeTimeout",
    "message_page_uri": null
  },
  {
    "timestamp_utc": "2024-11-24T20:46:58.996Z",
    "context_application_version": "8.9.94.418",
    "context_conn_country": "FR",
    "context_device_manufacturer": "apple",
    "context_device_model": "iPhone14,5",
    "context_device_type": "mobile",
    "context_os_name": "ios",
    "context_os_version": "17.6.1",
    "context_receiver_service_timestamp": 1732481285346,
    "context_time": 1732481218996,
    "message_error_description": "PlaylistsDecorationError.partialResponse",
    "message_page_uri": null
  },
  {
    "timestamp_utc": "2024-11-24T20:47:01.956Z",
    "context_application_version": "8.9.94.418",
    "context_conn_country": "FR",
    "context_device_manufacturer": "apple",
    "context_device_model": "iPhone14,5",
    "context_device_type": "mobile",
    "context_os_name": "ios",
    "context_os_version": "17.6.1",
    "context_receiver_service_timestamp": 1732481285346,
    "context_time": 1732481221956,
    "message_error_description": "ParentsDecorationError.timeout",
    "message_page_uri": null
  },
  {
    "timestamp_utc": "2024-10-16T16:57:26.663Z",
    "context_application_version": "8.9.82.628",
    "context_conn_country": "DE",
    "context_device_manufacturer": "apple",
    "context_device_model": "iPhone15,2",
    "context_device_type": "mobile",
    "context_os_name": "ios",
    "context_os_version": "18.0",
    "context_receiver_service_timestamp": 1729097892556,
    "context_time": 1729097846663,
    "message_error_description": "ParentsDecorationError.timeout",
    "message_page_uri": null
  },
  {
    "timestamp_utc": "2024-11-21T13:10:40.369Z",
    "context_application_version": "8.9.90.84",
    "context_conn_country": "FR",
    "context_device_manufacturer": "apple",
    "context_device_model": "iPhone14,5",
    "context_device_type": "mobile",
    "context_os_name": "ios",
    "context_os_version": "17.6.1",
    "context_receiver_service_timestamp": 1732202340891,
    "context_time": 1732194640369,
    "message_error_description": "PlaylistsShelfDecorationError.partialResponse",
    "message_page_uri": null
  },
  {
    "timestamp_utc": "2024-08-13T15:59:06.548Z",
    "context_application_version": "8.9.64.456",
    "context_conn_country": "DE",
    "context_device_manufacturer": "apple",
    "context_device_model": "iPhone15,2",
    "context_device_type": "mobile",
    "context_os_name": "ios",
    "context_os_version": "17.5.1",
    "context_receiver_service_timestamp": 1723564767544,
    "context_time": 1723564746548,
    "message_error_description": "RecentsShelfDataSourceError.synchronizeTimeout",
    "message_page_uri": null
  },
  {
    "timestamp_utc": "2024-10-16T16:56:42.883Z",
    "context_application_version": "8.9.82.628",
    "context_conn_country": "DE",
    "context_device_manufacturer": "apple",
    "context_device_model": "iPhone15,2",
    "context_device_type": "mobile",
    "context_os_name": "ios",
    "context_os_version": "18.0",
    "context_receiver_service_timestamp": 1729097892556,
    "context_time": 1729097802883,
    "message_error_description": "PlaylistsShelfDecorationError.partialResponse",
    "message_page_uri": null
  },
  {
    "timestamp_utc": "2024-11-03T16:55:35.597Z",
    "context_application_version": "8.9.84.543",
    "context_conn_country": "DE",
    "context_device_manufacturer": "apple",
    "context_device_model": "iPhone15,2",
    "context_device_type": "mobile",
    "context_os_name": "ios",
    "context_os_version": "18.0",
    "context_receiver_service_timestamp": 1730653005937,
    "context_time": 1730652935597,
    "message_error_description": "PlaylistsShelfDecorationError.partialResponse",
    "message_page_uri": null
  },
  {
    "timestamp_utc": "2024-08-15T18:43:43.605Z",
    "context_application_version": "8.9.64.456",
    "context_conn_country": "MA",
    "context_device_manufacturer": "apple",
    "context_device_model": "iPhone14,5",
    "context_device_type": "mobile",
    "context_os_name": "ios",
    "context_os_version": "17.5.1",
    "context_receiver_service_timestamp": 1723747535155,
    "context_time": 1723747423605,
    "message_error_description": "PlaylistsShelfDecorationError.partialResponse",
    "message_page_uri": null
  },
  {
    "timestamp_utc": "2024-08-15T18:45:11.750Z",
    "context_application_version": "8.9.64.456",
    "context_conn_country": "MA",
    "context_device_manufacturer": "apple",
    "context_device_model": "iPhone14,5",
    "context_device_type": "mobile",
    "context_os_name": "ios",
    "context_os_version": "17.5.1",
    "context_receiver_service_timestamp": 1723747536020,
    "context_time": 1723747511750,
    "message_error_description": "PlaylistsShelfDecorationError.partialResponse",
    "message_page_uri": null
  },
  {
    "timestamp_utc": "2024-11-03T22:31:40.791Z",
    "context_application_version": "8.9.84.543",
    "context_conn_country": "DE",
    "context_device_manufacturer": "apple",
    "context_device_model": "iPhone15,2",
    "context_device_type": "mobile",
    "context_os_name": "ios",
    "context_os_version": "18.0",
    "context_receiver_service_timestamp": 1730715945270,
    "context_time": 1730673100791,
    "message_error_description": "PlaylistsShelfDecorationError.partialResponse",
    "message_page_uri": null
  },
  {
    "timestamp_utc": "2024-08-24T15:33:14.685Z",
    "context_application_version": "8.9.66.462",
    "context_conn_country": "MA",
    "context_device_manufacturer": "apple",
    "context_device_model": "iPhone14,5",
    "context_device_type": "mobile",
    "context_os_name": "ios",
    "context_os_version": "17.5.1",
    "context_receiver_service_timestamp": 1724513602998,
    "context_time": 1724513594685,
    "message_error_description": "PlaylistsShelfDecorationError.partialResponse",
    "message_page_uri": null
  },
  {
    "timestamp_utc": "2024-11-03T16:56:38.209Z",
    "context_application_version": "8.9.84.543",
    "context_conn_country": "DE",
    "context_device_manufacturer": "apple",
    "context_device_model": "iPhone15,2",
    "context_device_type": "mobile",
    "context_os_name": "ios",
    "context_os_version": "18.0",
    "context_receiver_service_timestamp": 1730653013931,
    "context_time": 1730652998209,
    "message_error_description": "PlaylistsShelfDecorationError.partialResponse",
    "message_page_uri": null
  },
  {
    "timestamp_utc": "2024-11-27T14:35:02.625Z",
    "context_application_version": "8.9.94.418",
    "context_conn_country": "FR",
    "context_device_manufacturer": "apple",
    "context_device_model": "iPhone14,5",
    "context_device_type": "mobile",
    "context_os_name": "ios",
    "context_os_version": "17.6.1",
    "context_receiver_service_timestamp": 1732726041312,
    "context_time": 1732718102625,
    "message_error_description": "PlaylistsDecorationError.partialResponse",
    "message_page_uri": null
  },
  {
    "timestamp_utc": "2024-11-27T17:50:00.727Z",
    "context_application_version": "8.9.94.418",
    "context_conn_country": "FR",
    "context_device_manufacturer": "apple",
    "context_device_model": "iPhone14,5",
    "context_device_type": "mobile",
    "context_os_name": "ios",
    "context_os_version": "17.6.1",
    "context_receiver_service_timestamp": 1732909095238,
    "context_time": 1732729800727,
    "message_error_description": "PlaylistsDecorationError.partialResponse",
    "message_page_uri": null
  },
  {
    "timestamp_utc": "2024-10-16T16:57:23.776Z",
    "context_application_version": "8.9.82.628",
    "context_conn_country": "DE",
    "context_device_manufacturer": "apple",
    "context_device_model": "iPhone15,2",
    "context_device_type": "mobile",
    "context_os_name": "ios",
    "context_os_version": "18.0",
    "context_receiver_service_timestamp": 1729097892556,
    "context_time": 1729097843776,
    "message_error_description": "PlaylistsShelfDecorationError.partialResponse",
    "message_page_uri": null
  },
  {
    "timestamp_utc": "2024-11-27T07:53:26.298Z",
    "context_application_version": "8.9.94.418",
    "context_conn_country": "DE",
    "context_device_manufacturer": "apple",
    "context_device_model": "iPhone15,2",
    "context_device_type": "mobile",
    "context_os_name": "ios",
    "context_os_version": "18.0",
    "context_receiver_service_timestamp": 1732694030236,
    "context_time": 1732694006298,
    "message_error_description": "PlaylistsDecorationError.partialResponse",
    "message_page_uri": null
  },
  {
    "timestamp_utc": "2024-11-12T12:28:34.193Z",
    "context_application_version": "8.9.90.84",
    "context_conn_country": "FR",
    "context_device_manufacturer": "apple",
    "context_device_model": "iPhone14,5",
    "context_device_type": "mobile",
    "context_os_name": "ios",
    "context_os_version": "17.6.1",
    "context_receiver_service_timestamp": 1731414537854,
    "context_time": 1731414514193,
    "message_error_description": "PlaylistsShelfDecorationError.partialResponse",
    "message_page_uri": null
  },
  {
    "timestamp_utc": "2024-11-03T15:14:09.090Z",
    "context_application_version": "8.9.84.543",
    "context_conn_country": "DE",
    "context_device_manufacturer": "apple",
    "context_device_model": "iPhone15,2",
    "context_device_type": "mobile",
    "context_os_name": "ios",
    "context_os_version": "18.0",
    "context_receiver_service_timestamp": 1730652678338,
    "context_time": 1730646849090,
    "message_error_description": "PlaylistsShelfDecorationError.partialResponse",
    "message_page_uri": null
  },
  {
    "timestamp_utc": "2024-11-04T11:45:09.001Z",
    "context_application_version": "8.9.84.543",
    "context_conn_country": "FR",
    "context_device_manufacturer": "apple",
    "context_device_model": "iPhone14,5",
    "context_device_type": "mobile",
    "context_os_name": "ios",
    "context_os_version": "17.6.1",
    "context_receiver_service_timestamp": 1730720735022,
    "context_time": 1730720709001,
    "message_error_description": "PlaylistsShelfDecorationError.partialResponse",
    "message_page_uri": null
  },
  {
    "timestamp_utc": "2024-11-18T08:40:29.407Z",
    "context_application_version": "8.9.90.84",
    "context_conn_country": "FR",
    "context_device_manufacturer": "apple",
    "context_device_model": "iPhone14,5",
    "context_device_type": "mobile",
    "context_os_name": "ios",
    "context_os_version": "17.6.1",
    "context_receiver_service_timestamp": 1731919424209,
    "context_time": 1731919229407,
    "message_error_description": "PlaylistsShelfDecorationError.partialResponse",
    "message_page_uri": null
  },
  {
    "timestamp_utc": "2024-10-22T11:51:59.789Z",
    "context_application_version": "8.9.82.628",
    "context_conn_country": "FR",
    "context_device_manufacturer": "apple",
    "context_device_model": "iPhone14,5",
    "context_device_type": "mobile",
    "context_os_name": "ios",
    "context_os_version": "17.6.1",
    "context_receiver_service_timestamp": 1729598751698,
    "context_time": 1729597919789,
    "message_error_description": "PlaylistsShelfDecorationError.partialResponse",
    "message_page_uri": null
  }
]