[
  {
    "timestamp_utc": "2024-12-03T13:56:50.914Z",
    "context_time": 1733234210914,
    "message_item_uri": "spotify:episode:2GVeNepKlJkwpoMDCdVbhR",
    "message_set": "listenlater"
  },
  {
    "timestamp_utc": "2024-09-26T11:26:50.407Z",
    "context_time": 1727350010407,
    "message_item_uri": "spotify:track:2xtnnO9bHKXEmsfetO3ldK",
    "message_set": "collection"
  },
  {
    "timestamp_utc": "2024-09-12T08:48:52.617Z",
    "context_time": 1726130932617,
    "message_item_uri": "spotify:track:6mgv7r4zAVOhUG0qIxJRRl",
    "message_set": "collection"
  },
  {
    "timestamp_utc": "2024-09-20T16:10:39.261Z",
    "context_time": 1726848639261,
    "message_item_uri": "spotify:track:210XJ4gUFiCBiYjel9fwa9",
    "message_set": "collection"
  },
  {
    "timestamp_utc": "2024-12-03T13:56:48.241Z",
    "context_time": 1733234208241,
    "message_item_uri": "spotify:episode:7L43qF9PnI5goCyPkk4yFD",
    "message_set": "listenlater"
  },
  {
    "timestamp_utc": "2024-12-03T13:57:19.170Z",
    "context_time": 1733234239170,
    "message_item_uri": "spotify:episode:03jy3BgCKYgDkwlNirNm9k",
    "message_set": "listenlater"
  },
  {
    "timestamp_utc": "2024-12-03T13:57:03.818Z",
    "context_time": 1733234223818,
    "message_item_uri": "spotify:episode:2GkWhGQmt8ukPQnX00o2MC",
    "message_set": "listenlater"
  },
  {
    "timestamp_utc": "2024-12-03T13:57:13.224Z",
    "context_time": 1733234233224,
    "message_item_uri": "spotify:episode:2MEYmf1a5KzChmFpIbHphu",
    "message_set": "listenlater"
  },
  {
    "timestamp_utc": "2024-12-03T13:57:01.674Z",
    "context_time": 1733234221674,
    "message_item_uri": "spotify:episode:1heB1TpbWcf4oOyGJUvwQV",
    "message_set": "listenlater"
  },
  {
    "timestamp_utc": "2024-12-03T13:57:38.927Z",
    "context_time": 1733234258927,
    "message_item_uri": "spotify:episode:6a1Iibq3Hn7ZWwAdq8WuDQ",
    "message_set": "listenlater"
  },
  {
    "timestamp_utc": "2024-12-03T13:56:44.965Z",
    "context_time": 1733234204965,
    "message_item_uri": "spotify:episode:0JSuozkyX3Ki90gbOVL5Cy",
    "message_set": "listenlater"
  },
  {
    "timestamp_utc": "2024-12-03T12:20:17.966Z",
    "context_time": 1733228417966,
    "message_item_uri": "spotify:episode:0noJUYiLmDLTMFV6aHM4FS",
    "message_set": "listenlater"
  },
  {
    "timestamp_utc": "2024-12-03T12:20:12.130Z",
    "context_time": 1733228412130,
    "message_item_uri": "spotify:episode:62Z7hgtYqQFw4kPyhsNXPl",
    "message_set": "listenlater"
  },
  {
    "timestamp_utc": "2024-12-03T13:56:59.217Z",
    "context_time": 1733234219217,
    "message_item_uri": "spotify:episode:4ok20QSUtxnBpZQM2Ix8zM",
    "message_set": "listenlater"
  },
  {
    "timestamp_utc": "2024-12-03T13:57:41.286Z",
    "context_time": 1733234261286,
    "message_item_uri": "spotify:episode:6aAc5glUxjzPoHsk3SX4jK",
    "message_set": "listenlater"
  },
  {
    "timestamp_utc": "2024-12-03T13:57:05.956Z",
    "context_time": 1733234225956,
    "message_item_uri": "spotify:episode:6XNJHmj6C35lyyYe82Xjza",
    "message_set": "listenlater"
  }
]