[
  {
    "timestamp_utc": "2024-11-13T07:47:59.215Z",
    "context_application_version": "8.9.90.127",
    "context_conn_country": "DE",
    "context_device_manufacturer": "samsung",
    "context_device_model": "SM-A725F",
    "context_device_type": "mobile",
    "context_os_name": "android",
    "context_os_version": "14",
    "context_receiver_service_timestamp": 1733220210960,
    "context_time": 1731484079215,
    "message_client_id": null,
    "message_reason": null,
    "message_session_id": "4630b824-62a6-44f6-8d75-bbf3ff676dfe",
    "message_session_length": null
  },
  {
    "timestamp_utc": "2024-10-22T09:17:38.322Z",
    "context_application_version": "8.9.84.594",
    "context_conn_country": "DE",
    "context_device_manufacturer": "samsung",
    "context_device_model": "SM-A725F",
    "context_device_type": "mobile",
    "context_os_name": "android",
    "context_os_version": "14",
    "context_receiver_service_timestamp": 1733220113272,
    "context_time": 1729588658322,
    "message_client_id": null,
    "message_reason": null,
    "message_session_id": "eac09fb5-1aa6-48d9-9765-578a0362637e",
    "message_session_length": null
  }
]