[
  {
    "timestamp_utc": "2024-08-22T12:08:21.381Z",
    "context_application_version": "8.9.66.543",
    "context_conn_country": "DE",
    "context_device_manufacturer": "samsung",
    "context_device_model": "SM-A725F",
    "context_device_type": "mobile",
    "context_os_name": "android",
    "context_os_version": "14",
    "context_receiver_service_timestamp": 1724324962684,
    "context_time": 1724328501381,
    "message_client_id": null,
    "message_session_id": "2c8b0718-3381-4456-b149-eaa37f7ef9ac"
  },
  {
    "timestamp_utc": "2024-08-29T11:52:13.504Z",
    "context_application_version": "8.9.68.456",
    "context_conn_country": "DE",
    "context_device_manufacturer": "samsung",
    "context_device_model": "SM-A725F",
    "context_device_type": "mobile",
    "context_os_name": "android",
    "context_os_version": "14",
    "context_receiver_service_timestamp": 1724928792771,
    "context_time": 1724932333504,
    "message_client_id": null,
    "message_session_id": "c50d2da4-46a5-4d97-bba6-a17e9b9b5bbd"
  },
  {
    "timestamp_utc": "2024-10-22T09:17:38.288Z",
    "context_application_version": "8.9.84.594",
    "context_conn_country": "DE",
    "context_device_manufacturer": "samsung",
    "context_device_model": "SM-A725F",
    "context_device_type": "mobile",
    "context_os_name": "android",
    "context_os_version": "14",
    "context_receiver_service_timestamp": 1733220113272,
    "context_time": 1729588658288,
    "message_client_id": null,
    "message_session_id": "eac09fb5-1aa6-48d9-9765-578a0362637e"
  },
  {
    "timestamp_utc": "2024-09-03T11:41:18.362Z",
    "context_application_version": "8.9.68.456",
    "context_conn_country": "DE",
    "context_device_manufacturer": "samsung",
    "context_device_model": "SM-A725F",
    "context_device_type": "mobile",
    "context_os_name": "android",
    "context_os_version": "14",
    "context_receiver_service_timestamp": 1725360219896,
    "context_time": 1725363678362,
    "message_client_id": null,
    "message_session_id": "fdb8451d-f6c4-470c-8310-78f21b497793"
  },
  {
    "timestamp_utc": "2024-08-08T20:01:49.326Z",
    "context_application_version": "8.9.62.566",
    "context_conn_country": "MA",
    "context_device_manufacturer": "samsung",
    "context_device_model": "SM-A725F",
    "context_device_type": "mobile",
    "context_os_name": "android",
    "context_os_version": "14",
    "context_receiver_service_timestamp": 1723619549688,
    "context_time": 1723147309326,
    "message_client_id": null,
    "message_session_id": "aaa5018f-4b4b-4a84-a3dc-aea10e13b0f2"
  },
  {
    "timestamp_utc": "2024-06-05T22:27:14.425Z",
    "context_application_version": "8.9.44.368",
    "context_conn_country": "MA",
    "context_device_manufacturer": "samsung",
    "context_device_model": "SM-A725F",
    "context_device_type": "mobile",
    "context_os_name": "android",
    "context_os_version": "14",
    "context_receiver_service_timestamp": 1720550936847,
    "context_time": 1717626434425,
    "message_client_id": null,
    "message_session_id": "9f05e88a-ed05-4ce3-81bc-1fab8aa66bdd"
  },
  {
    "timestamp_utc": "2024-08-20T11:47:45.677Z",
    "context_application_version": "8.9.66.543",
    "context_conn_country": "DE",
    "context_device_manufacturer": "samsung",
    "context_device_model": "SM-A725F",
    "context_device_type": "mobile",
    "context_os_name": "android",
    "context_os_version": "14",
    "context_receiver_service_timestamp": 1724150922165,
    "context_time": 1724154465677,
    "message_client_id": null,
    "message_session_id": "a3d0d3d1-39f9-4bf2-806e-b9fcc4a92b66"
  },
  {
    "timestamp_utc": "2024-06-20T16:49:49.168Z",
    "context_application_version": "8.9.48.575",
    "context_conn_country": "MA",
    "context_device_manufacturer": "samsung",
    "context_device_model": "SM-A725F",
    "context_device_type": "mobile",
    "context_os_name": "android",
    "context_os_version": "14",
    "context_receiver_service_timestamp": 1720550970060,
    "context_time": 1718902189168,
    "message_client_id": null,
    "message_session_id": "ccc08e8f-7943-4588-8253-50a87dbeeff2"
  },
  {
    "timestamp_utc": "2024-08-20T20:24:25.059Z",
    "context_application_version": "8.9.66.543",
    "context_conn_country": "DE",
    "context_device_manufacturer": "samsung",
    "context_device_model": "SM-A725F",
    "context_device_type": "mobile",
    "context_os_name": "android",
    "context_os_version": "14",
    "context_receiver_service_timestamp": 1724181924121,
    "context_time": 1724185465059,
    "message_client_id": null,
    "message_session_id": "d919d5b7-89dc-4b88-be3f-7d1b2fe8a617"
  },
  {
    "timestamp_utc": "2024-08-22T08:22:42.435Z",
    "context_application_version": "8.9.66.543",
    "context_conn_country": "DE",
    "context_device_manufacturer": "samsung",
    "context_device_model": "SM-A725F",
    "context_device_type": "mobile",
    "context_os_name": "android",
    "context_os_version": "14",
    "context_receiver_service_timestamp": 1724311407017,
    "context_time": 1724314962435,
    "message_client_id": null,
    "message_session_id": "5dfb8b51-c764-46ba-b477-c999f891ca8f"
  },
  {
    "timestamp_utc": "2024-11-13T07:47:59.214Z",
    "context_application_version": "8.9.90.127",
    "context_conn_country": "DE",
    "context_device_manufacturer": "samsung",
    "context_device_model": "SM-A725F",
    "context_device_type": "mobile",
    "context_os_name": "android",
    "context_os_version": "14",
    "context_receiver_service_timestamp": 1733220210960,
    "context_time": 1731484079214,
    "message_client_id": null,
    "message_session_id": "4630b824-62a6-44f6-8d75-bbf3ff676dfe"
  },
  {
    "timestamp_utc": "2024-08-14T17:30:10.367Z",
    "context_application_version": "8.9.64.548",
    "context_conn_country": "DE",
    "context_device_manufacturer": "samsung",
    "context_device_model": "SM-A725F",
    "context_device_type": "mobile",
    "context_os_name": "android",
    "context_os_version": "14",
    "context_receiver_service_timestamp": 1723653244752,
    "context_time": 1723656610367,
    "message_client_id": null,
    "message_session_id": "6cc88738-0e1d-4213-b28d-d02911c25237"
  },
  {
    "timestamp_utc": "2024-08-21T21:31:44.331Z",
    "context_application_version": "8.9.66.543",
    "context_conn_country": "DE",
    "context_device_manufacturer": "samsung",
    "context_device_model": "SM-A725F",
    "context_device_type": "mobile",
    "context_os_name": "android",
    "context_os_version": "14",
    "context_receiver_service_timestamp": 1724272357826,
    "context_time": 1724275904331,
    "message_client_id": null,
    "message_session_id": "72655300-9c10-430c-95b1-de8be954b1ee"
  }
]