[
  {
    "timestamp_utc": "2024-08-04T15:13:22.424Z",
    "context_application_version": "8.9.60.458",
    "context_conn_country": "DE",
    "context_device_manufacturer": "apple",
    "context_device_model": "iPhone15,2",
    "context_device_type": "mobile",
    "context_os_name": "ios",
    "context_os_version": "17.5.1",
    "context_receiver_service_timestamp": 1722784428711,
    "context_time": 1722784402424,
    "context_user_agent": null,
    "message_audio_preview": null,
    "message_capability": "link",
    "message_creator_uri": null,
    "message_destination_id": "whatsapp",
    "message_entity_uri": "spotify:track:6v0UJD4a2FtleHeSYVX02A",
    "message_full_url": "https://open.spotify.com/track/6v0UJD4a2FtleHeSYVX02A?si=FfJqoDfPTN6uT5zlIEYiww&context=spotify%3Aartist%3A4dpARuHxo51G3z768sgnrY",
    "message_integration": "nowplaying_feature_v2_footer_share",
    "message_share_id": "FfJqoDfPTN6uT5zlIEYiww",
    "message_share_url": "https://open.spotify.com/track/6v0UJD4a2FtleHeSYVX02A?si=FfJqoDfPTN6uT5zlIEYiww&context=spotify%3Aartist%3A4dpARuHxo51G3z768sgnrY",
    "message_shareformat_id": "spotify:shareformat:entity",
    "message_source_page": "share-menu",
    "message_source_page_uri": "spotify:share-menu",
    "message_system_destination": null
  },
  {
    "timestamp_utc": "2024-11-14T17:07:34.691Z",
    "context_application_version": "8.9.90.84",
    "context_conn_country": "DE",
    "context_device_manufacturer": "apple",
    "context_device_model": "iPhone15,2",
    "context_device_type": "mobile",
    "context_os_name": "ios",
    "context_os_version": "18.0",
    "context_receiver_service_timestamp": 1731604055069,
    "context_time": 1731604054691,
    "context_user_agent": null,
    "message_audio_preview": null,
    "message_capability": "link",
    "message_creator_uri": null,
    "message_destination_id": "whatsapp",
    "message_entity_uri": "spotify:track:2cX2lWZxOtsSI755rxKOv0",
    "message_full_url": "https://open.spotify.com/track/2cX2lWZxOtsSI755rxKOv0?si=qm90tQXDRFma_gyGsEGtDA&pi=e-27tDffmhS9qr",
    "message_integration": "com.spotify.service.share.lyrics",
    "message_share_id": "qm90tQXDRFma_gyGsEGtDA",
    "message_share_url": "https://open.spotify.com/track/2cX2lWZxOtsSI755rxKOv0?si=qm90tQXDRFma_gyGsEGtDA&pi=e-27tDffmhS9qr",
    "message_shareformat_id": "spotify:shareformat:lyrics",
    "message_source_page": "share-menu",
    "message_source_page_uri": "spotify:share-menu",
    "message_system_destination": null
  },
  {
    "timestamp_utc": "2024-08-04T15:14:16.512Z",
    "context_application_version": "8.9.60.458",
    "context_conn_country": "DE",
    "context_device_manufacturer": "apple",
    "context_device_model": "iPhone15,2",
    "context_device_type": "mobile",
    "context_os_name": "ios",
    "context_os_version": "17.5.1",
    "context_receiver_service_timestamp": 1722784456981,
    "context_time": 1722784456512,
    "context_user_agent": null,
    "message_audio_preview": null,
    "message_capability": "link",
    "message_creator_uri": null,
    "message_destination_id": "whatsapp",
    "message_entity_uri": "spotify:track:6v0UJD4a2FtleHeSYVX02A",
    "message_full_url": "https://open.spotify.com/track/6v0UJD4a2FtleHeSYVX02A?si=HrdkULTTSICDcroTVrTj_g&context=spotify%3Aartist%3A4dpARuHxo51G3z768sgnrY",
    "message_integration": "nowplaying_feature_v2_footer_share",
    "message_share_id": "HrdkULTTSICDcroTVrTj_g",
    "message_share_url": "https://open.spotify.com/track/6v0UJD4a2FtleHeSYVX02A?si=HrdkULTTSICDcroTVrTj_g&context=spotify%3Aartist%3A4dpARuHxo51G3z768sgnrY",
    "message_shareformat_id": "spotify:shareformat:entity",
    "message_source_page": "share-menu",
    "message_source_page_uri": "spotify:share-menu",
    "message_system_destination": null
  },
  {
    "timestamp_utc": "2024-07-04T18:08:05.770Z",
    "context_application_version": "8.9.50.491",
    "context_conn_country": "DE",
    "context_device_manufacturer": "apple",
    "context_device_model": "iPhone15,2",
    "context_device_type": "mobile",
    "context_os_name": "ios",
    "context_os_version": "17.5.1",
    "context_receiver_service_timestamp": 1720116486215,
    "context_time": 1720116485770,
    "context_user_agent": null,
    "message_audio_preview": null,
    "message_capability": "link",
    "message_creator_uri": null,
    "message_destination_id": "whatsapp",
    "message_entity_uri": "spotify:track:6zupPNGun4zG87eto8RjUo",
    "message_full_url": null,
    "message_integration": "nowplaying_feature_v2_footer_share",
    "message_share_id": "sIcHNzcbTtiqg-L9IV5bMA",
    "message_share_url": "https://open.spotify.com/track/6zupPNGun4zG87eto8RjUo?si=sIcHNzcbTtiqg-L9IV5bMA",
    "message_shareformat_id": "spotify:shareformat:entity",
    "message_source_page": "share-menu",
    "message_source_page_uri": "spotify:share-menu",
    "message_system_destination": null
  },
  {
    "timestamp_utc": "2024-08-04T15:14:34.247Z",
    "context_application_version": "8.9.60.458",
    "context_conn_country": "DE",
    "context_device_manufacturer": "apple",
    "context_device_model": "iPhone15,2",
    "context_device_type": "mobile",
    "context_os_name": "ios",
    "context_os_version": "17.5.1",
    "context_receiver_service_timestamp": 1722784474689,
    "context_time": 1722784474247,
    "context_user_agent": null,
    "message_audio_preview": null,
    "message_capability": "link",
    "message_creator_uri": null,
    "message_destination_id": "whatsapp",
    "message_entity_uri": "spotify:track:6v0UJD4a2FtleHeSYVX02A",
    "message_full_url": "https://open.spotify.com/track/6v0UJD4a2FtleHeSYVX02A?si=lfaNOpY2TNyFFNcyWk8HKw&context=spotify%3Aartist%3A4dpARuHxo51G3z768sgnrY",
    "message_integration": "nowplaying_feature_v2_footer_share",
    "message_share_id": "lfaNOpY2TNyFFNcyWk8HKw",
    "message_share_url": "https://open.spotify.com/track/6v0UJD4a2FtleHeSYVX02A?si=lfaNOpY2TNyFFNcyWk8HKw&context=spotify%3Aartist%3A4dpARuHxo51G3z768sgnrY",
    "message_shareformat_id": "spotify:shareformat:entity",
    "message_source_page": "share-menu",
    "message_source_page_uri": "spotify:share-menu",
    "message_system_destination": null
  },
  {
    "timestamp_utc": "2024-12-05T16:24:13.111Z",
    "context_application_version": "8.9.94.418",
    "context_conn_country": "DE",
    "context_device_manufacturer": "apple",
    "context_device_model": "iPhone15,2",
    "context_device_type": "mobile",
    "context_os_name": "ios",
    "context_os_version": "18.0",
    "context_receiver_service_timestamp": 1733415883139,
    "context_time": 1733415853111,
    "context_user_agent": null,
    "message_audio_preview": null,
    "message_capability": "message",
    "message_creator_uri": null,
    "message_destination_id": "whatsapp",
    "message_entity_uri": "spotify:wrapped:share:share-8e42cb4901bc4b3ebb3f9ab64c3f568d",
    "message_full_url": "https://open.spotify.com/wrapped/share/share-8e42cb4901bc4b3ebb3f9ab64c3f568d?si=j-iwAloGQcujczYtiOg4tQ&artist-id=4dpARuHxo51G3z768sgnrY",
    "message_integration": "wrapped-share-button",
    "message_share_id": "j-iwAloGQcujczYtiOg4tQ",
    "message_share_url": "https://open.spotify.com/wrapped/share/share-8e42cb4901bc4b3ebb3f9ab64c3f568d?si=j-iwAloGQcujczYtiOg4tQ&artist-id=4dpARuHxo51G3z768sgnrY",
    "message_shareformat_id": "spotify:wrapped:top-artist",
    "message_source_page": "share-menu",
    "message_source_page_uri": "spotify:share-menu",
    "message_system_destination": null
  },
  {
    "timestamp_utc": "2024-12-05T16:21:25.842Z",
    "context_application_version": "8.9.94.418",
    "context_conn_country": "DE",
    "context_device_manufacturer": "apple",
    "context_device_model": "iPhone15,2",
    "context_device_type": "mobile",
    "context_os_name": "ios",
    "context_os_version": "18.0",
    "context_receiver_service_timestamp": 1733415686417,
    "context_time": 1733415685842,
    "context_user_agent": null,
    "message_audio_preview": null,
    "message_capability": "message",
    "message_creator_uri": null,
    "message_destination_id": "whatsapp",
    "message_entity_uri": "spotify:wrapped:share:share-cb96847d22704a87b0af496661252a0f",
    "message_full_url": "https://open.spotify.com/wrapped/share/share-cb96847d22704a87b0af496661252a0f?si=9fqs5SHKQBWoc3yBeIHncQ&lang=en&destination=datastories",
    "message_integration": "wrapped-share-button",
    "message_share_id": "9fqs5SHKQBWoc3yBeIHncQ",
    "message_share_url": "https://open.spotify.com/wrapped/share/share-cb96847d22704a87b0af496661252a0f?si=9fqs5SHKQBWoc3yBeIHncQ&lang=en&destination=datastories",
    "message_shareformat_id": "spotify:wrapped:top-five-songs",
    "message_source_page": "share-menu",
    "message_source_page_uri": "spotify:share-menu",
    "message_system_destination": null
  },
  {
    "timestamp_utc": "2024-11-19T17:38:31.065Z",
    "context_application_version": "8.9.90.84",
    "context_conn_country": "DE",
    "context_device_manufacturer": "apple",
    "context_device_model": "iPhone15,2",
    "context_device_type": "mobile",
    "context_os_name": "ios",
    "context_os_version": "18.0",
    "context_receiver_service_timestamp": 1732037911577,
    "context_time": 1732037911065,
    "context_user_agent": null,
    "message_audio_preview": null,
    "message_capability": "link",
    "message_creator_uri": null,
    "message_destination_id": "whatsapp",
    "message_entity_uri": "spotify:track:63vL5oxWrlvaJ0ayNaQnbX",
    "message_full_url": "https://open.spotify.com/track/63vL5oxWrlvaJ0ayNaQnbX?si=usnUFfawQzWoq226PnXzSg",
    "message_integration": "nowplaying_feature_v2_navigation_context_menu",
    "message_share_id": "usnUFfawQzWoq226PnXzSg",
    "message_share_url": "https://open.spotify.com/track/63vL5oxWrlvaJ0ayNaQnbX?si=usnUFfawQzWoq226PnXzSg",
    "message_shareformat_id": "spotify:shareformat:entity",
    "message_source_page": "nowplaying",
    "message_source_page_uri": "spotify:now-playing",
    "message_system_destination": null
  },
  {
    "timestamp_utc": "2024-12-05T16:22:27.160Z",
    "context_application_version": "8.9.94.418",
    "context_conn_country": "DE",
    "context_device_manufacturer": "apple",
    "context_device_model": "iPhone15,2",
    "context_device_type": "mobile",
    "context_os_name": "ios",
    "context_os_version": "18.0",
    "context_receiver_service_timestamp": 1733415747891,
    "context_time": 1733415747160,
    "context_user_agent": null,
    "message_audio_preview": null,
    "message_capability": "message",
    "message_creator_uri": null,
    "message_destination_id": "whatsapp",
    "message_entity_uri": "spotify:wrapped:share:share-8e42cb4901bc4b3ebb3f9ab64c3f568d",
    "message_full_url": "https://open.spotify.com/wrapped/share/share-8e42cb4901bc4b3ebb3f9ab64c3f568d?si=R6Z6jKh_TwSjajdriZnLWg&artist-id=4dpARuHxo51G3z768sgnrY",
    "message_integration": "wrapped-share-button",
    "message_share_id": "R6Z6jKh_TwSjajdriZnLWg",
    "message_share_url": "https://open.spotify.com/wrapped/share/share-8e42cb4901bc4b3ebb3f9ab64c3f568d?si=R6Z6jKh_TwSjajdriZnLWg&artist-id=4dpARuHxo51G3z768sgnrY",
    "message_shareformat_id": "spotify:wrapped:top-artist",
    "message_source_page": "share-menu",
    "message_source_page_uri": "spotify:share-menu",
    "message_system_destination": null
  },
  {
    "timestamp_utc": "2024-06-22T13:20:37.890Z",
    "context_application_version": "web-player_2024-06-21_1718973900964_9a221c6",
    "context_conn_country": "FR",
    "context_device_manufacturer": null,
    "context_device_model": null,
    "context_device_type": null,
    "context_os_name": null,
    "context_os_version": null,
    "context_receiver_service_timestamp": 1719062444471,
    "context_time": 1719062437890,
    "context_user_agent": "Mozilla/5.0 (Windows NT 10.0; Win64; x64) AppleWebKit/537.36 (KHTML, like Gecko) Chrome/126.0.0.0 Safari/537.36",
    "message_audio_preview": null,
    "message_capability": null,
    "message_creator_uri": null,
    "message_destination_id": "copy-link",
    "message_entity_uri": "spotify:playlist:37i9dQZF1E8Pa5nmCQGv0u",
    "message_full_url": null,
    "message_integration": null,
    "message_share_id": "8aea2f9e8443468e",
    "message_share_url": null,
    "message_shareformat_id": null,
    "message_source_page": "",
    "message_source_page_uri": "",
    "message_system_destination": null
  }
]