[
  {
    "timestamp_utc": "2024-08-21T20:22:45.177Z",
    "context_application_version": "8.9.66.462",
    "context_conn_country": "DE",
    "context_device_manufacturer": "apple",
    "context_device_model": "iPhone15,2",
    "context_device_type": "mobile",
    "context_os_name": "ios",
    "context_os_version": "17.5.1",
    "context_receiver_service_timestamp": 1724271793370,
    "context_time": 1724271765177,
    "message_entity_uri": "spotify:playlist:3KCggLMweRH05Qqu9usoeN",
    "message_failure_reasons": [
    ],
    "message_operation_succeeded": true,
    "message_play_state": "PLAYING_OVER_CONNECT",
    "message_smart_shuffle_state": true,
    "message_tech_stack": "LENS"
  },
  {
    "timestamp_utc": "2024-08-21T20:32:53.645Z",
    "context_application_version": "8.9.66.462",
    "context_conn_country": "DE",
    "context_device_manufacturer": "apple",
    "context_device_model": "iPhone15,2",
    "context_device_type": "mobile",
    "context_os_name": "ios",
    "context_os_version": "17.5.1",
    "context_receiver_service_timestamp": 1724272376353,
    "context_time": 1724272373645,
    "message_entity_uri": "spotify:playlist:3KCggLMweRH05Qqu9usoeN",
    "message_failure_reasons": [
      "UNEXPECTED_ENHANCED_CONTEXT"
    ],
    "message_operation_succeeded": true,
    "message_play_state": "PLAYING_OVER_CONNECT",
    "message_smart_shuffle_state": false,
    "message_tech_stack": "LENS"
  },
  {
    "timestamp_utc": "2024-08-22T15:04:24.303Z",
    "context_application_version": "8.9.66.462",
    "context_conn_country": "DE",
    "context_device_manufacturer": "apple",
    "context_device_model": "iPhone15,2",
    "context_device_type": "mobile",
    "context_os_name": "ios",
    "context_os_version": "17.5.1",
    "context_receiver_service_timestamp": 1724339067780,
    "context_time": 1724339064303,
    "message_entity_uri": "spotify:collection:tracks",
    "message_failure_reasons": [
    ],
    "message_operation_succeeded": true,
    "message_play_state": "PLAYING_LOCALLY",
    "message_smart_shuffle_state": true,
    "message_tech_stack": "LENS"
  },
  {
    "timestamp_utc": "2024-10-05T18:45:54.368Z",
    "context_application_version": "8.9.76.516",
    "context_conn_country": "FR",
    "context_device_manufacturer": "apple",
    "context_device_model": "iPhone14,5",
    "context_device_type": "mobile",
    "context_os_name": "ios",
    "context_os_version": "17.6.1",
    "context_receiver_service_timestamp": 1728153974438,
    "context_time": 1728153954368,
    "message_entity_uri": "spotify:playlist:4HSWMZ4FDsMN5YzFnIY0T1",
    "message_failure_reasons": [
    ],
    "message_operation_succeeded": true,
    "message_play_state": "PLAYING_LOCALLY",
    "message_smart_shuffle_state": true,
    "message_tech_stack": "LENS"
  },
  {
    "timestamp_utc": "2024-08-21T20:22:08.063Z",
    "context_application_version": "8.9.66.462",
    "context_conn_country": "DE",
    "context_device_manufacturer": "apple",
    "context_device_model": "iPhone15,2",
    "context_device_type": "mobile",
    "context_os_name": "ios",
    "context_os_version": "17.5.1",
    "context_receiver_service_timestamp": 1724271733530,
    "context_time": 1724271728063,
    "message_entity_uri": "spotify:playlist:3KCggLMweRH05Qqu9usoeN",
    "message_failure_reasons": [
    ],
    "message_operation_succeeded": true,
    "message_play_state": "PLAYING_OVER_CONNECT",
    "message_smart_shuffle_state": true,
    "message_tech_stack": "LENS"
  },
  {
    "timestamp_utc": "2024-08-21T20:27:46.858Z",
    "context_application_version": "8.9.66.462",
    "context_conn_country": "DE",
    "context_device_manufacturer": "apple",
    "context_device_model": "iPhone15,2",
    "context_device_type": "mobile",
    "context_os_name": "ios",
    "context_os_version": "17.5.1",
    "context_receiver_service_timestamp": 1724272093665,
    "context_time": 1724272066858,
    "message_entity_uri": "spotify:playlist:3KCggLMweRH05Qqu9usoeN",
    "message_failure_reasons": [
    ],
    "message_operation_succeeded": true,
    "message_play_state": "PLAYING_OVER_CONNECT",
    "message_smart_shuffle_state": true,
    "message_tech_stack": "LENS"
  },
  {
    "timestamp_utc": "2024-08-29T15:00:49.974Z",
    "context_application_version": "8.9.68.490",
    "context_conn_country": "DE",
    "context_device_manufacturer": "apple",
    "context_device_model": "iPhone15,2",
    "context_device_type": "mobile",
    "context_os_name": "ios",
    "context_os_version": "17.5.1",
    "context_receiver_service_timestamp": 1724943655385,
    "context_time": 1724943649974,
    "message_entity_uri": "spotify:collection:tracks",
    "message_failure_reasons": [
    ],
    "message_operation_succeeded": true,
    "message_play_state": "PLAYING_LOCALLY",
    "message_smart_shuffle_state": false,
    "message_tech_stack": "LENS"
  },
  {
    "timestamp_utc": "2024-12-05T16:38:25.967Z",
    "context_application_version": "8.9.94.418",
    "context_conn_country": "DE",
    "context_device_manufacturer": "apple",
    "context_device_model": "iPhone15,2",
    "context_device_type": "mobile",
    "context_os_name": "ios",
    "context_os_version": "18.0",
    "context_receiver_service_timestamp": 1733417458312,
    "context_time": 1733416705967,
    "message_entity_uri": "spotify:collection:tracks",
    "message_failure_reasons": [
    ],
    "message_operation_succeeded": true,
    "message_play_state": "PLAYING_LOCALLY",
    "message_smart_shuffle_state": false,
    "message_tech_stack": "LENS"
  },
  {
    "timestamp_utc": "2024-09-26T12:25:09.831Z",
    "context_application_version": "8.9.74.535",
    "context_conn_country": "FR",
    "context_device_manufacturer": "apple",
    "context_device_model": "iPhone14,5",
    "context_device_type": "mobile",
    "context_os_name": "ios",
    "context_os_version": "17.6.1",
    "context_receiver_service_timestamp": 1727357728474,
    "context_time": 1727353509831,
    "message_entity_uri": "spotify:playlist:0Z6cGgEjtDq0ehhb2AZjGb",
    "message_failure_reasons": [
      "NO_IMMEDIATE_RECS",
      "ENHANCED_CONTEXT_MISSING"
    ],
    "message_operation_succeeded": false,
    "message_play_state": "PLAYING_LOCALLY",
    "message_smart_shuffle_state": true,
    "message_tech_stack": "LENS"
  },
  {
    "timestamp_utc": "2024-08-21T20:21:56.080Z",
    "context_application_version": "8.9.66.462",
    "context_conn_country": "DE",
    "context_device_manufacturer": "apple",
    "context_device_model": "iPhone15,2",
    "context_device_type": "mobile",
    "context_os_name": "ios",
    "context_os_version": "17.5.1",
    "context_receiver_service_timestamp": 1724271733530,
    "context_time": 1724271716080,
    "message_entity_uri": "spotify:playlist:3KCggLMweRH05Qqu9usoeN",
    "message_failure_reasons": [
    ],
    "message_operation_succeeded": true,
    "message_play_state": "PLAYING_OVER_CONNECT",
    "message_smart_shuffle_state": true,
    "message_tech_stack": "LENS"
  },
  {
    "timestamp_utc": "2024-09-26T12:25:12.932Z",
    "context_application_version": "8.9.74.535",
    "context_conn_country": "FR",
    "context_device_manufacturer": "apple",
    "context_device_model": "iPhone14,5",
    "context_device_type": "mobile",
    "context_os_name": "ios",
    "context_os_version": "17.6.1",
    "context_receiver_service_timestamp": 1727357728474,
    "context_time": 1727353512932,
    "message_entity_uri": "spotify:playlist:0Z6cGgEjtDq0ehhb2AZjGb",
    "message_failure_reasons": [
    ],
    "message_operation_succeeded": true,
    "message_play_state": "PLAYING_LOCALLY",
    "message_smart_shuffle_state": false,
    "message_tech_stack": "LENS"
  },
  {
    "timestamp_utc": "2024-08-21T20:32:50.629Z",
    "context_application_version": "8.9.66.462",
    "context_conn_country": "DE",
    "context_device_manufacturer": "apple",
    "context_device_model": "iPhone15,2",
    "context_device_type": "mobile",
    "context_os_name": "ios",
    "context_os_version": "17.5.1",
    "context_receiver_service_timestamp": 1724272376353,
    "context_time": 1724272370629,
    "message_entity_uri": "spotify:playlist:3KCggLMweRH05Qqu9usoeN",
    "message_failure_reasons": [
      "NO_IMMEDIATE_RECS"
    ],
    "message_operation_succeeded": false,
    "message_play_state": "PLAYING_OVER_CONNECT",
    "message_smart_shuffle_state": true,
    "message_tech_stack": "LENS"
  },
  {
    "timestamp_utc": "2024-09-01T16:34:25.999Z",
    "context_application_version": "8.9.68.490",
    "context_conn_country": "DE",
    "context_device_manufacturer": "apple",
    "context_device_model": "iPhone15,2",
    "context_device_type": "mobile",
    "context_os_name": "ios",
    "context_os_version": "17.5.1",
    "context_receiver_service_timestamp": 1725208612299,
    "context_time": 1725208465999,
    "message_entity_uri": "spotify:collection:tracks",
    "message_failure_reasons": [
    ],
    "message_operation_succeeded": true,
    "message_play_state": "PLAYING_LOCALLY",
    "message_smart_shuffle_state": true,
    "message_tech_stack": "LENS"
  },
  {
    "timestamp_utc": "2024-08-29T14:35:04.361Z",
    "context_application_version": "8.9.68.490",
    "context_conn_country": "DE",
    "context_device_manufacturer": "apple",
    "context_device_model": "iPhone15,2",
    "context_device_type": "mobile",
    "context_os_name": "ios",
    "context_os_version": "17.5.1",
    "context_receiver_service_timestamp": 1724942115258,
    "context_time": 1724942104361,
    "message_entity_uri": "spotify:collection:tracks",
    "message_failure_reasons": [
    ],
    "message_operation_succeeded": true,
    "message_play_state": "PLAYING_LOCALLY",
    "message_smart_shuffle_state": true,
    "message_tech_stack": "LENS"
  },
  {
    "timestamp_utc": "2024-09-03T14:12:15.102Z",
    "context_application_version": "8.9.68.456",
    "context_conn_country": "DE",
    "context_device_manufacturer": "samsung",
    "context_device_model": "SM-A725F",
    "context_device_type": "mobile",
    "context_os_name": "android",
    "context_os_version": "14",
    "context_receiver_service_timestamp": 1725369195741,
    "context_time": 1725372735102,
    "message_entity_uri": null,
    "message_failure_reasons": [
    ],
    "message_operation_succeeded": true,
    "message_play_state": null,
    "message_smart_shuffle_state": true,
    "message_tech_stack": "LENS"
  },
  {
    "timestamp_utc": "2024-08-29T14:34:45.249Z",
    "context_application_version": "8.9.68.490",
    "context_conn_country": "DE",
    "context_device_manufacturer": "apple",
    "context_device_model": "iPhone15,2",
    "context_device_type": "mobile",
    "context_os_name": "ios",
    "context_os_version": "17.5.1",
    "context_receiver_service_timestamp": 1724942093531,
    "context_time": 1724942085249,
    "message_entity_uri": "spotify:collection:tracks",
    "message_failure_reasons": [
    ],
    "message_operation_succeeded": true,
    "message_play_state": "PLAYING_LOCALLY",
    "message_smart_shuffle_state": false,
    "message_tech_stack": "LENS"
  },
  {
    "timestamp_utc": "2024-08-21T20:26:37.755Z",
    "context_application_version": "8.9.66.462",
    "context_conn_country": "DE",
    "context_device_manufacturer": "apple",
    "context_device_model": "iPhone15,2",
    "context_device_type": "mobile",
    "context_os_name": "ios",
    "context_os_version": "17.5.1",
    "context_receiver_service_timestamp": 1724272003477,
    "context_time": 1724271997755,
    "message_entity_uri": "spotify:playlist:3KCggLMweRH05Qqu9usoeN",
    "message_failure_reasons": [
    ],
    "message_operation_succeeded": true,
    "message_play_state": "PLAYING_OVER_CONNECT",
    "message_smart_shuffle_state": true,
    "message_tech_stack": "LENS"
  }
]