[
  {
    "timestamp_utc": "2024-11-26T20:56:09.045Z",
    "context_application_version": "8.9.94.418",
    "context_conn_country": "FR",
    "context_device_manufacturer": "apple",
    "context_device_model": "iPhone14,5",
    "context_device_type": "mobile",
    "context_os_name": "ios",
    "context_os_version": "17.6.1",
    "context_receiver_service_timestamp": 1732654591772,
    "context_time": 1732654569045,
    "message_components": "SocialListeningInvite",
    "message_reason": "tokenNotFound",
    "message_token": "6016E311-EF53-42BB-B94C-D2FBAD555ECB"
  }
]