[
  {
    "timestamp_utc": "2024-07-06T10:26:48.251Z",
    "context_application_version": "8.9.50.491",
    "context_conn_country": "DE",
    "context_device_manufacturer": "apple",
    "context_device_model": "iPhone15,2",
    "context_device_type": "mobile",
    "context_os_name": "ios",
    "context_os_version": "17.5.1",
    "context_receiver_service_timestamp": 1720261627190,
    "context_time": 1720261608251,
    "message_device_type": "SPEAKER",
    "message_session_id": "c40306b0952a74c131cf3d19218c6750",
    "message_session_type": "IPL",
    "message_session_uri": "spotify:socialsession:5iaGyh3NldRthywItX1QCjLnAcAyZMRJfyNzkj7FYQFfblaKxs4UID56MAcvOY2t2E4rbSPTS50Cwngxi9QjN1Q0f0lYd66rgGmarAuNNXQo",
    "message_tech_type": "CONNECT"
  },
  {
    "timestamp_utc": "2024-08-21T20:55:08.276Z",
    "context_application_version": "8.9.66.543",
    "context_conn_country": "DE",
    "context_device_manufacturer": "samsung",
    "context_device_model": "SM-A725F",
    "context_device_type": "mobile",
    "context_os_name": "android",
    "context_os_version": "14",
    "context_receiver_service_timestamp": 1724270170324,
    "context_time": 1724273708276,
    "message_device_type": "speaker",
    "message_session_id": "c172e34ed23453fddb73cf8d1285f316",
    "message_session_type": "ipl",
    "message_session_uri": "spotify:socialsession:5t21QXx4FHbOWVUutlR0r8",
    "message_tech_type": "connect"
  },
  {
    "timestamp_utc": "2024-08-13T10:08:54.054Z",
    "context_application_version": "8.9.64.456",
    "context_conn_country": "MA",
    "context_device_manufacturer": "apple",
    "context_device_model": "iPhone14,5",
    "context_device_type": "mobile",
    "context_os_name": "ios",
    "context_os_version": "17.5.1",
    "context_receiver_service_timestamp": 1723543742418,
    "context_time": 1723543734054,
    "message_device_type": "SPEAKER",
    "message_session_id": "8d8ef6687c6d8eb6f6f1e18abfecb9b4",
    "message_session_type": "IPL",
    "message_session_uri": "spotify:socialsession:4J7FdJvOdCctAOonb1vnOu",
    "message_tech_type": "CONNECT"
  },
  {
    "timestamp_utc": "2024-10-30T12:42:10.497Z",
    "context_application_version": "8.9.84.543",
    "context_conn_country": "DE",
    "context_device_manufacturer": "apple",
    "context_device_model": "iPhone15,2",
    "context_device_type": "mobile",
    "context_os_name": "ios",
    "context_os_version": "18.0",
    "context_receiver_service_timestamp": 1730302421419,
    "context_time": 1730292130497,
    "message_device_type": "SPEAKER",
    "message_session_id": "ae2115f3d200b1a0be8be22c3467446d",
    "message_session_type": "IPL",
    "message_session_uri": "spotify:socialsession:5izMG1CaABo4vVSNodcNZP",
    "message_tech_type": "CONNECT"
  },
  {
    "timestamp_utc": "2024-09-06T14:29:50.639Z",
    "context_application_version": "8.9.68.490",
    "context_conn_country": "DE",
    "context_device_manufacturer": "apple",
    "context_device_model": "iPhone15,2",
    "context_device_type": "mobile",
    "context_os_name": "ios",
    "context_os_version": "17.5.1",
    "context_receiver_service_timestamp": 1725633017964,
    "context_time": 1725632990639,
    "message_device_type": "SPEAKER",
    "message_session_id": "cfe7ee4232969225d28ebdc0ee96fe8d",
    "message_session_type": "IPL",
    "message_session_uri": "spotify:socialsession:6KJP4AhOWIoSswm3VtBRwT",
    "message_tech_type": "CONNECT"
  },
  {
    "timestamp_utc": "2024-08-22T18:38:54.646Z",
    "context_application_version": "8.9.66.462",
    "context_conn_country": "DE",
    "context_device_manufacturer": "apple",
    "context_device_model": "iPhone15,2",
    "context_device_type": "mobile",
    "context_os_name": "ios",
    "context_os_version": "17.5.1",
    "context_receiver_service_timestamp": 1724351947182,
    "context_time": 1724351934646,
    "message_device_type": "SPEAKER",
    "message_session_id": "7aee35edce47da7a886178e4d0638410",
    "message_session_type": "IPL",
    "message_session_uri": "spotify:socialsession:3jxvRLJSFa5nSC38gcJKe8",
    "message_tech_type": "CONNECT"
  },
  {
    "timestamp_utc": "2024-10-14T06:31:45.999Z",
    "context_application_version": "8.9.82.628",
    "context_conn_country": "DE",
    "context_device_manufacturer": "apple",
    "context_device_model": "iPhone15,2",
    "context_device_type": "mobile",
    "context_os_name": "ios",
    "context_os_version": "18.0",
    "context_receiver_service_timestamp": 1728887518875,
    "context_time": 1728887505999,
    "message_device_type": "SPEAKER",
    "message_session_id": "ca8f1e8ad120589e0b989ad0d3372cf1",
    "message_session_type": "IPL",
    "message_session_uri": "spotify:socialsession:WGo2y6adR3wO7kgZlJLuWP4oi4h",
    "message_tech_type": "CONNECT"
  },
  {
    "timestamp_utc": "2024-08-03T15:10:39.680Z",
    "context_application_version": "8.9.58.473",
    "context_conn_country": "FR",
    "context_device_manufacturer": "apple",
    "context_device_model": "iPhone14,5",
    "context_device_type": "mobile",
    "context_os_name": "ios",
    "context_os_version": "17.5.1",
    "context_receiver_service_timestamp": 1722697840118,
    "context_time": 1722697839680,
    "message_device_type": "SPEAKER",
    "message_session_id": "317cb74ade0b511ecda4826d8a3d9425",
    "message_session_type": "IPL",
    "message_session_uri": "spotify:socialsession:1VNcOvKzohQ6SdOHWMn6nN",
    "message_tech_type": "CONNECT"
  },
  {
    "timestamp_utc": "2024-11-17T19:11:30.278Z",
    "context_application_version": "8.9.90.84",
    "context_conn_country": "DE",
    "context_device_manufacturer": "apple",
    "context_device_model": "iPhone15,2",
    "context_device_type": "mobile",
    "context_os_name": "ios",
    "context_os_version": "18.0",
    "context_receiver_service_timestamp": 1731870696365,
    "context_time": 1731870690278,
    "message_device_type": "SPEAKER",
    "message_session_id": "50b0d8ecc6042f87fad7eb0eb56f53b9",
    "message_session_type": "IPL",
    "message_session_uri": "spotify:socialsession:2sgcKriRio1U0dQrNqxDst",
    "message_tech_type": "CONNECT"
  },
  {
    "timestamp_utc": "2024-06-29T12:45:28.753Z",
    "context_application_version": "8.9.50.491",
    "context_conn_country": "DE",
    "context_device_manufacturer": "apple",
    "context_device_model": "iPhone15,2",
    "context_device_type": "mobile",
    "context_os_name": "ios",
    "context_os_version": "17.5.1",
    "context_receiver_service_timestamp": 1719665131919,
    "context_time": 1719665128753,
    "message_device_type": "SPEAKER",
    "message_session_id": "96d484fe77353b09345b9c292e054054",
    "message_session_type": "IPL",
    "message_session_uri": "spotify:socialsession:4OqnAg0rgFwKvttIsAOcE6y4awG5qosWbJM4lF2xJwLJM3POeZVfWHlgAa0C5KwrT8XG1CHSDHlTn5SltuQdzFkDNRJ6CdLHapNZ0mz1Ql5a",
    "message_tech_type": "CONNECT"
  },
  {
    "timestamp_utc": "2024-06-30T17:24:03.099Z",
    "context_application_version": "8.9.50.491",
    "context_conn_country": "DE",
    "context_device_manufacturer": "apple",
    "context_device_model": "iPhone15,2",
    "context_device_type": "mobile",
    "context_os_name": "ios",
    "context_os_version": "17.5.1",
    "context_receiver_service_timestamp": 1719768270397,
    "context_time": 1719768243099,
    "message_device_type": "SPEAKER",
    "message_session_id": "a160dd40d597c94e2a916bbcaafd6ad3",
    "message_session_type": "IPL",
    "message_session_uri": "spotify:socialsession:4hvrHq3sRhp6AO66JTymtZBxdtjiNeSzpc831YqiM0QiX3USYFWIdQRjS7zwND3ZvsXkIiGvDyTxKRUTsur2osyWCgjZdni4dNjqIiuLCRMh",
    "message_tech_type": "CONNECT"
  },
  {
    "timestamp_utc": "2024-08-21T21:11:38.708Z",
    "context_application_version": "8.9.66.543",
    "context_conn_country": "DE",
    "context_device_manufacturer": "samsung",
    "context_device_model": "SM-A725F",
    "context_device_type": "mobile",
    "context_os_name": "android",
    "context_os_version": "14",
    "context_receiver_service_timestamp": 1724271151973,
    "context_time": 1724274698708,
    "message_device_type": "speaker",
    "message_session_id": "08fb6272297eecdb4e3c63692208ce3d",
    "message_session_type": "ipl",
    "message_session_uri": "spotify:socialsession:GwowWxpEiXAmZIrtEQdg5",
    "message_tech_type": "connect"
  },
  {
    "timestamp_utc": "2024-08-14T07:13:02.645Z",
    "context_application_version": "8.9.64.548",
    "context_conn_country": "MA",
    "context_device_manufacturer": "samsung",
    "context_device_model": "SM-A725F",
    "context_device_type": "mobile",
    "context_os_name": "android",
    "context_os_version": "14",
    "context_receiver_service_timestamp": 1723619563088,
    "context_time": 1723619582645,
    "message_device_type": "speaker",
    "message_session_id": "a98165ab430d8c7f41f404e254d58da6",
    "message_session_type": "ipl",
    "message_session_uri": "spotify:socialsession:59qpwy393PYrtkG6lJcksw",
    "message_tech_type": "connect"
  },
  {
    "timestamp_utc": "2024-07-26T17:35:38.378Z",
    "context_application_version": "8.9.58.473",
    "context_conn_country": "DE",
    "context_device_manufacturer": "apple",
    "context_device_model": "iPhone15,2",
    "context_device_type": "mobile",
    "context_os_name": "ios",
    "context_os_version": "17.5.1",
    "context_receiver_service_timestamp": 1722015344786,
    "context_time": 1722015338378,
    "message_device_type": "SPEAKER",
    "message_session_id": "c5e0adb1bfa71635bfc9f5f7fc1c7332",
    "message_session_type": "IPL",
    "message_session_uri": "spotify:socialsession:5lxXZ2PUpcBow53Dbg7VjYmJ7dR0yIxQBvuKG1ua7TFNO9BwPJYqfZWlISReUMP519hfXLsyHcvjP09HU8WcNmrXKe2UmGCOxBXpRmvQNmmM",
    "message_tech_type": "CONNECT"
  },
  {
    "timestamp_utc": "2024-07-26T14:59:21.772Z",
    "context_application_version": "8.9.58.473",
    "context_conn_country": "DE",
    "context_device_manufacturer": "apple",
    "context_device_model": "iPhone15,2",
    "context_device_type": "mobile",
    "context_os_name": "ios",
    "context_os_version": "17.5.1",
    "context_receiver_service_timestamp": 1722005975824,
    "context_time": 1722005961772,
    "message_device_type": "SPEAKER",
    "message_session_id": "ae6eb0025191d61766f8cf87a329db4d",
    "message_session_type": "IPL",
    "message_session_uri": "spotify:socialsession:55Xy2NZifvfPiU4NUJTa3RJnHBmC22ZDprH6NDbXL7wAGwhZgBQx2tFPSmcQA9j6Asnb6s9bVd7qDBUF08jWEXHOo5336xAxq7X2XgvaHu7r",
    "message_tech_type": "CONNECT"
  },
  {
    "timestamp_utc": "2024-11-13T15:47:53.593Z",
    "context_application_version": "8.9.90.84",
    "context_conn_country": "DE",
    "context_device_manufacturer": "apple",
    "context_device_model": "iPhone15,2",
    "context_device_type": "mobile",
    "context_os_name": "ios",
    "context_os_version": "18.0",
    "context_receiver_service_timestamp": 1731512901182,
    "context_time": 1731512873593,
    "message_device_type": "SPEAKER",
    "message_session_id": "2e1e4fc1125d43a3d627350f319811f7",
    "message_session_type": "IPL",
    "message_session_uri": "spotify:socialsession:1p1uXTOZcFL69rV9ygw39Z",
    "message_tech_type": "CONNECT"
  },
  {
    "timestamp_utc": "2024-10-12T20:38:09.461Z",
    "context_application_version": "8.9.76.516",
    "context_conn_country": "DE",
    "context_device_manufacturer": "apple",
    "context_device_model": "iPhone15,2",
    "context_device_type": "mobile",
    "context_os_name": "ios",
    "context_os_version": "18.0",
    "context_receiver_service_timestamp": 1728765516922,
    "context_time": 1728765489461,
    "message_device_type": "SPEAKER",
    "message_session_id": "0aa069c816d022aa4d7447703b30fa6c",
    "message_session_type": "IPL",
    "message_session_uri": "spotify:socialsession:WGo2y0k3ep0jVoy679RTxvF530o",
    "message_tech_type": "CONNECT"
  },
  {
    "timestamp_utc": "2024-08-21T19:27:16.229Z",
    "context_application_version": "8.9.66.462",
    "context_conn_country": "DE",
    "context_device_manufacturer": "apple",
    "context_device_model": "iPhone15,2",
    "context_device_type": "mobile",
    "context_os_name": "ios",
    "context_os_version": "17.5.1",
    "context_receiver_service_timestamp": 1724268444302,
    "context_time": 1724268436229,
    "message_device_type": "SPEAKER",
    "message_session_id": "581143d19d8314a69a8fde7ea5a0f2c2",
    "message_session_type": "IPL",
    "message_session_uri": "spotify:socialsession:2gBDJw7Pp0WNrNrEIoJVvm",
    "message_tech_type": "CONNECT"
  },
  {
    "timestamp_utc": "2024-07-30T19:42:21.562Z",
    "context_application_version": "8.9.58.473",
    "context_conn_country": "DE",
    "context_device_manufacturer": "apple",
    "context_device_model": "iPhone15,2",
    "context_device_type": "mobile",
    "context_os_name": "ios",
    "context_os_version": "17.5.1",
    "context_receiver_service_timestamp": 1722368568500,
    "context_time": 1722368541562,
    "message_device_type": "SPEAKER",
    "message_session_id": "75cd8df42ec545b2f3aa58e99f9b5aeb",
    "message_session_type": "IPL",
    "message_session_uri": "spotify:socialsession:3aI2XKi7P1NosF60VHfvXX",
    "message_tech_type": "CONNECT"
  },
  {
    "timestamp_utc": "2024-08-31T08:35:43.374Z",
    "context_application_version": "8.9.68.490",
    "context_conn_country": "DE",
    "context_device_manufacturer": "apple",
    "context_device_model": "iPhone15,2",
    "context_device_type": "mobile",
    "context_os_name": "ios",
    "context_os_version": "17.5.1",
    "context_receiver_service_timestamp": 1725093348727,
    "context_time": 1725093343374,
    "message_device_type": "SPEAKER",
    "message_session_id": "d80d4e48a763350c7d7aa404da68597d",
    "message_session_type": "IPL",
    "message_session_uri": "spotify:socialsession:6ZgQFWrrxDGyQZc78nsICj",
    "message_tech_type": "CONNECT"
  },
  {
    "timestamp_utc": "2024-07-31T19:17:03.655Z",
    "context_application_version": "8.9.58.473",
    "context_conn_country": "FR",
    "context_device_manufacturer": "apple",
    "context_device_model": "iPhone14,5",
    "context_device_type": "mobile",
    "context_os_name": "ios",
    "context_os_version": "17.5.1",
    "context_receiver_service_timestamp": 1722453452577,
    "context_time": 1722453423655,
    "message_device_type": "SPEAKER",
    "message_session_id": "11bc0394bd08601477577ea214935634",
    "message_session_type": "IPL",
    "message_session_uri": "spotify:socialsession:XSn7BR0oNnaMttB2V7YSi",
    "message_tech_type": "CONNECT"
  },
  {
    "timestamp_utc": "2024-07-25T19:43:19.362Z",
    "context_application_version": "8.9.58.473",
    "context_conn_country": "DE",
    "context_device_manufacturer": "apple",
    "context_device_model": "iPhone15,2",
    "context_device_type": "mobile",
    "context_os_name": "ios",
    "context_os_version": "17.5.1",
    "context_receiver_service_timestamp": 1721936604656,
    "context_time": 1721936599362,
    "message_device_type": "SPEAKER",
    "message_session_id": "f1dc174e7d51b302b3a1398eb42ecc00",
    "message_session_type": "IPL",
    "message_session_uri": "spotify:socialsession:73WThUSEJKIXsGjFvlxjaNEcK2W7j2YraFZrxS1Pknzn6AjJEgnFMHJfUBB2V3mlkD24X1RVeHdkdIv6fcYi6C5JYXx9AW1sXoAqpIkFS0iW",
    "message_tech_type": "CONNECT"
  },
  {
    "timestamp_utc": "2024-08-08T21:28:39.445Z",
    "context_application_version": "8.9.62.465",
    "context_conn_country": "DE",
    "context_device_manufacturer": "apple",
    "context_device_model": "iPhone15,2",
    "context_device_type": "mobile",
    "context_os_name": "ios",
    "context_os_version": "17.5.1",
    "context_receiver_service_timestamp": 1723152530907,
    "context_time": 1723152519445,
    "message_device_type": "SPEAKER",
    "message_session_id": "4791d942e878c04a19fa833d5233515f",
    "message_session_type": "IPL",
    "message_session_uri": "spotify:socialsession:2B36i6U94rPoU2kneUOAmt",
    "message_tech_type": "CONNECT"
  },
  {
    "timestamp_utc": "2024-07-26T20:14:33.906Z",
    "context_application_version": "8.9.58.473",
    "context_conn_country": "DE",
    "context_device_manufacturer": "apple",
    "context_device_model": "iPhone15,2",
    "context_device_type": "mobile",
    "context_os_name": "ios",
    "context_os_version": "17.5.1",
    "context_receiver_service_timestamp": 1722024880933,
    "context_time": 1722024873906,
    "message_device_type": "SPEAKER",
    "message_session_id": "138ddf60a4caee0f3d9296f16c4ff06c",
    "message_session_type": "IPL",
    "message_session_uri": "spotify:socialsession:ZN9iomg0qYBlouHfRoeuws8vFa9oK47LhZmkev5bQH7OXdGW2q7I6exg2XENngZwXm9xq6ivvRHWq0UeJjX0LjIM0iQVd5lb7AUTm9KkuIi",
    "message_tech_type": "CONNECT"
  },
  {
    "timestamp_utc": "2024-08-03T12:54:22.368Z",
    "context_application_version": "8.9.58.473",
    "context_conn_country": "FR",
    "context_device_manufacturer": "apple",
    "context_device_model": "iPhone14,5",
    "context_device_type": "mobile",
    "context_os_name": "ios",
    "context_os_version": "17.5.1",
    "context_receiver_service_timestamp": 1722689670511,
    "context_time": 1722689662368,
    "message_device_type": "SPEAKER",
    "message_session_id": "76de38c6e378b48469114c336b921f19",
    "message_session_type": "IPL",
    "message_session_uri": "spotify:socialsession:3cIeJSZ9AvgNvrj2LA3hMn",
    "message_tech_type": "CONNECT"
  },
  {
    "timestamp_utc": "2024-11-13T21:23:55.242Z",
    "context_application_version": "8.9.90.84",
    "context_conn_country": "DE",
    "context_device_manufacturer": "apple",
    "context_device_model": "iPhone15,2",
    "context_device_type": "mobile",
    "context_os_name": "ios",
    "context_os_version": "18.0",
    "context_receiver_service_timestamp": 1731533041615,
    "context_time": 1731533035242,
    "message_device_type": "SPEAKER",
    "message_session_id": "38daec73e67460b166b381f197dcf87d",
    "message_session_type": "IPL",
    "message_session_uri": "spotify:socialsession:1JhCmgzoS1pM2QXsX6f1qB",
    "message_tech_type": "CONNECT"
  },
  {
    "timestamp_utc": "2024-10-30T20:42:26.691Z",
    "context_application_version": "8.9.84.543",
    "context_conn_country": "DE",
    "context_device_manufacturer": "apple",
    "context_device_model": "iPhone15,2",
    "context_device_type": "mobile",
    "context_os_name": "ios",
    "context_os_version": "18.0",
    "context_receiver_service_timestamp": 1730320953083,
    "context_time": 1730320946691,
    "message_device_type": "SPEAKER",
    "message_session_id": "bf23eed4c3429fbc534865dc6e4cba4a",
    "message_session_type": "IPL",
    "message_session_uri": "spotify:socialsession:5OFXgi6lkJwQGnut9pvlKq",
    "message_tech_type": "CONNECT"
  },
  {
    "timestamp_utc": "2024-08-04T10:21:17.003Z",
    "context_application_version": "8.9.58.473",
    "context_conn_country": "FR",
    "context_device_manufacturer": "apple",
    "context_device_model": "iPhone14,5",
    "context_device_type": "mobile",
    "context_os_name": "ios",
    "context_os_version": "17.5.1",
    "context_receiver_service_timestamp": 1722766902746,
    "context_time": 1722766877003,
    "message_device_type": "SPEAKER",
    "message_session_id": "58104a580630ab74069833c32fd2036b",
    "message_session_type": "IPL",
    "message_session_uri": "spotify:socialsession:2gAli01HjzJVywG8IqTk6d",
    "message_tech_type": "CONNECT"
  },
  {
    "timestamp_utc": "2024-10-30T15:33:42.187Z",
    "context_application_version": "8.9.84.543",
    "context_conn_country": "DE",
    "context_device_manufacturer": "apple",
    "context_device_model": "iPhone15,2",
    "context_device_type": "mobile",
    "context_os_name": "ios",
    "context_os_version": "18.0",
    "context_receiver_service_timestamp": 1730302433414,
    "context_time": 1730302422187,
    "message_device_type": "SPEAKER",
    "message_session_id": "8558522ec2eb73701ee00df15a5d6288",
    "message_session_type": "IPL",
    "message_session_uri": "spotify:socialsession:43CldQhkJJWWBOJLJ2UHbO",
    "message_tech_type": "CONNECT"
  },
  {
    "timestamp_utc": "2024-07-06T17:12:12.729Z",
    "context_application_version": "8.9.50.491",
    "context_conn_country": "FR",
    "context_device_manufacturer": "apple",
    "context_device_model": "iPhone14,5",
    "context_device_type": "mobile",
    "context_os_name": "ios",
    "context_os_version": "17.4.1",
    "context_receiver_service_timestamp": 1720285945065,
    "context_time": 1720285932729,
    "message_device_type": "SPEAKER",
    "message_session_id": "2af82e2beba29b0fd372385060481e89",
    "message_session_type": "IPL",
    "message_session_uri": "spotify:socialsession:1FjMY5iRKuUfcGCzcCkBTvkZfQjljfyJ26iBEYDHwQs7eOvBoMrw5214P8oAHfg25vdVcmakBDQ21W8ygo0P3fTAxIFSjUhEpqI0s0J7HhRU",
    "message_tech_type": "CONNECT"
  },
  {
    "timestamp_utc": "2024-10-12T19:32:55.550Z",
    "context_application_version": "8.9.76.516",
    "context_conn_country": "DE",
    "context_device_manufacturer": "apple",
    "context_device_model": "iPhone15,2",
    "context_device_type": "mobile",
    "context_os_name": "ios",
    "context_os_version": "18.0",
    "context_receiver_service_timestamp": 1728761583481,
    "context_time": 1728761575550,
    "message_device_type": "SPEAKER",
    "message_session_id": "0aa069c816d022aa4d7447703b30fa6c",
    "message_session_type": "IPL",
    "message_session_uri": "spotify:socialsession:WGo2y0k3ep0jVoy679RTxvF530o",
    "message_tech_type": "CONNECT"
  },
  {
    "timestamp_utc": "2024-07-31T18:46:40.932Z",
    "context_application_version": "8.9.58.473",
    "context_conn_country": "FR",
    "context_device_manufacturer": "apple",
    "context_device_model": "iPhone14,5",
    "context_device_type": "mobile",
    "context_os_name": "ios",
    "context_os_version": "17.5.1",
    "context_receiver_service_timestamp": 1722453423254,
    "context_time": 1722451600932,
    "message_device_type": "SPEAKER",
    "message_session_id": "11bc0394bd08601477577ea214935634",
    "message_session_type": "IPL",
    "message_session_uri": "spotify:socialsession:XSn7BR0oNnaMttB2V7YSi",
    "message_tech_type": "CONNECT"
  },
  {
    "timestamp_utc": "2024-10-12T21:31:52.257Z",
    "context_application_version": "8.9.76.516",
    "context_conn_country": "DE",
    "context_device_manufacturer": "apple",
    "context_device_model": "iPhone15,2",
    "context_device_type": "mobile",
    "context_os_name": "ios",
    "context_os_version": "18.0",
    "context_receiver_service_timestamp": 1728768739544,
    "context_time": 1728768712257,
    "message_device_type": "SPEAKER",
    "message_session_id": "0aa069c816d022aa4d7447703b30fa6c",
    "message_session_type": "IPL",
    "message_session_uri": "spotify:socialsession:WGo2y0k3ep0jVoy679RTxvF530o",
    "message_tech_type": "CONNECT"
  },
  {
    "timestamp_utc": "2024-08-03T12:44:08.249Z",
    "context_application_version": "8.9.58.473",
    "context_conn_country": "FR",
    "context_device_manufacturer": "apple",
    "context_device_model": "iPhone14,5",
    "context_device_type": "mobile",
    "context_os_name": "ios",
    "context_os_version": "17.5.1",
    "context_receiver_service_timestamp": 1722689057570,
    "context_time": 1722689048249,
    "message_device_type": "SPEAKER",
    "message_session_id": "03d33ddfe00d12ff7098de7c7d348a76",
    "message_session_type": "IPL",
    "message_session_uri": "spotify:socialsession:7DVuWxRfBaevA4ESHH4r8",
    "message_tech_type": "CONNECT"
  },
  {
    "timestamp_utc": "2024-09-06T16:23:17.982Z",
    "context_application_version": "8.9.68.490",
    "context_conn_country": "DE",
    "context_device_manufacturer": "apple",
    "context_device_model": "iPhone15,2",
    "context_device_type": "mobile",
    "context_os_name": "ios",
    "context_os_version": "17.5.1",
    "context_receiver_service_timestamp": 1725639820480,
    "context_time": 1725639797982,
    "message_device_type": "SPEAKER",
    "message_session_id": "45d6a984d4f7353a218b1ef3f8056764",
    "message_session_type": "IPL",
    "message_session_uri": "spotify:socialsession:27mZQfTUwgKuVb6oc5TZVk",
    "message_tech_type": "CONNECT"
  },
  {
    "timestamp_utc": "2024-09-07T14:06:34.001Z",
    "context_application_version": "8.9.68.490",
    "context_conn_country": "DE",
    "context_device_manufacturer": "apple",
    "context_device_model": "iPhone15,2",
    "context_device_type": "mobile",
    "context_os_name": "ios",
    "context_os_version": "17.5.1",
    "context_receiver_service_timestamp": 1725718021461,
    "context_time": 1725717994001,
    "message_device_type": "SPEAKER",
    "message_session_id": "b4ebe18fd2b1445240b318f0329b9f4e",
    "message_session_type": "IPL",
    "message_session_uri": "spotify:socialsession:5VOPqGLMab7htbfLByQf1S",
    "message_tech_type": "CONNECT"
  },
  {
    "timestamp_utc": "2024-07-04T18:06:55.404Z",
    "context_application_version": "8.9.50.491",
    "context_conn_country": "DE",
    "context_device_manufacturer": "apple",
    "context_device_model": "iPhone15,2",
    "context_device_type": "mobile",
    "context_os_name": "ios",
    "context_os_version": "17.5.1",
    "context_receiver_service_timestamp": 1720116419091,
    "context_time": 1720116415404,
    "message_device_type": "SPEAKER",
    "message_session_id": "b779deadcdf08327abfbfb2414ab2d3c",
    "message_session_type": "IPL",
    "message_session_uri": "spotify:socialsession:5LuHtNZxXRF5CcNpbVqfIgAzxDUF3Gramex82Dw79xCdqcOc7e5AayJOaQlNsT1odGrGiis603FNvc6hjuiGvp8acUjiIZoVIdQidXsXKMOe",
    "message_tech_type": "CONNECT"
  },
  {
    "timestamp_utc": "2024-07-26T14:59:20.352Z",
    "context_application_version": "8.9.58.473",
    "context_conn_country": "DE",
    "context_device_manufacturer": "apple",
    "context_device_model": "iPhone15,2",
    "context_device_type": "mobile",
    "context_os_name": "ios",
    "context_os_version": "17.5.1",
    "context_receiver_service_timestamp": 1722005975824,
    "context_time": 1722005960352,
    "message_device_type": "SPEAKER",
    "message_session_id": "d45553cfac451f4f16d637545d5cce07",
    "message_session_type": "IPL",
    "message_session_uri": "spotify:socialsession:6C6rBKofdKesQVxKZlRXXp33263fLh88oqRZ4aC5FHvlS5f12GrCpCPcs03KShG7mKbv5Kyec0Qs9YlNvRcO1PItlxiJzpuOkRFkm6gzkuch",
    "message_tech_type": "CONNECT"
  },
  {
    "timestamp_utc": "2024-11-28T18:04:41.603Z",
    "context_application_version": "8.9.94.418",
    "context_conn_country": "DE",
    "context_device_manufacturer": "apple",
    "context_device_model": "iPhone15,2",
    "context_device_type": "mobile",
    "context_os_name": "ios",
    "context_os_version": "18.0",
    "context_receiver_service_timestamp": 1732817081707,
    "context_time": 1732817081603,
    "message_device_type": "SPEAKER",
    "message_session_id": "fe127ebbe4a5daeab4503a1110e59aa4",
    "message_session_type": "IPL",
    "message_session_uri": "spotify:socialsession:7JqvcKOabBBjVG9uLhdef2",
    "message_tech_type": "CONNECT"
  },
  {
    "timestamp_utc": "2024-10-13T14:51:12.862Z",
    "context_application_version": "8.9.82.628",
    "context_conn_country": "DE",
    "context_device_manufacturer": "apple",
    "context_device_model": "iPhone15,2",
    "context_device_type": "mobile",
    "context_os_name": "ios",
    "context_os_version": "18.0",
    "context_receiver_service_timestamp": 1728831153734,
    "context_time": 1728831072862,
    "message_device_type": "SPEAKER",
    "message_session_id": "742c1cb01626bc9cf294766bd004709d",
    "message_session_type": "IPL",
    "message_session_uri": "spotify:socialsession:WGo2y3xdgGNFVjAs78kY5OZ7FdX",
    "message_tech_type": "CONNECT"
  },
  {
    "timestamp_utc": "2024-09-09T19:28:08.179Z",
    "context_application_version": "8.9.70.592",
    "context_conn_country": "DE",
    "context_device_manufacturer": "apple",
    "context_device_model": "iPhone15,2",
    "context_device_type": "mobile",
    "context_os_name": "ios",
    "context_os_version": "17.5.1",
    "context_receiver_service_timestamp": 1725910089002,
    "context_time": 1725910088179,
    "message_device_type": "SPEAKER",
    "message_session_id": "fe7eb2bf8727d427112e945844f1f7bf",
    "message_session_type": "IPL",
    "message_session_uri": "spotify:socialsession:7kDx2g645EGxDUqjC9QqMR",
    "message_tech_type": "CONNECT"
  },
  {
    "timestamp_utc": "2024-11-29T11:30:10.378Z",
    "context_application_version": "8.9.94.418",
    "context_conn_country": "DE",
    "context_device_manufacturer": "apple",
    "context_device_model": "iPhone15,2",
    "context_device_type": "mobile",
    "context_os_name": "ios",
    "context_os_version": "18.0",
    "context_receiver_service_timestamp": 1732879810458,
    "context_time": 1732879810378,
    "message_device_type": "SPEAKER",
    "message_session_id": "3769912f1faeb57034210bb58e394a8f",
    "message_session_type": "IPL",
    "message_session_uri": "spotify:socialsession:1GyOYU0FKDxp7dtA4WbdW7",
    "message_tech_type": "CONNECT"
  },
  {
    "timestamp_utc": "2024-11-20T15:20:24.018Z",
    "context_application_version": "8.9.90.84",
    "context_conn_country": "FR",
    "context_device_manufacturer": "apple",
    "context_device_model": "iPhone14,5",
    "context_device_type": "mobile",
    "context_os_name": "ios",
    "context_os_version": "17.6.1",
    "context_receiver_service_timestamp": 1732116052978,
    "context_time": 1732116024018,
    "message_device_type": "SPEAKER",
    "message_session_id": "3d61a2150c0bd6b52580665015b2b923",
    "message_session_type": "IPL",
    "message_session_uri": "spotify:socialsession:1RP9kbCC6zkBEisjd5y7f5",
    "message_tech_type": "CONNECT"
  },
  {
    "timestamp_utc": "2024-09-06T16:26:47.313Z",
    "context_application_version": "8.9.68.490",
    "context_conn_country": "MA",
    "context_device_manufacturer": "apple",
    "context_device_model": "iPhone14,5",
    "context_device_type": "mobile",
    "context_os_name": "ios",
    "context_os_version": "17.5.1",
    "context_receiver_service_timestamp": 1725640032877,
    "context_time": 1725640007313,
    "message_device_type": "SPEAKER",
    "message_session_id": "45d6a984d4f7353a218b1ef3f8056764",
    "message_session_type": "IPL",
    "message_session_uri": "spotify:socialsession:27mZQfTUwgKuVb6oc5TZVk",
    "message_tech_type": "CONNECT"
  },
  {
    "timestamp_utc": "2024-11-14T16:59:05.912Z",
    "context_application_version": "8.9.90.84",
    "context_conn_country": "DE",
    "context_device_manufacturer": "apple",
    "context_device_model": "iPhone15,2",
    "context_device_type": "mobile",
    "context_os_name": "ios",
    "context_os_version": "18.0",
    "context_receiver_service_timestamp": 1731603550747,
    "context_time": 1731603545912,
    "message_device_type": "SPEAKER",
    "message_session_id": "d4993cf106999a6d71b6f4ef5a20ff49",
    "message_session_type": "IPL",
    "message_session_uri": "spotify:socialsession:6tap0jlYzln4rbSKQdVTPb",
    "message_tech_type": "CONNECT"
  },
  {
    "timestamp_utc": "2024-11-27T15:06:15.355Z",
    "context_application_version": "8.9.94.418",
    "context_conn_country": "DE",
    "context_device_manufacturer": "apple",
    "context_device_model": "iPhone15,2",
    "context_device_type": "mobile",
    "context_os_name": "ios",
    "context_os_version": "18.0",
    "context_receiver_service_timestamp": 1732719975484,
    "context_time": 1732719975355,
    "message_device_type": "SPEAKER",
    "message_session_id": "d924487977d7592cb90b2972702ac250",
    "message_session_type": "IPL",
    "message_session_uri": "spotify:socialsession:6BJUOzbAto5mjCve8BKUeI",
    "message_tech_type": "CONNECT"
  },
  {
    "timestamp_utc": "2024-07-25T13:50:27.493Z",
    "context_application_version": "8.9.58.473",
    "context_conn_country": "DE",
    "context_device_manufacturer": "apple",
    "context_device_model": "iPhone15,2",
    "context_device_type": "mobile",
    "context_os_name": "ios",
    "context_os_version": "17.5.1",
    "context_receiver_service_timestamp": 1721915434538,
    "context_time": 1721915427493,
    "message_device_type": "SPEAKER",
    "message_session_id": "1d173f7df374f0228b3e2252372a0811",
    "message_session_type": "IPL",
    "message_session_uri": "spotify:socialsession:qclOKhcCP5JfmTuobXGN50F8vjjQ4tZcDI8vEqBv1zrMTRoij9uoeG4dgdzzghxcQ9KhBvHWwsgAwd1u75JLlGYYvC3IrZWHkyaY03cnfIq",
    "message_tech_type": "CONNECT"
  },
  {
    "timestamp_utc": "2024-10-12T21:52:44.583Z",
    "context_application_version": "8.9.76.516",
    "context_conn_country": "DE",
    "context_device_manufacturer": "apple",
    "context_device_model": "iPhone15,2",
    "context_device_type": "mobile",
    "context_os_name": "ios",
    "context_os_version": "18.0",
    "context_receiver_service_timestamp": 1728769969911,
    "context_time": 1728769964583,
    "message_device_type": "SPEAKER",
    "message_session_id": "0aa069c816d022aa4d7447703b30fa6c",
    "message_session_type": "IPL",
    "message_session_uri": "spotify:socialsession:WGo2y0k3ep0jVoy679RTxvF530o",
    "message_tech_type": "CONNECT"
  },
  {
    "timestamp_utc": "2024-07-26T07:46:26.179Z",
    "context_application_version": "8.9.58.473",
    "context_conn_country": "DE",
    "context_device_manufacturer": "apple",
    "context_device_model": "iPhone15,2",
    "context_device_type": "mobile",
    "context_os_name": "ios",
    "context_os_version": "17.5.1",
    "context_receiver_service_timestamp": 1721979991904,
    "context_time": 1721979986179,
    "message_device_type": "SPEAKER",
    "message_session_id": "360b9572d7f7b7ddb02dbd8ff6216ede",
    "message_session_type": "IPL",
    "message_session_uri": "spotify:socialsession:1ZlbINOGQVPSqwShF283dTs24ofvFavxNZEXouKSeuRtPI2nSn06EyQZy99QgYrnYM106gvmxNvXJd4q10OZtnq76mLHQ3Yv4nfSMYd7pjML",
    "message_tech_type": "CONNECT"
  },
  {
    "timestamp_utc": "2024-09-07T10:38:28.142Z",
    "context_application_version": "8.9.68.490",
    "context_conn_country": "DE",
    "context_device_manufacturer": "apple",
    "context_device_model": "iPhone15,2",
    "context_device_type": "mobile",
    "context_os_name": "ios",
    "context_os_version": "17.5.1",
    "context_receiver_service_timestamp": 1725705535719,
    "context_time": 1725705508142,
    "message_device_type": "SPEAKER",
    "message_session_id": "73af7bebd05e1f9751fc87160b839cd7",
    "message_session_type": "IPL",
    "message_session_uri": "spotify:socialsession:3WIJTC0WDjOcq55QHzQJmB",
    "message_tech_type": "CONNECT"
  },
  {
    "timestamp_utc": "2024-11-29T10:58:03.733Z",
    "context_application_version": "8.9.94.418",
    "context_conn_country": "DE",
    "context_device_manufacturer": "apple",
    "context_device_model": "iPhone15,2",
    "context_device_type": "mobile",
    "context_os_name": "ios",
    "context_os_version": "18.0",
    "context_receiver_service_timestamp": 1732877904874,
    "context_time": 1732877883733,
    "message_device_type": "SPEAKER",
    "message_session_id": "fb95202b3de91fcd36a570857cb1c767",
    "message_session_type": "IPL",
    "message_session_uri": "spotify:socialsession:7EJdVI4O49qGdsJ3FOHzgj",
    "message_tech_type": "CONNECT"
  },
  {
    "timestamp_utc": "2024-09-05T16:45:44.302Z",
    "context_application_version": "8.9.68.490",
    "context_conn_country": "DE",
    "context_device_manufacturer": "apple",
    "context_device_model": "iPhone15,2",
    "context_device_type": "mobile",
    "context_os_name": "ios",
    "context_os_version": "17.5.1",
    "context_receiver_service_timestamp": 1725554744474,
    "context_time": 1725554744302,
    "message_device_type": "SPEAKER",
    "message_session_id": "28e870e27d84da7e28df0dd33acd801f",
    "message_session_type": "IPL",
    "message_session_uri": "spotify:socialsession:1FBuyDzFMY5NCfCQhMihgd",
    "message_tech_type": "CONNECT"
  },
  {
    "timestamp_utc": "2024-06-30T10:53:52.673Z",
    "context_application_version": "8.9.50.491",
    "context_conn_country": "DE",
    "context_device_manufacturer": "apple",
    "context_device_model": "iPhone15,2",
    "context_device_type": "mobile",
    "context_os_name": "ios",
    "context_os_version": "17.5.1",
    "context_receiver_service_timestamp": 1719744852511,
    "context_time": 1719744832673,
    "message_device_type": "SPEAKER",
    "message_session_id": "bf0ba11dad860b1b88cd494d7678fb25",
    "message_session_type": "IPL",
    "message_session_uri": "spotify:socialsession:5ZbFilRq59IPFoReCssHXgA5dKMmG2qlWm6JMtBXtwo332lXh3GmaXWGuaeJxys2lICF4WfhhItRGxWIEV9H0iv3RRMTOBvwXKOZlOBPKDEB",
    "message_tech_type": "CONNECT"
  },
  {
    "timestamp_utc": "2024-11-29T15:38:23.781Z",
    "context_application_version": "8.9.94.418",
    "context_conn_country": "DE",
    "context_device_manufacturer": "apple",
    "context_device_model": "iPhone15,2",
    "context_device_type": "mobile",
    "context_os_name": "ios",
    "context_os_version": "18.0",
    "context_receiver_service_timestamp": 1732894718130,
    "context_time": 1732894703781,
    "message_device_type": "SPEAKER",
    "message_session_id": "f8ee07fb5ad29a3e3ad78e36f241197c",
    "message_session_type": "IPL",
    "message_session_uri": "spotify:socialsession:7zISpFw5c0ZsUn6ZbLCMtm",
    "message_tech_type": "CONNECT"
  },
  {
    "timestamp_utc": "2024-07-29T19:59:48.146Z",
    "context_application_version": "8.9.58.473",
    "context_conn_country": "DE",
    "context_device_manufacturer": "apple",
    "context_device_model": "iPhone15,2",
    "context_device_type": "mobile",
    "context_os_name": "ios",
    "context_os_version": "17.5.1",
    "context_receiver_service_timestamp": 1722283218586,
    "context_time": 1722283188146,
    "message_device_type": "SPEAKER",
    "message_session_id": "79f19969db285702b9961d64ac970d96",
    "message_session_type": "IPL",
    "message_session_uri": "spotify:socialsession:3i6Tvehw9Pop6xm1Kl6hh0",
    "message_tech_type": "CONNECT"
  },
  {
    "timestamp_utc": "2024-07-25T18:44:20.755Z",
    "context_application_version": "8.9.58.473",
    "context_conn_country": "DE",
    "context_device_manufacturer": "apple",
    "context_device_model": "iPhone15,2",
    "context_device_type": "mobile",
    "context_os_name": "ios",
    "context_os_version": "17.5.1",
    "context_receiver_service_timestamp": 1721933088304,
    "context_time": 1721933060755,
    "message_device_type": "SPEAKER",
    "message_session_id": "b5e0d8a1a5379b65c0b7f3a2b55ec250",
    "message_session_type": "IPL",
    "message_session_uri": "spotify:socialsession:5J15U89YWjtGtYSO8SNJV6Fa0QJO6tKpuuC9DoWQ8UlOAyk2FSd2RoMyOMD7k75gplpDSAbvsUDSsHzokOuabxt91ba6Rjv8W32a8gwjkPpS",
    "message_tech_type": "CONNECT"
  },
  {
    "timestamp_utc": "2024-08-04T10:14:07.488Z",
    "context_application_version": "8.9.60.458",
    "context_conn_country": "DE",
    "context_device_manufacturer": "apple",
    "context_device_model": "iPhone15,2",
    "context_device_type": "mobile",
    "context_os_name": "ios",
    "context_os_version": "17.5.1",
    "context_receiver_service_timestamp": 1722766474340,
    "context_time": 1722766447488,
    "message_device_type": "SPEAKER",
    "message_session_id": "58104a580630ab74069833c32fd2036b",
    "message_session_type": "IPL",
    "message_session_uri": "spotify:socialsession:2gAli01HjzJVywG8IqTk6d",
    "message_tech_type": "CONNECT"
  },
  {
    "timestamp_utc": "2024-11-26T20:55:33.654Z",
    "context_application_version": "8.9.94.418",
    "context_conn_country": "FR",
    "context_device_manufacturer": "apple",
    "context_device_model": "iPhone14,5",
    "context_device_type": "mobile",
    "context_os_name": "ios",
    "context_os_version": "17.6.1",
    "context_receiver_service_timestamp": 1732654561492,
    "context_time": 1732654533654,
    "message_device_type": "SPEAKER",
    "message_session_id": "8b4d219937db403a6a909ee09d489628",
    "message_session_type": "IPL",
    "message_session_uri": "spotify:socialsession:4eRbjDAO4tp7j8BhCcpEve",
    "message_tech_type": "CONNECT"
  },
  {
    "timestamp_utc": "2024-11-29T10:28:24.590Z",
    "context_application_version": "8.9.94.418",
    "context_conn_country": "DE",
    "context_device_manufacturer": "apple",
    "context_device_model": "iPhone15,2",
    "context_device_type": "mobile",
    "context_os_name": "ios",
    "context_os_version": "18.0",
    "context_receiver_service_timestamp": 1732876114898,
    "context_time": 1732876104590,
    "message_device_type": "SPEAKER",
    "message_session_id": "e7113ad2892f6fb8ec03c4d21360a199",
    "message_session_type": "IPL",
    "message_session_uri": "spotify:socialsession:7216ipkGTqNplG23HLstUB",
    "message_tech_type": "CONNECT"
  },
  {
    "timestamp_utc": "2024-11-29T10:57:53.936Z",
    "context_application_version": "8.9.94.418",
    "context_conn_country": "DE",
    "context_device_manufacturer": "apple",
    "context_device_model": "iPhone15,2",
    "context_device_type": "mobile",
    "context_os_name": "ios",
    "context_os_version": "18.0",
    "context_receiver_service_timestamp": 1732877874067,
    "context_time": 1732877873936,
    "message_device_type": "SPEAKER",
    "message_session_id": "5edc7cf980ec2a8e869dfeb383314e78",
    "message_session_type": "IPL",
    "message_session_uri": "spotify:socialsession:2T02BTNSD3IHM4Jsjar5z2",
    "message_tech_type": "CONNECT"
  },
  {
    "timestamp_utc": "2024-11-28T18:00:50.444Z",
    "context_application_version": "8.9.94.418",
    "context_conn_country": "DE",
    "context_device_manufacturer": "apple",
    "context_device_model": "iPhone15,2",
    "context_device_type": "mobile",
    "context_os_name": "ios",
    "context_os_version": "18.0",
    "context_receiver_service_timestamp": 1732816856415,
    "context_time": 1732816850444,
    "message_device_type": "SPEAKER",
    "message_session_id": "451290e6178385af6d5ca622f87ecfde",
    "message_session_type": "IPL",
    "message_session_uri": "spotify:socialsession:26kXdZu8mSurD6KZRlB10i",
    "message_tech_type": "CONNECT"
  },
  {
    "timestamp_utc": "2024-08-21T20:12:17.940Z",
    "context_application_version": "8.9.66.462",
    "context_conn_country": "DE",
    "context_device_manufacturer": "apple",
    "context_device_model": "iPhone15,2",
    "context_device_type": "mobile",
    "context_os_name": "ios",
    "context_os_version": "17.5.1",
    "context_receiver_service_timestamp": 1724271163381,
    "context_time": 1724271137940,
    "message_device_type": "SPEAKER",
    "message_session_id": "08fb6272297eecdb4e3c63692208ce3d",
    "message_session_type": "IPL",
    "message_session_uri": "spotify:socialsession:GwowWxpEiXAmZIrtEQdg5",
    "message_tech_type": "CONNECT"
  },
  {
    "timestamp_utc": "2024-08-21T19:55:47.633Z",
    "context_application_version": "8.9.66.462",
    "context_conn_country": "DE",
    "context_device_manufacturer": "apple",
    "context_device_model": "iPhone15,2",
    "context_device_type": "mobile",
    "context_os_name": "ios",
    "context_os_version": "17.5.1",
    "context_receiver_service_timestamp": 1724270173625,
    "context_time": 1724270147633,
    "message_device_type": "SPEAKER",
    "message_session_id": "c172e34ed23453fddb73cf8d1285f316",
    "message_session_type": "IPL",
    "message_session_uri": "spotify:socialsession:5t21QXx4FHbOWVUutlR0r8",
    "message_tech_type": "CONNECT"
  },
  {
    "timestamp_utc": "2024-07-04T16:00:51.836Z",
    "context_application_version": "8.9.50.491",
    "context_conn_country": "DE",
    "context_device_manufacturer": "apple",
    "context_device_model": "iPhone15,2",
    "context_device_type": "mobile",
    "context_os_name": "ios",
    "context_os_version": "17.5.1",
    "context_receiver_service_timestamp": 1720108857636,
    "context_time": 1720108851836,
    "message_device_type": "SPEAKER",
    "message_session_id": "525d39d31d0087079bdb0eb952131e8a",
    "message_session_type": "IPL",
    "message_session_uri": "spotify:socialsession:2Ozn4RJRMPnJ300nrXrZIEYpss0u7muggHp6W0quzp9MtVSHCMG17zA4FU0HeMRog3BGj161eJOFtlLEIEoY9ENgT2inMvZRfVOi3RGLkXwt",
    "message_tech_type": "CONNECT"
  },
  {
    "timestamp_utc": "2024-08-13T10:03:42.298Z",
    "context_application_version": "8.9.64.456",
    "context_conn_country": "DE",
    "context_device_manufacturer": "apple",
    "context_device_model": "iPhone15,2",
    "context_device_type": "mobile",
    "context_os_name": "ios",
    "context_os_version": "17.5.1",
    "context_receiver_service_timestamp": 1723543449772,
    "context_time": 1723543422298,
    "message_device_type": "SPEAKER",
    "message_session_id": "8d8ef6687c6d8eb6f6f1e18abfecb9b4",
    "message_session_type": "IPL",
    "message_session_uri": "spotify:socialsession:4J7FdJvOdCctAOonb1vnOu",
    "message_tech_type": "CONNECT"
  },
  {
    "timestamp_utc": "2024-09-04T18:12:53.306Z",
    "context_application_version": "8.9.68.490",
    "context_conn_country": "DE",
    "context_device_manufacturer": "apple",
    "context_device_model": "iPhone15,2",
    "context_device_type": "mobile",
    "context_os_name": "ios",
    "context_os_version": "17.5.1",
    "context_receiver_service_timestamp": 1725473581319,
    "context_time": 1725473573306,
    "message_device_type": "SPEAKER",
    "message_session_id": "6d301d863514adba9d5e082394d532d4",
    "message_session_type": "IPL",
    "message_session_uri": "spotify:socialsession:3K29RrBiPEOahxx8oXjLq0",
    "message_tech_type": "CONNECT"
  },
  {
    "timestamp_utc": "2024-11-28T22:47:47.170Z",
    "context_application_version": "8.9.94.418",
    "context_conn_country": "DE",
    "context_device_manufacturer": "apple",
    "context_device_model": "iPhone15,2",
    "context_device_type": "mobile",
    "context_os_name": "ios",
    "context_os_version": "18.0",
    "context_receiver_service_timestamp": 1732834073633,
    "context_time": 1732834067170,
    "message_device_type": "SPEAKER",
    "message_session_id": "fe127ebbe4a5daeab4503a1110e59aa4",
    "message_session_type": "IPL",
    "message_session_uri": "spotify:socialsession:7JqvcKOabBBjVG9uLhdef2",
    "message_tech_type": "CONNECT"
  },
  {
    "timestamp_utc": "2024-06-30T16:51:40.576Z",
    "context_application_version": "8.9.50.491",
    "context_conn_country": "DE",
    "context_device_manufacturer": "apple",
    "context_device_model": "iPhone15,2",
    "context_device_type": "mobile",
    "context_os_name": "ios",
    "context_os_version": "17.5.1",
    "context_receiver_service_timestamp": 1719766302207,
    "context_time": 1719766300576,
    "message_device_type": "SPEAKER",
    "message_session_id": "a160dd40d597c94e2a916bbcaafd6ad3",
    "message_session_type": "IPL",
    "message_session_uri": "spotify:socialsession:4hvrHq3sRhp6AO66JTymtZBxdtjiNeSzpc831YqiM0QiX3USYFWIdQRjS7zwND3ZvsXkIiGvDyTxKRUTsur2osyWCgjZdni4dNjqIiuLCRMh",
    "message_tech_type": "CONNECT"
  },
  {
    "timestamp_utc": "2024-09-02T14:53:43.171Z",
    "context_application_version": "8.9.68.490",
    "context_conn_country": "DE",
    "context_device_manufacturer": "apple",
    "context_device_model": "iPhone15,2",
    "context_device_type": "mobile",
    "context_os_name": "ios",
    "context_os_version": "17.5.1",
    "context_receiver_service_timestamp": 1725288837731,
    "context_time": 1725288823171,
    "message_device_type": "SPEAKER",
    "message_session_id": "1ec89278b65e688b24f3634ef3040f81",
    "message_session_type": "IPL",
    "message_session_uri": "spotify:socialsession:w5Qkq9NMWO3BwfGLEgQi1",
    "message_tech_type": "CONNECT"
  },
  {
    "timestamp_utc": "2024-11-30T15:44:53.008Z",
    "context_application_version": "8.9.94.418",
    "context_conn_country": "DE",
    "context_device_manufacturer": "apple",
    "context_device_model": "iPhone15,2",
    "context_device_type": "mobile",
    "context_os_name": "ios",
    "context_os_version": "18.0",
    "context_receiver_service_timestamp": 1732981520578,
    "context_time": 1732981493008,
    "message_device_type": "SPEAKER",
    "message_session_id": "01f735a292149f56813e8eaaa653abec",
    "message_session_type": "IPL",
    "message_session_uri": "spotify:socialsession:03HXYE2SvJV0QOjkOW7jsM",
    "message_tech_type": "CONNECT"
  },
  {
    "timestamp_utc": "2024-10-13T09:22:55.376Z",
    "context_application_version": "8.9.82.628",
    "context_conn_country": "DE",
    "context_device_manufacturer": "apple",
    "context_device_model": "iPhone15,2",
    "context_device_type": "mobile",
    "context_os_name": "ios",
    "context_os_version": "18.0",
    "context_receiver_service_timestamp": 1728811403227,
    "context_time": 1728811375376,
    "message_device_type": "SPEAKER",
    "message_session_id": "c93a847d77f02226f228315f9ae2f98e",
    "message_session_type": "IPL",
    "message_session_uri": "spotify:socialsession:WGo2y67Icq0A3zJFrzHzV3XmpfE",
    "message_tech_type": "CONNECT"
  },
  {
    "timestamp_utc": "2024-08-24T12:49:51.179Z",
    "context_application_version": "8.9.66.462",
    "context_conn_country": "DE",
    "context_device_manufacturer": "apple",
    "context_device_model": "iPhone15,2",
    "context_device_type": "mobile",
    "context_os_name": "ios",
    "context_os_version": "17.5.1",
    "context_receiver_service_timestamp": 1724503818915,
    "context_time": 1724503791179,
    "message_device_type": "SPEAKER",
    "message_session_id": "b54e78c0a7b4c83cd3bb63d92c0729b9",
    "message_session_type": "IPL",
    "message_session_uri": "spotify:socialsession:5W7TJcgCpSp0j0hMkKcTGL",
    "message_tech_type": "CONNECT"
  },
  {
    "timestamp_utc": "2024-08-04T14:29:51.531Z",
    "context_application_version": "8.9.60.458",
    "context_conn_country": "DE",
    "context_device_manufacturer": "apple",
    "context_device_model": "iPhone15,2",
    "context_device_type": "mobile",
    "context_os_name": "ios",
    "context_os_version": "17.5.1",
    "context_receiver_service_timestamp": 1722781818564,
    "context_time": 1722781791531,
    "message_device_type": "SPEAKER",
    "message_session_id": "40f7a9d342fac90633ae3c3314967acb",
    "message_session_type": "IPL",
    "message_session_uri": "spotify:socialsession:1yagrlu23CkiH2l7Tq0wOp",
    "message_tech_type": "CONNECT"
  },
  {
    "timestamp_utc": "2024-07-02T18:50:05.430Z",
    "context_application_version": "8.9.50.491",
    "context_conn_country": "DE",
    "context_device_manufacturer": "apple",
    "context_device_model": "iPhone15,2",
    "context_device_type": "mobile",
    "context_os_name": "ios",
    "context_os_version": "17.5.1",
    "context_receiver_service_timestamp": 1719946213172,
    "context_time": 1719946205430,
    "message_device_type": "SPEAKER",
    "message_session_id": "82bfc56c9d3f5c94c9996cd4b0af9ac8",
    "message_session_type": "IPL",
    "message_session_uri": "spotify:socialsession:3oWXmmUUe6PD3S1f8rM7zmyS8N5SV0FFTangSosSzuiuC1yx80bWjMhVmJFFPra64atkfuyyu1E0s9kOqIOcNCUdDixOgb958mPWvM8uT9bc",
    "message_tech_type": "CONNECT"
  },
  {
    "timestamp_utc": "2024-11-26T21:24:25.714Z",
    "context_application_version": "8.9.94.418",
    "context_conn_country": "DE",
    "context_device_manufacturer": "apple",
    "context_device_model": "iPhone15,2",
    "context_device_type": "mobile",
    "context_os_name": "ios",
    "context_os_version": "18.0",
    "context_receiver_service_timestamp": 1732656270496,
    "context_time": 1732656265714,
    "message_device_type": "SPEAKER",
    "message_session_id": "8b4d219937db403a6a909ee09d489628",
    "message_session_type": "IPL",
    "message_session_uri": "spotify:socialsession:4eRbjDAO4tp7j8BhCcpEve",
    "message_tech_type": "CONNECT"
  },
  {
    "timestamp_utc": "2024-10-13T14:11:57.661Z",
    "context_application_version": "8.9.82.628",
    "context_conn_country": "DE",
    "context_device_manufacturer": "apple",
    "context_device_model": "iPhone15,2",
    "context_device_type": "mobile",
    "context_os_name": "ios",
    "context_os_version": "18.0",
    "context_receiver_service_timestamp": 1728828717893,
    "context_time": 1728828717661,
    "message_device_type": "SPEAKER",
    "message_session_id": "cd9aa37b43a38ca972b3180e5aa09a63",
    "message_session_type": "IPL",
    "message_session_uri": "spotify:socialsession:WGo2y6fY618s70pjNlJC3pXtdw7",
    "message_tech_type": "CONNECT"
  },
  {
    "timestamp_utc": "2024-09-06T16:23:05.364Z",
    "context_application_version": "8.9.68.490",
    "context_conn_country": "MA",
    "context_device_manufacturer": "apple",
    "context_device_model": "iPhone14,5",
    "context_device_type": "mobile",
    "context_os_name": "ios",
    "context_os_version": "17.5.1",
    "context_receiver_service_timestamp": 1725639785489,
    "context_time": 1725639785364,
    "message_device_type": "SPEAKER",
    "message_session_id": "45d6a984d4f7353a218b1ef3f8056764",
    "message_session_type": "IPL",
    "message_session_uri": "spotify:socialsession:27mZQfTUwgKuVb6oc5TZVk",
    "message_tech_type": "CONNECT"
  },
  {
    "timestamp_utc": "2024-07-27T14:08:20.930Z",
    "context_application_version": "8.9.58.473",
    "context_conn_country": "DE",
    "context_device_manufacturer": "apple",
    "context_device_model": "iPhone15,2",
    "context_device_type": "mobile",
    "context_os_name": "ios",
    "context_os_version": "17.5.1",
    "context_receiver_service_timestamp": 1722089316314,
    "context_time": 1722089300930,
    "message_device_type": "SPEAKER",
    "message_session_id": "2f3977801d851ea9d16ad7c7701cf4c7",
    "message_session_type": "IPL",
    "message_session_uri": "spotify:socialsession:1NQb6CGg4Ypobiw61I2pKgC84NX9qH8BKmU15FIY2awjYUiayNCEurimwHA2hiorXTgrYMSoqSgpEwVrqLvHY7GNyRIIidAfhCauFz2BAS4o",
    "message_tech_type": "CONNECT"
  },
  {
    "timestamp_utc": "2024-11-30T17:38:32.330Z",
    "context_application_version": "8.9.94.418",
    "context_conn_country": "DE",
    "context_device_manufacturer": "apple",
    "context_device_model": "iPhone15,2",
    "context_device_type": "mobile",
    "context_os_name": "ios",
    "context_os_version": "18.0",
    "context_receiver_service_timestamp": 1732988320893,
    "context_time": 1732988312330,
    "message_device_type": "SPEAKER",
    "message_session_id": "4d783fc4c187997f9301a38f12fdd235",
    "message_session_type": "IPL",
    "message_session_uri": "spotify:socialsession:2mbmw1cVDbUrioX0ga6Sih",
    "message_tech_type": "CONNECT"
  },
  {
    "timestamp_utc": "2024-07-27T09:30:18.473Z",
    "context_application_version": "8.9.58.473",
    "context_conn_country": "DE",
    "context_device_manufacturer": "apple",
    "context_device_model": "iPhone15,2",
    "context_device_type": "mobile",
    "context_os_name": "ios",
    "context_os_version": "17.5.1",
    "context_receiver_service_timestamp": 1722072645812,
    "context_time": 1722072618473,
    "message_device_type": "SPEAKER",
    "message_session_id": "04ab5c9b7c60bff84e85386737fe2ea6",
    "message_session_type": "IPL",
    "message_session_uri": "spotify:socialsession:8RhtkXvEZ0aAL032zPgoLopUsQ7kAGw7evs6eiMz77OrY8TmRDcdcWJQkpo8U5Mog65Fg8jeIZZ2OBtfBLhnP8gYtdY34TudNBBzacX1VAx",
    "message_tech_type": "CONNECT"
  },
  {
    "timestamp_utc": "2024-08-21T20:48:50.245Z",
    "context_application_version": "8.9.66.543",
    "context_conn_country": "DE",
    "context_device_manufacturer": "samsung",
    "context_device_model": "SM-A725F",
    "context_device_type": "mobile",
    "context_os_name": "android",
    "context_os_version": "14",
    "context_receiver_service_timestamp": 1724269802734,
    "context_time": 1724273330245,
    "message_device_type": "speaker",
    "message_session_id": "54dc0bec5631b694933031e57a223a1b",
    "message_session_type": "ipl",
    "message_session_uri": "spotify:socialsession:2a7ur4ZJrbTFhGNWTgs1sp",
    "message_tech_type": "connect"
  },
  {
    "timestamp_utc": "2024-06-29T10:44:21.572Z",
    "context_application_version": "8.9.50.491",
    "context_conn_country": "DE",
    "context_device_manufacturer": "apple",
    "context_device_model": "iPhone15,2",
    "context_device_type": "mobile",
    "context_os_name": "ios",
    "context_os_version": "17.5.1",
    "context_receiver_service_timestamp": 1719657887781,
    "context_time": 1719657861572,
    "message_device_type": "SPEAKER",
    "message_session_id": "96d484fe77353b09345b9c292e054054",
    "message_session_type": "IPL",
    "message_session_uri": "spotify:socialsession:4OqnAg0rgFwKvttIsAOcE6y4awG5qosWbJM4lF2xJwLJM3POeZVfWHlgAa0C5KwrT8XG1CHSDHlTn5SltuQdzFkDNRJ6CdLHapNZ0mz1Ql5a",
    "message_tech_type": "CONNECT"
  },
  {
    "timestamp_utc": "2024-11-27T14:33:55.216Z",
    "context_application_version": "8.9.94.418",
    "context_conn_country": "DE",
    "context_device_manufacturer": "apple",
    "context_device_model": "iPhone15,2",
    "context_device_type": "mobile",
    "context_os_name": "ios",
    "context_os_version": "18.0",
    "context_receiver_service_timestamp": 1732718062938,
    "context_time": 1732718035216,
    "message_device_type": "SPEAKER",
    "message_session_id": "cb579ab1903bb45aafffd4c9c7d1a0ec",
    "message_session_type": "IPL",
    "message_session_uri": "spotify:socialsession:6bHtC3zkcoJd7ifYQXQWcc",
    "message_tech_type": "CONNECT"
  },
  {
    "timestamp_utc": "2024-08-29T22:26:16.205Z",
    "context_application_version": "8.9.68.490",
    "context_conn_country": "DE",
    "context_device_manufacturer": "apple",
    "context_device_model": "iPhone15,2",
    "context_device_type": "mobile",
    "context_os_name": "ios",
    "context_os_version": "17.5.1",
    "context_receiver_service_timestamp": 1724970376310,
    "context_time": 1724970376205,
    "message_device_type": "SPEAKER",
    "message_session_id": "0e319ac55ce5d249dc4057f1d8ded7e8",
    "message_session_type": "IPL",
    "message_session_uri": "spotify:socialsession:QmYq40dvBF6PXKjo4IKG8",
    "message_tech_type": "CONNECT"
  },
  {
    "timestamp_utc": "2024-07-01T20:13:33.655Z",
    "context_application_version": "8.9.50.491",
    "context_conn_country": "DE",
    "context_device_manufacturer": "apple",
    "context_device_model": "iPhone15,2",
    "context_device_type": "mobile",
    "context_os_name": "ios",
    "context_os_version": "17.5.1",
    "context_receiver_service_timestamp": 1719864813828,
    "context_time": 1719864813655,
    "message_device_type": "SPEAKER",
    "message_session_id": "51c3ad61b042b47d0ff14b0a94be7d75",
    "message_session_type": "IPL",
    "message_session_uri": "spotify:socialsession:2NuWC182LcyEYEa3TEz1KRIv173BO6xzYt8ZbqsAH7R1ZPNCDDDSXncBrivGqvvLWtXOIR6dtP3n70s58ngsD6msYS88JEqNltY35r3DK1Xw",
    "message_tech_type": "CONNECT"
  },
  {
    "timestamp_utc": "2024-10-12T18:27:31.243Z",
    "context_application_version": "8.9.76.516",
    "context_conn_country": "DE",
    "context_device_manufacturer": "apple",
    "context_device_model": "iPhone15,2",
    "context_device_type": "mobile",
    "context_os_name": "ios",
    "context_os_version": "18.0",
    "context_receiver_service_timestamp": 1728757664846,
    "context_time": 1728757651243,
    "message_device_type": "SPEAKER",
    "message_session_id": "0aa069c816d022aa4d7447703b30fa6c",
    "message_session_type": "IPL",
    "message_session_uri": "spotify:socialsession:WGo2y0k3ep0jVoy679RTxvF530o",
    "message_tech_type": "CONNECT"
  },
  {
    "timestamp_utc": "2024-11-24T16:33:50.802Z",
    "context_application_version": "8.9.94.418",
    "context_conn_country": "DE",
    "context_device_manufacturer": "apple",
    "context_device_model": "iPhone15,2",
    "context_device_type": "mobile",
    "context_os_name": "ios",
    "context_os_version": "18.0",
    "context_receiver_service_timestamp": 1732466030861,
    "context_time": 1732466030802,
    "message_device_type": "SPEAKER",
    "message_session_id": "18efa0963039f21f49293d9cc5431cfe",
    "message_session_type": "IPL",
    "message_session_uri": "spotify:socialsession:0L3kcttiXqqi2KSV8Wxyj4",
    "message_tech_type": "CONNECT"
  },
  {
    "timestamp_utc": "2024-07-02T17:47:56.580Z",
    "context_application_version": "8.9.50.491",
    "context_conn_country": "DE",
    "context_device_manufacturer": "apple",
    "context_device_model": "iPhone15,2",
    "context_device_type": "mobile",
    "context_os_name": "ios",
    "context_os_version": "17.5.1",
    "context_receiver_service_timestamp": 1719942476721,
    "context_time": 1719942476580,
    "message_device_type": "SPEAKER",
    "message_session_id": "82bfc56c9d3f5c94c9996cd4b0af9ac8",
    "message_session_type": "IPL",
    "message_session_uri": "spotify:socialsession:3oWXmmUUe6PD3S1f8rM7zmyS8N5SV0FFTangSosSzuiuC1yx80bWjMhVmJFFPra64atkfuyyu1E0s9kOqIOcNCUdDixOgb958mPWvM8uT9bc",
    "message_tech_type": "CONNECT"
  },
  {
    "timestamp_utc": "2024-07-28T19:12:49.216Z",
    "context_application_version": "8.9.58.473",
    "context_conn_country": "DE",
    "context_device_manufacturer": "apple",
    "context_device_model": "iPhone15,2",
    "context_device_type": "mobile",
    "context_os_name": "ios",
    "context_os_version": "17.5.1",
    "context_receiver_service_timestamp": 1722193996101,
    "context_time": 1722193969216,
    "message_device_type": "SPEAKER",
    "message_session_id": "0a2338b79e190ac929f6eac08bceae03",
    "message_session_type": "IPL",
    "message_session_uri": "spotify:socialsession:IL0cxaqkxt3hDNnyNs6K1tmlclkZp1xxvt2RbA19n238XSBPPcv0WxCmA3QKQ9cfDOlX9HyA1EOVEzwJBexyTJ625v61kL6MFH8tbfA5JIK",
    "message_tech_type": "CONNECT"
  },
  {
    "timestamp_utc": "2024-07-06T17:04:49.695Z",
    "context_application_version": "8.9.50.491",
    "context_conn_country": "FR",
    "context_device_manufacturer": "apple",
    "context_device_model": "iPhone9,4",
    "context_device_type": "mobile",
    "context_os_name": "ios",
    "context_os_version": "15.8.2",
    "context_receiver_service_timestamp": 1720285501707,
    "context_time": 1720285489695,
    "message_device_type": "SPEAKER",
    "message_session_id": "2af82e2beba29b0fd372385060481e89",
    "message_session_type": "IPL",
    "message_session_uri": "spotify:socialsession:1FjMY5iRKuUfcGCzcCkBTvkZfQjljfyJ26iBEYDHwQs7eOvBoMrw5214P8oAHfg25vdVcmakBDQ21W8ygo0P3fTAxIFSjUhEpqI0s0J7HhRU",
    "message_tech_type": "CONNECT"
  },
  {
    "timestamp_utc": "2024-07-27T10:27:46.005Z",
    "context_application_version": "8.9.58.473",
    "context_conn_country": "DE",
    "context_device_manufacturer": "apple",
    "context_device_model": "iPhone15,2",
    "context_device_type": "mobile",
    "context_os_name": "ios",
    "context_os_version": "17.5.1",
    "context_receiver_service_timestamp": 1722076093093,
    "context_time": 1722076066005,
    "message_device_type": "SPEAKER",
    "message_session_id": "04ab5c9b7c60bff84e85386737fe2ea6",
    "message_session_type": "IPL",
    "message_session_uri": "spotify:socialsession:8RhtkXvEZ0aAL032zPgoLopUsQ7kAGw7evs6eiMz77OrY8TmRDcdcWJQkpo8U5Mog65Fg8jeIZZ2OBtfBLhnP8gYtdY34TudNBBzacX1VAx",
    "message_tech_type": "CONNECT"
  },
  {
    "timestamp_utc": "2024-11-30T11:14:28.335Z",
    "context_application_version": "8.9.94.418",
    "context_conn_country": "DE",
    "context_device_manufacturer": "apple",
    "context_device_model": "iPhone15,2",
    "context_device_type": "mobile",
    "context_os_name": "ios",
    "context_os_version": "18.0",
    "context_receiver_service_timestamp": 1732965277092,
    "context_time": 1732965268335,
    "message_device_type": "SPEAKER",
    "message_session_id": "01f735a292149f56813e8eaaa653abec",
    "message_session_type": "IPL",
    "message_session_uri": "spotify:socialsession:03HXYE2SvJV0QOjkOW7jsM",
    "message_tech_type": "CONNECT"
  },
  {
    "timestamp_utc": "2024-08-21T19:49:29.589Z",
    "context_application_version": "8.9.66.462",
    "context_conn_country": "DE",
    "context_device_manufacturer": "apple",
    "context_device_model": "iPhone15,2",
    "context_device_type": "mobile",
    "context_os_name": "ios",
    "context_os_version": "17.5.1",
    "context_receiver_service_timestamp": 1724269782864,
    "context_time": 1724269769589,
    "message_device_type": "SPEAKER",
    "message_session_id": "54dc0bec5631b694933031e57a223a1b",
    "message_session_type": "IPL",
    "message_session_uri": "spotify:socialsession:2a7ur4ZJrbTFhGNWTgs1sp",
    "message_tech_type": "CONNECT"
  }
]