[
  {
    "timestamp_utc": "2024-11-28T18:04:41.257Z",
    "context_time": 1732817081257,
    "message_client_platform": "ANDROID_ARM",
    "message_client_product": "CLIENT",
    "message_client_version": "63635691",
    "message_is_active": false,
    "message_join_token": "7JqvcKOabBBjVG9uLhdef2",
    "message_session_id": "fe127ebbe4a5daeab4503a1110e59aa4",
    "message_session_integration_origin_name": null,
    "message_session_participant_volume_control_enabled": true,
    "message_session_type": "IN_PERSON"
  },
  {
    "timestamp_utc": "2024-11-02T11:51:39.326Z",
    "context_time": 1730548299326,
    "message_client_platform": "ANDROID_ARM",
    "message_client_product": "CLIENT",
    "message_client_version": "63635691",
    "message_is_active": false,
    "message_join_token": "32IT5i6A2VKFViOkNY1o9v",
    "message_session_id": "64039f856a23709c54e85051fa7d6f45",
    "message_session_integration_origin_name": null,
    "message_session_participant_volume_control_enabled": true,
    "message_session_type": "IN_PERSON"
  },
  {
    "timestamp_utc": "2024-08-31T19:21:35.168Z",
    "context_time": 1725132095168,
    "message_client_platform": "ANDROID_ARM",
    "message_client_product": "CLIENT",
    "message_client_version": "63635691",
    "message_is_active": false,
    "message_join_token": "2HikZKFjRq3hiNEn8kWk2n",
    "message_session_id": "4b1af909106ca0610061d1a93a8f2c85",
    "message_session_integration_origin_name": null,
    "message_session_participant_volume_control_enabled": true,
    "message_session_type": "IN_PERSON"
  },
  {
    "timestamp_utc": "2024-08-14T09:10:16.069Z",
    "context_time": 1723626616069,
    "message_client_platform": "ANDROID_ARM",
    "message_client_product": "CLIENT",
    "message_client_version": "63635691",
    "message_is_active": false,
    "message_join_token": "1jPhbA2VrGIobhYbJ9VxFy",
    "message_session_id": "38ec9d2fbd2cd1b5c941447660b04942",
    "message_session_integration_origin_name": null,
    "message_session_participant_volume_control_enabled": true,
    "message_session_type": "IN_PERSON"
  },
  {
    "timestamp_utc": "2024-06-29T08:29:10.209Z",
    "context_time": 1719649750209,
    "message_client_platform": "ANDROID_ARM",
    "message_client_product": "CLIENT",
    "message_client_version": "63635691",
    "message_is_active": false,
    "message_join_token": "4q9b8T9uHH5ec1pmxC5aE0G56nKBNPQOmCUKHKI1oLG6PM8PQm1j3Es3KpWqRgo84w7PQXzkzzHJPsKj58Zx5YwL01uT1l3brQLno7U7xF3G",
    "message_session_id": "a5ec57c4a948b7cb84b0cb69de979a73",
    "message_session_integration_origin_name": null,
    "message_session_participant_volume_control_enabled": true,
    "message_session_type": "IN_PERSON"
  },
  {
    "timestamp_utc": "2024-11-04T07:51:31.492Z",
    "context_time": 1730706691492,
    "message_client_platform": "ANDROID_ARM",
    "message_client_product": "CLIENT",
    "message_client_version": "63635691",
    "message_is_active": false,
    "message_join_token": "6caFOd86F97rkAu0RV8pCL",
    "message_session_id": "cb977deaaa15eabdfdf3f8cb663fa277",
    "message_session_integration_origin_name": null,
    "message_session_participant_volume_control_enabled": true,
    "message_session_type": "IN_PERSON"
  },
  {
    "timestamp_utc": "2024-11-27T15:06:15.046Z",
    "context_time": 1732719975046,
    "message_client_platform": "ANDROID_ARM",
    "message_client_product": "CLIENT",
    "message_client_version": "63635691",
    "message_is_active": false,
    "message_join_token": "6BJUOzbAto5mjCve8BKUeI",
    "message_session_id": "d924487977d7592cb90b2972702ac250",
    "message_session_integration_origin_name": null,
    "message_session_participant_volume_control_enabled": true,
    "message_session_type": "IN_PERSON"
  },
  {
    "timestamp_utc": "2024-08-28T09:06:30.915Z",
    "context_time": 1724835990915,
    "message_client_platform": "ANDROID_ARM",
    "message_client_product": "CLIENT",
    "message_client_version": "63635691",
    "message_is_active": false,
    "message_join_token": "4rz4CpdYa9N8wlp7jf3Mr",
    "message_session_id": "0294cbf8c1b86a998650bfa0e845657d",
    "message_session_integration_origin_name": null,
    "message_session_participant_volume_control_enabled": true,
    "message_session_type": "IN_PERSON"
  },
  {
    "timestamp_utc": "2024-11-19T17:55:37.584Z",
    "context_time": 1732038937584,
    "message_client_platform": "ANDROID_ARM",
    "message_client_product": "CLIENT",
    "message_client_version": "63635691",
    "message_is_active": false,
    "message_join_token": "3PUjrT0L2m5KYbVXFWToF2",
    "message_session_id": "7e144eb186453266059ee7c21b2cad58",
    "message_session_integration_origin_name": null,
    "message_session_participant_volume_control_enabled": true,
    "message_session_type": "IN_PERSON"
  },
  {
    "timestamp_utc": "2024-08-01T06:57:12.699Z",
    "context_time": 1722495432699,
    "message_client_platform": "ANDROID_ARM",
    "message_client_product": "CLIENT",
    "message_client_version": "63635691",
    "message_is_active": false,
    "message_join_token": "7XJSqJPOoMcJrpI7ZaRWhG",
    "message_session_id": "f7a7171a6a1d4ba0f6703f7329de02c2",
    "message_session_integration_origin_name": null,
    "message_session_participant_volume_control_enabled": true,
    "message_session_type": "IN_PERSON"
  },
  {
    "timestamp_utc": "2024-07-25T18:28:53.807Z",
    "context_time": 1721932133807,
    "message_client_platform": "ANDROID_ARM",
    "message_client_product": "CLIENT",
    "message_client_version": "63635691",
    "message_is_active": false,
    "message_join_token": "5J15U89YWjtGtYSO8SNJV6Fa0QJO6tKpuuC9DoWQ8UlOAyk2FSd2RoMyOMD7k75gplpDSAbvsUDSsHzokOuabxt91ba6Rjv8W32a8gwjkPpS",
    "message_session_id": "b5e0d8a1a5379b65c0b7f3a2b55ec250",
    "message_session_integration_origin_name": null,
    "message_session_participant_volume_control_enabled": true,
    "message_session_type": "IN_PERSON"
  },
  {
    "timestamp_utc": "2024-11-18T13:57:29.856Z",
    "context_time": 1731938249856,
    "message_client_platform": "ANDROID_ARM",
    "message_client_product": "CLIENT",
    "message_client_version": "63635691",
    "message_is_active": false,
    "message_join_token": "0aEUT2j1tzhv6lP6YO6QSA",
    "message_session_id": "05a6347c7f1d03e86b51ea6879a9ec78",
    "message_session_integration_origin_name": null,
    "message_session_participant_volume_control_enabled": true,
    "message_session_type": "IN_PERSON"
  },
  {
    "timestamp_utc": "2024-08-13T09:54:11.685Z",
    "context_time": 1723542851685,
    "message_client_platform": "ANDROID_ARM",
    "message_client_product": "CLIENT",
    "message_client_version": "63635691",
    "message_is_active": false,
    "message_join_token": "4J7FdJvOdCctAOonb1vnOu",
    "message_session_id": "8d8ef6687c6d8eb6f6f1e18abfecb9b4",
    "message_session_integration_origin_name": null,
    "message_session_participant_volume_control_enabled": true,
    "message_session_type": "IN_PERSON"
  },
  {
    "timestamp_utc": "2024-08-21T19:27:06.665Z",
    "context_time": 1724268426665,
    "message_client_platform": "ANDROID_ARM",
    "message_client_product": "CLIENT",
    "message_client_version": "63635691",
    "message_is_active": false,
    "message_join_token": "2gBDJw7Pp0WNrNrEIoJVvm",
    "message_session_id": "581143d19d8314a69a8fde7ea5a0f2c2",
    "message_session_integration_origin_name": null,
    "message_session_participant_volume_control_enabled": true,
    "message_session_type": "IN_PERSON"
  },
  {
    "timestamp_utc": "2024-09-02T19:00:16.247Z",
    "context_time": 1725303616247,
    "message_client_platform": "ANDROID_ARM",
    "message_client_product": "CLIENT",
    "message_client_version": "63635691",
    "message_is_active": false,
    "message_join_token": "6GRZG12qKXmppaxiBnCndq",
    "message_session_id": "cddb20b2a3587afe3f3ea5d15cdf3a3a",
    "message_session_integration_origin_name": null,
    "message_session_participant_volume_control_enabled": true,
    "message_session_type": "IN_PERSON"
  },
  {
    "timestamp_utc": "2024-07-30T18:05:33.954Z",
    "context_time": 1722362733954,
    "message_client_platform": "ANDROID_ARM",
    "message_client_product": "CLIENT",
    "message_client_version": "63635691",
    "message_is_active": false,
    "message_join_token": "1E7e93Ijqo0u6FfmX9lnm2",
    "message_session_id": "28576d6a975a4471d90f1170e316c9de",
    "message_session_integration_origin_name": null,
    "message_session_participant_volume_control_enabled": true,
    "message_session_type": "IN_PERSON"
  },
  {
    "timestamp_utc": "2024-10-13T09:22:41.327Z",
    "context_time": 1728811361327,
    "message_client_platform": "ANDROID_ARM",
    "message_client_product": "CLIENT",
    "message_client_version": "63635691",
    "message_is_active": false,
    "message_join_token": "WGo2y67Icq0A3zJFrzHzV3XmpfE",
    "message_session_id": "c93a847d77f02226f228315f9ae2f98e",
    "message_session_integration_origin_name": null,
    "message_session_participant_volume_control_enabled": true,
    "message_session_type": "IN_PERSON"
  },
  {
    "timestamp_utc": "2024-07-25T19:27:49.025Z",
    "context_time": 1721935669025,
    "message_client_platform": "ANDROID_ARM",
    "message_client_product": "CLIENT",
    "message_client_version": "63635691",
    "message_is_active": false,
    "message_join_token": "73WThUSEJKIXsGjFvlxjaNEcK2W7j2YraFZrxS1Pknzn6AjJEgnFMHJfUBB2V3mlkD24X1RVeHdkdIv6fcYi6C5JYXx9AW1sXoAqpIkFS0iW",
    "message_session_id": "f1dc174e7d51b302b3a1398eb42ecc00",
    "message_session_integration_origin_name": null,
    "message_session_participant_volume_control_enabled": true,
    "message_session_type": "IN_PERSON"
  },
  {
    "timestamp_utc": "2024-07-08T19:58:43.477Z",
    "context_time": 1720468723477,
    "message_client_platform": "ANDROID_ARM",
    "message_client_product": "CLIENT",
    "message_client_version": "63635691",
    "message_is_active": false,
    "message_join_token": "4KSGK79k1xYqEfRircLyZs1ZKoUbflFyCVz3SK5g4KhT8lxf0czCmuG5T0EbGuUryIVV0pVterNKmtFyiqIkJ4sdh5nfHZ6umGZpjazCw91v",
    "message_session_id": "946678a14f287a962a10774f688555b2",
    "message_session_integration_origin_name": null,
    "message_session_participant_volume_control_enabled": true,
    "message_session_type": "IN_PERSON"
  },
  {
    "timestamp_utc": "2024-08-22T18:38:37.988Z",
    "context_time": 1724351917988,
    "message_client_platform": "ANDROID_ARM",
    "message_client_product": "CLIENT",
    "message_client_version": "63635691",
    "message_is_active": false,
    "message_join_token": "3jxvRLJSFa5nSC38gcJKe8",
    "message_session_id": "7aee35edce47da7a886178e4d0638410",
    "message_session_integration_origin_name": null,
    "message_session_participant_volume_control_enabled": true,
    "message_session_type": "IN_PERSON"
  },
  {
    "timestamp_utc": "2024-08-30T17:07:08.470Z",
    "context_time": 1725037628470,
    "message_client_platform": "ANDROID_ARM",
    "message_client_product": "CLIENT",
    "message_client_version": "63635691",
    "message_is_active": false,
    "message_join_token": "3tY9xHSgbbPshmx9WNfx1D",
    "message_session_id": "800280205cb2d0890c9db103c6a8b41f",
    "message_session_integration_origin_name": null,
    "message_session_participant_volume_control_enabled": true,
    "message_session_type": "IN_PERSON"
  },
  {
    "timestamp_utc": "2024-11-14T16:57:57.690Z",
    "context_time": 1731603477690,
    "message_client_platform": "ANDROID_ARM",
    "message_client_product": "CLIENT",
    "message_client_version": "63635691",
    "message_is_active": false,
    "message_join_token": "6tap0jlYzln4rbSKQdVTPb",
    "message_session_id": "d4993cf106999a6d71b6f4ef5a20ff49",
    "message_session_integration_origin_name": null,
    "message_session_participant_volume_control_enabled": true,
    "message_session_type": "IN_PERSON"
  },
  {
    "timestamp_utc": "2024-11-19T19:49:45.319Z",
    "context_time": 1732045785319,
    "message_client_platform": "ANDROID_ARM",
    "message_client_product": "CLIENT",
    "message_client_version": "63635691",
    "message_is_active": false,
    "message_join_token": "3Zjv46pMXr8Dh6JPy5apPr",
    "message_session_id": "83106ccad4c15ddc81a59bfe21a043d9",
    "message_session_integration_origin_name": null,
    "message_session_participant_volume_control_enabled": true,
    "message_session_type": "IN_PERSON"
  },
  {
    "timestamp_utc": "2024-11-25T18:50:53.135Z",
    "context_time": 1732560653135,
    "message_client_platform": "ANDROID_ARM",
    "message_client_product": "CLIENT",
    "message_client_version": "63635691",
    "message_is_active": false,
    "message_join_token": "6bIJG5KAfuN00yNUW5zRjO",
    "message_session_id": "cb5a5c041a9ca87d31d019da1c0fc118",
    "message_session_integration_origin_name": null,
    "message_session_participant_volume_control_enabled": true,
    "message_session_type": "IN_PERSON"
  },
  {
    "timestamp_utc": "2024-10-11T13:18:26.441Z",
    "context_time": 1728652706441,
    "message_client_platform": "ANDROID_ARM",
    "message_client_product": "CLIENT",
    "message_client_version": "63635691",
    "message_is_active": false,
    "message_join_token": "WGo2y0KYPnlnFFqDUh7SthHFPcy",
    "message_session_id": "18e5c963d3bad9ac2256ddfbd8a2c05e",
    "message_session_integration_origin_name": null,
    "message_session_participant_volume_control_enabled": true,
    "message_session_type": "IN_PERSON"
  },
  {
    "timestamp_utc": "2024-09-04T17:49:26.929Z",
    "context_time": 1725472166929,
    "message_client_platform": "ANDROID_ARM",
    "message_client_product": "CLIENT",
    "message_client_version": "63635691",
    "message_is_active": false,
    "message_join_token": "3K29RrBiPEOahxx8oXjLq0",
    "message_session_id": "6d301d863514adba9d5e082394d532d4",
    "message_session_integration_origin_name": null,
    "message_session_participant_volume_control_enabled": true,
    "message_session_type": "IN_PERSON"
  },
  {
    "timestamp_utc": "2024-07-26T07:46:32.411Z",
    "context_time": 1721979992411,
    "message_client_platform": "ANDROID_ARM",
    "message_client_product": "CLIENT",
    "message_client_version": "63635691",
    "message_is_active": false,
    "message_join_token": "6C6rBKofdKesQVxKZlRXXp33263fLh88oqRZ4aC5FHvlS5f12GrCpCPcs03KShG7mKbv5Kyec0Qs9YlNvRcO1PItlxiJzpuOkRFkm6gzkuch",
    "message_session_id": "d45553cfac451f4f16d637545d5cce07",
    "message_session_integration_origin_name": null,
    "message_session_participant_volume_control_enabled": true,
    "message_session_type": "IN_PERSON"
  },
  {
    "timestamp_utc": "2024-09-07T12:22:19.168Z",
    "context_time": 1725711739168,
    "message_client_platform": "ANDROID_ARM",
    "message_client_product": "CLIENT",
    "message_client_version": "63635691",
    "message_is_active": false,
    "message_join_token": "5VOPqGLMab7htbfLByQf1S",
    "message_session_id": "b4ebe18fd2b1445240b318f0329b9f4e",
    "message_session_integration_origin_name": null,
    "message_session_participant_volume_control_enabled": true,
    "message_session_type": "IN_PERSON"
  },
  {
    "timestamp_utc": "2024-08-14T07:07:50.161Z",
    "context_time": 1723619270161,
    "message_client_platform": "ANDROID_ARM",
    "message_client_product": "CLIENT",
    "message_client_version": "63635691",
    "message_is_active": false,
    "message_join_token": "59qpwy393PYrtkG6lJcksw",
    "message_session_id": "a98165ab430d8c7f41f404e254d58da6",
    "message_session_integration_origin_name": null,
    "message_session_participant_volume_control_enabled": true,
    "message_session_type": "IN_PERSON"
  },
  {
    "timestamp_utc": "2024-10-30T20:12:35.211Z",
    "context_time": 1730319155211,
    "message_client_platform": "ANDROID_ARM",
    "message_client_product": "CLIENT",
    "message_client_version": "63635691",
    "message_is_active": false,
    "message_join_token": "5OFXgi6lkJwQGnut9pvlKq",
    "message_session_id": "bf23eed4c3429fbc534865dc6e4cba4a",
    "message_session_integration_origin_name": null,
    "message_session_participant_volume_control_enabled": true,
    "message_session_type": "IN_PERSON"
  },
  {
    "timestamp_utc": "2024-11-13T21:23:44.329Z",
    "context_time": 1731533024329,
    "message_client_platform": "ANDROID_ARM",
    "message_client_product": "CLIENT",
    "message_client_version": "63635691",
    "message_is_active": false,
    "message_join_token": "1JhCmgzoS1pM2QXsX6f1qB",
    "message_session_id": "38daec73e67460b166b381f197dcf87d",
    "message_session_integration_origin_name": null,
    "message_session_participant_volume_control_enabled": true,
    "message_session_type": "IN_PERSON"
  },
  {
    "timestamp_utc": "2024-07-04T14:18:27.500Z",
    "context_time": 1720102707500,
    "message_client_platform": "ANDROID_ARM",
    "message_client_product": "CLIENT",
    "message_client_version": "63635691",
    "message_is_active": false,
    "message_join_token": "2Ozn4RJRMPnJ300nrXrZIEYpss0u7muggHp6W0quzp9MtVSHCMG17zA4FU0HeMRog3BGj161eJOFtlLEIEoY9ENgT2inMvZRfVOi3RGLkXwt",
    "message_session_id": "525d39d31d0087079bdb0eb952131e8a",
    "message_session_integration_origin_name": null,
    "message_session_participant_volume_control_enabled": true,
    "message_session_type": "IN_PERSON"
  },
  {
    "timestamp_utc": "2024-08-29T20:39:08.396Z",
    "context_time": 1724963948396,
    "message_client_platform": "ANDROID_ARM",
    "message_client_product": "CLIENT",
    "message_client_version": "63635691",
    "message_is_active": false,
    "message_join_token": "QmYq40dvBF6PXKjo4IKG8",
    "message_session_id": "0e319ac55ce5d249dc4057f1d8ded7e8",
    "message_session_integration_origin_name": null,
    "message_session_participant_volume_control_enabled": true,
    "message_session_type": "IN_PERSON"
  },
  {
    "timestamp_utc": "2024-10-11T12:38:50.718Z",
    "context_time": 1728650330718,
    "message_client_platform": "ANDROID_ARM",
    "message_client_product": "CLIENT",
    "message_client_version": "63635691",
    "message_is_active": false,
    "message_join_token": "WGo2y6yrFRbbLHuWtLg2RHFfaC6",
    "message_session_id": "d7655df009ef0219994b3bfe780e8f5a",
    "message_session_integration_origin_name": null,
    "message_session_participant_volume_control_enabled": true,
    "message_session_type": "IN_PERSON"
  },
  {
    "timestamp_utc": "2024-10-30T15:30:36.604Z",
    "context_time": 1730302236604,
    "message_client_platform": "ANDROID_ARM",
    "message_client_product": "CLIENT",
    "message_client_version": "63635691",
    "message_is_active": false,
    "message_join_token": "43CldQhkJJWWBOJLJ2UHbO",
    "message_session_id": "8558522ec2eb73701ee00df15a5d6288",
    "message_session_integration_origin_name": null,
    "message_session_participant_volume_control_enabled": true,
    "message_session_type": "IN_PERSON"
  },
  {
    "timestamp_utc": "2024-07-06T22:42:22.139Z",
    "context_time": 1720305742139,
    "message_client_platform": "ANDROID_ARM",
    "message_client_product": "CLIENT",
    "message_client_version": "63635691",
    "message_is_active": false,
    "message_join_token": "6NfPyFrpqrVulRvmO7GQ13YmFGmZggCJR9hfiO1uRxzAviRzQtBRVO2ViQs5CFUNWakNWF40nRjP7SmnaMhP4t40tl4f7kTX2QRXuY41lAUu",
    "message_session_id": "dab8e02471e1aeabd979b6a41b9df892",
    "message_session_integration_origin_name": null,
    "message_session_participant_volume_control_enabled": true,
    "message_session_type": "IN_PERSON"
  },
  {
    "timestamp_utc": "2024-11-15T17:18:20.400Z",
    "context_time": 1731691100400,
    "message_client_platform": "ANDROID_ARM",
    "message_client_product": "CLIENT",
    "message_client_version": "63635691",
    "message_is_active": false,
    "message_join_token": "3lIHN1EE1z8Qo23PrTqxH0",
    "message_session_id": "6e14e5d808c572fd1e88f27dab8aa86e",
    "message_session_integration_origin_name": null,
    "message_session_participant_volume_control_enabled": true,
    "message_session_type": "IN_PERSON"
  },
  {
    "timestamp_utc": "2024-10-14T04:55:22.899Z",
    "context_time": 1728881722899,
    "message_client_platform": "ANDROID_ARM",
    "message_client_product": "CLIENT",
    "message_client_version": "63635691",
    "message_is_active": false,
    "message_join_token": "WGo2y6adR3wO7kgZlJLuWP4oi4h",
    "message_session_id": "ca8f1e8ad120589e0b989ad0d3372cf1",
    "message_session_integration_origin_name": null,
    "message_session_participant_volume_control_enabled": true,
    "message_session_type": "IN_PERSON"
  },
  {
    "timestamp_utc": "2024-07-28T17:00:54.252Z",
    "context_time": 1722186054252,
    "message_client_platform": "ANDROID_ARM",
    "message_client_product": "CLIENT",
    "message_client_version": "63635691",
    "message_is_active": false,
    "message_join_token": "IL0cxaqkxt3hDNnyNs6K1tmlclkZp1xxvt2RbA19n238XSBPPcv0WxCmA3QKQ9cfDOlX9HyA1EOVEzwJBexyTJ625v61kL6MFH8tbfA5JIK",
    "message_session_id": "0a2338b79e190ac929f6eac08bceae03",
    "message_session_integration_origin_name": null,
    "message_session_participant_volume_control_enabled": true,
    "message_session_type": "IN_PERSON"
  },
  {
    "timestamp_utc": "2024-11-13T15:42:31.019Z",
    "context_time": 1731512551019,
    "message_client_platform": "ANDROID_ARM",
    "message_client_product": "CLIENT",
    "message_client_version": "63635691",
    "message_is_active": false,
    "message_join_token": "1p1uXTOZcFL69rV9ygw39Z",
    "message_session_id": "2e1e4fc1125d43a3d627350f319811f7",
    "message_session_integration_origin_name": null,
    "message_session_participant_volume_control_enabled": true,
    "message_session_type": "IN_PERSON"
  },
  {
    "timestamp_utc": "2024-10-13T14:11:57.480Z",
    "context_time": 1728828717480,
    "message_client_platform": "ANDROID_ARM",
    "message_client_product": "CLIENT",
    "message_client_version": "63635691",
    "message_is_active": false,
    "message_join_token": "WGo2y6fY618s70pjNlJC3pXtdw7",
    "message_session_id": "cd9aa37b43a38ca972b3180e5aa09a63",
    "message_session_integration_origin_name": null,
    "message_session_participant_volume_control_enabled": true,
    "message_session_type": "IN_PERSON"
  },
  {
    "timestamp_utc": "2024-09-08T13:40:01.495Z",
    "context_time": 1725802801495,
    "message_client_platform": "ANDROID_ARM",
    "message_client_product": "CLIENT",
    "message_client_version": "63635691",
    "message_is_active": false,
    "message_join_token": "5FkuMQUdY0z8H0hrZDnvYT",
    "message_session_id": "aca26d0427b3b0d73d78f2d49dea0fe5",
    "message_session_integration_origin_name": null,
    "message_session_participant_volume_control_enabled": true,
    "message_session_type": "IN_PERSON"
  },
  {
    "timestamp_utc": "2024-08-03T12:54:21.252Z",
    "context_time": 1722689661252,
    "message_client_platform": "ANDROID_ARM",
    "message_client_product": "CLIENT",
    "message_client_version": "63635691",
    "message_is_active": false,
    "message_join_token": "3cIeJSZ9AvgNvrj2LA3hMn",
    "message_session_id": "76de38c6e378b48469114c336b921f19",
    "message_session_integration_origin_name": null,
    "message_session_participant_volume_control_enabled": true,
    "message_session_type": "IN_PERSON"
  },
  {
    "timestamp_utc": "2024-07-04T17:53:10.519Z",
    "context_time": 1720115590519,
    "message_client_platform": "ANDROID_ARM",
    "message_client_product": "CLIENT",
    "message_client_version": "63635691",
    "message_is_active": false,
    "message_join_token": "5LuHtNZxXRF5CcNpbVqfIgAzxDUF3Gramex82Dw79xCdqcOc7e5AayJOaQlNsT1odGrGiis603FNvc6hjuiGvp8acUjiIZoVIdQidXsXKMOe",
    "message_session_id": "b779deadcdf08327abfbfb2414ab2d3c",
    "message_session_integration_origin_name": null,
    "message_session_participant_volume_control_enabled": true,
    "message_session_type": "IN_PERSON"
  },
  {
    "timestamp_utc": "2024-11-30T17:36:34.317Z",
    "context_time": 1732988194317,
    "message_client_platform": "ANDROID_ARM",
    "message_client_product": "CLIENT",
    "message_client_version": "63635691",
    "message_is_active": false,
    "message_join_token": "2mbmw1cVDbUrioX0ga6Sih",
    "message_session_id": "4d783fc4c187997f9301a38f12fdd235",
    "message_session_integration_origin_name": null,
    "message_session_participant_volume_control_enabled": true,
    "message_session_type": "IN_PERSON"
  },
  {
    "timestamp_utc": "2024-08-01T17:55:44.063Z",
    "context_time": 1722534944063,
    "message_client_platform": "ANDROID_ARM",
    "message_client_product": "CLIENT",
    "message_client_version": "63635691",
    "message_is_active": false,
    "message_join_token": "1ysx64zfnokhtWaSsR1TqI",
    "message_session_id": "411f9f980fbc0250fdebfd109e582106",
    "message_session_integration_origin_name": null,
    "message_session_participant_volume_control_enabled": true,
    "message_session_type": "IN_PERSON"
  },
  {
    "timestamp_utc": "2024-11-27T14:33:24.869Z",
    "context_time": 1732718004869,
    "message_client_platform": "ANDROID_ARM",
    "message_client_product": "CLIENT",
    "message_client_version": "63635691",
    "message_is_active": false,
    "message_join_token": "6bHtC3zkcoJd7ifYQXQWcc",
    "message_session_id": "cb579ab1903bb45aafffd4c9c7d1a0ec",
    "message_session_integration_origin_name": null,
    "message_session_participant_volume_control_enabled": true,
    "message_session_type": "IN_PERSON"
  },
  {
    "timestamp_utc": "2024-09-11T18:17:18.883Z",
    "context_time": 1726078638883,
    "message_client_platform": "ANDROID_ARM",
    "message_client_product": "CLIENT",
    "message_client_version": "63635691",
    "message_is_active": false,
    "message_join_token": "05C7iu7PRtFd7jKHzLxWE",
    "message_session_id": "000b5e69ebc8374c9c2447b795d6f542",
    "message_session_integration_origin_name": null,
    "message_session_participant_volume_control_enabled": true,
    "message_session_type": "IN_PERSON"
  },
  {
    "timestamp_utc": "2024-09-02T13:58:38.006Z",
    "context_time": 1725285518006,
    "message_client_platform": "ANDROID_ARM",
    "message_client_product": "CLIENT",
    "message_client_version": "63635691",
    "message_is_active": false,
    "message_join_token": "w5Qkq9NMWO3BwfGLEgQi1",
    "message_session_id": "1ec89278b65e688b24f3634ef3040f81",
    "message_session_integration_origin_name": null,
    "message_session_participant_volume_control_enabled": true,
    "message_session_type": "IN_PERSON"
  },
  {
    "timestamp_utc": "2024-07-26T20:03:39.501Z",
    "context_time": 1722024219501,
    "message_client_platform": "ANDROID_ARM",
    "message_client_product": "CLIENT",
    "message_client_version": "63635691",
    "message_is_active": false,
    "message_join_token": "ZN9iomg0qYBlouHfRoeuws8vFa9oK47LhZmkev5bQH7OXdGW2q7I6exg2XENngZwXm9xq6ivvRHWq0UeJjX0LjIM0iQVd5lb7AUTm9KkuIi",
    "message_session_id": "138ddf60a4caee0f3d9296f16c4ff06c",
    "message_session_integration_origin_name": null,
    "message_session_participant_volume_control_enabled": true,
    "message_session_type": "IN_PERSON"
  },
  {
    "timestamp_utc": "2024-07-31T17:03:45.338Z",
    "context_time": 1722445425338,
    "message_client_platform": "ANDROID_ARM",
    "message_client_product": "CLIENT",
    "message_client_version": "63635691",
    "message_is_active": false,
    "message_join_token": "ZHh6b4SzRdRNv8NW4e3dU",
    "message_session_id": "12b310e3b3e9a7c17e98873c1dca4a5c",
    "message_session_integration_origin_name": null,
    "message_session_participant_volume_control_enabled": true,
    "message_session_type": "IN_PERSON"
  },
  {
    "timestamp_utc": "2024-11-29T10:57:53.734Z",
    "context_time": 1732877873734,
    "message_client_platform": "ANDROID_ARM",
    "message_client_product": "CLIENT",
    "message_client_version": "63635691",
    "message_is_active": false,
    "message_join_token": "2T02BTNSD3IHM4Jsjar5z2",
    "message_session_id": "5edc7cf980ec2a8e869dfeb383314e78",
    "message_session_integration_origin_name": null,
    "message_session_participant_volume_control_enabled": true,
    "message_session_type": "IN_PERSON"
  },
  {
    "timestamp_utc": "2024-11-17T18:14:47.725Z",
    "context_time": 1731867287725,
    "message_client_platform": "ANDROID_ARM",
    "message_client_product": "CLIENT",
    "message_client_version": "63635691",
    "message_is_active": false,
    "message_join_token": "2sgcKriRio1U0dQrNqxDst",
    "message_session_id": "50b0d8ecc6042f87fad7eb0eb56f53b9",
    "message_session_integration_origin_name": null,
    "message_session_participant_volume_control_enabled": true,
    "message_session_type": "IN_PERSON"
  },
  {
    "timestamp_utc": "2024-07-06T09:52:14.228Z",
    "context_time": 1720259534228,
    "message_client_platform": "ANDROID_ARM",
    "message_client_product": "CLIENT",
    "message_client_version": "63635691",
    "message_is_active": false,
    "message_join_token": "3GELR6mif5fVS08PfZOi84jlmpyEsTCT8EKLexUYFv8Xrv9QBoUkm1kudV1nea7eMZse4nUPbIrXmZK7rhELQFLDbvsxRRpvyTKrZQjS6qD5",
    "message_session_id": "6fcabaab8c8bd6c66aff424b73d756a8",
    "message_session_integration_origin_name": null,
    "message_session_participant_volume_control_enabled": true,
    "message_session_type": "IN_PERSON"
  },
  {
    "timestamp_utc": "2024-07-01T20:13:33.418Z",
    "context_time": 1719864813418,
    "message_client_platform": "ANDROID_ARM",
    "message_client_product": "CLIENT",
    "message_client_version": "63635691",
    "message_is_active": false,
    "message_join_token": "2NuWC182LcyEYEa3TEz1KRIv173BO6xzYt8ZbqsAH7R1ZPNCDDDSXncBrivGqvvLWtXOIR6dtP3n70s58ngsD6msYS88JEqNltY35r3DK1Xw",
    "message_session_id": "51c3ad61b042b47d0ff14b0a94be7d75",
    "message_session_integration_origin_name": null,
    "message_session_participant_volume_control_enabled": true,
    "message_session_type": "IN_PERSON"
  },
  {
    "timestamp_utc": "2024-11-20T15:19:56.939Z",
    "context_time": 1732115996939,
    "message_client_platform": "ANDROID_ARM",
    "message_client_product": "CLIENT",
    "message_client_version": "63635691",
    "message_is_active": false,
    "message_join_token": "1RP9kbCC6zkBEisjd5y7f5",
    "message_session_id": "3d61a2150c0bd6b52580665015b2b923",
    "message_session_integration_origin_name": null,
    "message_session_participant_volume_control_enabled": true,
    "message_session_type": "IN_PERSON"
  },
  {
    "timestamp_utc": "2024-06-29T09:31:11.104Z",
    "context_time": 1719653471104,
    "message_client_platform": "ANDROID_ARM",
    "message_client_product": "CLIENT",
    "message_client_version": "63635691",
    "message_is_active": false,
    "message_join_token": "2AdAVAn21qiwoRMke67N8Bl4Zkdd0Uzjx38PxG9hBABj0XIH5KzHXudIXXT5ECYHmOWR13efpgCAWnnFk31TdX6Gp8BWwFl5uDiZf7NetNUk",
    "message_session_id": "4a6c6259d6a49f41b4d025ce29b6913a",
    "message_session_integration_origin_name": null,
    "message_session_participant_volume_control_enabled": true,
    "message_session_type": "IN_PERSON"
  },
  {
    "timestamp_utc": "2024-11-24T11:11:18.473Z",
    "context_time": 1732446678473,
    "message_client_platform": "ANDROID_ARM",
    "message_client_product": "CLIENT",
    "message_client_version": "63635691",
    "message_is_active": false,
    "message_join_token": "4TkkVWwci0P6LzTVMWCqLG",
    "message_session_id": "a0bf9bc7b6f9b89c8f9894b9b7dbc824",
    "message_session_integration_origin_name": null,
    "message_session_participant_volume_control_enabled": true,
    "message_session_type": "IN_PERSON"
  },
  {
    "timestamp_utc": "2024-11-15T22:38:17.570Z",
    "context_time": 1731710297570,
    "message_client_platform": "ANDROID_ARM",
    "message_client_product": "CLIENT",
    "message_client_version": "63635691",
    "message_is_active": false,
    "message_join_token": "5S8cBH4zmtZ03eGErWbvhc",
    "message_session_id": "c0f8be9a41557adc53435cdc5415a78e",
    "message_session_integration_origin_name": null,
    "message_session_participant_volume_control_enabled": true,
    "message_session_type": "IN_PERSON"
  },
  {
    "timestamp_utc": "2024-09-06T16:23:05.127Z",
    "context_time": 1725639785127,
    "message_client_platform": "ANDROID_ARM",
    "message_client_product": "CLIENT",
    "message_client_version": "63635691",
    "message_is_active": false,
    "message_join_token": "27mZQfTUwgKuVb6oc5TZVk",
    "message_session_id": "45d6a984d4f7353a218b1ef3f8056764",
    "message_session_integration_origin_name": null,
    "message_session_participant_volume_control_enabled": true,
    "message_session_type": "IN_PERSON"
  },
  {
    "timestamp_utc": "2024-09-07T10:31:17.661Z",
    "context_time": 1725705077661,
    "message_client_platform": "ANDROID_ARM",
    "message_client_product": "CLIENT",
    "message_client_version": "63635691",
    "message_is_active": false,
    "message_join_token": "3WIJTC0WDjOcq55QHzQJmB",
    "message_session_id": "73af7bebd05e1f9751fc87160b839cd7",
    "message_session_integration_origin_name": null,
    "message_session_participant_volume_control_enabled": true,
    "message_session_type": "IN_PERSON"
  },
  {
    "timestamp_utc": "2024-07-25T13:22:32.250Z",
    "context_time": 1721913752250,
    "message_client_platform": "ANDROID_ARM",
    "message_client_product": "CLIENT",
    "message_client_version": "63635691",
    "message_is_active": false,
    "message_join_token": "qclOKhcCP5JfmTuobXGN50F8vjjQ4tZcDI8vEqBv1zrMTRoij9uoeG4dgdzzghxcQ9KhBvHWwsgAwd1u75JLlGYYvC3IrZWHkyaY03cnfIq",
    "message_session_id": "1d173f7df374f0228b3e2252372a0811",
    "message_session_integration_origin_name": null,
    "message_session_participant_volume_control_enabled": true,
    "message_session_type": "IN_PERSON"
  },
  {
    "timestamp_utc": "2024-10-12T18:27:27.962Z",
    "context_time": 1728757647962,
    "message_client_platform": "ANDROID_ARM",
    "message_client_product": "CLIENT",
    "message_client_version": "63635691",
    "message_is_active": false,
    "message_join_token": "WGo2y0k3ep0jVoy679RTxvF530o",
    "message_session_id": "0aa069c816d022aa4d7447703b30fa6c",
    "message_session_integration_origin_name": null,
    "message_session_participant_volume_control_enabled": true,
    "message_session_type": "IN_PERSON"
  },
  {
    "timestamp_utc": "2024-07-04T18:56:36.071Z",
    "context_time": 1720119396071,
    "message_client_platform": "ANDROID_ARM",
    "message_client_product": "CLIENT",
    "message_client_version": "63635691",
    "message_is_active": false,
    "message_join_token": "3VIXGOv4j6aHJXTYXPHK8y3yDyrhVuAfU95Q1I1RkbNLDNuvi0XDAlJtxjtjbj95yarQJQpOLx7FXcz1eDgUn2xRWZwgOQ4Y0m3bmRn0b6Tp",
    "message_session_id": "781f04286eff93af333c29426766d3a6",
    "message_session_integration_origin_name": null,
    "message_session_participant_volume_control_enabled": true,
    "message_session_type": "IN_PERSON"
  },
  {
    "timestamp_utc": "2024-06-30T16:51:35.106Z",
    "context_time": 1719766295106,
    "message_client_platform": "ANDROID_ARM",
    "message_client_product": "CLIENT",
    "message_client_version": "63635691",
    "message_is_active": false,
    "message_join_token": "4hvrHq3sRhp6AO66JTymtZBxdtjiNeSzpc831YqiM0QiX3USYFWIdQRjS7zwND3ZvsXkIiGvDyTxKRUTsur2osyWCgjZdni4dNjqIiuLCRMh",
    "message_session_id": "a160dd40d597c94e2a916bbcaafd6ad3",
    "message_session_integration_origin_name": null,
    "message_session_participant_volume_control_enabled": true,
    "message_session_type": "IN_PERSON"
  },
  {
    "timestamp_utc": "2024-08-07T10:19:08.030Z",
    "context_time": 1723025948030,
    "message_client_platform": "ANDROID_ARM",
    "message_client_product": "CLIENT",
    "message_client_version": "63635691",
    "message_is_active": false,
    "message_join_token": "68CODfpYMktG6qQqV4snp8",
    "message_session_id": "c97c94516637bdf861c08c0d213984d6",
    "message_session_integration_origin_name": null,
    "message_session_participant_volume_control_enabled": true,
    "message_session_type": "IN_PERSON"
  },
  {
    "timestamp_utc": "2024-09-02T17:17:19.114Z",
    "context_time": 1725297439114,
    "message_client_platform": "ANDROID_ARM",
    "message_client_product": "CLIENT",
    "message_client_version": "63635691",
    "message_is_active": false,
    "message_join_token": "61RrzitZlKbU4M39XDdNsL",
    "message_session_id": "c5e8c8a50fd431c58fc319e9c3ee81bd",
    "message_session_integration_origin_name": null,
    "message_session_participant_volume_control_enabled": true,
    "message_session_type": "IN_PERSON"
  },
  {
    "timestamp_utc": "2024-08-30T12:23:09.947Z",
    "context_time": 1725020589947,
    "message_client_platform": "ANDROID_ARM",
    "message_client_product": "CLIENT",
    "message_client_version": "63635691",
    "message_is_active": false,
    "message_join_token": "2wwXrGjzWM8j8jEdJsba9H",
    "message_session_id": "60f381a1ec1b48c6721041fd7412fd67",
    "message_session_integration_origin_name": null,
    "message_session_participant_volume_control_enabled": true,
    "message_session_type": "IN_PERSON"
  },
  {
    "timestamp_utc": "2024-11-29T11:30:10.197Z",
    "context_time": 1732879810197,
    "message_client_platform": "ANDROID_ARM",
    "message_client_product": "CLIENT",
    "message_client_version": "63635691",
    "message_is_active": false,
    "message_join_token": "1GyOYU0FKDxp7dtA4WbdW7",
    "message_session_id": "3769912f1faeb57034210bb58e394a8f",
    "message_session_integration_origin_name": null,
    "message_session_participant_volume_control_enabled": true,
    "message_session_type": "IN_PERSON"
  },
  {
    "timestamp_utc": "2024-09-04T17:17:16.507Z",
    "context_time": 1725470236507,
    "message_client_platform": "ANDROID_ARM",
    "message_client_product": "CLIENT",
    "message_client_version": "63635691",
    "message_is_active": false,
    "message_join_token": "24ARVGvt3lkR2JqZHp4wWN",
    "message_session_id": "43ec3b0c3e5d6921104dccbebb37b16f",
    "message_session_integration_origin_name": null,
    "message_session_participant_volume_control_enabled": true,
    "message_session_type": "IN_PERSON"
  },
  {
    "timestamp_utc": "2024-11-14T16:19:50.795Z",
    "context_time": 1731601190795,
    "message_client_platform": "ANDROID_ARM",
    "message_client_product": "CLIENT",
    "message_client_version": "63635691",
    "message_is_active": false,
    "message_join_token": "2rmrKUxdcfXCwBah03i1Mr",
    "message_session_id": "5036d6cdd6e95bb3d976389e9ce0fc9f",
    "message_session_integration_origin_name": null,
    "message_session_participant_volume_control_enabled": true,
    "message_session_type": "IN_PERSON"
  },
  {
    "timestamp_utc": "2024-08-08T20:57:02.724Z",
    "context_time": 1723150622724,
    "message_client_platform": "ANDROID_ARM",
    "message_client_product": "CLIENT",
    "message_client_version": "63635691",
    "message_is_active": false,
    "message_join_token": "2B36i6U94rPoU2kneUOAmt",
    "message_session_id": "4791d942e878c04a19fa833d5233515f",
    "message_session_integration_origin_name": null,
    "message_session_participant_volume_control_enabled": true,
    "message_session_type": "IN_PERSON"
  },
  {
    "timestamp_utc": "2024-07-30T19:18:12.310Z",
    "context_time": 1722367092310,
    "message_client_platform": "ANDROID_ARM",
    "message_client_product": "CLIENT",
    "message_client_version": "63635691",
    "message_is_active": false,
    "message_join_token": "3aI2XKi7P1NosF60VHfvXX",
    "message_session_id": "75cd8df42ec545b2f3aa58e99f9b5aeb",
    "message_session_integration_origin_name": null,
    "message_session_participant_volume_control_enabled": true,
    "message_session_type": "IN_PERSON"
  },
  {
    "timestamp_utc": "2024-08-03T10:45:43.814Z",
    "context_time": 1722681943814,
    "message_client_platform": "ANDROID_ARM",
    "message_client_product": "CLIENT",
    "message_client_version": "63635691",
    "message_is_active": false,
    "message_join_token": "7DVuWxRfBaevA4ESHH4r8",
    "message_session_id": "03d33ddfe00d12ff7098de7c7d348a76",
    "message_session_integration_origin_name": null,
    "message_session_participant_volume_control_enabled": true,
    "message_session_type": "IN_PERSON"
  },
  {
    "timestamp_utc": "2024-07-06T10:26:35.021Z",
    "context_time": 1720261595021,
    "message_client_platform": "ANDROID_ARM",
    "message_client_product": "CLIENT",
    "message_client_version": "63635691",
    "message_is_active": false,
    "message_join_token": "5iaGyh3NldRthywItX1QCjLnAcAyZMRJfyNzkj7FYQFfblaKxs4UID56MAcvOY2t2E4rbSPTS50Cwngxi9QjN1Q0f0lYd66rgGmarAuNNXQo",
    "message_session_id": "c40306b0952a74c131cf3d19218c6750",
    "message_session_integration_origin_name": null,
    "message_session_participant_volume_control_enabled": true,
    "message_session_type": "IN_PERSON"
  },
  {
    "timestamp_utc": "2024-08-24T12:49:04.171Z",
    "context_time": 1724503744171,
    "message_client_platform": "ANDROID_ARM",
    "message_client_product": "CLIENT",
    "message_client_version": "63635691",
    "message_is_active": false,
    "message_join_token": "5W7TJcgCpSp0j0hMkKcTGL",
    "message_session_id": "b54e78c0a7b4c83cd3bb63d92c0729b9",
    "message_session_integration_origin_name": null,
    "message_session_participant_volume_control_enabled": true,
    "message_session_type": "IN_PERSON"
  },
  {
    "timestamp_utc": "2024-08-31T08:28:12.985Z",
    "context_time": 1725092892985,
    "message_client_platform": "ANDROID_ARM",
    "message_client_product": "CLIENT",
    "message_client_version": "63635691",
    "message_is_active": false,
    "message_join_token": "6ZgQFWrrxDGyQZc78nsICj",
    "message_session_id": "d80d4e48a763350c7d7aa404da68597d",
    "message_session_integration_origin_name": null,
    "message_session_participant_volume_control_enabled": true,
    "message_session_type": "IN_PERSON"
  },
  {
    "timestamp_utc": "2024-07-11T11:34:57.938Z",
    "context_time": 1720697697938,
    "message_client_platform": "ANDROID_ARM",
    "message_client_product": "CLIENT",
    "message_client_version": "63635691",
    "message_is_active": false,
    "message_join_token": "6V7mrQPNnOP5msYxsgQUWexelx0Jn0oluflJXWdkeJQ3BOUq2zGoDQTtmpC4FFnBxt5aPWZx64HQUwVIw9xJxbwD8MT1V4kMzBE5DYbs58v",
    "message_session_id": "039821fd0a1ada32c571de8aa8e6c0e5",
    "message_session_integration_origin_name": null,
    "message_session_participant_volume_control_enabled": true,
    "message_session_type": "IN_PERSON"
  },
  {
    "timestamp_utc": "2024-10-30T09:26:15.241Z",
    "context_time": 1730280375241,
    "message_client_platform": "ANDROID_ARM",
    "message_client_product": "CLIENT",
    "message_client_version": "63635691",
    "message_is_active": false,
    "message_join_token": "5izMG1CaABo4vVSNodcNZP",
    "message_session_id": "ae2115f3d200b1a0be8be22c3467446d",
    "message_session_integration_origin_name": null,
    "message_session_participant_volume_control_enabled": true,
    "message_session_type": "IN_PERSON"
  },
  {
    "timestamp_utc": "2024-11-24T16:33:50.616Z",
    "context_time": 1732466030616,
    "message_client_platform": "ANDROID_ARM",
    "message_client_product": "CLIENT",
    "message_client_version": "63635691",
    "message_is_active": false,
    "message_join_token": "0L3kcttiXqqi2KSV8Wxyj4",
    "message_session_id": "18efa0963039f21f49293d9cc5431cfe",
    "message_session_integration_origin_name": null,
    "message_session_participant_volume_control_enabled": true,
    "message_session_type": "IN_PERSON"
  },
  {
    "timestamp_utc": "2024-09-06T14:26:50.967Z",
    "context_time": 1725632810967,
    "message_client_platform": "ANDROID_ARM",
    "message_client_product": "CLIENT",
    "message_client_version": "63635691",
    "message_is_active": false,
    "message_join_token": "6KJP4AhOWIoSswm3VtBRwT",
    "message_session_id": "cfe7ee4232969225d28ebdc0ee96fe8d",
    "message_session_integration_origin_name": null,
    "message_session_participant_volume_control_enabled": true,
    "message_session_type": "IN_PERSON"
  },
  {
    "timestamp_utc": "2024-06-28T20:37:55.977Z",
    "context_time": 1719607075977,
    "message_client_platform": "ANDROID_ARM",
    "message_client_product": "CLIENT",
    "message_client_version": "63635691",
    "message_is_active": false,
    "message_join_token": "3J442TWbjWwybyBNBQa8zN6mlf2myCBJ4ZejAqlaUmBMj5fDoiBkDAGYWDOYfzAQpzChqZfASbbQy0QN397frGjj7I1DbMkEtpUVaB5kIV19",
    "message_session_id": "715bcede0b2d006de0a23ecbca3f3684",
    "message_session_integration_origin_name": null,
    "message_session_participant_volume_control_enabled": true,
    "message_session_type": "IN_PERSON"
  },
  {
    "timestamp_utc": "2024-06-29T17:29:17.428Z",
    "context_time": 1719682157428,
    "message_client_platform": "ANDROID_ARM",
    "message_client_product": "CLIENT",
    "message_client_version": "63635691",
    "message_is_active": false,
    "message_join_token": "41rxFA4FMf2qtVVOOd6ERHRCx9UJA2NzfZiJjp9Rz82wRz43c0mILuSIRkanNCEZKWdnzFDl2UrKrcCT3MqrCxyTWFSCdyLLMsa9506LDWGF",
    "message_session_id": "8a20553b0afe5ce5d45c5767e7b4490a",
    "message_session_integration_origin_name": null,
    "message_session_participant_volume_control_enabled": true,
    "message_session_type": "IN_PERSON"
  },
  {
    "timestamp_utc": "2024-08-06T21:05:30.191Z",
    "context_time": 1722978330191,
    "message_client_platform": "ANDROID_ARM",
    "message_client_product": "CLIENT",
    "message_client_version": "63635691",
    "message_is_active": false,
    "message_join_token": "2BQHGl3UBcVcYdf4MAO0mV",
    "message_session_id": "47c48ca6f8ee2689d2aa62f5236ed85f",
    "message_session_integration_origin_name": null,
    "message_session_participant_volume_control_enabled": true,
    "message_session_type": "IN_PERSON"
  },
  {
    "timestamp_utc": "2024-11-01T08:01:10.589Z",
    "context_time": 1730448070589,
    "message_client_platform": "ANDROID_ARM",
    "message_client_product": "CLIENT",
    "message_client_version": "63635691",
    "message_is_active": false,
    "message_join_token": "3dOsJPagrpDzFDJDi8uebn",
    "message_session_id": "69e428d784ba67b82d8fdb049b710089",
    "message_session_integration_origin_name": null,
    "message_session_participant_volume_control_enabled": true,
    "message_session_type": "IN_PERSON"
  },
  {
    "timestamp_utc": "2024-09-11T17:07:39.570Z",
    "context_time": 1726074459570,
    "message_client_platform": "ANDROID_ARM",
    "message_client_product": "CLIENT",
    "message_client_version": "63635691",
    "message_is_active": false,
    "message_join_token": "5RF0YJKk3XfE6KZCJAoVvH",
    "message_session_id": "b2b8a07b8fd1b9ae0466d4cd68cf878b",
    "message_session_integration_origin_name": null,
    "message_session_participant_volume_control_enabled": true,
    "message_session_type": "IN_PERSON"
  },
  {
    "timestamp_utc": "2024-11-27T16:08:14.777Z",
    "context_time": 1732723694777,
    "message_client_platform": "ANDROID_ARM",
    "message_client_product": "CLIENT",
    "message_client_version": "63635691",
    "message_is_active": false,
    "message_join_token": "0HbbyOmFHdslqN45P7MIap",
    "message_session_id": "16e228e38e55b0e88cf8f2bf1918d405",
    "message_session_integration_origin_name": null,
    "message_session_participant_volume_control_enabled": true,
    "message_session_type": "IN_PERSON"
  },
  {
    "timestamp_utc": "2024-08-21T19:49:29.314Z",
    "context_time": 1724269769314,
    "message_client_platform": "ANDROID_ARM",
    "message_client_product": "CLIENT",
    "message_client_version": "63635691",
    "message_is_active": false,
    "message_join_token": "2a7ur4ZJrbTFhGNWTgs1sp",
    "message_session_id": "54dc0bec5631b694933031e57a223a1b",
    "message_session_integration_origin_name": null,
    "message_session_participant_volume_control_enabled": true,
    "message_session_type": "IN_PERSON"
  },
  {
    "timestamp_utc": "2024-11-14T08:44:14.581Z",
    "context_time": 1731573854581,
    "message_client_platform": "ANDROID_ARM",
    "message_client_product": "CLIENT",
    "message_client_version": "63635691",
    "message_is_active": false,
    "message_join_token": "5EpbcKEuiGN0Oi9Dul1wvj",
    "message_session_id": "b9b28e4b274894c97caeca02e559e3dd",
    "message_session_integration_origin_name": null,
    "message_session_participant_volume_control_enabled": true,
    "message_session_type": "IN_PERSON"
  },
  {
    "timestamp_utc": "2024-08-03T13:33:45.983Z",
    "context_time": 1722692025983,
    "message_client_platform": "ANDROID_ARM",
    "message_client_product": "CLIENT",
    "message_client_version": "63635691",
    "message_is_active": false,
    "message_join_token": "5NHyR6qq8k7VmzZlF53xOB",
    "message_session_id": "b0a072dbba14cf36e48431bf8e03625f",
    "message_session_integration_origin_name": null,
    "message_session_participant_volume_control_enabled": true,
    "message_session_type": "IN_PERSON"
  },
  {
    "timestamp_utc": "2024-06-26T15:44:04.534Z",
    "context_time": 1719416644534,
    "message_client_platform": "ANDROID_ARM",
    "message_client_product": "CLIENT",
    "message_client_version": "63635691",
    "message_is_active": false,
    "message_join_token": "38TpV0yQBS0vfmL0bdwnQmUqGSQYUMJwXGWLMWktfmKdjuV3HTTGODm9A8ylZODuLKwNtOLKNXkA9XhgXsDMq8txYG09L2NvnxTP78QiMYID",
    "message_session_id": "6b81f48565d8059f78e266e8cc834207",
    "message_session_integration_origin_name": null,
    "message_session_participant_volume_control_enabled": true,
    "message_session_type": "IN_PERSON"
  },
  {
    "timestamp_utc": "2024-08-21T16:19:52.211Z",
    "context_time": 1724257192211,
    "message_client_platform": "ANDROID_ARM",
    "message_client_product": "CLIENT",
    "message_client_version": "63635691",
    "message_is_active": false,
    "message_join_token": "4OOFalc2psQ6nEAG3Cjlea",
    "message_session_id": "905a7ec457dd5a86393f322734af6088",
    "message_session_integration_origin_name": null,
    "message_session_participant_volume_control_enabled": true,
    "message_session_type": "IN_PERSON"
  },
  {
    "timestamp_utc": "2024-07-29T19:19:16.905Z",
    "context_time": 1722280756905,
    "message_client_platform": "ANDROID_ARM",
    "message_client_product": "CLIENT",
    "message_client_version": "63635691",
    "message_is_active": false,
    "message_join_token": "3i6Tvehw9Pop6xm1Kl6hh0",
    "message_session_id": "79f19969db285702b9961d64ac970d96",
    "message_session_integration_origin_name": null,
    "message_session_participant_volume_control_enabled": true,
    "message_session_type": "IN_PERSON"
  },
  {
    "timestamp_utc": "2024-07-31T18:16:39.392Z",
    "context_time": 1722449799392,
    "message_client_platform": "ANDROID_ARM",
    "message_client_product": "CLIENT",
    "message_client_version": "63635691",
    "message_is_active": false,
    "message_join_token": "XSn7BR0oNnaMttB2V7YSi",
    "message_session_id": "11bc0394bd08601477577ea214935634",
    "message_session_integration_origin_name": null,
    "message_session_participant_volume_control_enabled": true,
    "message_session_type": "IN_PERSON"
  },
  {
    "timestamp_utc": "2024-08-04T14:29:45.954Z",
    "context_time": 1722781785954,
    "message_client_platform": "ANDROID_ARM",
    "message_client_product": "CLIENT",
    "message_client_version": "63635691",
    "message_is_active": false,
    "message_join_token": "1yagrlu23CkiH2l7Tq0wOp",
    "message_session_id": "40f7a9d342fac90633ae3c3314967acb",
    "message_session_integration_origin_name": null,
    "message_session_participant_volume_control_enabled": true,
    "message_session_type": "IN_PERSON"
  },
  {
    "timestamp_utc": "2024-07-27T12:51:50.084Z",
    "context_time": 1722084710084,
    "message_client_platform": "ANDROID_ARM",
    "message_client_product": "CLIENT",
    "message_client_version": "63635691",
    "message_is_active": false,
    "message_join_token": "1NQb6CGg4Ypobiw61I2pKgC84NX9qH8BKmU15FIY2awjYUiayNCEurimwHA2hiorXTgrYMSoqSgpEwVrqLvHY7GNyRIIidAfhCauFz2BAS4o",
    "message_session_id": "2f3977801d851ea9d16ad7c7701cf4c7",
    "message_session_integration_origin_name": null,
    "message_session_participant_volume_control_enabled": true,
    "message_session_type": "IN_PERSON"
  },
  {
    "timestamp_utc": "2024-09-05T16:45:12.888Z",
    "context_time": 1725554712888,
    "message_client_platform": "ANDROID_ARM",
    "message_client_product": "CLIENT",
    "message_client_version": "63635691",
    "message_is_active": false,
    "message_join_token": "1FBuyDzFMY5NCfCQhMihgd",
    "message_session_id": "28e870e27d84da7e28df0dd33acd801f",
    "message_session_integration_origin_name": null,
    "message_session_participant_volume_control_enabled": true,
    "message_session_type": "IN_PERSON"
  },
  {
    "timestamp_utc": "2024-11-06T08:47:20.263Z",
    "context_time": 1730882840263,
    "message_client_platform": "ANDROID_ARM",
    "message_client_product": "CLIENT",
    "message_client_version": "63635691",
    "message_is_active": false,
    "message_join_token": "2aAVVGoNYBKfPwfzaF3xNn",
    "message_session_id": "475432ff3557d81434be1a811a7e3cf1",
    "message_session_integration_origin_name": null,
    "message_session_participant_volume_control_enabled": true,
    "message_session_type": "IN_PERSON"
  },
  {
    "timestamp_utc": "2024-10-13T14:51:12.709Z",
    "context_time": 1728831072709,
    "message_client_platform": "ANDROID_ARM",
    "message_client_product": "CLIENT",
    "message_client_version": "63635691",
    "message_is_active": false,
    "message_join_token": "WGo2y3xdgGNFVjAs78kY5OZ7FdX",
    "message_session_id": "742c1cb01626bc9cf294766bd004709d",
    "message_session_integration_origin_name": null,
    "message_session_participant_volume_control_enabled": true,
    "message_session_type": "IN_PERSON"
  },
  {
    "timestamp_utc": "2024-11-26T20:15:22.939Z",
    "context_time": 1732652122939,
    "message_client_platform": "ANDROID_ARM",
    "message_client_product": "CLIENT",
    "message_client_version": "63635691",
    "message_is_active": false,
    "message_join_token": "4eRbjDAO4tp7j8BhCcpEve",
    "message_session_id": "8b4d219937db403a6a909ee09d489628",
    "message_session_integration_origin_name": null,
    "message_session_participant_volume_control_enabled": true,
    "message_session_type": "IN_PERSON"
  },
  {
    "timestamp_utc": "2024-09-03T17:38:05.108Z",
    "context_time": 1725385085108,
    "message_client_platform": "ANDROID_ARM",
    "message_client_product": "CLIENT",
    "message_client_version": "63635691",
    "message_is_active": false,
    "message_join_token": "35jQX8ZoKaCyWeyixb78eV",
    "message_session_id": "659bce01429c973168432ee0cf050aa7",
    "message_session_integration_origin_name": null,
    "message_session_participant_volume_control_enabled": true,
    "message_session_type": "IN_PERSON"
  },
  {
    "timestamp_utc": "2024-07-08T19:19:18.714Z",
    "context_time": 1720466358714,
    "message_client_platform": "ANDROID_ARM",
    "message_client_product": "CLIENT",
    "message_client_version": "63635691",
    "message_is_active": false,
    "message_join_token": "5dZpmOqowiSgqS4FlXjb3BjYiBDWJbETvcCUM22d3omYG4fE4trNprsnQIpAtF2vbMmQYXofjNMlCMwFs7gopebrbRH84QjUrpbCMEJZFq4A",
    "message_session_id": "c13e7371c930b8643bc3896cee240bfa",
    "message_session_integration_origin_name": null,
    "message_session_participant_volume_control_enabled": true,
    "message_session_type": "IN_PERSON"
  },
  {
    "timestamp_utc": "2024-07-06T15:53:57.497Z",
    "context_time": 1720281237497,
    "message_client_platform": "ANDROID_ARM",
    "message_client_product": "CLIENT",
    "message_client_version": "63635691",
    "message_is_active": false,
    "message_join_token": "1FjMY5iRKuUfcGCzcCkBTvkZfQjljfyJ26iBEYDHwQs7eOvBoMrw5214P8oAHfg25vdVcmakBDQ21W8ygo0P3fTAxIFSjUhEpqI0s0J7HhRU",
    "message_session_id": "2af82e2beba29b0fd372385060481e89",
    "message_session_integration_origin_name": null,
    "message_session_participant_volume_control_enabled": true,
    "message_session_type": "IN_PERSON"
  },
  {
    "timestamp_utc": "2024-08-05T18:36:59.540Z",
    "context_time": 1722883019540,
    "message_client_platform": "ANDROID_ARM",
    "message_client_product": "CLIENT",
    "message_client_version": "63635691",
    "message_is_active": false,
    "message_join_token": "1bRX6VIbWisJRGRYOfRAvn",
    "message_session_id": "34b348aa2e47a1436974c729664a8cdf",
    "message_session_integration_origin_name": null,
    "message_session_participant_volume_control_enabled": true,
    "message_session_type": "IN_PERSON"
  },
  {
    "timestamp_utc": "2024-08-21T20:12:17.746Z",
    "context_time": 1724271137746,
    "message_client_platform": "ANDROID_ARM",
    "message_client_product": "CLIENT",
    "message_client_version": "63635691",
    "message_is_active": false,
    "message_join_token": "GwowWxpEiXAmZIrtEQdg5",
    "message_session_id": "08fb6272297eecdb4e3c63692208ce3d",
    "message_session_integration_origin_name": null,
    "message_session_participant_volume_control_enabled": true,
    "message_session_type": "IN_PERSON"
  },
  {
    "timestamp_utc": "2024-09-09T19:21:38.824Z",
    "context_time": 1725909698824,
    "message_client_platform": "ANDROID_ARM",
    "message_client_product": "CLIENT",
    "message_client_version": "63635691",
    "message_is_active": false,
    "message_join_token": "7kDx2g645EGxDUqjC9QqMR",
    "message_session_id": "fe7eb2bf8727d427112e945844f1f7bf",
    "message_session_integration_origin_name": null,
    "message_session_participant_volume_control_enabled": true,
    "message_session_type": "IN_PERSON"
  },
  {
    "timestamp_utc": "2024-11-20T18:27:36.131Z",
    "context_time": 1732127256131,
    "message_client_platform": "ANDROID_ARM",
    "message_client_product": "CLIENT",
    "message_client_version": "63635691",
    "message_is_active": false,
    "message_join_token": "6XXHEOpr2S99luaJGShDaJ",
    "message_session_id": "e4eb20aa48fba7f82c70c4821b0e1b0d",
    "message_session_integration_origin_name": null,
    "message_session_participant_volume_control_enabled": true,
    "message_session_type": "IN_PERSON"
  },
  {
    "timestamp_utc": "2024-08-03T15:04:17.140Z",
    "context_time": 1722697457140,
    "message_client_platform": "ANDROID_ARM",
    "message_client_product": "CLIENT",
    "message_client_version": "63635691",
    "message_is_active": false,
    "message_join_token": "1VNcOvKzohQ6SdOHWMn6nN",
    "message_session_id": "317cb74ade0b511ecda4826d8a3d9425",
    "message_session_integration_origin_name": null,
    "message_session_participant_volume_control_enabled": true,
    "message_session_type": "IN_PERSON"
  },
  {
    "timestamp_utc": "2024-06-26T20:15:08.342Z",
    "context_time": 1719432908342,
    "message_client_platform": "ANDROID_ARM",
    "message_client_product": "CLIENT",
    "message_client_version": "63635691",
    "message_is_active": false,
    "message_join_token": "20RrPslo03BbCHTLusoIQvM9WpZD39x9DVqrTAfT5zFdu3pcmk2tO4zNLBKag15p90ZOvyYvONxesNfNFqqf0Nv8nmUnLdJkPrd2YwXyrFgw",
    "message_session_id": "44cb6d2426e883cc9eef7d683cb66f7d",
    "message_session_integration_origin_name": null,
    "message_session_participant_volume_control_enabled": true,
    "message_session_type": "IN_PERSON"
  },
  {
    "timestamp_utc": "2024-11-29T10:58:03.517Z",
    "context_time": 1732877883517,
    "message_client_platform": "ANDROID_ARM",
    "message_client_product": "CLIENT",
    "message_client_version": "63635691",
    "message_is_active": false,
    "message_join_token": "7EJdVI4O49qGdsJ3FOHzgj",
    "message_session_id": "fb95202b3de91fcd36a570857cb1c767",
    "message_session_integration_origin_name": null,
    "message_session_participant_volume_control_enabled": true,
    "message_session_type": "IN_PERSON"
  },
  {
    "timestamp_utc": "2024-07-26T17:28:09.100Z",
    "context_time": 1722014889100,
    "message_client_platform": "ANDROID_ARM",
    "message_client_product": "CLIENT",
    "message_client_version": "63635691",
    "message_is_active": false,
    "message_join_token": "5lxXZ2PUpcBow53Dbg7VjYmJ7dR0yIxQBvuKG1ua7TFNO9BwPJYqfZWlISReUMP519hfXLsyHcvjP09HU8WcNmrXKe2UmGCOxBXpRmvQNmmM",
    "message_session_id": "c5e0adb1bfa71635bfc9f5f7fc1c7332",
    "message_session_integration_origin_name": null,
    "message_session_participant_volume_control_enabled": true,
    "message_session_type": "IN_PERSON"
  },
  {
    "timestamp_utc": "2024-06-30T10:25:54.996Z",
    "context_time": 1719743154996,
    "message_client_platform": "ANDROID_ARM",
    "message_client_product": "CLIENT",
    "message_client_version": "63635691",
    "message_is_active": false,
    "message_join_token": "5ZbFilRq59IPFoReCssHXgA5dKMmG2qlWm6JMtBXtwo332lXh3GmaXWGuaeJxys2lICF4WfhhItRGxWIEV9H0iv3RRMTOBvwXKOZlOBPKDEB",
    "message_session_id": "bf0ba11dad860b1b88cd494d7678fb25",
    "message_session_integration_origin_name": null,
    "message_session_participant_volume_control_enabled": true,
    "message_session_type": "IN_PERSON"
  },
  {
    "timestamp_utc": "2024-08-28T09:26:24.746Z",
    "context_time": 1724837184746,
    "message_client_platform": "ANDROID_ARM",
    "message_client_product": "CLIENT",
    "message_client_version": "63635691",
    "message_is_active": false,
    "message_join_token": "50yKwBDiDh1oDgFt60JwG5",
    "message_session_id": "a4ccce0c6a84326cf02b3aed04e7e0b5",
    "message_session_integration_origin_name": null,
    "message_session_participant_volume_control_enabled": true,
    "message_session_type": "IN_PERSON"
  },
  {
    "timestamp_utc": "2024-07-02T17:47:56.324Z",
    "context_time": 1719942476324,
    "message_client_platform": "ANDROID_ARM",
    "message_client_product": "CLIENT",
    "message_client_version": "63635691",
    "message_is_active": false,
    "message_join_token": "3oWXmmUUe6PD3S1f8rM7zmyS8N5SV0FFTangSosSzuiuC1yx80bWjMhVmJFFPra64atkfuyyu1E0s9kOqIOcNCUdDixOgb958mPWvM8uT9bc",
    "message_session_id": "82bfc56c9d3f5c94c9996cd4b0af9ac8",
    "message_session_integration_origin_name": null,
    "message_session_participant_volume_control_enabled": true,
    "message_session_type": "IN_PERSON"
  },
  {
    "timestamp_utc": "2024-07-26T07:13:32.115Z",
    "context_time": 1721978012115,
    "message_client_platform": "ANDROID_ARM",
    "message_client_product": "CLIENT",
    "message_client_version": "63635691",
    "message_is_active": false,
    "message_join_token": "1ZlbINOGQVPSqwShF283dTs24ofvFavxNZEXouKSeuRtPI2nSn06EyQZy99QgYrnYM106gvmxNvXJd4q10OZtnq76mLHQ3Yv4nfSMYd7pjML",
    "message_session_id": "360b9572d7f7b7ddb02dbd8ff6216ede",
    "message_session_integration_origin_name": null,
    "message_session_participant_volume_control_enabled": true,
    "message_session_type": "IN_PERSON"
  },
  {
    "timestamp_utc": "2024-07-26T12:11:40.623Z",
    "context_time": 1721995900623,
    "message_client_platform": "ANDROID_ARM",
    "message_client_product": "CLIENT",
    "message_client_version": "63635691",
    "message_is_active": false,
    "message_join_token": "55Xy2NZifvfPiU4NUJTa3RJnHBmC22ZDprH6NDbXL7wAGwhZgBQx2tFPSmcQA9j6Asnb6s9bVd7qDBUF08jWEXHOo5336xAxq7X2XgvaHu7r",
    "message_session_id": "ae6eb0025191d61766f8cf87a329db4d",
    "message_session_integration_origin_name": null,
    "message_session_participant_volume_control_enabled": true,
    "message_session_type": "IN_PERSON"
  },
  {
    "timestamp_utc": "2024-11-28T17:28:39.753Z",
    "context_time": 1732814919753,
    "message_client_platform": "ANDROID_ARM",
    "message_client_product": "CLIENT",
    "message_client_version": "63635691",
    "message_is_active": false,
    "message_join_token": "26kXdZu8mSurD6KZRlB10i",
    "message_session_id": "451290e6178385af6d5ca622f87ecfde",
    "message_session_integration_origin_name": null,
    "message_session_participant_volume_control_enabled": true,
    "message_session_type": "IN_PERSON"
  },
  {
    "timestamp_utc": "2024-08-04T09:43:31.478Z",
    "context_time": 1722764611478,
    "message_client_platform": "ANDROID_ARM",
    "message_client_product": "CLIENT",
    "message_client_version": "63635691",
    "message_is_active": false,
    "message_join_token": "2gAli01HjzJVywG8IqTk6d",
    "message_session_id": "58104a580630ab74069833c32fd2036b",
    "message_session_integration_origin_name": null,
    "message_session_participant_volume_control_enabled": true,
    "message_session_type": "IN_PERSON"
  },
  {
    "timestamp_utc": "2024-08-21T19:55:47.331Z",
    "context_time": 1724270147331,
    "message_client_platform": "ANDROID_ARM",
    "message_client_product": "CLIENT",
    "message_client_version": "63635691",
    "message_is_active": false,
    "message_join_token": "5t21QXx4FHbOWVUutlR0r8",
    "message_session_id": "c172e34ed23453fddb73cf8d1285f316",
    "message_session_integration_origin_name": null,
    "message_session_participant_volume_control_enabled": true,
    "message_session_type": "IN_PERSON"
  },
  {
    "timestamp_utc": "2024-08-31T16:55:02.918Z",
    "context_time": 1725123302918,
    "message_client_platform": "ANDROID_ARM",
    "message_client_product": "CLIENT",
    "message_client_version": "63635691",
    "message_is_active": false,
    "message_join_token": "7kM7JPEFa3tUrlQpdp7G08",
    "message_session_id": "fe9090eca16fb3b04afc1b50d1cd5c20",
    "message_session_integration_origin_name": null,
    "message_session_participant_volume_control_enabled": true,
    "message_session_type": "IN_PERSON"
  },
  {
    "timestamp_utc": "2024-11-30T10:18:37.728Z",
    "context_time": 1732961917728,
    "message_client_platform": "ANDROID_ARM",
    "message_client_product": "CLIENT",
    "message_client_version": "63635691",
    "message_is_active": false,
    "message_join_token": "03HXYE2SvJV0QOjkOW7jsM",
    "message_session_id": "01f735a292149f56813e8eaaa653abec",
    "message_session_integration_origin_name": null,
    "message_session_participant_volume_control_enabled": true,
    "message_session_type": "IN_PERSON"
  },
  {
    "timestamp_utc": "2024-06-25T19:58:31.079Z",
    "context_time": 1719345511079,
    "message_client_platform": "ANDROID_ARM",
    "message_client_product": "CLIENT",
    "message_client_version": "63635691",
    "message_is_active": false,
    "message_join_token": "3B781xSwhpGOv0qhwz2Dert24SrzO5j1JmP7op79Zl9iMUBSoWMsf70CZNDBKtV3ikJZoYRP4PG9n5R7AxIQMO7mY4fwnl4Fyv6eRWuhiFY1",
    "message_session_id": "6cf6af2e10a759ea6d4ae4b4d260934f",
    "message_session_integration_origin_name": null,
    "message_session_participant_volume_control_enabled": true,
    "message_session_type": "IN_PERSON"
  },
  {
    "timestamp_utc": "2024-11-29T09:29:30.154Z",
    "context_time": 1732872570154,
    "message_client_platform": "ANDROID_ARM",
    "message_client_product": "CLIENT",
    "message_client_version": "63635691",
    "message_is_active": false,
    "message_join_token": "7216ipkGTqNplG23HLstUB",
    "message_session_id": "e7113ad2892f6fb8ec03c4d21360a199",
    "message_session_integration_origin_name": null,
    "message_session_participant_volume_control_enabled": true,
    "message_session_type": "IN_PERSON"
  },
  {
    "timestamp_utc": "2024-11-29T15:34:44.732Z",
    "context_time": 1732894484732,
    "message_client_platform": "ANDROID_ARM",
    "message_client_product": "CLIENT",
    "message_client_version": "63635691",
    "message_is_active": false,
    "message_join_token": "7zISpFw5c0ZsUn6ZbLCMtm",
    "message_session_id": "f8ee07fb5ad29a3e3ad78e36f241197c",
    "message_session_integration_origin_name": null,
    "message_session_participant_volume_control_enabled": true,
    "message_session_type": "IN_PERSON"
  },
  {
    "timestamp_utc": "2024-09-03T18:24:48.832Z",
    "context_time": 1725387888832,
    "message_client_platform": "ANDROID_ARM",
    "message_client_product": "CLIENT",
    "message_client_version": "63635691",
    "message_is_active": false,
    "message_join_token": "5j7lS438FXbQCyeKg1Qdpm",
    "message_session_id": "bc32c87225cdad2d3085d296be156326",
    "message_session_integration_origin_name": null,
    "message_session_participant_volume_control_enabled": true,
    "message_session_type": "IN_PERSON"
  },
  {
    "timestamp_utc": "2024-06-29T10:15:20.021Z",
    "context_time": 1719656120021,
    "message_client_platform": "ANDROID_ARM",
    "message_client_product": "CLIENT",
    "message_client_version": "63635691",
    "message_is_active": false,
    "message_join_token": "4OqnAg0rgFwKvttIsAOcE6y4awG5qosWbJM4lF2xJwLJM3POeZVfWHlgAa0C5KwrT8XG1CHSDHlTn5SltuQdzFkDNRJ6CdLHapNZ0mz1Ql5a",
    "message_session_id": "96d484fe77353b09345b9c292e054054",
    "message_session_integration_origin_name": null,
    "message_session_participant_volume_control_enabled": true,
    "message_session_type": "IN_PERSON"
  },
  {
    "timestamp_utc": "2024-07-28T09:57:13.336Z",
    "context_time": 1722160633336,
    "message_client_platform": "ANDROID_ARM",
    "message_client_product": "CLIENT",
    "message_client_version": "63635691",
    "message_is_active": false,
    "message_join_token": "NQ6u4kLT7kxcC1zzEkPtnI6Wd63bzEOMZlMI5FePVN8XpTxYsAwf2nHHs3gN7gQxFpcrJZzOAayjuNy4EuS7cWyLlgDheN943a9Ku7U2Gmi",
    "message_session_id": "0cf270605a9b6a3a357bfe7a9cbfba52",
    "message_session_integration_origin_name": null,
    "message_session_participant_volume_control_enabled": true,
    "message_session_type": "IN_PERSON"
  },
  {
    "timestamp_utc": "2024-07-27T09:30:03.240Z",
    "context_time": 1722072603240,
    "message_client_platform": "ANDROID_ARM",
    "message_client_product": "CLIENT",
    "message_client_version": "63635691",
    "message_is_active": false,
    "message_join_token": "8RhtkXvEZ0aAL032zPgoLopUsQ7kAGw7evs6eiMz77OrY8TmRDcdcWJQkpo8U5Mog65Fg8jeIZZ2OBtfBLhnP8gYtdY34TudNBBzacX1VAx",
    "message_session_id": "04ab5c9b7c60bff84e85386737fe2ea6",
    "message_session_integration_origin_name": null,
    "message_session_participant_volume_control_enabled": true,
    "message_session_type": "IN_PERSON"
  },
  {
    "timestamp_utc": "2024-06-26T20:41:13.016Z",
    "context_time": 1719434473016,
    "message_client_platform": "ANDROID_ARM",
    "message_client_product": "CLIENT",
    "message_client_version": "63635691",
    "message_is_active": false,
    "message_join_token": "6wSkGTQMKJYmScVUXWHVKkzC6S0bzXSKVih7tHZ2I0xXjXqpvHsXrLatp3xataf3OTZ7LY2FTsr41oEhiVqm6mdbR5MEX6wrReIwLU4W2WSF",
    "message_session_id": "edf4f7a8b42dbe49fd38f4e66b76e598",
    "message_session_integration_origin_name": null,
    "message_session_participant_volume_control_enabled": true,
    "message_session_type": "IN_PERSON"
  },
  {
    "timestamp_utc": "2024-12-01T13:44:00.170Z",
    "context_time": 1733060640170,
    "message_client_platform": "ANDROID_ARM",
    "message_client_product": "CLIENT",
    "message_client_version": "63635691",
    "message_is_active": false,
    "message_join_token": "2Yjnsuhq3q7VZ3ywgwkN4w",
    "message_session_id": "61ad226acbac713b14e164e05b7c683c",
    "message_session_integration_origin_name": null,
    "message_session_participant_volume_control_enabled": true,
    "message_session_type": "IN_PERSON"
  }
]