[
  {
    "timestamp_utc": "2024-07-28T11:30:39.442Z",
    "context_time": 1722166239442,
    "message_activation_timestamp": 0,
    "message_client_platform": "ANDROID_ARM",
    "message_client_product": "CLIENT",
    "message_client_version": "63635691",
    "message_n_participants": 0,
    "message_session_age": null,
    "message_session_id": "0cf270605a9b6a3a357bfe7a9cbfba52"
  },
  {
    "timestamp_utc": "2024-07-25T19:27:48.360Z",
    "context_time": 1721935668360,
    "message_activation_timestamp": 0,
    "message_client_platform": "ANDROID_ARM",
    "message_client_product": "CLIENT",
    "message_client_version": "63635691",
    "message_n_participants": 0,
    "message_session_age": null,
    "message_session_id": "b5e0d8a1a5379b65c0b7f3a2b55ec250"
  },
  {
    "timestamp_utc": "2024-11-29T10:57:50.059Z",
    "context_time": 1732877870059,
    "message_activation_timestamp": 0,
    "message_client_platform": "IPHONE_ARM64",
    "message_client_product": "CLIENT",
    "message_client_version": "899400418",
    "message_n_participants": 0,
    "message_session_age": null,
    "message_session_id": "e7113ad2892f6fb8ec03c4d21360a199"
  },
  {
    "timestamp_utc": "2024-08-30T21:15:24.630Z",
    "context_time": 1725052524630,
    "message_activation_timestamp": 0,
    "message_client_platform": "OSX_ARM64",
    "message_client_product": null,
    "message_client_version": "124400405",
    "message_n_participants": 0,
    "message_session_age": null,
    "message_session_id": "800280205cb2d0890c9db103c6a8b41f"
  },
  {
    "timestamp_utc": "2024-08-22T21:36:28.383Z",
    "context_time": 1724362588383,
    "message_activation_timestamp": 0,
    "message_client_platform": null,
    "message_client_product": null,
    "message_client_version": "63635691",
    "message_n_participants": 0,
    "message_session_age": null,
    "message_session_id": "7aee35edce47da7a886178e4d0638410"
  },
  {
    "timestamp_utc": "2024-11-29T11:29:54.112Z",
    "context_time": 1732879794112,
    "message_activation_timestamp": 0,
    "message_client_platform": "IPHONE_ARM64",
    "message_client_product": "CLIENT",
    "message_client_version": "899400418",
    "message_n_participants": 0,
    "message_session_age": null,
    "message_session_id": "fb95202b3de91fcd36a570857cb1c767"
  },
  {
    "timestamp_utc": "2024-11-04T11:08:01.897Z",
    "context_time": 1730718481897,
    "message_activation_timestamp": 0,
    "message_client_platform": null,
    "message_client_product": null,
    "message_client_version": "63635691",
    "message_n_participants": 0,
    "message_session_age": null,
    "message_session_id": "cb977deaaa15eabdfdf3f8cb663fa277"
  },
  {
    "timestamp_utc": "2024-07-28T19:38:11.100Z",
    "context_time": 1722195491100,
    "message_activation_timestamp": 0,
    "message_client_platform": "IPHONE_ARM64",
    "message_client_product": null,
    "message_client_version": "895800473",
    "message_n_participants": 0,
    "message_session_age": null,
    "message_session_id": "0a2338b79e190ac929f6eac08bceae03"
  },
  {
    "timestamp_utc": "2024-07-06T13:12:05.730Z",
    "context_time": 1720271525730,
    "message_activation_timestamp": 0,
    "message_client_platform": "ANDROID_ARM",
    "message_client_product": "CLIENT",
    "message_client_version": "63635691",
    "message_n_participants": 0,
    "message_session_age": null,
    "message_session_id": "c40306b0952a74c131cf3d19218c6750"
  },
  {
    "timestamp_utc": "2024-10-30T15:58:21.773Z",
    "context_time": 1730303901773,
    "message_activation_timestamp": 0,
    "message_client_platform": null,
    "message_client_product": null,
    "message_client_version": "63635691",
    "message_n_participants": 0,
    "message_session_age": null,
    "message_session_id": "8558522ec2eb73701ee00df15a5d6288"
  },
  {
    "timestamp_utc": "2024-11-21T00:37:37.846Z",
    "context_time": 1732149457846,
    "message_activation_timestamp": 0,
    "message_client_platform": "OSX_ARM64",
    "message_client_product": "CLIENT",
    "message_client_version": "125000335",
    "message_n_participants": 0,
    "message_session_age": null,
    "message_session_id": "e4eb20aa48fba7f82c70c4821b0e1b0d"
  },
  {
    "timestamp_utc": "2024-07-04T19:10:09.899Z",
    "context_time": 1720120209899,
    "message_activation_timestamp": 0,
    "message_client_platform": "ANDROID_ARM",
    "message_client_product": "CLIENT",
    "message_client_version": "63635691",
    "message_n_participants": 0,
    "message_session_age": null,
    "message_session_id": "781f04286eff93af333c29426766d3a6"
  },
  {
    "timestamp_utc": "2024-11-14T18:03:41.257Z",
    "context_time": 1731607421257,
    "message_activation_timestamp": 0,
    "message_client_platform": "IPHONE_ARM64",
    "message_client_product": "CLIENT",
    "message_client_version": "899000084",
    "message_n_participants": 0,
    "message_session_age": null,
    "message_session_id": "d4993cf106999a6d71b6f4ef5a20ff49"
  },
  {
    "timestamp_utc": "2024-11-29T16:42:44.384Z",
    "context_time": 1732898564384,
    "message_activation_timestamp": 0,
    "message_client_platform": "IPHONE_ARM64",
    "message_client_product": "CLIENT",
    "message_client_version": "899400418",
    "message_n_participants": 0,
    "message_session_age": null,
    "message_session_id": "f8ee07fb5ad29a3e3ad78e36f241197c"
  },
  {
    "timestamp_utc": "2024-08-21T19:49:24.589Z",
    "context_time": 1724269764589,
    "message_activation_timestamp": 0,
    "message_client_platform": "ANDROID_ARM",
    "message_client_product": null,
    "message_client_version": "896600543",
    "message_n_participants": 0,
    "message_session_age": null,
    "message_session_id": "581143d19d8314a69a8fde7ea5a0f2c2"
  },
  {
    "timestamp_utc": "2024-11-01T10:40:32.976Z",
    "context_time": 1730457632976,
    "message_activation_timestamp": 0,
    "message_client_platform": "IPHONE_ARM64",
    "message_client_product": null,
    "message_client_version": "898400543",
    "message_n_participants": 0,
    "message_session_age": null,
    "message_session_id": "69e428d784ba67b82d8fdb049b710089"
  },
  {
    "timestamp_utc": "2024-08-21T20:12:11.584Z",
    "context_time": 1724271131584,
    "message_activation_timestamp": 0,
    "message_client_platform": "ANDROID_ARM",
    "message_client_product": null,
    "message_client_version": "896600543",
    "message_n_participants": 0,
    "message_session_age": null,
    "message_session_id": "c172e34ed23453fddb73cf8d1285f316"
  },
  {
    "timestamp_utc": "2024-10-30T12:57:15.407Z",
    "context_time": 1730293035407,
    "message_activation_timestamp": 0,
    "message_client_platform": "OSX_ARM64",
    "message_client_product": null,
    "message_client_version": "124800405",
    "message_n_participants": 0,
    "message_session_age": null,
    "message_session_id": "ae2115f3d200b1a0be8be22c3467446d"
  },
  {
    "timestamp_utc": "2024-07-29T20:09:49.988Z",
    "context_time": 1722283789988,
    "message_activation_timestamp": 0,
    "message_client_platform": "ANDROID_ARM",
    "message_client_product": "CLIENT",
    "message_client_version": "63635691",
    "message_n_participants": 0,
    "message_session_age": null,
    "message_session_id": "79f19969db285702b9961d64ac970d96"
  },
  {
    "timestamp_utc": "2024-11-14T16:40:08.309Z",
    "context_time": 1731602408309,
    "message_activation_timestamp": 0,
    "message_client_platform": "WIN32_X86",
    "message_client_product": "CLIENT",
    "message_client_version": "63635691",
    "message_n_participants": 0,
    "message_session_age": null,
    "message_session_id": "5036d6cdd6e95bb3d976389e9ce0fc9f"
  },
  {
    "timestamp_utc": "2024-07-02T20:17:03.723Z",
    "context_time": 1719951423723,
    "message_activation_timestamp": 0,
    "message_client_platform": "OSX_ARM64",
    "message_client_product": null,
    "message_client_version": "123800720",
    "message_n_participants": 0,
    "message_session_age": null,
    "message_session_id": "82bfc56c9d3f5c94c9996cd4b0af9ac8"
  },
  {
    "timestamp_utc": "2024-10-13T15:03:03.449Z",
    "context_time": 1728831783449,
    "message_activation_timestamp": 0,
    "message_client_platform": null,
    "message_client_product": null,
    "message_client_version": "63635691",
    "message_n_participants": 0,
    "message_session_age": null,
    "message_session_id": "742c1cb01626bc9cf294766bd004709d"
  },
  {
    "timestamp_utc": "2024-09-05T19:00:07.535Z",
    "context_time": 1725562807535,
    "message_activation_timestamp": 0,
    "message_client_platform": null,
    "message_client_product": null,
    "message_client_version": null,
    "message_n_participants": 0,
    "message_session_age": null,
    "message_session_id": "28e870e27d84da7e28df0dd33acd801f"
  },
  {
    "timestamp_utc": "2024-08-03T14:17:53.055Z",
    "context_time": 1722694673055,
    "message_activation_timestamp": 0,
    "message_client_platform": "IPHONE_ARM64",
    "message_client_product": null,
    "message_client_version": "895800473",
    "message_n_participants": 0,
    "message_session_age": null,
    "message_session_id": "b0a072dbba14cf36e48431bf8e03625f"
  },
  {
    "timestamp_utc": "2024-09-02T16:26:13.009Z",
    "context_time": 1725294373009,
    "message_activation_timestamp": 0,
    "message_client_platform": null,
    "message_client_product": null,
    "message_client_version": "63635691",
    "message_n_participants": 0,
    "message_session_age": null,
    "message_session_id": "1ec89278b65e688b24f3634ef3040f81"
  },
  {
    "timestamp_utc": "2024-07-04T18:56:34.176Z",
    "context_time": 1720119394176,
    "message_activation_timestamp": 0,
    "message_client_platform": "ANDROID_ARM",
    "message_client_product": "CLIENT",
    "message_client_version": "63635691",
    "message_n_participants": 0,
    "message_session_age": null,
    "message_session_id": "b779deadcdf08327abfbfb2414ab2d3c"
  },
  {
    "timestamp_utc": "2024-11-25T20:31:30.947Z",
    "context_time": 1732566690947,
    "message_activation_timestamp": 0,
    "message_client_platform": "WIN32_X86",
    "message_client_product": "CLIENT",
    "message_client_version": "",
    "message_n_participants": 0,
    "message_session_age": null,
    "message_session_id": "cb5a5c041a9ca87d31d019da1c0fc118"
  },
  {
    "timestamp_utc": "2024-09-04T22:22:42.842Z",
    "context_time": 1725488562842,
    "message_activation_timestamp": 0,
    "message_client_platform": "IPHONE_ARM64",
    "message_client_product": null,
    "message_client_version": "896800490",
    "message_n_participants": 0,
    "message_session_age": null,
    "message_session_id": "6d301d863514adba9d5e082394d532d4"
  },
  {
    "timestamp_utc": "2024-06-26T23:35:42.100Z",
    "context_time": 1719444942100,
    "message_activation_timestamp": 0,
    "message_client_platform": "WIN32_X86",
    "message_client_product": "CLIENT",
    "message_client_version": "Mozilla/5.0 (Windows NT 10.0; Win64; x64) AppleWebKit/537.36 (KHTML, like Gecko) Chrome/126.0.0.0 Safari/537.36",
    "message_n_participants": 0,
    "message_session_age": null,
    "message_session_id": "edf4f7a8b42dbe49fd38f4e66b76e598"
  },
  {
    "timestamp_utc": "2024-06-30T11:26:19.291Z",
    "context_time": 1719746779291,
    "message_activation_timestamp": 0,
    "message_client_platform": "ANDROID_ARM",
    "message_client_product": "CLIENT",
    "message_client_version": "63635691",
    "message_n_participants": 0,
    "message_session_age": null,
    "message_session_id": "bf0ba11dad860b1b88cd494d7678fb25"
  },
  {
    "timestamp_utc": "2024-11-25T20:31:30.839Z",
    "context_time": 1732566690839,
    "message_activation_timestamp": 0,
    "message_client_platform": "IPHONE_ARM64",
    "message_client_product": "CLIENT",
    "message_client_version": "899400418",
    "message_n_participants": 0,
    "message_session_age": null,
    "message_session_id": "cb5a5c041a9ca87d31d019da1c0fc118"
  },
  {
    "timestamp_utc": "2024-11-15T23:01:47.812Z",
    "context_time": 1731711707812,
    "message_activation_timestamp": 0,
    "message_client_platform": "WIN32_X86",
    "message_client_product": "CLIENT",
    "message_client_version": "63635691",
    "message_n_participants": 0,
    "message_session_age": null,
    "message_session_id": "c0f8be9a41557adc53435cdc5415a78e"
  },
  {
    "timestamp_utc": "2024-11-24T17:47:56.684Z",
    "context_time": 1732470476684,
    "message_activation_timestamp": 0,
    "message_client_platform": "WIN32_X86",
    "message_client_product": "CLIENT",
    "message_client_version": "63635691",
    "message_n_participants": 0,
    "message_session_age": null,
    "message_session_id": "18efa0963039f21f49293d9cc5431cfe"
  },
  {
    "timestamp_utc": "2024-11-19T22:56:34.151Z",
    "context_time": 1732056994151,
    "message_activation_timestamp": 0,
    "message_client_platform": "OSX_ARM64",
    "message_client_product": "CLIENT",
    "message_client_version": "125000335",
    "message_n_participants": 0,
    "message_session_age": null,
    "message_session_id": "83106ccad4c15ddc81a59bfe21a043d9"
  },
  {
    "timestamp_utc": "2024-07-30T22:48:49.304Z",
    "context_time": 1722379729304,
    "message_activation_timestamp": 0,
    "message_client_platform": null,
    "message_client_product": null,
    "message_client_version": null,
    "message_n_participants": 0,
    "message_session_age": null,
    "message_session_id": "75cd8df42ec545b2f3aa58e99f9b5aeb"
  },
  {
    "timestamp_utc": "2024-08-21T20:12:11.568Z",
    "context_time": 1724271131568,
    "message_activation_timestamp": 0,
    "message_client_platform": "ANDROID_ARM",
    "message_client_product": null,
    "message_client_version": "896600543",
    "message_n_participants": 0,
    "message_session_age": null,
    "message_session_id": "c172e34ed23453fddb73cf8d1285f316"
  },
  {
    "timestamp_utc": "2024-09-06T14:32:16.979Z",
    "context_time": 1725633136979,
    "message_activation_timestamp": 0,
    "message_client_platform": "IPHONE_ARM64",
    "message_client_product": null,
    "message_client_version": "896800490",
    "message_n_participants": 0,
    "message_session_age": null,
    "message_session_id": "cfe7ee4232969225d28ebdc0ee96fe8d"
  },
  {
    "timestamp_utc": "2024-06-30T22:36:15.339Z",
    "context_time": 1719786975339,
    "message_activation_timestamp": 0,
    "message_client_platform": null,
    "message_client_product": null,
    "message_client_version": null,
    "message_n_participants": 0,
    "message_session_age": null,
    "message_session_id": "a160dd40d597c94e2a916bbcaafd6ad3"
  },
  {
    "timestamp_utc": "2024-11-02T13:06:18.633Z",
    "context_time": 1730552778633,
    "message_activation_timestamp": 0,
    "message_client_platform": null,
    "message_client_product": null,
    "message_client_version": "63635691",
    "message_n_participants": 0,
    "message_session_age": null,
    "message_session_id": "64039f856a23709c54e85051fa7d6f45"
  },
  {
    "timestamp_utc": "2024-09-11T18:17:01.286Z",
    "context_time": 1726078621286,
    "message_activation_timestamp": 0,
    "message_client_platform": "OSX_ARM64",
    "message_client_product": null,
    "message_client_version": "124500454",
    "message_n_participants": 0,
    "message_session_age": null,
    "message_session_id": "b2b8a07b8fd1b9ae0466d4cd68cf878b"
  },
  {
    "timestamp_utc": "2024-07-30T19:18:11.882Z",
    "context_time": 1722367091882,
    "message_activation_timestamp": 0,
    "message_client_platform": "ANDROID_ARM",
    "message_client_product": "CLIENT",
    "message_client_version": "63635691",
    "message_n_participants": 0,
    "message_session_age": null,
    "message_session_id": "28576d6a975a4471d90f1170e316c9de"
  },
  {
    "timestamp_utc": "2024-10-30T22:51:41.337Z",
    "context_time": 1730328701337,
    "message_activation_timestamp": 0,
    "message_client_platform": null,
    "message_client_product": null,
    "message_client_version": "63635691",
    "message_n_participants": 0,
    "message_session_age": null,
    "message_session_id": "bf23eed4c3429fbc534865dc6e4cba4a"
  },
  {
    "timestamp_utc": "2024-11-20T17:18:21.827Z",
    "context_time": 1732123101827,
    "message_activation_timestamp": 0,
    "message_client_platform": "WIN32_X86",
    "message_client_product": "CLIENT",
    "message_client_version": "63635691",
    "message_n_participants": 0,
    "message_session_age": null,
    "message_session_id": "3d61a2150c0bd6b52580665015b2b923"
  },
  {
    "timestamp_utc": "2024-10-12T22:17:45.944Z",
    "context_time": 1728771465944,
    "message_activation_timestamp": 0,
    "message_client_platform": null,
    "message_client_product": null,
    "message_client_version": "63635691",
    "message_n_participants": 0,
    "message_session_age": null,
    "message_session_id": "0aa069c816d022aa4d7447703b30fa6c"
  },
  {
    "timestamp_utc": "2024-08-08T22:13:23.680Z",
    "context_time": 1723155203680,
    "message_activation_timestamp": 0,
    "message_client_platform": "ANDROID_ARM",
    "message_client_product": "CLIENT",
    "message_client_version": "63635691",
    "message_n_participants": 0,
    "message_session_age": null,
    "message_session_id": "4791d942e878c04a19fa833d5233515f"
  },
  {
    "timestamp_utc": "2024-12-01T18:08:27.127Z",
    "context_time": 1733076507127,
    "message_activation_timestamp": 0,
    "message_client_platform": "OSX_ARM64",
    "message_client_product": "CLIENT",
    "message_client_version": "125100345",
    "message_n_participants": 0,
    "message_session_age": null,
    "message_session_id": "61ad226acbac713b14e164e05b7c683c"
  },
  {
    "timestamp_utc": "2024-11-26T22:12:18.969Z",
    "context_time": 1732659138969,
    "message_activation_timestamp": 0,
    "message_client_platform": "IPHONE_ARM64",
    "message_client_product": "CLIENT",
    "message_client_version": "899400418",
    "message_n_participants": 0,
    "message_session_age": null,
    "message_session_id": "8b4d219937db403a6a909ee09d489628"
  },
  {
    "timestamp_utc": "2024-11-15T20:22:21.406Z",
    "context_time": 1731702141406,
    "message_activation_timestamp": 0,
    "message_client_platform": "OSX_ARM64",
    "message_client_product": "CLIENT",
    "message_client_version": "124900439",
    "message_n_participants": 0,
    "message_session_age": null,
    "message_session_id": "6e14e5d808c572fd1e88f27dab8aa86e"
  },
  {
    "timestamp_utc": "2024-11-13T22:04:02.988Z",
    "context_time": 1731535442988,
    "message_activation_timestamp": 0,
    "message_client_platform": "OSX_ARM64",
    "message_client_product": "CLIENT",
    "message_client_version": "124900439",
    "message_n_participants": 0,
    "message_session_age": null,
    "message_session_id": "38daec73e67460b166b381f197dcf87d"
  },
  {
    "timestamp_utc": "2024-08-31T17:48:01.833Z",
    "context_time": 1725126481833,
    "message_activation_timestamp": 0,
    "message_client_platform": null,
    "message_client_product": null,
    "message_client_version": "63635691",
    "message_n_participants": 0,
    "message_session_age": null,
    "message_session_id": "fe9090eca16fb3b04afc1b50d1cd5c20"
  },
  {
    "timestamp_utc": "2024-09-07T14:32:01.997Z",
    "context_time": 1725719521997,
    "message_activation_timestamp": 0,
    "message_client_platform": "IPHONE_ARM64",
    "message_client_product": null,
    "message_client_version": "896800490",
    "message_n_participants": 0,
    "message_session_age": null,
    "message_session_id": "b4ebe18fd2b1445240b318f0329b9f4e"
  },
  {
    "timestamp_utc": "2024-11-27T16:45:35.134Z",
    "context_time": 1732725935134,
    "message_activation_timestamp": 0,
    "message_client_platform": "WIN32_X86",
    "message_client_product": "CLIENT",
    "message_client_version": "63635691",
    "message_n_participants": 0,
    "message_session_age": null,
    "message_session_id": "16e228e38e55b0e88cf8f2bf1918d405"
  },
  {
    "timestamp_utc": "2024-08-28T10:55:18.671Z",
    "context_time": 1724842518671,
    "message_activation_timestamp": 0,
    "message_client_platform": "ANDROID_ARM",
    "message_client_product": null,
    "message_client_version": "896800456",
    "message_n_participants": 0,
    "message_session_age": null,
    "message_session_id": "a4ccce0c6a84326cf02b3aed04e7e0b5"
  },
  {
    "timestamp_utc": "2024-09-03T18:13:02.367Z",
    "context_time": 1725387182367,
    "message_activation_timestamp": 0,
    "message_client_platform": null,
    "message_client_product": null,
    "message_client_version": "63635691",
    "message_n_participants": 0,
    "message_session_age": null,
    "message_session_id": "659bce01429c973168432ee0cf050aa7"
  },
  {
    "timestamp_utc": "2024-06-29T18:55:37.086Z",
    "context_time": 1719687337086,
    "message_activation_timestamp": 0,
    "message_client_platform": "IPHONE_ARM64",
    "message_client_product": null,
    "message_client_version": "895000491",
    "message_n_participants": 0,
    "message_session_age": null,
    "message_session_id": "8a20553b0afe5ce5d45c5767e7b4490a"
  },
  {
    "timestamp_utc": "2024-08-21T20:12:11.569Z",
    "context_time": 1724271131569,
    "message_activation_timestamp": 0,
    "message_client_platform": "ANDROID_ARM",
    "message_client_product": null,
    "message_client_version": "896600543",
    "message_n_participants": 0,
    "message_session_age": null,
    "message_session_id": "c172e34ed23453fddb73cf8d1285f316"
  },
  {
    "timestamp_utc": "2024-07-26T08:56:31.570Z",
    "context_time": 1721984191570,
    "message_activation_timestamp": 0,
    "message_client_platform": "WIN32_X86_64",
    "message_client_product": null,
    "message_client_version": "124200290",
    "message_n_participants": 0,
    "message_session_age": null,
    "message_session_id": "d45553cfac451f4f16d637545d5cce07"
  },
  {
    "timestamp_utc": "2024-08-21T19:55:43.386Z",
    "context_time": 1724270143386,
    "message_activation_timestamp": 0,
    "message_client_platform": "ANDROID_ARM",
    "message_client_product": null,
    "message_client_version": "896600543",
    "message_n_participants": 0,
    "message_session_age": null,
    "message_session_id": "54dc0bec5631b694933031e57a223a1b"
  },
  {
    "timestamp_utc": "2024-08-14T09:43:13.884Z",
    "context_time": 1723628593884,
    "message_activation_timestamp": 0,
    "message_client_platform": "ANDROID_ARM",
    "message_client_product": "CLIENT",
    "message_client_version": "63635691",
    "message_n_participants": 0,
    "message_session_age": null,
    "message_session_id": "38ec9d2fbd2cd1b5c941447660b04942"
  },
  {
    "timestamp_utc": "2024-11-29T13:31:53.177Z",
    "context_time": 1732887113177,
    "message_activation_timestamp": 0,
    "message_client_platform": "IPHONE_ARM64",
    "message_client_product": "CLIENT",
    "message_client_version": "899400418",
    "message_n_participants": 0,
    "message_session_age": null,
    "message_session_id": "3769912f1faeb57034210bb58e394a8f"
  },
  {
    "timestamp_utc": "2024-06-28T22:11:05.671Z",
    "context_time": 1719612665671,
    "message_activation_timestamp": 0,
    "message_client_platform": "ANDROID_ARM",
    "message_client_product": "CLIENT",
    "message_client_version": "63635691",
    "message_n_participants": 0,
    "message_session_age": null,
    "message_session_id": "715bcede0b2d006de0a23ecbca3f3684"
  },
  {
    "timestamp_utc": "2024-06-29T09:31:09.165Z",
    "context_time": 1719653469165,
    "message_activation_timestamp": 0,
    "message_client_platform": "ANDROID_ARM",
    "message_client_product": "CLIENT",
    "message_client_version": "63635691",
    "message_n_participants": 0,
    "message_session_age": null,
    "message_session_id": "a5ec57c4a948b7cb84b0cb69de979a73"
  },
  {
    "timestamp_utc": "2024-07-25T14:07:15.382Z",
    "context_time": 1721916435382,
    "message_activation_timestamp": 0,
    "message_client_platform": "ANDROID_ARM",
    "message_client_product": "CLIENT",
    "message_client_version": "63635691",
    "message_n_participants": 0,
    "message_session_age": null,
    "message_session_id": "1d173f7df374f0228b3e2252372a0811"
  },
  {
    "timestamp_utc": "2024-07-06T17:43:27.676Z",
    "context_time": 1720287807676,
    "message_activation_timestamp": 0,
    "message_client_platform": "OSX_ARM64",
    "message_client_product": null,
    "message_client_version": "123800720",
    "message_n_participants": 0,
    "message_session_age": null,
    "message_session_id": "2af82e2beba29b0fd372385060481e89"
  },
  {
    "timestamp_utc": "2024-11-27T15:06:14.510Z",
    "context_time": 1732719974510,
    "message_activation_timestamp": 0,
    "message_client_platform": "IPHONE_ARM64",
    "message_client_product": "CLIENT",
    "message_client_version": "899400418",
    "message_n_participants": 0,
    "message_session_age": null,
    "message_session_id": "cb579ab1903bb45aafffd4c9c7d1a0ec"
  },
  {
    "timestamp_utc": "2024-11-06T09:19:29.614Z",
    "context_time": 1730884769614,
    "message_activation_timestamp": 0,
    "message_client_platform": "WIN32_X86",
    "message_client_product": "CLIENT",
    "message_client_version": "63635691",
    "message_n_participants": 0,
    "message_session_age": null,
    "message_session_id": "475432ff3557d81434be1a811a7e3cf1"
  },
  {
    "timestamp_utc": "2024-07-26T19:14:03.753Z",
    "context_time": 1722021243753,
    "message_activation_timestamp": 0,
    "message_client_platform": "ANDROID_ARM",
    "message_client_product": "CLIENT",
    "message_client_version": "63635691",
    "message_n_participants": 0,
    "message_session_age": null,
    "message_session_id": "c5e0adb1bfa71635bfc9f5f7fc1c7332"
  },
  {
    "timestamp_utc": "2024-09-02T21:02:30.860Z",
    "context_time": 1725310950860,
    "message_activation_timestamp": 0,
    "message_client_platform": "OSX_ARM64",
    "message_client_product": null,
    "message_client_version": "124400405",
    "message_n_participants": 0,
    "message_session_age": null,
    "message_session_id": "cddb20b2a3587afe3f3ea5d15cdf3a3a"
  },
  {
    "timestamp_utc": "2024-11-13T16:15:47.075Z",
    "context_time": 1731514547075,
    "message_activation_timestamp": 0,
    "message_client_platform": "WIN32_X86",
    "message_client_product": "CLIENT",
    "message_client_version": "63635691",
    "message_n_participants": 0,
    "message_session_age": null,
    "message_session_id": "2e1e4fc1125d43a3d627350f319811f7"
  },
  {
    "timestamp_utc": "2024-07-26T07:46:26.366Z",
    "context_time": 1721979986366,
    "message_activation_timestamp": 0,
    "message_client_platform": "IPHONE_ARM64",
    "message_client_product": null,
    "message_client_version": "895800473",
    "message_n_participants": 0,
    "message_session_age": null,
    "message_session_id": "360b9572d7f7b7ddb02dbd8ff6216ede"
  },
  {
    "timestamp_utc": "2024-08-03T19:47:00.016Z",
    "context_time": 1722714420016,
    "message_activation_timestamp": 0,
    "message_client_platform": "OSX_ARM64",
    "message_client_product": null,
    "message_client_version": "124100434",
    "message_n_participants": 0,
    "message_session_age": null,
    "message_session_id": "317cb74ade0b511ecda4826d8a3d9425"
  },
  {
    "timestamp_utc": "2024-07-06T10:16:45.184Z",
    "context_time": 1720261005184,
    "message_activation_timestamp": 0,
    "message_client_platform": "ANDROID_ARM",
    "message_client_product": "CLIENT",
    "message_client_version": "63635691",
    "message_n_participants": 0,
    "message_session_age": null,
    "message_session_id": "6fcabaab8c8bd6c66aff424b73d756a8"
  },
  {
    "timestamp_utc": "2024-07-26T17:28:07.302Z",
    "context_time": 1722014887302,
    "message_activation_timestamp": 0,
    "message_client_platform": "ANDROID_ARM",
    "message_client_product": "CLIENT",
    "message_client_version": "63635691",
    "message_n_participants": 0,
    "message_session_age": null,
    "message_session_id": "ae6eb0025191d61766f8cf87a329db4d"
  },
  {
    "timestamp_utc": "2024-09-02T18:34:14.101Z",
    "context_time": 1725302054101,
    "message_activation_timestamp": 0,
    "message_client_platform": null,
    "message_client_product": null,
    "message_client_version": "63635691",
    "message_n_participants": 0,
    "message_session_age": null,
    "message_session_id": "c5e8c8a50fd431c58fc319e9c3ee81bd"
  },
  {
    "timestamp_utc": "2024-10-11T13:56:48.552Z",
    "context_time": 1728655008552,
    "message_activation_timestamp": 0,
    "message_client_platform": null,
    "message_client_product": null,
    "message_client_version": "63635691",
    "message_n_participants": 0,
    "message_session_age": null,
    "message_session_id": "18e5c963d3bad9ac2256ddfbd8a2c05e"
  },
  {
    "timestamp_utc": "2024-07-27T12:20:52.544Z",
    "context_time": 1722082852544,
    "message_activation_timestamp": 0,
    "message_client_platform": "ANDROID_ARM",
    "message_client_product": "CLIENT",
    "message_client_version": "63635691",
    "message_n_participants": 0,
    "message_session_age": null,
    "message_session_id": "04ab5c9b7c60bff84e85386737fe2ea6"
  },
  {
    "timestamp_utc": "2024-08-04T12:18:45.127Z",
    "context_time": 1722773925127,
    "message_activation_timestamp": 0,
    "message_client_platform": "IPHONE_ARM64",
    "message_client_product": null,
    "message_client_version": "895800473",
    "message_n_participants": 0,
    "message_session_age": null,
    "message_session_id": "58104a580630ab74069833c32fd2036b"
  },
  {
    "timestamp_utc": "2024-08-03T14:17:53.047Z",
    "context_time": 1722694673047,
    "message_activation_timestamp": 0,
    "message_client_platform": "IPHONE_ARM64",
    "message_client_product": null,
    "message_client_version": "895800473",
    "message_n_participants": 0,
    "message_session_age": null,
    "message_session_id": "b0a072dbba14cf36e48431bf8e03625f"
  },
  {
    "timestamp_utc": "2024-09-09T19:47:45.382Z",
    "context_time": 1725911265382,
    "message_activation_timestamp": 0,
    "message_client_platform": null,
    "message_client_product": null,
    "message_client_version": "63635691",
    "message_n_participants": 0,
    "message_session_age": null,
    "message_session_id": "fe7eb2bf8727d427112e945844f1f7bf"
  },
  {
    "timestamp_utc": "2024-07-02T00:02:36.670Z",
    "context_time": 1719878556670,
    "message_activation_timestamp": 0,
    "message_client_platform": "OSX_ARM64",
    "message_client_product": null,
    "message_client_version": "123800720",
    "message_n_participants": 0,
    "message_session_age": null,
    "message_session_id": "51c3ad61b042b47d0ff14b0a94be7d75"
  },
  {
    "timestamp_utc": "2024-07-25T19:45:14.442Z",
    "context_time": 1721936714442,
    "message_activation_timestamp": 0,
    "message_client_platform": "IPHONE_ARM64",
    "message_client_product": null,
    "message_client_version": "895800473",
    "message_n_participants": 0,
    "message_session_age": null,
    "message_session_id": "f1dc174e7d51b302b3a1398eb42ecc00"
  },
  {
    "timestamp_utc": "2024-08-14T07:32:51.483Z",
    "context_time": 1723620771483,
    "message_activation_timestamp": 0,
    "message_client_platform": "ANDROID_ARM",
    "message_client_product": "CLIENT",
    "message_client_version": "63635691",
    "message_n_participants": 0,
    "message_session_age": null,
    "message_session_id": "a98165ab430d8c7f41f404e254d58da6"
  },
  {
    "timestamp_utc": "2024-08-03T13:03:59.905Z",
    "context_time": 1722690239905,
    "message_activation_timestamp": 0,
    "message_client_platform": "IPHONE_ARM64",
    "message_client_product": null,
    "message_client_version": "895800473",
    "message_n_participants": 0,
    "message_session_age": null,
    "message_session_id": "76de38c6e378b48469114c336b921f19"
  },
  {
    "timestamp_utc": "2024-10-14T06:31:46.621Z",
    "context_time": 1728887506621,
    "message_activation_timestamp": 0,
    "message_client_platform": "IPHONE_ARM64",
    "message_client_product": null,
    "message_client_version": "898200628",
    "message_n_participants": 0,
    "message_session_age": null,
    "message_session_id": "ca8f1e8ad120589e0b989ad0d3372cf1"
  },
  {
    "timestamp_utc": "2024-09-07T10:59:25.263Z",
    "context_time": 1725706765263,
    "message_activation_timestamp": 0,
    "message_client_platform": null,
    "message_client_product": null,
    "message_client_version": "63635691",
    "message_n_participants": 0,
    "message_session_age": null,
    "message_session_id": "73af7bebd05e1f9751fc87160b839cd7"
  },
  {
    "timestamp_utc": "2024-11-17T21:38:28.621Z",
    "context_time": 1731879508621,
    "message_activation_timestamp": 0,
    "message_client_platform": "OSX_ARM64",
    "message_client_product": "CLIENT",
    "message_client_version": "125000335",
    "message_n_participants": 0,
    "message_session_age": null,
    "message_session_id": "50b0d8ecc6042f87fad7eb0eb56f53b9"
  },
  {
    "timestamp_utc": "2024-11-14T11:06:54.500Z",
    "context_time": 1731582414500,
    "message_activation_timestamp": 0,
    "message_client_platform": "WIN32_X86",
    "message_client_product": "CLIENT",
    "message_client_version": "63635691",
    "message_n_participants": 0,
    "message_session_age": null,
    "message_session_id": "b9b28e4b274894c97caeca02e559e3dd"
  },
  {
    "timestamp_utc": "2024-09-03T19:15:38.241Z",
    "context_time": 1725390938241,
    "message_activation_timestamp": 0,
    "message_client_platform": "OSX_ARM64",
    "message_client_product": null,
    "message_client_version": "124400405",
    "message_n_participants": 0,
    "message_session_age": null,
    "message_session_id": "bc32c87225cdad2d3085d296be156326"
  },
  {
    "timestamp_utc": "2024-08-30T13:38:00.958Z",
    "context_time": 1725025080958,
    "message_activation_timestamp": 0,
    "message_client_platform": null,
    "message_client_product": null,
    "message_client_version": "63635691",
    "message_n_participants": 0,
    "message_session_age": null,
    "message_session_id": "60f381a1ec1b48c6721041fd7412fd67"
  },
  {
    "timestamp_utc": "2024-06-25T21:04:19.236Z",
    "context_time": 1719349459236,
    "message_activation_timestamp": 0,
    "message_client_platform": "ANDROID_ARM",
    "message_client_product": "CLIENT",
    "message_client_version": "63635691",
    "message_n_participants": 0,
    "message_session_age": null,
    "message_session_id": "6cf6af2e10a759ea6d4ae4b4d260934f"
  },
  {
    "timestamp_utc": "2024-07-27T14:08:26.630Z",
    "context_time": 1722089306630,
    "message_activation_timestamp": 0,
    "message_client_platform": "IPHONE_ARM64",
    "message_client_product": null,
    "message_client_version": "895800473",
    "message_n_participants": 0,
    "message_session_age": null,
    "message_session_id": "2f3977801d851ea9d16ad7c7701cf4c7"
  },
  {
    "timestamp_utc": "2024-10-11T13:17:44.843Z",
    "context_time": 1728652664843,
    "message_activation_timestamp": 0,
    "message_client_platform": "IPHONE_ARM64",
    "message_client_product": null,
    "message_client_version": "897600516",
    "message_n_participants": 0,
    "message_session_age": null,
    "message_session_id": "d7655df009ef0219994b3bfe780e8f5a"
  },
  {
    "timestamp_utc": "2024-06-26T20:28:07.106Z",
    "context_time": 1719433687106,
    "message_activation_timestamp": 0,
    "message_client_platform": "ANDROID_ARM",
    "message_client_product": "CLIENT",
    "message_client_version": "63635691",
    "message_n_participants": 0,
    "message_session_age": null,
    "message_session_id": "44cb6d2426e883cc9eef7d683cb66f7d"
  },
  {
    "timestamp_utc": "2024-07-07T01:13:02.141Z",
    "context_time": 1720314782141,
    "message_activation_timestamp": 0,
    "message_client_platform": "ANDROID_ARM",
    "message_client_product": "CLIENT",
    "message_client_version": "63635691",
    "message_n_participants": 0,
    "message_session_age": null,
    "message_session_id": "dab8e02471e1aeabd979b6a41b9df892"
  },
  {
    "timestamp_utc": "2024-11-29T11:29:54.117Z",
    "context_time": 1732879794117,
    "message_activation_timestamp": 0,
    "message_client_platform": "IPHONE_ARM64",
    "message_client_product": "CLIENT",
    "message_client_version": "899400418",
    "message_n_participants": 0,
    "message_session_age": null,
    "message_session_id": "fb95202b3de91fcd36a570857cb1c767"
  },
  {
    "timestamp_utc": "2024-10-13T14:51:05.650Z",
    "context_time": 1728831065650,
    "message_activation_timestamp": 0,
    "message_client_platform": "IPHONE_ARM64",
    "message_client_product": null,
    "message_client_version": "898200628",
    "message_n_participants": 0,
    "message_session_age": null,
    "message_session_id": "cd9aa37b43a38ca972b3180e5aa09a63"
  },
  {
    "timestamp_utc": "2024-08-03T12:54:08.262Z",
    "context_time": 1722689648262,
    "message_activation_timestamp": 1722689396886,
    "message_client_platform": "IPHONE_ARM64",
    "message_client_product": null,
    "message_client_version": "895800473",
    "message_n_participants": 0,
    "message_session_age": 251376,
    "message_session_id": "03d33ddfe00d12ff7098de7c7d348a76"
  },
  {
    "timestamp_utc": "2024-08-04T16:13:34.845Z",
    "context_time": 1722788014845,
    "message_activation_timestamp": 0,
    "message_client_platform": "ANDROID_ARM",
    "message_client_product": "CLIENT",
    "message_client_version": "63635691",
    "message_n_participants": 0,
    "message_session_age": null,
    "message_session_id": "40f7a9d342fac90633ae3c3314967acb"
  },
  {
    "timestamp_utc": "2024-08-01T20:11:29.540Z",
    "context_time": 1722543089540,
    "message_activation_timestamp": 0,
    "message_client_platform": "OSX_ARM64",
    "message_client_product": null,
    "message_client_version": "124100434",
    "message_n_participants": 0,
    "message_session_age": null,
    "message_session_id": "411f9f980fbc0250fdebfd109e582106"
  },
  {
    "timestamp_utc": "2024-08-03T13:03:59.908Z",
    "context_time": 1722690239908,
    "message_activation_timestamp": 0,
    "message_client_platform": "IPHONE_ARM64",
    "message_client_product": null,
    "message_client_version": "895800473",
    "message_n_participants": 0,
    "message_session_age": null,
    "message_session_id": "76de38c6e378b48469114c336b921f19"
  },
  {
    "timestamp_utc": "2024-06-29T09:44:39.946Z",
    "context_time": 1719654279946,
    "message_activation_timestamp": 0,
    "message_client_platform": "ANDROID_ARM",
    "message_client_product": "CLIENT",
    "message_client_version": "63635691",
    "message_n_participants": 0,
    "message_session_age": null,
    "message_session_id": "4a6c6259d6a49f41b4d025ce29b6913a"
  },
  {
    "timestamp_utc": "2024-11-19T18:30:26.503Z",
    "context_time": 1732041026503,
    "message_activation_timestamp": 0,
    "message_client_platform": "OSX_ARM64",
    "message_client_product": "CLIENT",
    "message_client_version": "125000335",
    "message_n_participants": 0,
    "message_session_age": null,
    "message_session_id": "7e144eb186453266059ee7c21b2cad58"
  },
  {
    "timestamp_utc": "2024-08-06T21:22:34.467Z",
    "context_time": 1722979354467,
    "message_activation_timestamp": 0,
    "message_client_platform": "ANDROID_ARM",
    "message_client_product": "CLIENT",
    "message_client_version": "63635691",
    "message_n_participants": 0,
    "message_session_age": null,
    "message_session_id": "47c48ca6f8ee2689d2aa62f5236ed85f"
  },
  {
    "timestamp_utc": "2024-08-21T17:15:49.666Z",
    "context_time": 1724260549666,
    "message_activation_timestamp": 0,
    "message_client_platform": "OSX_ARM64",
    "message_client_product": null,
    "message_client_version": "124300420",
    "message_n_participants": 0,
    "message_session_age": null,
    "message_session_id": "905a7ec457dd5a86393f322734af6088"
  },
  {
    "timestamp_utc": "2024-08-21T19:49:24.591Z",
    "context_time": 1724269764591,
    "message_activation_timestamp": 0,
    "message_client_platform": "ANDROID_ARM",
    "message_client_product": null,
    "message_client_version": "896600543",
    "message_n_participants": 0,
    "message_session_age": null,
    "message_session_id": "581143d19d8314a69a8fde7ea5a0f2c2"
  },
  {
    "timestamp_utc": "2024-11-18T15:16:47.697Z",
    "context_time": 1731943007697,
    "message_activation_timestamp": 0,
    "message_client_platform": "WIN32_X86",
    "message_client_product": "CLIENT",
    "message_client_version": "63635691",
    "message_n_participants": 0,
    "message_session_age": null,
    "message_session_id": "05a6347c7f1d03e86b51ea6879a9ec78"
  },
  {
    "timestamp_utc": "2024-08-31T19:43:22.475Z",
    "context_time": 1725133402475,
    "message_activation_timestamp": 0,
    "message_client_platform": "OSX_ARM64",
    "message_client_product": null,
    "message_client_version": "124400405",
    "message_n_participants": 0,
    "message_session_age": null,
    "message_session_id": "4b1af909106ca0610061d1a93a8f2c85"
  },
  {
    "timestamp_utc": "2024-08-21T20:49:27.726Z",
    "context_time": 1724273367726,
    "message_activation_timestamp": 0,
    "message_client_platform": "IPHONE_ARM64",
    "message_client_product": null,
    "message_client_version": "896600462",
    "message_n_participants": 0,
    "message_session_age": null,
    "message_session_id": "08fb6272297eecdb4e3c63692208ce3d"
  },
  {
    "timestamp_utc": "2024-07-26T21:22:50.588Z",
    "context_time": 1722028970588,
    "message_activation_timestamp": 0,
    "message_client_platform": "IPHONE_ARM64",
    "message_client_product": null,
    "message_client_version": "895800473",
    "message_n_participants": 0,
    "message_session_age": null,
    "message_session_id": "138ddf60a4caee0f3d9296f16c4ff06c"
  },
  {
    "timestamp_utc": "2024-06-29T13:17:32.329Z",
    "context_time": 1719667052329,
    "message_activation_timestamp": 0,
    "message_client_platform": "ANDROID_ARM",
    "message_client_product": "CLIENT",
    "message_client_version": "63635691",
    "message_n_participants": 0,
    "message_session_age": null,
    "message_session_id": "96d484fe77353b09345b9c292e054054"
  },
  {
    "timestamp_utc": "2024-06-26T18:55:55.845Z",
    "context_time": 1719428155845,
    "message_activation_timestamp": 0,
    "message_client_platform": "ANDROID_ARM",
    "message_client_product": "CLIENT",
    "message_client_version": "63635691",
    "message_n_participants": 0,
    "message_session_age": null,
    "message_session_id": "6b81f48565d8059f78e266e8cc834207"
  },
  {
    "timestamp_utc": "2024-08-29T23:51:48.639Z",
    "context_time": 1724975508639,
    "message_activation_timestamp": 0,
    "message_client_platform": "OSX_ARM64",
    "message_client_product": null,
    "message_client_version": "124300420",
    "message_n_participants": 0,
    "message_session_age": null,
    "message_session_id": "0e319ac55ce5d249dc4057f1d8ded7e8"
  },
  {
    "timestamp_utc": "2024-11-27T15:16:18.767Z",
    "context_time": 1732720578767,
    "message_activation_timestamp": 0,
    "message_client_platform": "WIN32_X86",
    "message_client_product": "CLIENT",
    "message_client_version": "63635691",
    "message_n_participants": 0,
    "message_session_age": null,
    "message_session_id": "d924487977d7592cb90b2972702ac250"
  },
  {
    "timestamp_utc": "2024-09-04T17:42:36.558Z",
    "context_time": 1725471756558,
    "message_activation_timestamp": 0,
    "message_client_platform": null,
    "message_client_product": null,
    "message_client_version": "63635691",
    "message_n_participants": 0,
    "message_session_age": null,
    "message_session_id": "43ec3b0c3e5d6921104dccbebb37b16f"
  },
  {
    "timestamp_utc": "2024-11-29T08:23:38.634Z",
    "context_time": 1732868618634,
    "message_activation_timestamp": 0,
    "message_client_platform": "WIN32_X86",
    "message_client_product": "CLIENT",
    "message_client_version": "63635691",
    "message_n_participants": 0,
    "message_session_age": null,
    "message_session_id": "fe127ebbe4a5daeab4503a1110e59aa4"
  },
  {
    "timestamp_utc": "2024-10-13T10:01:52.141Z",
    "context_time": 1728813712141,
    "message_activation_timestamp": 0,
    "message_client_platform": null,
    "message_client_product": null,
    "message_client_version": "63635691",
    "message_n_participants": 0,
    "message_session_age": null,
    "message_session_id": "c93a847d77f02226f228315f9ae2f98e"
  },
  {
    "timestamp_utc": "2024-07-11T12:53:39.954Z",
    "context_time": 1720702419954,
    "message_activation_timestamp": 0,
    "message_client_platform": "ANDROID_ARM",
    "message_client_product": "CLIENT",
    "message_client_version": "63635691",
    "message_n_participants": 0,
    "message_session_age": null,
    "message_session_id": "039821fd0a1ada32c571de8aa8e6c0e5"
  },
  {
    "timestamp_utc": "2024-08-28T09:20:53.681Z",
    "context_time": 1724836853681,
    "message_activation_timestamp": 0,
    "message_client_platform": null,
    "message_client_product": null,
    "message_client_version": "63635691",
    "message_n_participants": 0,
    "message_session_age": null,
    "message_session_id": "0294cbf8c1b86a998650bfa0e845657d"
  },
  {
    "timestamp_utc": "2024-08-07T13:20:57.670Z",
    "context_time": 1723036857670,
    "message_activation_timestamp": 0,
    "message_client_platform": "ANDROID_ARM",
    "message_client_product": "CLIENT",
    "message_client_version": "63635691",
    "message_n_participants": 0,
    "message_session_age": null,
    "message_session_id": "c97c94516637bdf861c08c0d213984d6"
  },
  {
    "timestamp_utc": "2024-08-05T22:28:15.984Z",
    "context_time": 1722896895984,
    "message_activation_timestamp": 0,
    "message_client_platform": null,
    "message_client_product": null,
    "message_client_version": null,
    "message_n_participants": 0,
    "message_session_age": null,
    "message_session_id": "34b348aa2e47a1436974c729664a8cdf"
  },
  {
    "timestamp_utc": "2024-11-30T18:00:39.558Z",
    "context_time": 1732989639558,
    "message_activation_timestamp": 0,
    "message_client_platform": "WIN32_X86",
    "message_client_product": "CLIENT",
    "message_client_version": "63635691",
    "message_n_participants": 0,
    "message_session_age": null,
    "message_session_id": "4d783fc4c187997f9301a38f12fdd235"
  },
  {
    "timestamp_utc": "2024-08-31T09:41:24.920Z",
    "context_time": 1725097284920,
    "message_activation_timestamp": 0,
    "message_client_platform": null,
    "message_client_product": null,
    "message_client_version": "63635691",
    "message_n_participants": 0,
    "message_session_age": null,
    "message_session_id": "d80d4e48a763350c7d7aa404da68597d"
  },
  {
    "timestamp_utc": "2024-08-24T15:33:10.633Z",
    "context_time": 1724513590633,
    "message_activation_timestamp": 0,
    "message_client_platform": "IPHONE_ARM64",
    "message_client_product": null,
    "message_client_version": "896600462",
    "message_n_participants": 0,
    "message_session_age": null,
    "message_session_id": "b54e78c0a7b4c83cd3bb63d92c0729b9"
  },
  {
    "timestamp_utc": "2024-11-28T18:04:34.223Z",
    "context_time": 1732817074223,
    "message_activation_timestamp": 0,
    "message_client_platform": "IPHONE_ARM64",
    "message_client_product": "CLIENT",
    "message_client_version": "899400418",
    "message_n_participants": 0,
    "message_session_age": null,
    "message_session_id": "451290e6178385af6d5ca622f87ecfde"
  },
  {
    "timestamp_utc": "2024-08-13T10:43:55.046Z",
    "context_time": 1723545835046,
    "message_activation_timestamp": 0,
    "message_client_platform": "ANDROID_ARM",
    "message_client_product": "CLIENT",
    "message_client_version": "63635691",
    "message_n_participants": 0,
    "message_session_age": null,
    "message_session_id": "8d8ef6687c6d8eb6f6f1e18abfecb9b4"
  },
  {
    "timestamp_utc": "2024-07-31T18:16:37.292Z",
    "context_time": 1722449797292,
    "message_activation_timestamp": 0,
    "message_client_platform": "ANDROID_ARM",
    "message_client_product": "CLIENT",
    "message_client_version": "63635691",
    "message_n_participants": 0,
    "message_session_age": null,
    "message_session_id": "12b310e3b3e9a7c17e98873c1dca4a5c"
  },
  {
    "timestamp_utc": "2024-08-03T13:03:59.911Z",
    "context_time": 1722690239911,
    "message_activation_timestamp": 0,
    "message_client_platform": "IPHONE_ARM64",
    "message_client_product": null,
    "message_client_version": "895800473",
    "message_n_participants": 0,
    "message_session_age": null,
    "message_session_id": "76de38c6e378b48469114c336b921f19"
  },
  {
    "timestamp_utc": "2024-07-31T19:41:38.607Z",
    "context_time": 1722454898607,
    "message_activation_timestamp": 0,
    "message_client_platform": "ANDROID_ARM",
    "message_client_product": "CLIENT",
    "message_client_version": "63635691",
    "message_n_participants": 0,
    "message_session_age": null,
    "message_session_id": "11bc0394bd08601477577ea214935634"
  },
  {
    "timestamp_utc": "2024-08-01T11:30:37.598Z",
    "context_time": 1722511837598,
    "message_activation_timestamp": 0,
    "message_client_platform": null,
    "message_client_product": null,
    "message_client_version": null,
    "message_n_participants": 0,
    "message_session_age": null,
    "message_session_id": "f7a7171a6a1d4ba0f6703f7329de02c2"
  },
  {
    "timestamp_utc": "2024-09-08T14:35:22.241Z",
    "context_time": 1725806122241,
    "message_activation_timestamp": 0,
    "message_client_platform": "OSX_ARM64",
    "message_client_product": null,
    "message_client_version": "124400405",
    "message_n_participants": 0,
    "message_session_age": null,
    "message_session_id": "aca26d0427b3b0d73d78f2d49dea0fe5"
  },
  {
    "timestamp_utc": "2024-07-04T16:46:02.976Z",
    "context_time": 1720111562976,
    "message_activation_timestamp": 0,
    "message_client_platform": "ANDROID_ARM",
    "message_client_product": "CLIENT",
    "message_client_version": "63635691",
    "message_n_participants": 0,
    "message_session_age": null,
    "message_session_id": "525d39d31d0087079bdb0eb952131e8a"
  },
  {
    "timestamp_utc": "2024-09-06T17:12:14.129Z",
    "context_time": 1725642734129,
    "message_activation_timestamp": 0,
    "message_client_platform": "IPHONE_ARM64",
    "message_client_product": null,
    "message_client_version": "896800490",
    "message_n_participants": 0,
    "message_session_age": null,
    "message_session_id": "45d6a984d4f7353a218b1ef3f8056764"
  },
  {
    "timestamp_utc": "2024-07-08T21:17:40.440Z",
    "context_time": 1720473460440,
    "message_activation_timestamp": 0,
    "message_client_platform": "IPHONE_ARM64",
    "message_client_product": null,
    "message_client_version": "895000491",
    "message_n_participants": 0,
    "message_session_age": null,
    "message_session_id": "946678a14f287a962a10774f688555b2"
  },
  {
    "timestamp_utc": "2024-09-11T19:53:34.255Z",
    "context_time": 1726084414255,
    "message_activation_timestamp": 0,
    "message_client_platform": "OSX_ARM64",
    "message_client_product": null,
    "message_client_version": "124500454",
    "message_n_participants": 0,
    "message_session_age": null,
    "message_session_id": "000b5e69ebc8374c9c2447b795d6f542"
  },
  {
    "timestamp_utc": "2024-11-29T10:57:57.110Z",
    "context_time": 1732877877110,
    "message_activation_timestamp": 0,
    "message_client_platform": "IPHONE_ARM64",
    "message_client_product": "CLIENT",
    "message_client_version": "899400418",
    "message_n_participants": 0,
    "message_session_age": null,
    "message_session_id": "5edc7cf980ec2a8e869dfeb383314e78"
  },
  {
    "timestamp_utc": "2024-11-30T16:17:24.025Z",
    "context_time": 1732983444025,
    "message_activation_timestamp": 0,
    "message_client_platform": "WIN32_X86",
    "message_client_product": "CLIENT",
    "message_client_version": "63635691",
    "message_n_participants": 0,
    "message_session_age": null,
    "message_session_id": "01f735a292149f56813e8eaaa653abec"
  },
  {
    "timestamp_utc": "2024-11-24T13:27:02.089Z",
    "context_time": 1732454822089,
    "message_activation_timestamp": 0,
    "message_client_platform": "WIN32_X86",
    "message_client_product": "CLIENT",
    "message_client_version": "63635691",
    "message_n_participants": 0,
    "message_session_age": null,
    "message_session_id": "a0bf9bc7b6f9b89c8f9894b9b7dbc824"
  },
  {
    "timestamp_utc": "2024-07-08T19:58:41.311Z",
    "context_time": 1720468721311,
    "message_activation_timestamp": 0,
    "message_client_platform": "ANDROID_ARM",
    "message_client_product": "CLIENT",
    "message_client_version": "63635691",
    "message_n_participants": 0,
    "message_session_age": null,
    "message_session_id": "c13e7371c930b8643bc3896cee240bfa"
  }
]