[
  {
    "message_new_active_device_id": "b4c46545c4c854927e7259b1dd0c9f5d34456a13",
    "message_previous_active_device_id": "74b54c57-103e-49bd-9fa8-d8f0ff089be7_amzn_1",
    "timestamp_utc": "2024-11-29T16:42:44.350Z",
    "context_time": 1732898564350,
    "message_new_active_device_type": "SMARTPHONE",
    "message_new_audio_output_device_name": null,
    "message_new_audio_output_device_type": "UNKNOWN_AUDIO_OUTPUT_DEVICE_TYPE",
    "message_previous_active_device_type": "SPEAKER",
    "message_previous_audio_output_device_name": null,
    "message_previous_audio_output_device_type": "UNKNOWN_AUDIO_OUTPUT_DEVICE_TYPE",
    "message_session_action_on_active_device_change": null,
    "message_session_id": "f8ee07fb5ad29a3e3ad78e36f241197c",
    "message_session_join_id": "2aadb2a0a51404bd5e55d4f85a1fe2ee"
  },
  {
    "message_new_active_device_id": "fb85e687e93d376f9445b3b5ef5782cb4dc7ff0b",
    "message_previous_active_device_id": "a7d4648f-6357-47ae-88ef-3b52d59aea74_amzn_1",
    "timestamp_utc": "2024-11-01T10:40:32.950Z",
    "context_time": 1730457632950,
    "message_new_active_device_type": "SMARTPHONE",
    "message_new_audio_output_device_name": null,
    "message_new_audio_output_device_type": "BLUETOOTH",
    "message_previous_active_device_type": "SPEAKER",
    "message_previous_audio_output_device_name": null,
    "message_previous_audio_output_device_type": "UNKNOWN_AUDIO_OUTPUT_DEVICE_TYPE",
    "message_session_action_on_active_device_change": null,
    "message_session_id": "69e428d784ba67b82d8fdb049b710089",
    "message_session_join_id": "9fd09085554571fdf8cb9d36305d116d"
  },
  {
    "message_new_active_device_id": "b4c46545c4c854927e7259b1dd0c9f5d34456a13",
    "message_previous_active_device_id": "74b54c57-103e-49bd-9fa8-d8f0ff089be7_amzn_1",
    "timestamp_utc": "2024-11-29T11:29:54.086Z",
    "context_time": 1732879794086,
    "message_new_active_device_type": "SMARTPHONE",
    "message_new_audio_output_device_name": null,
    "message_new_audio_output_device_type": "BLUETOOTH",
    "message_previous_active_device_type": "SPEAKER",
    "message_previous_audio_output_device_name": null,
    "message_previous_audio_output_device_type": "UNKNOWN_AUDIO_OUTPUT_DEVICE_TYPE",
    "message_session_action_on_active_device_change": null,
    "message_session_id": "fb95202b3de91fcd36a570857cb1c767",
    "message_session_join_id": "996ee1272f5f18616605bb7afc989f48"
  },
  {
    "message_new_active_device_id": "b4c46545c4c854927e7259b1dd0c9f5d34456a13",
    "message_previous_active_device_id": "74b54c57-103e-49bd-9fa8-d8f0ff089be7_amzn_1",
    "timestamp_utc": "2024-11-29T10:57:57.086Z",
    "context_time": 1732877877086,
    "message_new_active_device_type": "SMARTPHONE",
    "message_new_audio_output_device_name": null,
    "message_new_audio_output_device_type": "BUILT_IN_SPEAKER",
    "message_previous_active_device_type": "SPEAKER",
    "message_previous_audio_output_device_name": null,
    "message_previous_audio_output_device_type": "UNKNOWN_AUDIO_OUTPUT_DEVICE_TYPE",
    "message_session_action_on_active_device_change": null,
    "message_session_id": "5edc7cf980ec2a8e869dfeb383314e78",
    "message_session_join_id": "59759857f1c8c0213178dbf2829ec6c1"
  },
  {
    "message_new_active_device_id": "871c400842b3ea2d19f5d82c00ffaf4229f372ad",
    "message_previous_active_device_id": "c6a73aac-6663-4915-8f3b-d4b850c64074_amzn_1",
    "timestamp_utc": "2024-10-11T13:17:44.820Z",
    "context_time": 1728652664820,
    "message_new_active_device_type": "SMARTPHONE",
    "message_new_audio_output_device_name": null,
    "message_new_audio_output_device_type": "BLUETOOTH",
    "message_previous_active_device_type": "SPEAKER",
    "message_previous_audio_output_device_name": null,
    "message_previous_audio_output_device_type": "UNKNOWN_AUDIO_OUTPUT_DEVICE_TYPE",
    "message_session_action_on_active_device_change": null,
    "message_session_id": "d7655df009ef0219994b3bfe780e8f5a",
    "message_session_join_id": "255243d66275b1319233ae41193c661d"
  },
  {
    "message_new_active_device_id": "33d230a50cbedd61bb4b76ecc476e5c735852773",
    "message_previous_active_device_id": "e57a93fe-754d-4002-92d1-137ce95254c9_amzn_1",
    "timestamp_utc": "2024-10-13T14:51:05.628Z",
    "context_time": 1728831065628,
    "message_new_active_device_type": "SMARTPHONE",
    "message_new_audio_output_device_name": null,
    "message_new_audio_output_device_type": "UNKNOWN_AUDIO_OUTPUT_DEVICE_TYPE",
    "message_previous_active_device_type": "SPEAKER",
    "message_previous_audio_output_device_name": null,
    "message_previous_audio_output_device_type": "UNKNOWN_AUDIO_OUTPUT_DEVICE_TYPE",
    "message_session_action_on_active_device_change": null,
    "message_session_id": "cd9aa37b43a38ca972b3180e5aa09a63",
    "message_session_join_id": "5d8c45f4e34ebe905e4e5370bf1da044"
  },
  {
    "message_new_active_device_id": "b4c46545c4c854927e7259b1dd0c9f5d34456a13",
    "message_previous_active_device_id": "74b54c57-103e-49bd-9fa8-d8f0ff089be7_amzn_1",
    "timestamp_utc": "2024-11-29T11:29:54.092Z",
    "context_time": 1732879794092,
    "message_new_active_device_type": "SMARTPHONE",
    "message_new_audio_output_device_name": null,
    "message_new_audio_output_device_type": "BLUETOOTH",
    "message_previous_active_device_type": "SPEAKER",
    "message_previous_audio_output_device_name": null,
    "message_previous_audio_output_device_type": "UNKNOWN_AUDIO_OUTPUT_DEVICE_TYPE",
    "message_session_action_on_active_device_change": null,
    "message_session_id": "fb95202b3de91fcd36a570857cb1c767",
    "message_session_join_id": "996ee1272f5f18616605bb7afc989f48"
  },
  {
    "message_new_active_device_id": "b4c46545c4c854927e7259b1dd0c9f5d34456a13",
    "message_previous_active_device_id": "74b54c57-103e-49bd-9fa8-d8f0ff089be7_amzn_1",
    "timestamp_utc": "2024-11-29T10:57:50.033Z",
    "context_time": 1732877870033,
    "message_new_active_device_type": "SMARTPHONE",
    "message_new_audio_output_device_name": null,
    "message_new_audio_output_device_type": "UNKNOWN_AUDIO_OUTPUT_DEVICE_TYPE",
    "message_previous_active_device_type": "SPEAKER",
    "message_previous_audio_output_device_name": null,
    "message_previous_audio_output_device_type": "UNKNOWN_AUDIO_OUTPUT_DEVICE_TYPE",
    "message_session_action_on_active_device_change": null,
    "message_session_id": "e7113ad2892f6fb8ec03c4d21360a199",
    "message_session_join_id": "b517a867ab3e055ac715fdfcb440c1cd"
  },
  {
    "message_new_active_device_id": "33d230a50cbedd61bb4b76ecc476e5c735852773",
    "message_previous_active_device_id": "e57a93fe-754d-4002-92d1-137ce95254c9_amzn_1",
    "timestamp_utc": "2024-10-14T06:31:46.597Z",
    "context_time": 1728887506597,
    "message_new_active_device_type": "SMARTPHONE",
    "message_new_audio_output_device_name": null,
    "message_new_audio_output_device_type": "BLUETOOTH",
    "message_previous_active_device_type": "SPEAKER",
    "message_previous_audio_output_device_name": null,
    "message_previous_audio_output_device_type": "UNKNOWN_AUDIO_OUTPUT_DEVICE_TYPE",
    "message_session_action_on_active_device_change": null,
    "message_session_id": "ca8f1e8ad120589e0b989ad0d3372cf1",
    "message_session_join_id": "2dbe4bd087f1e53a777e436b15d19362"
  },
  {
    "message_new_active_device_id": "b4c46545c4c854927e7259b1dd0c9f5d34456a13",
    "message_previous_active_device_id": "74b54c57-103e-49bd-9fa8-d8f0ff089be7_amzn_1",
    "timestamp_utc": "2024-11-29T13:31:53.153Z",
    "context_time": 1732887113153,
    "message_new_active_device_type": "SMARTPHONE",
    "message_new_audio_output_device_name": null,
    "message_new_audio_output_device_type": "BUILT_IN_SPEAKER",
    "message_previous_active_device_type": "SPEAKER",
    "message_previous_audio_output_device_name": null,
    "message_previous_audio_output_device_type": "UNKNOWN_AUDIO_OUTPUT_DEVICE_TYPE",
    "message_session_action_on_active_device_change": null,
    "message_session_id": "3769912f1faeb57034210bb58e394a8f",
    "message_session_join_id": "c83583b854f8cfa90d3b32a8ad3ead56"
  },
  {
    "message_new_active_device_id": "b4c46545c4c854927e7259b1dd0c9f5d34456a13",
    "message_previous_active_device_id": "74b54c57-103e-49bd-9fa8-d8f0ff089be7_amzn_1",
    "timestamp_utc": "2024-11-28T18:04:34.200Z",
    "context_time": 1732817074200,
    "message_new_active_device_type": "SMARTPHONE",
    "message_new_audio_output_device_name": null,
    "message_new_audio_output_device_type": "UNKNOWN_AUDIO_OUTPUT_DEVICE_TYPE",
    "message_previous_active_device_type": "SPEAKER",
    "message_previous_audio_output_device_name": null,
    "message_previous_audio_output_device_type": "UNKNOWN_AUDIO_OUTPUT_DEVICE_TYPE",
    "message_session_action_on_active_device_change": null,
    "message_session_id": "451290e6178385af6d5ca622f87ecfde",
    "message_session_join_id": "555c59edc3892c24217505e4284d4546"
  },
  {
    "message_new_active_device_id": "b4c46545c4c854927e7259b1dd0c9f5d34456a13",
    "message_previous_active_device_id": "74b54c57-103e-49bd-9fa8-d8f0ff089be7_amzn_1",
    "timestamp_utc": "2024-11-27T15:06:14.488Z",
    "context_time": 1732719974488,
    "message_new_active_device_type": "SMARTPHONE",
    "message_new_audio_output_device_name": null,
    "message_new_audio_output_device_type": "UNKNOWN_AUDIO_OUTPUT_DEVICE_TYPE",
    "message_previous_active_device_type": "SPEAKER",
    "message_previous_audio_output_device_name": null,
    "message_previous_audio_output_device_type": "UNKNOWN_AUDIO_OUTPUT_DEVICE_TYPE",
    "message_session_action_on_active_device_change": null,
    "message_session_id": "cb579ab1903bb45aafffd4c9c7d1a0ec",
    "message_session_join_id": "f03b904feb9a0effc2899a528f54ca12"
  }
]