[
  {
    "timestamp_utc": "2024-10-19T01:40:01.810Z",
    "context_time": 1729302001810,
    "message_country": "XX",
    "message_mix_id": "37i9dQZF1EuzOgbomRiVcD",
    "message_top_artist_id": "06HL4z0CvFAxyc27GXpf02"
  },
  {
    "timestamp_utc": "2024-09-26T01:06:18.485Z",
    "context_time": 1727312778485,
    "message_country": "XX",
    "message_mix_id": "37i9dQZF1EuzOgbomRiVcD",
    "message_top_artist_id": "06HL4z0CvFAxyc27GXpf02"
  },
  {
    "timestamp_utc": "2024-10-26T03:05:01.347Z",
    "context_time": 1729911901347,
    "message_country": "XX",
    "message_mix_id": "37i9dQZF1EuzOgbomRiVcD",
    "message_top_artist_id": "06HL4z0CvFAxyc27GXpf02"
  },
  {
    "timestamp_utc": "2024-09-10T04:20:16.724Z",
    "context_time": 1725942016724,
    "message_country": "XX",
    "message_mix_id": "37i9dQZF1EuzOgbomRiVcD",
    "message_top_artist_id": "06HL4z0CvFAxyc27GXpf02"
  },
  {
    "timestamp_utc": "2024-10-03T04:15:36.161Z",
    "context_time": 1727928936161,
    "message_country": "XX",
    "message_mix_id": "37i9dQZF1EuzOgbomRiVcD",
    "message_top_artist_id": "06HL4z0CvFAxyc27GXpf02"
  },
  {
    "timestamp_utc": "2024-12-03T02:52:42.781Z",
    "context_time": 1733194362781,
    "message_country": "XX",
    "message_mix_id": "37i9dQZF1EuzOgbomRiVcD",
    "message_top_artist_id": "06HL4z0CvFAxyc27GXpf02"
  },
  {
    "timestamp_utc": "2024-11-10T03:10:58.177Z",
    "context_time": 1731208258177,
    "message_country": "XX",
    "message_mix_id": "37i9dQZF1EuzOgbomRiVcD",
    "message_top_artist_id": "06HL4z0CvFAxyc27GXpf02"
  },
  {
    "timestamp_utc": "2024-11-17T05:44:34.175Z",
    "context_time": 1731822274175,
    "message_country": "XX",
    "message_mix_id": "37i9dQZF1EuzOgbomRiVcD",
    "message_top_artist_id": "06HL4z0CvFAxyc27GXpf02"
  },
  {
    "timestamp_utc": "2024-10-11T01:40:35.234Z",
    "context_time": 1728610835234,
    "message_country": "XX",
    "message_mix_id": "37i9dQZF1EuzOgbomRiVcD",
    "message_top_artist_id": "06HL4z0CvFAxyc27GXpf02"
  },
  {
    "timestamp_utc": "2024-11-02T05:08:50.937Z",
    "context_time": 1730524130937,
    "message_country": "XX",
    "message_mix_id": "37i9dQZF1EuzOgbomRiVcD",
    "message_top_artist_id": "06HL4z0CvFAxyc27GXpf02"
  },
  {
    "timestamp_utc": "2024-11-25T04:41:11.869Z",
    "context_time": 1732509671869,
    "message_country": "XX",
    "message_mix_id": "37i9dQZF1EuzOgbomRiVcD",
    "message_top_artist_id": "06HL4z0CvFAxyc27GXpf02"
  },
  {
    "timestamp_utc": "2024-09-18T04:38:58.518Z",
    "context_time": 1726634338518,
    "message_country": "XX",
    "message_mix_id": "37i9dQZF1EuzOgbomRiVcD",
    "message_top_artist_id": "06HL4z0CvFAxyc27GXpf02"
  }
]