[
  {
    "timestamp_utc": "2024-10-23T16:29:48.271Z",
    "context_application_version": "1.2.48.405",
    "context_conn_country": "FR",
    "context_device_manufacturer": "HP",
    "context_device_model": "HP EliteBook 830 G5",
    "context_device_type": "desktop",
    "context_os_name": "windows",
    "context_os_version": "10.0.19045",
    "context_receiver_service_timestamp": 1729701120737,
    "context_time": 1729700988271,
    "message_audio_driver": "DirectSoundDriver",
    "message_count": 1,
    "message_offline": false,
    "message_playback_id": "omfEc7/me31Jav3KUE2UNw==",
    "message_position": 121403,
    "message_reason_start": "trackdone",
    "message_source_start": "playlist",
    "message_track": "spotify:track:27hhIs2fp6w06N5zx4Eaa5"
  },
  {
    "timestamp_utc": "2024-10-19T10:34:22.037Z",
    "context_application_version": "8.9.82.628",
    "context_conn_country": "DE",
    "context_device_manufacturer": "apple",
    "context_device_model": "iPhone15,2",
    "context_device_type": "mobile",
    "context_os_name": "ios",
    "context_os_version": "18.0",
    "context_receiver_service_timestamp": 1729334850564,
    "context_time": 1729334062037,
    "message_audio_driver": "AudioUnitDriver2",
    "message_count": 1,
    "message_offline": false,
    "message_playback_id": "5gvtt56r0AI2u/wNUqlFsA==",
    "message_position": 143582,
    "message_reason_start": "fwdbtn",
    "message_source_start": "com.spotify.service.yourlibrarymusic.ui",
    "message_track": "spotify:track:0MHQkeBsgB7Rz58aH0j5f5"
  },
  {
    "timestamp_utc": "2024-10-26T15:29:28.762Z",
    "context_application_version": "8.9.84.543",
    "context_conn_country": "DE",
    "context_device_manufacturer": "apple",
    "context_device_model": "iPhone15,2",
    "context_device_type": "mobile",
    "context_os_name": "ios",
    "context_os_version": "18.0",
    "context_receiver_service_timestamp": 1729956583263,
    "context_time": 1729956568762,
    "message_audio_driver": "AudioUnitDriver2",
    "message_count": 1,
    "message_offline": false,
    "message_playback_id": "Iy2sy/E1REP7A7K0REqoew==",
    "message_position": 37445,
    "message_reason_start": "clickrow",
    "message_source_start": "playlist/ondemand",
    "message_track": "spotify:track:7rJNSVmaGrWYxHIKpfBEBO"
  },
  {
    "timestamp_utc": "2024-10-24T14:57:50.181Z",
    "context_application_version": "1.2.48.405",
    "context_conn_country": "FR",
    "context_device_manufacturer": "HP",
    "context_device_model": "HP EliteBook 830 G5",
    "context_device_type": "desktop",
    "context_os_name": "windows",
    "context_os_version": "10.0.19045",
    "context_receiver_service_timestamp": 1729782000222,
    "context_time": 1729781870181,
    "message_audio_driver": "DirectSoundDriver",
    "message_count": 1,
    "message_offline": true,
    "message_playback_id": "ligqq+dYSKkJb7vkRa6+7g==",
    "message_position": 133796,
    "message_reason_start": "fwdbtn",
    "message_source_start": "playlist",
    "message_track": "spotify:track:7Ewz6bJ97vUqk5HdkvguFQ"
  },
  {
    "timestamp_utc": "2024-10-14T19:56:21.222Z",
    "context_application_version": "1.2.48.405",
    "context_conn_country": "FR",
    "context_device_manufacturer": "HP",
    "context_device_model": "HP EliteBook 830 G5",
    "context_device_type": "desktop",
    "context_os_name": "windows",
    "context_os_version": "10.0.19045",
    "context_receiver_service_timestamp": 1728941225189,
    "context_time": 1728935781222,
    "message_audio_driver": "DirectSoundDriver",
    "message_count": 1,
    "message_offline": false,
    "message_playback_id": "pTBT4xCPSjiRvWduxqBZHA==",
    "message_position": 34493,
    "message_reason_start": "trackdone",
    "message_source_start": "home",
    "message_track": "spotify:track:6SGoFZFKjF1ZbGDkImEaS7"
  }
]