[
  {
    "timestamp_utc": "2024-12-03T09:44:55.177Z",
    "context_time": 1733219095177,
    "message_message_id": "112852",
    "message_send_id": "4c088d79-d41d-44c8-aaf0-0dc1cdcf0fca",
    "message_success": true
  },
  {
    "timestamp_utc": "2024-08-14T11:34:19.155Z",
    "context_time": 1723635259155,
    "message_message_id": "112741",
    "message_send_id": "33b1202c-a71d-44a1-a3ea-ea88ab32213c",
    "message_success": true
  },
  {
    "timestamp_utc": "2024-12-03T09:48:13.571Z",
    "context_time": 1733219293571,
    "message_message_id": "112891",
    "message_send_id": "98382687-cf2d-40db-80e2-15c8eece089b",
    "message_success": true
  },
  {
    "timestamp_utc": "2024-12-03T09:42:44.867Z",
    "context_time": 1733218964867,
    "message_message_id": "120621",
    "message_send_id": "0c9df4a5-64c1-4382-85f0-f6c7cb049cfb",
    "message_success": true
  },
  {
    "timestamp_utc": "2024-12-03T09:48:26.673Z",
    "context_time": 1733219306673,
    "message_message_id": "120621",
    "message_send_id": "d86c930e-fa97-47d2-b9b8-05e80ade3509",
    "message_success": true
  },
  {
    "timestamp_utc": "2024-08-14T06:42:08.092Z",
    "context_time": 1723617728092,
    "message_message_id": "131333",
    "message_send_id": "c9f1d45e-6e6f-4799-b6d0-8fae68c16482",
    "message_success": true
  },
  {
    "timestamp_utc": "2024-12-03T09:47:33.408Z",
    "context_time": 1733219253408,
    "message_message_id": "120621",
    "message_send_id": "621d0cfb-f425-4444-b986-6842b238462a",
    "message_success": true
  },
  {
    "timestamp_utc": "2024-12-03T09:44:54.627Z",
    "context_time": 1733219094627,
    "message_message_id": "112741",
    "message_send_id": "d6eb7bd3-b707-4d11-9026-64d391ade4d3",
    "message_success": true
  }
]