[
  {
    "timestamp_utc": "2024-11-29T09:36:05.814Z",
    "context_time": 1732872965814,
    "message_catalogue": "PREMIUM",
    "message_country": "DE",
    "message_request_language": "en",
    "message_resolvement_output": "spotify:playlist:37i9dQZF1EIhxsZ1zwdwMW",
    "message_timestamp": "2024-11-29T09:36:05.814384557Z",
    "message_voice_assistant": "ALEXA"
  },
  {
    "timestamp_utc": "2024-11-30T11:46:07.204Z",
    "context_time": 1732967167204,
    "message_catalogue": "PREMIUM",
    "message_country": "DE",
    "message_request_language": "en",
    "message_resolvement_output": "spotify:playlist:37i9dQZF1EIetqHVW2VjoY",
    "message_timestamp": "2024-11-30T11:46:07.204283859Z",
    "message_voice_assistant": "ALEXA"
  },
  {
    "timestamp_utc": "2024-10-12T18:41:37.565Z",
    "context_time": 1728758497565,
    "message_catalogue": "PREMIUM",
    "message_country": "DE",
    "message_request_language": "en",
    "message_resolvement_output": "spotify:playlist:0Z6cGgEjtDq0ehhb2AZjGb",
    "message_timestamp": "2024-10-12T18:41:37.565781672Z",
    "message_voice_assistant": "ALEXA"
  },
  {
    "timestamp_utc": "2024-11-02T12:52:33.490Z",
    "context_time": 1730551953490,
    "message_catalogue": "PREMIUM",
    "message_country": "DE",
    "message_request_language": "de",
    "message_resolvement_output": "spotify:track:7LVHVU3tWfcxj5aiPFEW4Q",
    "message_timestamp": "2024-11-02T12:52:33.490829352Z",
    "message_voice_assistant": "ALEXA"
  },
  {
    "timestamp_utc": "2024-11-29T09:36:05.814Z",
    "context_time": 1732872965814,
    "message_catalogue": "PREMIUM",
    "message_country": "DE",
    "message_request_language": "en",
    "message_resolvement_output": "spotify:playlist:37i9dQZF1DWT3gM3xdPT0c",
    "message_timestamp": "2024-11-29T09:36:05.814429453Z",
    "message_voice_assistant": "ALEXA"
  },
  {
    "timestamp_utc": "2024-12-01T14:04:42.358Z",
    "context_time": 1733061882358,
    "message_catalogue": "PREMIUM",
    "message_country": "DE",
    "message_request_language": "de",
    "message_resolvement_output": "spotify:playlist:37i9dQZF1DX6cg4h2PoN9y",
    "message_timestamp": "2024-12-01T14:04:42.358450745Z",
    "message_voice_assistant": "ALEXA"
  },
  {
    "timestamp_utc": "2024-11-13T21:23:41.757Z",
    "context_time": 1731533021757,
    "message_catalogue": "PREMIUM",
    "message_country": "DE",
    "message_request_language": "de",
    "message_resolvement_output": "spotify:playlist:37i9dQZF1E8PstvR5Pk7eZ",
    "message_timestamp": "2024-11-13T21:23:41.757812431Z",
    "message_voice_assistant": "ALEXA"
  },
  {
    "timestamp_utc": "2024-11-29T09:29:26.320Z",
    "context_time": 1732872566320,
    "message_catalogue": "PREMIUM",
    "message_country": "DE",
    "message_request_language": "de",
    "message_resolvement_output": "spotify:track:3gLPeTarzh9ctFn6hEpfHb",
    "message_timestamp": "2024-11-29T09:29:26.320277574Z",
    "message_voice_assistant": "ALEXA"
  },
  {
    "timestamp_utc": "2024-11-30T13:54:39.949Z",
    "context_time": 1732974879949,
    "message_catalogue": "PREMIUM",
    "message_country": "DE",
    "message_request_language": "en",
    "message_resolvement_output": "spotify:playlist:37i9dQZF1DX2vYju3i0lNX",
    "message_timestamp": "2024-11-30T13:54:39.949167050Z",
    "message_voice_assistant": "ALEXA"
  },
  {
    "timestamp_utc": "2024-11-30T15:29:51.951Z",
    "context_time": 1732980591951,
    "message_catalogue": "PREMIUM",
    "message_country": "DE",
    "message_request_language": "en",
    "message_resolvement_output": "spotify:playlist:37i9dQZF1EIdzRlG3Z14rL",
    "message_timestamp": "2024-11-30T15:29:51.951524421Z",
    "message_voice_assistant": "ALEXA"
  },
  {
    "timestamp_utc": "2024-11-04T07:51:28.042Z",
    "context_time": 1730706688042,
    "message_catalogue": "PREMIUM",
    "message_country": "DE",
    "message_request_language": "en",
    "message_resolvement_output": "spotify:playlist:37i9dQZF1DWT3gM3xdPT0c",
    "message_timestamp": "2024-11-04T07:51:28.042251216Z",
    "message_voice_assistant": "ALEXA"
  },
  {
    "timestamp_utc": "2024-11-30T12:07:04.632Z",
    "context_time": 1732968424632,
    "message_catalogue": "PREMIUM",
    "message_country": "DE",
    "message_request_language": "en",
    "message_resolvement_output": "spotify:playlist:37i9dQZF1EIfkgNjaEwOdf",
    "message_timestamp": "2024-11-30T12:07:04.632396892Z",
    "message_voice_assistant": "ALEXA"
  },
  {
    "timestamp_utc": "2024-10-11T12:38:48.374Z",
    "context_time": 1728650328374,
    "message_catalogue": "PREMIUM",
    "message_country": "DE",
    "message_request_language": "de",
    "message_resolvement_output": "spotify:playlist:37i9dQZF1EQp62d3Dl7ECY",
    "message_timestamp": "2024-10-11T12:38:48.374408436Z",
    "message_voice_assistant": "ALEXA"
  },
  {
    "timestamp_utc": "2024-11-30T13:58:42.744Z",
    "context_time": 1732975122744,
    "message_catalogue": "PREMIUM",
    "message_country": "DE",
    "message_request_language": "de",
    "message_resolvement_output": "spotify:track:5mCk85oB2HAPriLqo1R3Jq",
    "message_timestamp": "2024-11-30T13:58:42.744395080Z",
    "message_voice_assistant": "ALEXA"
  },
  {
    "timestamp_utc": "2024-11-28T23:56:07.736Z",
    "context_time": 1732838167736,
    "message_catalogue": "PREMIUM",
    "message_country": "DE",
    "message_request_language": "en",
    "message_resolvement_output": "spotify:playlist:37i9dQZF1EIcA5FXgsbctr",
    "message_timestamp": "2024-11-28T23:56:07.736927249Z",
    "message_voice_assistant": "ALEXA"
  },
  {
    "timestamp_utc": "2024-11-30T17:37:42.395Z",
    "context_time": 1732988262395,
    "message_catalogue": "PREMIUM",
    "message_country": "DE",
    "message_request_language": "de",
    "message_resolvement_output": "spotify:track:5qDN3xspnN9TZhL9BJ7c4z",
    "message_timestamp": "2024-11-30T17:37:42.395611409Z",
    "message_voice_assistant": "ALEXA"
  },
  {
    "timestamp_utc": "2024-11-28T23:12:14.694Z",
    "context_time": 1732835534694,
    "message_catalogue": "PREMIUM",
    "message_country": "DE",
    "message_request_language": "de",
    "message_resolvement_output": "spotify:track:3hRV0jL3vUpRrcy398teAU",
    "message_timestamp": "2024-11-28T23:12:14.694431651Z",
    "message_voice_assistant": "ALEXA"
  },
  {
    "timestamp_utc": "2024-11-15T22:38:15.672Z",
    "context_time": 1731710295672,
    "message_catalogue": "PREMIUM",
    "message_country": "DE",
    "message_request_language": "de",
    "message_resolvement_output": "spotify:track:6J2LdBN97cDWn0MLxYh9HB",
    "message_timestamp": "2024-11-15T22:38:15.672864803Z",
    "message_voice_assistant": "ALEXA"
  },
  {
    "timestamp_utc": "2024-11-02T11:51:37.331Z",
    "context_time": 1730548297331,
    "message_catalogue": "PREMIUM",
    "message_country": "DE",
    "message_request_language": "de",
    "message_resolvement_output": "spotify:user:anonymized:collection",
    "message_timestamp": "2024-11-02T11:51:37.331289231Z",
    "message_voice_assistant": "ALEXA"
  },
  {
    "timestamp_utc": "2024-09-11T17:07:37.778Z",
    "context_time": 1726074457778,
    "message_catalogue": "PREMIUM",
    "message_country": "DE",
    "message_request_language": "de",
    "message_resolvement_output": "spotify:playlist:37i9dQZF1DZ06evNZVVBPG",
    "message_timestamp": "2024-09-11T17:07:37.777983884Z",
    "message_voice_assistant": "ALEXA"
  },
  {
    "timestamp_utc": "2024-11-30T16:06:10.996Z",
    "context_time": 1732982770996,
    "message_catalogue": "PREMIUM",
    "message_country": "DE",
    "message_request_language": "en",
    "message_resolvement_output": "spotify:playlist:37i9dQZF1DX4NdDHVFmygr",
    "message_timestamp": "2024-11-30T16:06:10.996387415Z",
    "message_voice_assistant": "ALEXA"
  },
  {
    "timestamp_utc": "2024-11-30T11:36:44.559Z",
    "context_time": 1732966604559,
    "message_catalogue": "PREMIUM",
    "message_country": "DE",
    "message_request_language": "de",
    "message_resolvement_output": "spotify:track:5MEYDJVJMaGAXfddTo0D6J",
    "message_timestamp": "2024-11-30T11:36:44.559961944Z",
    "message_voice_assistant": "ALEXA"
  },
  {
    "timestamp_utc": "2024-11-30T13:54:39.949Z",
    "context_time": 1732974879949,
    "message_catalogue": "PREMIUM",
    "message_country": "DE",
    "message_request_language": "en",
    "message_resolvement_output": "spotify:playlist:37i9dQZF1DX9uKNf5jGX6m",
    "message_timestamp": "2024-11-30T13:54:39.949160930Z",
    "message_voice_assistant": "ALEXA"
  },
  {
    "timestamp_utc": "2024-11-04T07:51:28.042Z",
    "context_time": 1730706688042,
    "message_catalogue": "PREMIUM",
    "message_country": "DE",
    "message_request_language": "en",
    "message_resolvement_output": "spotify:playlist:37i9dQZF1EIhxsZ1zwdwMW",
    "message_timestamp": "2024-11-04T07:51:28.042217410Z",
    "message_voice_assistant": "ALEXA"
  },
  {
    "timestamp_utc": "2024-11-27T14:33:23.081Z",
    "context_time": 1732718003081,
    "message_catalogue": "PREMIUM",
    "message_country": "DE",
    "message_request_language": "de",
    "message_resolvement_output": "spotify:playlist:37i9dQZF1DWZUozJiHy44Y",
    "message_timestamp": "2024-11-27T14:33:23.081167802Z",
    "message_voice_assistant": "ALEXA"
  },
  {
    "timestamp_utc": "2024-11-30T13:59:14.843Z",
    "context_time": 1732975154843,
    "message_catalogue": "PREMIUM",
    "message_country": "DE",
    "message_request_language": "de",
    "message_resolvement_output": "spotify:track:5ZH0FOSfWxb5WRt3BlLTrd",
    "message_timestamp": "2024-11-30T13:59:14.843116006Z",
    "message_voice_assistant": "ALEXA"
  },
  {
    "timestamp_utc": "2024-11-30T16:06:10.996Z",
    "context_time": 1732982770996,
    "message_catalogue": "PREMIUM",
    "message_country": "DE",
    "message_request_language": "en",
    "message_resolvement_output": "spotify:playlist:37i9dQZF1DX4yQsz19DvhD",
    "message_timestamp": "2024-11-30T16:06:10.996360105Z",
    "message_voice_assistant": "ALEXA"
  },
  {
    "timestamp_utc": "2024-11-30T11:46:07.204Z",
    "context_time": 1732967167204,
    "message_catalogue": "PREMIUM",
    "message_country": "DE",
    "message_request_language": "en",
    "message_resolvement_output": "spotify:playlist:37i9dQZF1EIgEGA8yZVLJZ",
    "message_timestamp": "2024-11-30T11:46:07.204290686Z",
    "message_voice_assistant": "ALEXA"
  },
  {
    "timestamp_utc": "2024-11-29T09:36:05.814Z",
    "context_time": 1732872965814,
    "message_catalogue": "PREMIUM",
    "message_country": "DE",
    "message_request_language": "en",
    "message_resolvement_output": "spotify:playlist:10NcYBbVVB5HqscGzLFdbn",
    "message_timestamp": "2024-11-29T09:36:05.814425072Z",
    "message_voice_assistant": "ALEXA"
  },
  {
    "timestamp_utc": "2024-11-30T16:06:10.996Z",
    "context_time": 1732982770996,
    "message_catalogue": "PREMIUM",
    "message_country": "DE",
    "message_request_language": "en",
    "message_resolvement_output": "spotify:playlist:37i9dQZF1DX5qgrUJCOKNp",
    "message_timestamp": "2024-11-30T16:06:10.996370175Z",
    "message_voice_assistant": "ALEXA"
  },
  {
    "timestamp_utc": "2024-11-30T15:29:51.951Z",
    "context_time": 1732980591951,
    "message_catalogue": "PREMIUM",
    "message_country": "DE",
    "message_request_language": "en",
    "message_resolvement_output": "spotify:playlist:37i9dQZEVXbJU9eQpX8gPT",
    "message_timestamp": "2024-11-30T15:29:51.951539591Z",
    "message_voice_assistant": "ALEXA"
  },
  {
    "timestamp_utc": "2024-11-20T15:19:54.007Z",
    "context_time": 1732115994007,
    "message_catalogue": "PREMIUM",
    "message_country": "DE",
    "message_request_language": "de",
    "message_resolvement_output": "spotify:user:anonymized:collection",
    "message_timestamp": "2024-11-20T15:19:54.007708010Z",
    "message_voice_assistant": "ALEXA"
  },
  {
    "timestamp_utc": "2024-12-01T13:44:32.736Z",
    "context_time": 1733060672736,
    "message_catalogue": "PREMIUM",
    "message_country": "DE",
    "message_request_language": "de",
    "message_resolvement_output": "spotify:user:anonymized:collection",
    "message_timestamp": "2024-12-01T13:44:32.736433821Z",
    "message_voice_assistant": "ALEXA"
  },
  {
    "timestamp_utc": "2024-10-30T15:30:33.084Z",
    "context_time": 1730302233084,
    "message_catalogue": "PREMIUM",
    "message_country": "DE",
    "message_request_language": "de",
    "message_resolvement_output": "spotify:track:6v0UJD4a2FtleHeSYVX02A",
    "message_timestamp": "2024-10-30T15:30:33.084052515Z",
    "message_voice_assistant": "ALEXA"
  },
  {
    "timestamp_utc": "2024-12-01T14:06:34.072Z",
    "context_time": 1733061994072,
    "message_catalogue": "PREMIUM",
    "message_country": "DE",
    "message_request_language": "de",
    "message_resolvement_output": "spotify:playlist:37i9dQZF1DX9L93gfg5cPa",
    "message_timestamp": "2024-12-01T14:06:34.072245965Z",
    "message_voice_assistant": "ALEXA"
  },
  {
    "timestamp_utc": "2024-11-29T15:37:50.867Z",
    "context_time": 1732894670867,
    "message_catalogue": "PREMIUM",
    "message_country": "DE",
    "message_request_language": "de",
    "message_resolvement_output": "spotify:playlist:37i9dQZF1E4wLw94d5uj08",
    "message_timestamp": "2024-11-29T15:37:50.867226926Z",
    "message_voice_assistant": "ALEXA"
  },
  {
    "timestamp_utc": "2024-11-06T08:47:17.845Z",
    "context_time": 1730882837845,
    "message_catalogue": "PREMIUM",
    "message_country": "DE",
    "message_request_language": "de",
    "message_resolvement_output": "spotify:playlist:37i9dQZF1DWTwnEm1IYyoj",
    "message_timestamp": "2024-11-06T08:47:17.845687947Z",
    "message_voice_assistant": "ALEXA"
  },
  {
    "timestamp_utc": "2024-11-30T11:14:26.673Z",
    "context_time": 1732965266673,
    "message_catalogue": "PREMIUM",
    "message_country": "DE",
    "message_request_language": "en",
    "message_resolvement_output": "spotify:playlist:37i9dQZF1EIdzRg9sDFEY3",
    "message_timestamp": "2024-11-30T11:14:26.673232532Z",
    "message_voice_assistant": "ALEXA"
  },
  {
    "timestamp_utc": "2024-11-29T09:35:50.141Z",
    "context_time": 1732872950141,
    "message_catalogue": "PREMIUM",
    "message_country": "DE",
    "message_request_language": "en",
    "message_resolvement_output": "spotify:playlist:37i9dQZF1DWT3gM3xdPT0c",
    "message_timestamp": "2024-11-29T09:35:50.141238694Z",
    "message_voice_assistant": "ALEXA"
  },
  {
    "timestamp_utc": "2024-11-30T17:36:31.549Z",
    "context_time": 1732988191549,
    "message_catalogue": "PREMIUM",
    "message_country": "DE",
    "message_request_language": "en",
    "message_resolvement_output": "spotify:playlist:37i9dQZF1DX2vYju3i0lNX",
    "message_timestamp": "2024-11-30T17:36:31.549075681Z",
    "message_voice_assistant": "ALEXA"
  },
  {
    "timestamp_utc": "2024-11-28T23:56:07.737Z",
    "context_time": 1732838167737,
    "message_catalogue": "PREMIUM",
    "message_country": "DE",
    "message_request_language": "en",
    "message_resolvement_output": "spotify:playlist:37i9dQZF1DX03b46zi3S82",
    "message_timestamp": "2024-11-28T23:56:07.736981819Z",
    "message_voice_assistant": "ALEXA"
  },
  {
    "timestamp_utc": "2024-11-30T11:46:07.204Z",
    "context_time": 1732967167204,
    "message_catalogue": "PREMIUM",
    "message_country": "DE",
    "message_request_language": "en",
    "message_resolvement_output": "spotify:playlist:37i9dQZF1DX7F6T2n2fegs",
    "message_timestamp": "2024-11-30T11:46:07.204315669Z",
    "message_voice_assistant": "ALEXA"
  },
  {
    "timestamp_utc": "2024-11-29T15:36:48.691Z",
    "context_time": 1732894608691,
    "message_catalogue": "PREMIUM",
    "message_country": "DE",
    "message_request_language": "de",
    "message_resolvement_output": "spotify:playlist:37i9dQZF1E4wLw94d5uj08",
    "message_timestamp": "2024-11-29T15:36:48.691772350Z",
    "message_voice_assistant": "ALEXA"
  },
  {
    "timestamp_utc": "2024-11-30T13:54:39.949Z",
    "context_time": 1732974879949,
    "message_catalogue": "PREMIUM",
    "message_country": "DE",
    "message_request_language": "en",
    "message_resolvement_output": "spotify:playlist:37i9dQZF1EIe76PziPqqlD",
    "message_timestamp": "2024-11-30T13:54:39.949145480Z",
    "message_voice_assistant": "ALEXA"
  },
  {
    "timestamp_utc": "2024-10-14T04:55:20.146Z",
    "context_time": 1728881720146,
    "message_catalogue": "PREMIUM",
    "message_country": "DE",
    "message_request_language": "de",
    "message_resolvement_output": "spotify:playlist:37i9dQZF1DZ06evO03FbPP",
    "message_timestamp": "2024-10-14T04:55:20.146496107Z",
    "message_voice_assistant": "ALEXA"
  },
  {
    "timestamp_utc": "2024-11-29T09:35:28.743Z",
    "context_time": 1732872928743,
    "message_catalogue": "PREMIUM",
    "message_country": "DE",
    "message_request_language": "de",
    "message_resolvement_output": "spotify:playlist:37i9dQZF1DZ06evO03FbPP",
    "message_timestamp": "2024-11-29T09:35:28.743092751Z",
    "message_voice_assistant": "ALEXA"
  },
  {
    "timestamp_utc": "2024-11-30T17:36:31.549Z",
    "context_time": 1732988191549,
    "message_catalogue": "PREMIUM",
    "message_country": "DE",
    "message_request_language": "en",
    "message_resolvement_output": "spotify:playlist:37i9dQZF1EVHGWrwldPRtj",
    "message_timestamp": "2024-11-30T17:36:31.549019620Z",
    "message_voice_assistant": "ALEXA"
  },
  {
    "timestamp_utc": "2024-11-29T09:36:05.814Z",
    "context_time": 1732872965814,
    "message_catalogue": "PREMIUM",
    "message_country": "DE",
    "message_request_language": "en",
    "message_resolvement_output": "spotify:playlist:37i9dQZF1DWZy0j22jjWNA",
    "message_timestamp": "2024-11-29T09:36:05.814434146Z",
    "message_voice_assistant": "ALEXA"
  },
  {
    "timestamp_utc": "2024-11-26T20:15:20.098Z",
    "context_time": 1732652120098,
    "message_catalogue": "PREMIUM",
    "message_country": "DE",
    "message_request_language": "de",
    "message_resolvement_output": "spotify:playlist:6h9P1Mz6PEToDe2IbBqoTH",
    "message_timestamp": "2024-11-26T20:15:20.098424616Z",
    "message_voice_assistant": "ALEXA"
  },
  {
    "timestamp_utc": "2024-11-04T07:51:28.042Z",
    "context_time": 1730706688042,
    "message_catalogue": "PREMIUM",
    "message_country": "DE",
    "message_request_language": "en",
    "message_resolvement_output": "spotify:playlist:6bZZjVMaDsWcNJJt9onSeR",
    "message_timestamp": "2024-11-04T07:51:28.042254760Z",
    "message_voice_assistant": "ALEXA"
  },
  {
    "timestamp_utc": "2024-09-08T13:51:31.151Z",
    "context_time": 1725803491151,
    "message_catalogue": "PREMIUM",
    "message_country": "DE",
    "message_request_language": "de",
    "message_resolvement_output": "spotify:track:3qhlB30KknSejmIvZZLjOD",
    "message_timestamp": "2024-09-08T13:51:31.151950846Z",
    "message_voice_assistant": "ALEXA"
  },
  {
    "timestamp_utc": "2024-11-27T16:08:11.394Z",
    "context_time": 1732723691394,
    "message_catalogue": "PREMIUM",
    "message_country": "DE",
    "message_request_language": "de",
    "message_resolvement_output": "spotify:track:6v0UJD4a2FtleHeSYVX02A",
    "message_timestamp": "2024-11-27T16:08:11.394688004Z",
    "message_voice_assistant": "ALEXA"
  },
  {
    "timestamp_utc": "2024-11-29T09:35:50.141Z",
    "context_time": 1732872950141,
    "message_catalogue": "PREMIUM",
    "message_country": "DE",
    "message_request_language": "en",
    "message_resolvement_output": "spotify:playlist:6bZZjVMaDsWcNJJt9onSeR",
    "message_timestamp": "2024-11-29T09:35:50.141246034Z",
    "message_voice_assistant": "ALEXA"
  },
  {
    "timestamp_utc": "2024-11-18T13:57:27.962Z",
    "context_time": 1731938247962,
    "message_catalogue": "PREMIUM",
    "message_country": "DE",
    "message_request_language": "de",
    "message_resolvement_output": "spotify:track:2VxeLyX666F8uXCJ0dZF8B",
    "message_timestamp": "2024-11-18T13:57:27.962074601Z",
    "message_voice_assistant": "ALEXA"
  },
  {
    "timestamp_utc": "2024-11-30T12:07:04.632Z",
    "context_time": 1732968424632,
    "message_catalogue": "PREMIUM",
    "message_country": "DE",
    "message_request_language": "en",
    "message_resolvement_output": "spotify:playlist:37i9dQZF1EIdjOVgwfpWk6",
    "message_timestamp": "2024-11-30T12:07:04.632284372Z",
    "message_voice_assistant": "ALEXA"
  },
  {
    "timestamp_utc": "2024-10-12T18:41:37.565Z",
    "context_time": 1728758497565,
    "message_catalogue": "PREMIUM",
    "message_country": "DE",
    "message_request_language": "en",
    "message_resolvement_output": "spotify:playlist:6wObnEPQ63a4kei1sEcMdH",
    "message_timestamp": "2024-10-12T18:41:37.565749072Z",
    "message_voice_assistant": "ALEXA"
  },
  {
    "timestamp_utc": "2024-11-30T12:35:39.340Z",
    "context_time": 1732970139340,
    "message_catalogue": "PREMIUM",
    "message_country": "DE",
    "message_request_language": "en",
    "message_resolvement_output": "spotify:playlist:37i9dQZF1DX949uWWpmTjT",
    "message_timestamp": "2024-11-30T12:35:39.340752257Z",
    "message_voice_assistant": "ALEXA"
  },
  {
    "timestamp_utc": "2024-10-30T09:26:13.155Z",
    "context_time": 1730280373155,
    "message_catalogue": "PREMIUM",
    "message_country": "DE",
    "message_request_language": "de",
    "message_resolvement_output": "spotify:playlist:37i9dQZF1E4BdtlcVBDbqF",
    "message_timestamp": "2024-10-30T09:26:13.155089623Z",
    "message_voice_assistant": "ALEXA"
  },
  {
    "timestamp_utc": "2024-11-30T12:07:04.632Z",
    "context_time": 1732968424632,
    "message_catalogue": "PREMIUM",
    "message_country": "DE",
    "message_request_language": "en",
    "message_resolvement_output": "spotify:playlist:37i9dQZF1EIeKbVlKa0igq",
    "message_timestamp": "2024-11-30T12:07:04.632383762Z",
    "message_voice_assistant": "ALEXA"
  },
  {
    "timestamp_utc": "2024-11-30T11:14:26.673Z",
    "context_time": 1732965266673,
    "message_catalogue": "PREMIUM",
    "message_country": "DE",
    "message_request_language": "en",
    "message_resolvement_output": "spotify:playlist:37i9dQZF1DX9EM98aZosoy",
    "message_timestamp": "2024-11-30T11:14:26.673279995Z",
    "message_voice_assistant": "ALEXA"
  },
  {
    "timestamp_utc": "2024-11-30T12:01:20.251Z",
    "context_time": 1732968080251,
    "message_catalogue": "PREMIUM",
    "message_country": "DE",
    "message_request_language": "de",
    "message_resolvement_output": "spotify:track:45hOioMDJktr86iKDHC8gr",
    "message_timestamp": "2024-11-30T12:01:20.251418709Z",
    "message_voice_assistant": "ALEXA"
  },
  {
    "timestamp_utc": "2024-11-24T11:11:16.577Z",
    "context_time": 1732446676577,
    "message_catalogue": "PREMIUM",
    "message_country": "DE",
    "message_request_language": "de",
    "message_resolvement_output": "spotify:track:3XyvgKHmrWHV9wxQwbwGSJ",
    "message_timestamp": "2024-11-24T11:11:16.577771161Z",
    "message_voice_assistant": "ALEXA"
  },
  {
    "timestamp_utc": "2024-11-17T18:14:45.779Z",
    "context_time": 1731867285779,
    "message_catalogue": "PREMIUM",
    "message_country": "DE",
    "message_request_language": "de",
    "message_resolvement_output": "spotify:user:anonymized:collection",
    "message_timestamp": "2024-11-17T18:14:45.779065782Z",
    "message_voice_assistant": "ALEXA"
  },
  {
    "timestamp_utc": "2024-09-07T12:22:17.400Z",
    "context_time": 1725711737400,
    "message_catalogue": "PREMIUM",
    "message_country": "DE",
    "message_request_language": "de",
    "message_resolvement_output": "spotify:album:1wklsLLbGIZg1RDpoJovrb",
    "message_timestamp": "2024-09-07T12:22:17.400109344Z",
    "message_voice_assistant": "ALEXA"
  },
  {
    "timestamp_utc": "2024-11-30T17:36:31.549Z",
    "context_time": 1732988191549,
    "message_catalogue": "PREMIUM",
    "message_country": "DE",
    "message_request_language": "en",
    "message_resolvement_output": "spotify:playlist:37i9dQZF1DX9uKNf5jGX6m",
    "message_timestamp": "2024-11-30T17:36:31.549075730Z",
    "message_voice_assistant": "ALEXA"
  },
  {
    "timestamp_utc": "2024-09-08T13:39:59.170Z",
    "context_time": 1725802799170,
    "message_catalogue": "PREMIUM",
    "message_country": "DE",
    "message_request_language": "de",
    "message_resolvement_output": "spotify:playlist:37i9dQZF1EQqkOPvHGajmW",
    "message_timestamp": "2024-09-08T13:39:59.170904356Z",
    "message_voice_assistant": "ALEXA"
  },
  {
    "timestamp_utc": "2024-11-14T16:19:47.736Z",
    "context_time": 1731601187736,
    "message_catalogue": "PREMIUM",
    "message_country": "DE",
    "message_request_language": "de",
    "message_resolvement_output": "spotify:playlist:37i9dQZF1DZ06evO2R7cA0",
    "message_timestamp": "2024-11-14T16:19:47.736986916Z",
    "message_voice_assistant": "ALEXA"
  },
  {
    "timestamp_utc": "2024-09-11T17:17:27.030Z",
    "context_time": 1726075047030,
    "message_catalogue": "PREMIUM",
    "message_country": "DE",
    "message_request_language": "de",
    "message_resolvement_output": "spotify:user:anonymized:collection",
    "message_timestamp": "2024-09-11T17:17:27.030183055Z",
    "message_voice_assistant": "ALEXA"
  },
  {
    "timestamp_utc": "2024-11-04T07:51:28.042Z",
    "context_time": 1730706688042,
    "message_catalogue": "PREMIUM",
    "message_country": "DE",
    "message_request_language": "en",
    "message_resolvement_output": "spotify:playlist:10NcYBbVVB5HqscGzLFdbn",
    "message_timestamp": "2024-11-04T07:51:28.042271463Z",
    "message_voice_assistant": "ALEXA"
  },
  {
    "timestamp_utc": "2024-11-25T18:50:51.146Z",
    "context_time": 1732560651146,
    "message_catalogue": "PREMIUM",
    "message_country": "DE",
    "message_request_language": "de",
    "message_resolvement_output": "spotify:user:anonymized:collection",
    "message_timestamp": "2024-11-25T18:50:51.146015564Z",
    "message_voice_assistant": "ALEXA"
  },
  {
    "timestamp_utc": "2024-11-04T07:51:28.042Z",
    "context_time": 1730706688042,
    "message_catalogue": "PREMIUM",
    "message_country": "DE",
    "message_request_language": "en",
    "message_resolvement_output": "spotify:playlist:37i9dQZF1DWZy0j22jjWNA",
    "message_timestamp": "2024-11-04T07:51:28.042265697Z",
    "message_voice_assistant": "ALEXA"
  },
  {
    "timestamp_utc": "2024-11-30T11:14:26.673Z",
    "context_time": 1732965266673,
    "message_catalogue": "PREMIUM",
    "message_country": "DE",
    "message_request_language": "en",
    "message_resolvement_output": "spotify:playlist:37i9dQZF1EIgEGA8yZVLJZ",
    "message_timestamp": "2024-11-30T11:14:26.673301103Z",
    "message_voice_assistant": "ALEXA"
  },
  {
    "timestamp_utc": "2024-11-30T13:54:39.949Z",
    "context_time": 1732974879949,
    "message_catalogue": "PREMIUM",
    "message_country": "DE",
    "message_request_language": "en",
    "message_resolvement_output": "spotify:playlist:37i9dQZF1EVHGWrwldPRtj",
    "message_timestamp": "2024-11-30T13:54:39.949124160Z",
    "message_voice_assistant": "ALEXA"
  },
  {
    "timestamp_utc": "2024-10-13T14:11:55.661Z",
    "context_time": 1728828715661,
    "message_catalogue": "PREMIUM",
    "message_country": "DE",
    "message_request_language": "de",
    "message_resolvement_output": "spotify:playlist:37i9dQZF1E4Cpj7tK5yC6M",
    "message_timestamp": "2024-10-13T14:11:55.661559798Z",
    "message_voice_assistant": "ALEXA"
  },
  {
    "timestamp_utc": "2024-09-08T13:47:47.517Z",
    "context_time": 1725803267517,
    "message_catalogue": "PREMIUM",
    "message_country": "DE",
    "message_request_language": "de",
    "message_resolvement_output": "spotify:playlist:37i9dQZF1DZ06evNZVVBPG",
    "message_timestamp": "2024-09-08T13:47:47.517389538Z",
    "message_voice_assistant": "ALEXA"
  },
  {
    "timestamp_utc": "2024-09-11T18:17:16.738Z",
    "context_time": 1726078636738,
    "message_catalogue": "PREMIUM",
    "message_country": "DE",
    "message_request_language": "de",
    "message_resolvement_output": "spotify:user:anonymized:collection",
    "message_timestamp": "2024-09-11T18:17:16.738702602Z",
    "message_voice_assistant": "ALEXA"
  },
  {
    "timestamp_utc": "2024-11-30T15:29:51.951Z",
    "context_time": 1732980591951,
    "message_catalogue": "PREMIUM",
    "message_country": "DE",
    "message_request_language": "en",
    "message_resolvement_output": "spotify:playlist:37i9dQZF1DX5qgrUJCOKNp",
    "message_timestamp": "2024-11-30T15:29:51.951550631Z",
    "message_voice_assistant": "ALEXA"
  },
  {
    "timestamp_utc": "2024-11-30T11:46:07.204Z",
    "context_time": 1732967167204,
    "message_catalogue": "PREMIUM",
    "message_country": "DE",
    "message_request_language": "en",
    "message_resolvement_output": "spotify:playlist:37i9dQZF1DX9EM98aZosoy",
    "message_timestamp": "2024-11-30T11:46:07.204251290Z",
    "message_voice_assistant": "ALEXA"
  },
  {
    "timestamp_utc": "2024-11-13T21:24:12.603Z",
    "context_time": 1731533052603,
    "message_catalogue": "PREMIUM",
    "message_country": "DE",
    "message_request_language": "de",
    "message_resolvement_output": "spotify:playlist:37i9dQZF1DZ06evO2R7cA0",
    "message_timestamp": "2024-11-13T21:24:12.603448882Z",
    "message_voice_assistant": "ALEXA"
  },
  {
    "timestamp_utc": "2024-11-29T09:36:05.814Z",
    "context_time": 1732872965814,
    "message_catalogue": "PREMIUM",
    "message_country": "DE",
    "message_request_language": "en",
    "message_resolvement_output": "spotify:playlist:6bZZjVMaDsWcNJJt9onSeR",
    "message_timestamp": "2024-11-29T09:36:05.814407878Z",
    "message_voice_assistant": "ALEXA"
  },
  {
    "timestamp_utc": "2024-11-28T23:56:07.737Z",
    "context_time": 1732838167737,
    "message_catalogue": "PREMIUM",
    "message_country": "DE",
    "message_request_language": "en",
    "message_resolvement_output": "spotify:playlist:37i9dQZF1EIfqMuHDHBmcS",
    "message_timestamp": "2024-11-28T23:56:07.736984419Z",
    "message_voice_assistant": "ALEXA"
  },
  {
    "timestamp_utc": "2024-11-28T23:56:07.736Z",
    "context_time": 1732838167736,
    "message_catalogue": "PREMIUM",
    "message_country": "DE",
    "message_request_language": "en",
    "message_resolvement_output": "spotify:playlist:37i9dQZF1EIhtUmOk4Jt4k",
    "message_timestamp": "2024-11-28T23:56:07.736981070Z",
    "message_voice_assistant": "ALEXA"
  },
  {
    "timestamp_utc": "2024-11-30T15:29:51.951Z",
    "context_time": 1732980591951,
    "message_catalogue": "PREMIUM",
    "message_country": "DE",
    "message_request_language": "en",
    "message_resolvement_output": "spotify:playlist:37i9dQZF1DWYHO8PTSQ9fM",
    "message_timestamp": "2024-11-30T15:29:51.951488451Z",
    "message_voice_assistant": "ALEXA"
  },
  {
    "timestamp_utc": "2024-11-30T11:46:07.204Z",
    "context_time": 1732967167204,
    "message_catalogue": "PREMIUM",
    "message_country": "DE",
    "message_request_language": "en",
    "message_resolvement_output": "spotify:playlist:37i9dQZF1EIdzRg9sDFEY3",
    "message_timestamp": "2024-11-30T11:46:07.204231882Z",
    "message_voice_assistant": "ALEXA"
  },
  {
    "timestamp_utc": "2024-11-30T17:37:07.324Z",
    "context_time": 1732988227324,
    "message_catalogue": "PREMIUM",
    "message_country": "DE",
    "message_request_language": "de",
    "message_resolvement_output": "spotify:track:3yX0yyoo11lCzD5scmSxRa",
    "message_timestamp": "2024-11-30T17:37:07.324105070Z",
    "message_voice_assistant": "ALEXA"
  },
  {
    "timestamp_utc": "2024-11-30T17:36:31.549Z",
    "context_time": 1732988191549,
    "message_catalogue": "PREMIUM",
    "message_country": "DE",
    "message_request_language": "en",
    "message_resolvement_output": "spotify:playlist:37i9dQZF1DXa1BeMIGX5Du",
    "message_timestamp": "2024-11-30T17:36:31.549098281Z",
    "message_voice_assistant": "ALEXA"
  },
  {
    "timestamp_utc": "2024-11-01T08:09:46.556Z",
    "context_time": 1730448586556,
    "message_catalogue": "PREMIUM",
    "message_country": "DE",
    "message_request_language": "de",
    "message_resolvement_output": "spotify:user:anonymized:collection",
    "message_timestamp": "2024-11-01T08:09:46.556929573Z",
    "message_voice_assistant": "ALEXA"
  },
  {
    "timestamp_utc": "2024-11-30T17:36:31.549Z",
    "context_time": 1732988191549,
    "message_catalogue": "PREMIUM",
    "message_country": "DE",
    "message_request_language": "en",
    "message_resolvement_output": "spotify:playlist:37i9dQZF1EIe76PziPqqlD",
    "message_timestamp": "2024-11-30T17:36:31.549050301Z",
    "message_voice_assistant": "ALEXA"
  },
  {
    "timestamp_utc": "2024-11-01T08:01:08.923Z",
    "context_time": 1730448068923,
    "message_catalogue": "PREMIUM",
    "message_country": "DE",
    "message_request_language": "de",
    "message_resolvement_output": "spotify:album:1PdMoahMiMnqWfzWZs3xSI",
    "message_timestamp": "2024-11-01T08:01:08.923251218Z",
    "message_voice_assistant": "ALEXA"
  },
  {
    "timestamp_utc": "2024-09-07T12:26:13.293Z",
    "context_time": 1725711973293,
    "message_catalogue": "PREMIUM",
    "message_country": "DE",
    "message_request_language": "de",
    "message_resolvement_output": "spotify:user:anonymized:collection",
    "message_timestamp": "2024-09-07T12:26:13.293489989Z",
    "message_voice_assistant": "ALEXA"
  },
  {
    "timestamp_utc": "2024-11-15T17:18:18.637Z",
    "context_time": 1731691098637,
    "message_catalogue": "PREMIUM",
    "message_country": "DE",
    "message_request_language": "de",
    "message_resolvement_output": "spotify:playlist:37i9dQZF1DZ06evO2R7cA0",
    "message_timestamp": "2024-11-15T17:18:18.637399408Z",
    "message_voice_assistant": "ALEXA"
  },
  {
    "timestamp_utc": "2024-11-28T23:56:07.737Z",
    "context_time": 1732838167737,
    "message_catalogue": "PREMIUM",
    "message_country": "DE",
    "message_request_language": "en",
    "message_resolvement_output": "spotify:playlist:37i9dQZF1DWZd79rJ6a7lp",
    "message_timestamp": "2024-11-28T23:56:07.737009919Z",
    "message_voice_assistant": "ALEXA"
  },
  {
    "timestamp_utc": "2024-11-28T17:28:37.643Z",
    "context_time": 1732814917643,
    "message_catalogue": "PREMIUM",
    "message_country": "DE",
    "message_request_language": "de",
    "message_resolvement_output": "spotify:playlist:37i9dQZF1E8LQZGLB0o5J3",
    "message_timestamp": "2024-11-28T17:28:37.643938084Z",
    "message_voice_assistant": "ALEXA"
  },
  {
    "timestamp_utc": "2024-11-29T09:35:50.141Z",
    "context_time": 1732872950141,
    "message_catalogue": "PREMIUM",
    "message_country": "DE",
    "message_request_language": "en",
    "message_resolvement_output": "spotify:playlist:10NcYBbVVB5HqscGzLFdbn",
    "message_timestamp": "2024-11-29T09:35:50.141273494Z",
    "message_voice_assistant": "ALEXA"
  },
  {
    "timestamp_utc": "2024-10-12T18:41:37.565Z",
    "context_time": 1728758497565,
    "message_catalogue": "PREMIUM",
    "message_country": "DE",
    "message_request_language": "en",
    "message_resolvement_output": "spotify:playlist:37i9dQZF1DWVFeEut75IAL",
    "message_timestamp": "2024-10-12T18:41:37.565799402Z",
    "message_voice_assistant": "ALEXA"
  },
  {
    "timestamp_utc": "2024-11-28T23:56:25.416Z",
    "context_time": 1732838185416,
    "message_catalogue": "PREMIUM",
    "message_country": "DE",
    "message_request_language": "de",
    "message_resolvement_output": "spotify:track:4xWvv6IM1iYUhlvbl6UUVS",
    "message_timestamp": "2024-11-28T23:56:25.416204369Z",
    "message_voice_assistant": "ALEXA"
  },
  {
    "timestamp_utc": "2024-10-12T18:41:37.565Z",
    "context_time": 1728758497565,
    "message_catalogue": "PREMIUM",
    "message_country": "DE",
    "message_request_language": "en",
    "message_resolvement_output": "spotify:playlist:1h0CEZCm6IbFTbxThn6Xcs",
    "message_timestamp": "2024-10-12T18:41:37.565774802Z",
    "message_voice_assistant": "ALEXA"
  },
  {
    "timestamp_utc": "2024-11-14T16:57:55.957Z",
    "context_time": 1731603475957,
    "message_catalogue": "PREMIUM",
    "message_country": "DE",
    "message_request_language": "de",
    "message_resolvement_output": "spotify:playlist:37i9dQZF1DZ06evO2R7cA0",
    "message_timestamp": "2024-11-14T16:57:55.957931410Z",
    "message_voice_assistant": "ALEXA"
  },
  {
    "timestamp_utc": "2024-11-29T15:34:41.352Z",
    "context_time": 1732894481352,
    "message_catalogue": "PREMIUM",
    "message_country": "DE",
    "message_request_language": "en",
    "message_resolvement_output": "spotify:playlist:37i9dQZF1E4wLw94d5uj08",
    "message_timestamp": "2024-11-29T15:34:41.352877814Z",
    "message_voice_assistant": "ALEXA"
  },
  {
    "timestamp_utc": "2024-11-04T12:52:13.824Z",
    "context_time": 1730724733824,
    "message_catalogue": "PREMIUM",
    "message_country": "DE",
    "message_request_language": "de",
    "message_resolvement_output": "spotify:artist:66RIybikOuOgGZZDo0e0im",
    "message_timestamp": "2024-11-04T12:52:13.824893720Z",
    "message_voice_assistant": "ALEXA"
  },
  {
    "timestamp_utc": "2024-11-29T15:38:15.393Z",
    "context_time": 1732894695393,
    "message_catalogue": "PREMIUM",
    "message_country": "DE",
    "message_request_language": "de",
    "message_resolvement_output": "spotify:playlist:37i9dQZF1E4wLw94d5uj08",
    "message_timestamp": "2024-11-29T15:38:15.393387125Z",
    "message_voice_assistant": "ALEXA"
  },
  {
    "timestamp_utc": "2024-12-01T13:44:15.433Z",
    "context_time": 1733060655433,
    "message_catalogue": "PREMIUM",
    "message_country": "DE",
    "message_request_language": "de",
    "message_resolvement_output": "spotify:user:anonymized:collection",
    "message_timestamp": "2024-12-01T13:44:15.433425923Z",
    "message_voice_assistant": "ALEXA"
  },
  {
    "timestamp_utc": "2024-11-30T15:29:51.951Z",
    "context_time": 1732980591951,
    "message_catalogue": "PREMIUM",
    "message_country": "DE",
    "message_request_language": "en",
    "message_resolvement_output": "spotify:playlist:37i9dQZF1DX4yQsz19DvhD",
    "message_timestamp": "2024-11-30T15:29:51.951514951Z",
    "message_voice_assistant": "ALEXA"
  },
  {
    "timestamp_utc": "2024-11-30T11:14:26.673Z",
    "context_time": 1732965266673,
    "message_catalogue": "PREMIUM",
    "message_country": "DE",
    "message_request_language": "en",
    "message_resolvement_output": "spotify:playlist:37i9dQZF1EIetqHVW2VjoY",
    "message_timestamp": "2024-11-30T11:14:26.673389156Z",
    "message_voice_assistant": "ALEXA"
  },
  {
    "timestamp_utc": "2024-11-29T15:37:58.406Z",
    "context_time": 1732894678406,
    "message_catalogue": "PREMIUM",
    "message_country": "DE",
    "message_request_language": "de",
    "message_resolvement_output": "spotify:playlist:37i9dQZF1E4wLw94d5uj08",
    "message_timestamp": "2024-11-29T15:37:58.406586206Z",
    "message_voice_assistant": "ALEXA"
  },
  {
    "timestamp_utc": "2024-09-08T13:48:33.337Z",
    "context_time": 1725803313337,
    "message_catalogue": "PREMIUM",
    "message_country": "DE",
    "message_request_language": "de",
    "message_resolvement_output": "spotify:track:08wOJgmxNsxJ9B5HrZgdsn",
    "message_timestamp": "2024-09-08T13:48:33.337375592Z",
    "message_voice_assistant": "ALEXA"
  },
  {
    "timestamp_utc": "2024-11-14T08:44:10.180Z",
    "context_time": 1731573850180,
    "message_catalogue": "PREMIUM",
    "message_country": "DE",
    "message_request_language": "de",
    "message_resolvement_output": "spotify:track:2sKHevALE8DKDkwEo04Pbh",
    "message_timestamp": "2024-11-14T08:44:10.180543893Z",
    "message_voice_assistant": "ALEXA"
  },
  {
    "timestamp_utc": "2024-11-13T15:42:27.774Z",
    "context_time": 1731512547774,
    "message_catalogue": "PREMIUM",
    "message_country": "DE",
    "message_request_language": "de",
    "message_resolvement_output": "spotify:user:anonymized:collection",
    "message_timestamp": "2024-11-13T15:42:27.774380468Z",
    "message_voice_assistant": "ALEXA"
  },
  {
    "timestamp_utc": "2024-11-30T17:37:15.971Z",
    "context_time": 1732988235971,
    "message_catalogue": "PREMIUM",
    "message_country": "DE",
    "message_request_language": "de",
    "message_resolvement_output": "spotify:album:2vD3zSQr8hNlg0obNel4TE",
    "message_timestamp": "2024-11-30T17:37:15.971965160Z",
    "message_voice_assistant": "ALEXA"
  },
  {
    "timestamp_utc": "2024-09-09T19:21:36.905Z",
    "context_time": 1725909696905,
    "message_catalogue": "PREMIUM",
    "message_country": "DE",
    "message_request_language": "de",
    "message_resolvement_output": "spotify:playlist:6R62rBNXWmdiXMjCsDKKy9",
    "message_timestamp": "2024-09-09T19:21:36.905914250Z",
    "message_voice_assistant": "ALEXA"
  },
  {
    "timestamp_utc": "2024-11-30T16:06:10.996Z",
    "context_time": 1732982770996,
    "message_catalogue": "PREMIUM",
    "message_country": "DE",
    "message_request_language": "en",
    "message_resolvement_output": "spotify:playlist:37i9dQZEVXbJU9eQpX8gPT",
    "message_timestamp": "2024-11-30T16:06:10.996378455Z",
    "message_voice_assistant": "ALEXA"
  },
  {
    "timestamp_utc": "2024-11-30T12:35:39.340Z",
    "context_time": 1732970139340,
    "message_catalogue": "PREMIUM",
    "message_country": "DE",
    "message_request_language": "en",
    "message_resolvement_output": "spotify:playlist:37i9dQZF1DWYxwmBaMqxsl",
    "message_timestamp": "2024-11-30T12:35:39.340726588Z",
    "message_voice_assistant": "ALEXA"
  },
  {
    "timestamp_utc": "2024-11-30T16:06:10.996Z",
    "context_time": 1732982770996,
    "message_catalogue": "PREMIUM",
    "message_country": "DE",
    "message_request_language": "en",
    "message_resolvement_output": "spotify:playlist:37i9dQZF1DWYHO8PTSQ9fM",
    "message_timestamp": "2024-11-30T16:06:10.996324645Z",
    "message_voice_assistant": "ALEXA"
  },
  {
    "timestamp_utc": "2024-12-01T13:43:57.783Z",
    "context_time": 1733060637783,
    "message_catalogue": "PREMIUM",
    "message_country": "DE",
    "message_request_language": "de",
    "message_resolvement_output": "spotify:user:anonymized:collection",
    "message_timestamp": "2024-12-01T13:43:57.783143870Z",
    "message_voice_assistant": "ALEXA"
  },
  {
    "timestamp_utc": "2024-11-19T17:55:34.763Z",
    "context_time": 1732038934763,
    "message_catalogue": "PREMIUM",
    "message_country": "DE",
    "message_request_language": "de",
    "message_resolvement_output": "spotify:user:anonymized:collection",
    "message_timestamp": "2024-11-19T17:55:34.763304755Z",
    "message_voice_assistant": "ALEXA"
  },
  {
    "timestamp_utc": "2024-10-12T18:41:37.565Z",
    "context_time": 1728758497565,
    "message_catalogue": "PREMIUM",
    "message_country": "DE",
    "message_request_language": "en",
    "message_resolvement_output": "spotify:playlist:7oPu90icMjCMsjNxf5lsCM",
    "message_timestamp": "2024-10-12T18:41:37.565805972Z",
    "message_voice_assistant": "ALEXA"
  },
  {
    "timestamp_utc": "2024-11-30T12:35:39.340Z",
    "context_time": 1732970139340,
    "message_catalogue": "PREMIUM",
    "message_country": "DE",
    "message_request_language": "en",
    "message_resolvement_output": "spotify:playlist:37i9dQZF1DWV7EzJMK2FUI",
    "message_timestamp": "2024-11-30T12:35:39.340735588Z",
    "message_voice_assistant": "ALEXA"
  },
  {
    "timestamp_utc": "2024-11-30T12:35:39.340Z",
    "context_time": 1732970139340,
    "message_catalogue": "PREMIUM",
    "message_country": "DE",
    "message_request_language": "en",
    "message_resolvement_output": "spotify:playlist:37i9dQZF1DWVf1Phr4ZVgO",
    "message_timestamp": "2024-11-30T12:35:39.340744188Z",
    "message_voice_assistant": "ALEXA"
  },
  {
    "timestamp_utc": "2024-11-29T09:35:50.141Z",
    "context_time": 1732872950141,
    "message_catalogue": "PREMIUM",
    "message_country": "DE",
    "message_request_language": "en",
    "message_resolvement_output": "spotify:playlist:37i9dQZF1DWZy0j22jjWNA",
    "message_timestamp": "2024-11-29T09:35:50.141257874Z",
    "message_voice_assistant": "ALEXA"
  },
  {
    "timestamp_utc": "2024-10-30T20:12:32.537Z",
    "context_time": 1730319152537,
    "message_catalogue": "PREMIUM",
    "message_country": "DE",
    "message_request_language": "de",
    "message_resolvement_output": "spotify:playlist:37i9dQZF1DWZUozJiHy44Y",
    "message_timestamp": "2024-10-30T20:12:32.537788714Z",
    "message_voice_assistant": "ALEXA"
  },
  {
    "timestamp_utc": "2024-11-24T16:33:48.750Z",
    "context_time": 1732466028750,
    "message_catalogue": "PREMIUM",
    "message_country": "DE",
    "message_request_language": "de",
    "message_resolvement_output": "spotify:playlist:37i9dQZF1EVHGWrwldPRtj",
    "message_timestamp": "2024-11-24T16:33:48.750538885Z",
    "message_voice_assistant": "ALEXA"
  },
  {
    "timestamp_utc": "2024-10-13T09:22:39.242Z",
    "context_time": 1728811359242,
    "message_catalogue": "PREMIUM",
    "message_country": "DE",
    "message_request_language": "de",
    "message_resolvement_output": "spotify:playlist:4XlSeenN34nEeV86ZuDOA1",
    "message_timestamp": "2024-10-13T09:22:39.242908875Z",
    "message_voice_assistant": "ALEXA"
  },
  {
    "timestamp_utc": "2024-11-30T11:14:26.673Z",
    "context_time": 1732965266673,
    "message_catalogue": "PREMIUM",
    "message_country": "DE",
    "message_request_language": "en",
    "message_resolvement_output": "spotify:playlist:37i9dQZF1DX7F6T2n2fegs",
    "message_timestamp": "2024-11-30T11:14:26.673287043Z",
    "message_voice_assistant": "ALEXA"
  },
  {
    "timestamp_utc": "2024-11-29T09:35:50.141Z",
    "context_time": 1732872950141,
    "message_catalogue": "PREMIUM",
    "message_country": "DE",
    "message_request_language": "en",
    "message_resolvement_output": "spotify:playlist:37i9dQZF1EIhxsZ1zwdwMW",
    "message_timestamp": "2024-11-29T09:35:50.141163323Z",
    "message_voice_assistant": "ALEXA"
  },
  {
    "timestamp_utc": "2024-10-12T18:27:24.320Z",
    "context_time": 1728757644320,
    "message_catalogue": "PREMIUM",
    "message_country": "DE",
    "message_request_language": "de",
    "message_resolvement_output": "spotify:episode:3oqSM6qU6DbKSCYwOjwUkp",
    "message_timestamp": "2024-10-12T18:27:24.320413213Z",
    "message_voice_assistant": "ALEXA"
  },
  {
    "timestamp_utc": "2024-11-30T13:54:39.949Z",
    "context_time": 1732974879949,
    "message_catalogue": "PREMIUM",
    "message_country": "DE",
    "message_request_language": "en",
    "message_resolvement_output": "spotify:playlist:37i9dQZF1DXa1BeMIGX5Du",
    "message_timestamp": "2024-11-30T13:54:39.949171890Z",
    "message_voice_assistant": "ALEXA"
  },
  {
    "timestamp_utc": "2024-11-20T18:27:34.141Z",
    "context_time": 1732127254141,
    "message_catalogue": "PREMIUM",
    "message_country": "DE",
    "message_request_language": "de",
    "message_resolvement_output": "spotify:user:anonymized:collection",
    "message_timestamp": "2024-11-20T18:27:34.141393309Z",
    "message_voice_assistant": "ALEXA"
  },
  {
    "timestamp_utc": "2024-09-07T10:31:15.888Z",
    "context_time": 1725705075888,
    "message_catalogue": "PREMIUM",
    "message_country": "DE",
    "message_request_language": "de",
    "message_resolvement_output": "spotify:album:1wklsLLbGIZg1RDpoJovrb",
    "message_timestamp": "2024-09-07T10:31:15.888470363Z",
    "message_voice_assistant": "ALEXA"
  },
  {
    "timestamp_utc": "2024-11-30T12:07:04.632Z",
    "context_time": 1732968424632,
    "message_catalogue": "PREMIUM",
    "message_country": "DE",
    "message_request_language": "en",
    "message_resolvement_output": "spotify:playlist:37i9dQZF1EId4tyVYo0Omv",
    "message_timestamp": "2024-11-30T12:07:04.632268302Z",
    "message_voice_assistant": "ALEXA"
  },
  {
    "timestamp_utc": "2024-11-30T12:35:39.340Z",
    "context_time": 1732970139340,
    "message_catalogue": "PREMIUM",
    "message_country": "DE",
    "message_request_language": "en",
    "message_resolvement_output": "spotify:playlist:37i9dQZF1DXbITWG1ZJKYt",
    "message_timestamp": "2024-11-30T12:35:39.340680748Z",
    "message_voice_assistant": "ALEXA"
  }
]