[
  {
    "timestamp_utc": "2024-11-13T21:24:15.252Z",
    "context_time": 1731533055252,
    "message_catalogue": "PREMIUM",
    "message_country": "DE",
    "message_timestamp": "2024-11-13T21:24:15.252069788Z",
    "message_voice_assistant": "ALEXA"
  },
  {
    "timestamp_utc": "2024-10-30T15:30:35.761Z",
    "context_time": 1730302235761,
    "message_catalogue": "PREMIUM",
    "message_country": "DE",
    "message_timestamp": "2024-10-30T15:30:35.761936528Z",
    "message_voice_assistant": "ALEXA"
  },
  {
    "timestamp_utc": "2024-09-07T10:31:17.293Z",
    "context_time": 1725705077293,
    "message_catalogue": "PREMIUM",
    "message_country": "DE",
    "message_timestamp": "2024-09-07T10:31:17.293072799Z",
    "message_voice_assistant": "ALEXA"
  },
  {
    "timestamp_utc": "2024-11-28T23:12:18.034Z",
    "context_time": 1732835538034,
    "message_catalogue": "PREMIUM",
    "message_country": "DE",
    "message_timestamp": "2024-11-28T23:12:18.034408840Z",
    "message_voice_assistant": "ALEXA"
  },
  {
    "timestamp_utc": "2024-09-07T12:26:15.576Z",
    "context_time": 1725711975576,
    "message_catalogue": "PREMIUM",
    "message_country": "DE",
    "message_timestamp": "2024-09-07T12:26:15.576078196Z",
    "message_voice_assistant": "ALEXA"
  },
  {
    "timestamp_utc": "2024-11-30T17:36:33.750Z",
    "context_time": 1732988193750,
    "message_catalogue": "PREMIUM",
    "message_country": "DE",
    "message_timestamp": "2024-11-30T17:36:33.750383820Z",
    "message_voice_assistant": "ALEXA"
  },
  {
    "timestamp_utc": "2024-11-27T14:33:24.430Z",
    "context_time": 1732718004430,
    "message_catalogue": "PREMIUM",
    "message_country": "DE",
    "message_timestamp": "2024-11-27T14:33:24.430675594Z",
    "message_voice_assistant": "ALEXA"
  },
  {
    "timestamp_utc": "2024-11-30T13:54:42.180Z",
    "context_time": 1732974882180,
    "message_catalogue": "PREMIUM",
    "message_country": "DE",
    "message_timestamp": "2024-11-30T13:54:42.180010461Z",
    "message_voice_assistant": "ALEXA"
  },
  {
    "timestamp_utc": "2024-11-24T16:33:50.205Z",
    "context_time": 1732466030205,
    "message_catalogue": "PREMIUM",
    "message_country": "DE",
    "message_timestamp": "2024-11-24T16:33:50.205236600Z",
    "message_voice_assistant": "ALEXA"
  },
  {
    "timestamp_utc": "2024-11-29T09:29:29.559Z",
    "context_time": 1732872569559,
    "message_catalogue": "PREMIUM",
    "message_country": "DE",
    "message_timestamp": "2024-11-29T09:29:29.559189445Z",
    "message_voice_assistant": "ALEXA"
  },
  {
    "timestamp_utc": "2024-11-28T17:28:39.030Z",
    "context_time": 1732814919030,
    "message_catalogue": "PREMIUM",
    "message_country": "DE",
    "message_timestamp": "2024-11-28T17:28:39.030803967Z",
    "message_voice_assistant": "ALEXA"
  },
  {
    "timestamp_utc": "2024-11-30T15:29:54.713Z",
    "context_time": 1732980594713,
    "message_catalogue": "PREMIUM",
    "message_country": "DE",
    "message_timestamp": "2024-11-30T15:29:54.713647629Z",
    "message_voice_assistant": "ALEXA"
  },
  {
    "timestamp_utc": "2024-11-13T21:23:43.773Z",
    "context_time": 1731533023773,
    "message_catalogue": "PREMIUM",
    "message_country": "DE",
    "message_timestamp": "2024-11-13T21:23:43.773043166Z",
    "message_voice_assistant": "ALEXA"
  },
  {
    "timestamp_utc": "2024-11-20T18:27:35.520Z",
    "context_time": 1732127255520,
    "message_catalogue": "PREMIUM",
    "message_country": "DE",
    "message_timestamp": "2024-11-20T18:27:35.520596017Z",
    "message_voice_assistant": "ALEXA"
  },
  {
    "timestamp_utc": "2024-11-14T08:44:14.016Z",
    "context_time": 1731573854016,
    "message_catalogue": "PREMIUM",
    "message_country": "DE",
    "message_timestamp": "2024-11-14T08:44:14.016212355Z",
    "message_voice_assistant": "ALEXA"
  },
  {
    "timestamp_utc": "2024-10-30T20:12:34.816Z",
    "context_time": 1730319154816,
    "message_catalogue": "PREMIUM",
    "message_country": "DE",
    "message_timestamp": "2024-10-30T20:12:34.816516393Z",
    "message_voice_assistant": "ALEXA"
  },
  {
    "timestamp_utc": "2024-11-30T11:36:48.047Z",
    "context_time": 1732966608047,
    "message_catalogue": "PREMIUM",
    "message_country": "DE",
    "message_timestamp": "2024-11-30T11:36:48.047466195Z",
    "message_voice_assistant": "ALEXA"
  },
  {
    "timestamp_utc": "2024-11-30T17:37:19.476Z",
    "context_time": 1732988239476,
    "message_catalogue": "PREMIUM",
    "message_country": "DE",
    "message_timestamp": "2024-11-30T17:37:19.476034454Z",
    "message_voice_assistant": "ALEXA"
  },
  {
    "timestamp_utc": "2024-11-30T11:46:09.300Z",
    "context_time": 1732967169300,
    "message_catalogue": "PREMIUM",
    "message_country": "DE",
    "message_timestamp": "2024-11-30T11:46:09.300090130Z",
    "message_voice_assistant": "ALEXA"
  },
  {
    "timestamp_utc": "2024-12-01T14:06:36.546Z",
    "context_time": 1733061996546,
    "message_catalogue": "PREMIUM",
    "message_country": "DE",
    "message_timestamp": "2024-12-01T14:06:36.546582386Z",
    "message_voice_assistant": "ALEXA"
  },
  {
    "timestamp_utc": "2024-11-30T11:14:29.250Z",
    "context_time": 1732965269250,
    "message_catalogue": "PREMIUM",
    "message_country": "DE",
    "message_timestamp": "2024-11-30T11:14:29.250799159Z",
    "message_voice_assistant": "ALEXA"
  },
  {
    "timestamp_utc": "2024-11-28T23:56:10.165Z",
    "context_time": 1732838170165,
    "message_catalogue": "PREMIUM",
    "message_country": "DE",
    "message_timestamp": "2024-11-28T23:56:10.165019705Z",
    "message_voice_assistant": "ALEXA"
  },
  {
    "timestamp_utc": "2024-12-01T13:43:59.591Z",
    "context_time": 1733060639591,
    "message_catalogue": "PREMIUM",
    "message_country": "DE",
    "message_timestamp": "2024-12-01T13:43:59.591086716Z",
    "message_voice_assistant": "ALEXA"
  },
  {
    "timestamp_utc": "2024-11-29T15:36:51.470Z",
    "context_time": 1732894611470,
    "message_catalogue": "PREMIUM",
    "message_country": "DE",
    "message_timestamp": "2024-11-29T15:36:51.470832848Z",
    "message_voice_assistant": "ALEXA"
  },
  {
    "timestamp_utc": "2024-11-30T12:01:23.183Z",
    "context_time": 1732968083183,
    "message_catalogue": "PREMIUM",
    "message_country": "DE",
    "message_timestamp": "2024-11-30T12:01:23.182899179Z",
    "message_voice_assistant": "ALEXA"
  },
  {
    "timestamp_utc": "2024-11-18T13:57:29.317Z",
    "context_time": 1731938249317,
    "message_catalogue": "PREMIUM",
    "message_country": "DE",
    "message_timestamp": "2024-11-18T13:57:29.317514314Z",
    "message_voice_assistant": "ALEXA"
  },
  {
    "timestamp_utc": "2024-11-30T12:07:07.544Z",
    "context_time": 1732968427544,
    "message_catalogue": "PREMIUM",
    "message_country": "DE",
    "message_timestamp": "2024-11-30T12:07:07.544423255Z",
    "message_voice_assistant": "ALEXA"
  },
  {
    "timestamp_utc": "2024-11-29T15:34:44.072Z",
    "context_time": 1732894484072,
    "message_catalogue": "PREMIUM",
    "message_country": "DE",
    "message_timestamp": "2024-11-29T15:34:44.072209417Z",
    "message_voice_assistant": "ALEXA"
  },
  {
    "timestamp_utc": "2024-12-01T13:44:34.148Z",
    "context_time": 1733060674148,
    "message_catalogue": "PREMIUM",
    "message_country": "DE",
    "message_timestamp": "2024-12-01T13:44:34.148065940Z",
    "message_voice_assistant": "ALEXA"
  },
  {
    "timestamp_utc": "2024-11-30T13:59:21.282Z",
    "context_time": 1732975161282,
    "message_catalogue": "PREMIUM",
    "message_country": "DE",
    "message_timestamp": "2024-11-30T13:59:21.282658161Z",
    "message_voice_assistant": "ALEXA"
  },
  {
    "timestamp_utc": "2024-11-30T13:58:48.326Z",
    "context_time": 1732975128326,
    "message_catalogue": "PREMIUM",
    "message_country": "DE",
    "message_timestamp": "2024-11-30T13:58:48.326536774Z",
    "message_voice_assistant": "ALEXA"
  },
  {
    "timestamp_utc": "2024-10-14T04:55:22.562Z",
    "context_time": 1728881722562,
    "message_catalogue": "PREMIUM",
    "message_country": "DE",
    "message_timestamp": "2024-10-14T04:55:22.562325555Z",
    "message_voice_assistant": "ALEXA"
  },
  {
    "timestamp_utc": "2024-11-20T15:19:56.300Z",
    "context_time": 1732115996300,
    "message_catalogue": "PREMIUM",
    "message_country": "DE",
    "message_timestamp": "2024-11-20T15:19:56.300087707Z",
    "message_voice_assistant": "ALEXA"
  },
  {
    "timestamp_utc": "2024-11-30T12:35:41.687Z",
    "context_time": 1732970141687,
    "message_catalogue": "PREMIUM",
    "message_country": "DE",
    "message_timestamp": "2024-11-30T12:35:41.687071059Z",
    "message_voice_assistant": "ALEXA"
  },
  {
    "timestamp_utc": "2024-11-01T08:09:48.856Z",
    "context_time": 1730448588856,
    "message_catalogue": "PREMIUM",
    "message_country": "DE",
    "message_timestamp": "2024-11-01T08:09:48.856104544Z",
    "message_voice_assistant": "ALEXA"
  },
  {
    "timestamp_utc": "2024-09-11T18:17:18.168Z",
    "context_time": 1726078638168,
    "message_catalogue": "PREMIUM",
    "message_country": "DE",
    "message_timestamp": "2024-09-11T18:17:18.168250488Z",
    "message_voice_assistant": "ALEXA"
  },
  {
    "timestamp_utc": "2024-11-17T18:14:47.175Z",
    "context_time": 1731867287175,
    "message_catalogue": "PREMIUM",
    "message_country": "DE",
    "message_timestamp": "2024-11-17T18:14:47.175517754Z",
    "message_voice_assistant": "ALEXA"
  },
  {
    "timestamp_utc": "2024-11-01T08:01:10.281Z",
    "context_time": 1730448070281,
    "message_catalogue": "PREMIUM",
    "message_country": "DE",
    "message_timestamp": "2024-11-01T08:01:10.281331246Z",
    "message_voice_assistant": "ALEXA"
  },
  {
    "timestamp_utc": "2024-10-11T12:38:49.923Z",
    "context_time": 1728650329923,
    "message_catalogue": "PREMIUM",
    "message_country": "DE",
    "message_timestamp": "2024-10-11T12:38:49.923511071Z",
    "message_voice_assistant": "ALEXA"
  },
  {
    "timestamp_utc": "2024-11-02T12:52:36.154Z",
    "context_time": 1730551956154,
    "message_catalogue": "PREMIUM",
    "message_country": "DE",
    "message_timestamp": "2024-11-02T12:52:36.154755197Z",
    "message_voice_assistant": "ALEXA"
  },
  {
    "timestamp_utc": "2024-09-11T17:17:29.388Z",
    "context_time": 1726075049388,
    "message_catalogue": "PREMIUM",
    "message_country": "DE",
    "message_timestamp": "2024-09-11T17:17:29.388888887Z",
    "message_voice_assistant": "ALEXA"
  },
  {
    "timestamp_utc": "2024-09-08T13:48:37.151Z",
    "context_time": 1725803317151,
    "message_catalogue": "PREMIUM",
    "message_country": "DE",
    "message_timestamp": "2024-09-08T13:48:37.151378743Z",
    "message_voice_assistant": "ALEXA"
  },
  {
    "timestamp_utc": "2024-11-02T11:51:38.733Z",
    "context_time": 1730548298733,
    "message_catalogue": "PREMIUM",
    "message_country": "DE",
    "message_timestamp": "2024-11-02T11:51:38.733803568Z",
    "message_voice_assistant": "ALEXA"
  },
  {
    "timestamp_utc": "2024-11-30T17:37:11.380Z",
    "context_time": 1732988231380,
    "message_catalogue": "PREMIUM",
    "message_country": "DE",
    "message_timestamp": "2024-11-30T17:37:11.380333868Z",
    "message_voice_assistant": "ALEXA"
  },
  {
    "timestamp_utc": "2024-11-29T09:35:53.023Z",
    "context_time": 1732872953023,
    "message_catalogue": "PREMIUM",
    "message_country": "DE",
    "message_timestamp": "2024-11-29T09:35:53.023643634Z",
    "message_voice_assistant": "ALEXA"
  },
  {
    "timestamp_utc": "2024-10-30T09:26:14.649Z",
    "context_time": 1730280374649,
    "message_catalogue": "PREMIUM",
    "message_country": "DE",
    "message_timestamp": "2024-10-30T09:26:14.649061157Z",
    "message_voice_assistant": "ALEXA"
  },
  {
    "timestamp_utc": "2024-11-04T07:51:30.888Z",
    "context_time": 1730706690888,
    "message_catalogue": "PREMIUM",
    "message_country": "DE",
    "message_timestamp": "2024-11-04T07:51:30.888928667Z",
    "message_voice_assistant": "ALEXA"
  },
  {
    "timestamp_utc": "2024-11-24T11:11:17.938Z",
    "context_time": 1732446677938,
    "message_catalogue": "PREMIUM",
    "message_country": "DE",
    "message_timestamp": "2024-11-24T11:11:17.938448858Z",
    "message_voice_assistant": "ALEXA"
  },
  {
    "timestamp_utc": "2024-11-19T17:55:37.026Z",
    "context_time": 1732038937026,
    "message_catalogue": "PREMIUM",
    "message_country": "DE",
    "message_timestamp": "2024-11-19T17:55:37.026287186Z",
    "message_voice_assistant": "ALEXA"
  },
  {
    "timestamp_utc": "2024-10-13T09:22:40.647Z",
    "context_time": 1728811360647,
    "message_catalogue": "PREMIUM",
    "message_country": "DE",
    "message_timestamp": "2024-10-13T09:22:40.647814239Z",
    "message_voice_assistant": "ALEXA"
  },
  {
    "timestamp_utc": "2024-10-13T14:11:57.113Z",
    "context_time": 1728828717113,
    "message_catalogue": "PREMIUM",
    "message_country": "DE",
    "message_timestamp": "2024-10-13T14:11:57.113010163Z",
    "message_voice_assistant": "ALEXA"
  },
  {
    "timestamp_utc": "2024-11-15T22:38:17.011Z",
    "context_time": 1731710297011,
    "message_catalogue": "PREMIUM",
    "message_country": "DE",
    "message_timestamp": "2024-11-15T22:38:17.011379104Z",
    "message_voice_assistant": "ALEXA"
  },
  {
    "timestamp_utc": "2024-11-29T09:36:08.353Z",
    "context_time": 1732872968353,
    "message_catalogue": "PREMIUM",
    "message_country": "DE",
    "message_timestamp": "2024-11-29T09:36:08.353694391Z",
    "message_voice_assistant": "ALEXA"
  },
  {
    "timestamp_utc": "2024-10-12T18:41:40.663Z",
    "context_time": 1728758500663,
    "message_catalogue": "PREMIUM",
    "message_country": "DE",
    "message_timestamp": "2024-10-12T18:41:40.663180978Z",
    "message_voice_assistant": "ALEXA"
  },
  {
    "timestamp_utc": "2024-09-07T12:22:18.857Z",
    "context_time": 1725711738857,
    "message_catalogue": "PREMIUM",
    "message_country": "DE",
    "message_timestamp": "2024-09-07T12:22:18.857238262Z",
    "message_voice_assistant": "ALEXA"
  },
  {
    "timestamp_utc": "2024-12-01T13:44:16.852Z",
    "context_time": 1733060656852,
    "message_catalogue": "PREMIUM",
    "message_country": "DE",
    "message_timestamp": "2024-12-01T13:44:16.852061158Z",
    "message_voice_assistant": "ALEXA"
  },
  {
    "timestamp_utc": "2024-12-01T14:04:44.971Z",
    "context_time": 1733061884971,
    "message_catalogue": "PREMIUM",
    "message_country": "DE",
    "message_timestamp": "2024-12-01T14:04:44.971955432Z",
    "message_voice_assistant": "ALEXA"
  },
  {
    "timestamp_utc": "2024-11-30T17:37:47.776Z",
    "context_time": 1732988267776,
    "message_catalogue": "PREMIUM",
    "message_country": "DE",
    "message_timestamp": "2024-11-30T17:37:47.775988388Z",
    "message_voice_assistant": "ALEXA"
  },
  {
    "timestamp_utc": "2024-11-28T23:56:28.763Z",
    "context_time": 1732838188763,
    "message_catalogue": "PREMIUM",
    "message_country": "DE",
    "message_timestamp": "2024-11-28T23:56:28.763711114Z",
    "message_voice_assistant": "ALEXA"
  },
  {
    "timestamp_utc": "2024-11-29T15:38:18.151Z",
    "context_time": 1732894698151,
    "message_catalogue": "PREMIUM",
    "message_country": "DE",
    "message_timestamp": "2024-11-29T15:38:18.151940318Z",
    "message_voice_assistant": "ALEXA"
  },
  {
    "timestamp_utc": "2024-11-13T15:42:30.450Z",
    "context_time": 1731512550450,
    "message_catalogue": "PREMIUM",
    "message_country": "DE",
    "message_timestamp": "2024-11-13T15:42:30.450633910Z",
    "message_voice_assistant": "ALEXA"
  },
  {
    "timestamp_utc": "2024-11-26T20:15:22.544Z",
    "context_time": 1732652122544,
    "message_catalogue": "PREMIUM",
    "message_country": "DE",
    "message_timestamp": "2024-11-26T20:15:22.544605730Z",
    "message_voice_assistant": "ALEXA"
  },
  {
    "timestamp_utc": "2024-09-08T13:51:33.910Z",
    "context_time": 1725803493910,
    "message_catalogue": "PREMIUM",
    "message_country": "DE",
    "message_timestamp": "2024-09-08T13:51:33.910857433Z",
    "message_voice_assistant": "ALEXA"
  },
  {
    "timestamp_utc": "2024-11-14T16:19:50.414Z",
    "context_time": 1731601190414,
    "message_catalogue": "PREMIUM",
    "message_country": "DE",
    "message_timestamp": "2024-11-14T16:19:50.414068892Z",
    "message_voice_assistant": "ALEXA"
  },
  {
    "timestamp_utc": "2024-09-09T19:21:38.501Z",
    "context_time": 1725909698501,
    "message_catalogue": "PREMIUM",
    "message_country": "DE",
    "message_timestamp": "2024-09-09T19:21:38.501667542Z",
    "message_voice_assistant": "ALEXA"
  },
  {
    "timestamp_utc": "2024-11-15T17:18:20.038Z",
    "context_time": 1731691100038,
    "message_catalogue": "PREMIUM",
    "message_country": "DE",
    "message_timestamp": "2024-11-15T17:18:20.038487548Z",
    "message_voice_assistant": "ALEXA"
  },
  {
    "timestamp_utc": "2024-11-29T15:37:53.603Z",
    "context_time": 1732894673603,
    "message_catalogue": "PREMIUM",
    "message_country": "DE",
    "message_timestamp": "2024-11-29T15:37:53.603024484Z",
    "message_voice_assistant": "ALEXA"
  },
  {
    "timestamp_utc": "2024-11-06T08:47:19.790Z",
    "context_time": 1730882839790,
    "message_catalogue": "PREMIUM",
    "message_country": "DE",
    "message_timestamp": "2024-11-06T08:47:19.790909620Z",
    "message_voice_assistant": "ALEXA"
  },
  {
    "timestamp_utc": "2024-11-29T09:35:31.133Z",
    "context_time": 1732872931133,
    "message_catalogue": "PREMIUM",
    "message_country": "DE",
    "message_timestamp": "2024-11-29T09:35:31.133239606Z",
    "message_voice_assistant": "ALEXA"
  },
  {
    "timestamp_utc": "2024-11-29T15:38:01.174Z",
    "context_time": 1732894681174,
    "message_catalogue": "PREMIUM",
    "message_country": "DE",
    "message_timestamp": "2024-11-29T15:38:01.173991919Z",
    "message_voice_assistant": "ALEXA"
  },
  {
    "timestamp_utc": "2024-09-08T13:47:50.365Z",
    "context_time": 1725803270365,
    "message_catalogue": "PREMIUM",
    "message_country": "DE",
    "message_timestamp": "2024-09-08T13:47:50.365973779Z",
    "message_voice_assistant": "ALEXA"
  },
  {
    "timestamp_utc": "2024-09-11T17:07:39.180Z",
    "context_time": 1726074459180,
    "message_catalogue": "PREMIUM",
    "message_country": "DE",
    "message_timestamp": "2024-09-11T17:07:39.180377157Z",
    "message_voice_assistant": "ALEXA"
  },
  {
    "timestamp_utc": "2024-11-14T16:57:57.338Z",
    "context_time": 1731603477338,
    "message_catalogue": "PREMIUM",
    "message_country": "DE",
    "message_timestamp": "2024-11-14T16:57:57.338403636Z",
    "message_voice_assistant": "ALEXA"
  },
  {
    "timestamp_utc": "2024-11-30T16:06:13.561Z",
    "context_time": 1732982773561,
    "message_catalogue": "PREMIUM",
    "message_country": "DE",
    "message_timestamp": "2024-11-30T16:06:13.560997190Z",
    "message_voice_assistant": "ALEXA"
  },
  {
    "timestamp_utc": "2024-10-12T18:27:27.512Z",
    "context_time": 1728757647512,
    "message_catalogue": "PREMIUM",
    "message_country": "DE",
    "message_timestamp": "2024-10-12T18:27:27.511983742Z",
    "message_voice_assistant": "ALEXA"
  },
  {
    "timestamp_utc": "2024-11-27T16:08:14.122Z",
    "context_time": 1732723694122,
    "message_catalogue": "PREMIUM",
    "message_country": "DE",
    "message_timestamp": "2024-11-27T16:08:14.122053622Z",
    "message_voice_assistant": "ALEXA"
  },
  {
    "timestamp_utc": "2024-11-25T18:50:52.542Z",
    "context_time": 1732560652542,
    "message_catalogue": "PREMIUM",
    "message_country": "DE",
    "message_timestamp": "2024-11-25T18:50:52.542419194Z",
    "message_voice_assistant": "ALEXA"
  },
  {
    "timestamp_utc": "2024-09-08T13:40:00.649Z",
    "context_time": 1725802800649,
    "message_catalogue": "PREMIUM",
    "message_country": "DE",
    "message_timestamp": "2024-09-08T13:40:00.649025429Z",
    "message_voice_assistant": "ALEXA"
  }
]