[
  {
    "timestamp_utc": "2024-10-03T18:16:30.714Z",
    "context_application_version": "1.2.47.364",
    "context_conn_country": "FR",
    "context_device_manufacturer": "HP",
    "context_device_model": "HP EliteBook 830 G5",
    "context_device_type": "desktop",
    "context_os_name": "windows",
    "context_os_version": "10.0.19045",
    "context_receiver_service_timestamp": 1727979506703,
    "context_time": 1727979390714,
    "message_container_bits": 32,
    "message_sub_format": "float",
    "message_valid_bits": 32
  },
  {
    "timestamp_utc": "2024-09-29T18:26:45.921Z",
    "context_application_version": "1.2.47.364",
    "context_conn_country": "FR",
    "context_device_manufacturer": "HP",
    "context_device_model": "HP EliteBook 830 G5",
    "context_device_type": "desktop",
    "context_os_name": "windows",
    "context_os_version": "10.0.19045",
    "context_receiver_service_timestamp": 1727634510979,
    "context_time": 1727634405921,
    "message_container_bits": 32,
    "message_sub_format": "float",
    "message_valid_bits": 32
  },
  {
    "timestamp_utc": "2024-09-25T13:16:15.664Z",
    "context_application_version": "1.2.47.364",
    "context_conn_country": "FR",
    "context_device_manufacturer": "HP",
    "context_device_model": "HP EliteBook 830 G5",
    "context_device_type": "desktop",
    "context_os_name": "windows",
    "context_os_version": "10.0.19045",
    "context_receiver_service_timestamp": 1727270272405,
    "context_time": 1727270175664,
    "message_container_bits": 32,
    "message_sub_format": "float",
    "message_valid_bits": 32
  },
  {
    "timestamp_utc": "2024-09-25T18:26:33.592Z",
    "context_application_version": "1.2.47.364",
    "context_conn_country": "FR",
    "context_device_manufacturer": "HP",
    "context_device_model": "HP EliteBook 830 G5",
    "context_device_type": "desktop",
    "context_os_name": "windows",
    "context_os_version": "10.0.19045",
    "context_receiver_service_timestamp": 1727288912577,
    "context_time": 1727288793592,
    "message_container_bits": 32,
    "message_sub_format": "float",
    "message_valid_bits": 32
  },
  {
    "timestamp_utc": "2024-09-30T21:29:51.154Z",
    "context_application_version": "1.2.47.364",
    "context_conn_country": "FR",
    "context_device_manufacturer": "HP",
    "context_device_model": "HP EliteBook 830 G5",
    "context_device_type": "desktop",
    "context_os_name": "windows",
    "context_os_version": "10.0.19045",
    "context_receiver_service_timestamp": 1727731899210,
    "context_time": 1727731791154,
    "message_container_bits": 32,
    "message_sub_format": "float",
    "message_valid_bits": 32
  },
  {
    "timestamp_utc": "2024-10-01T22:11:47.385Z",
    "context_application_version": "1.2.47.364",
    "context_conn_country": "FR",
    "context_device_manufacturer": "HP",
    "context_device_model": "HP EliteBook 830 G5",
    "context_device_type": "desktop",
    "context_os_name": "windows",
    "context_os_version": "10.0.19045",
    "context_receiver_service_timestamp": 1727820831196,
    "context_time": 1727820707385,
    "message_container_bits": 32,
    "message_sub_format": "float",
    "message_valid_bits": 32
  }
]