[
  {
    "timestamp_utc": "2024-09-09T11:55:02.455Z",
    "context_application_version": "1.2.45.454",
    "context_conn_country": "FR",
    "context_device_manufacturer": "HP",
    "context_device_model": "HP EliteBook 830 G5",
    "context_device_type": "desktop",
    "context_os_name": "windows",
    "context_os_version": "10.0.19045",
    "context_receiver_service_timestamp": 1725883343181,
    "context_time": 1725882902455,
    "context_user_agent": null,
    "message_height": 22,
    "message_width": 135
  },
  {
    "timestamp_utc": "2024-09-18T13:09:03.545Z",
    "context_application_version": "1.2.45.454",
    "context_conn_country": "FR",
    "context_device_manufacturer": "HP",
    "context_device_model": "HP EliteBook 830 G5",
    "context_device_type": "desktop",
    "context_os_name": "windows",
    "context_os_version": "10.0.19045",
    "context_receiver_service_timestamp": 1726665052786,
    "context_time": 1726664943545,
    "context_user_agent": null,
    "message_height": 0,
    "message_width": 0
  },
  {
    "timestamp_utc": "2024-10-10T18:03:20.188Z",
    "context_application_version": "1.2.47.364",
    "context_conn_country": "FR",
    "context_device_manufacturer": "HP",
    "context_device_model": "HP EliteBook 830 G5",
    "context_device_type": "desktop",
    "context_os_name": "windows",
    "context_os_version": "10.0.19045",
    "context_receiver_service_timestamp": 1728583665613,
    "context_time": 1728583400188,
    "context_user_agent": null,
    "message_height": 22,
    "message_width": 135
  },
  {
    "timestamp_utc": "2024-10-15T09:55:01.985Z",
    "context_application_version": "1.2.48.405",
    "context_conn_country": "FR",
    "context_device_manufacturer": "HP",
    "context_device_model": "HP EliteBook 830 G5",
    "context_device_type": "desktop",
    "context_os_name": "windows",
    "context_os_version": "10.0.19045",
    "context_receiver_service_timestamp": 1728986245683,
    "context_time": 1728986101985,
    "context_user_agent": null,
    "message_height": 640,
    "message_width": 1245
  },
  {
    "timestamp_utc": "2024-09-12T16:50:29.976Z",
    "context_application_version": "1.2.45.454",
    "context_conn_country": "FR",
    "context_device_manufacturer": "HP",
    "context_device_model": "HP EliteBook 830 G5",
    "context_device_type": "desktop",
    "context_os_name": "windows",
    "context_os_version": "10.0.19045",
    "context_receiver_service_timestamp": 1726160001597,
    "context_time": 1726159829976,
    "context_user_agent": null,
    "message_height": 22,
    "message_width": 135
  },
  {
    "timestamp_utc": "2024-11-30T11:25:00.316Z",
    "context_application_version": "1.2.51.345",
    "context_conn_country": "FR",
    "context_device_manufacturer": "HP",
    "context_device_model": "HP EliteBook 830 G5",
    "context_device_type": "desktop",
    "context_os_name": "windows",
    "context_os_version": "10.0.19045",
    "context_receiver_service_timestamp": 1733218779792,
    "context_time": 1732965900316,
    "context_user_agent": null,
    "message_height": 23,
    "message_width": 136
  },
  {
    "timestamp_utc": "2024-11-20T16:27:23.750Z",
    "context_application_version": "1.2.50.335",
    "context_conn_country": "FR",
    "context_device_manufacturer": "HP",
    "context_device_model": "HP EliteBook 830 G5",
    "context_device_type": "desktop",
    "context_os_name": "windows",
    "context_os_version": "10.0.19045",
    "context_receiver_service_timestamp": 1732120182655,
    "context_time": 1732120043750,
    "context_user_agent": null,
    "message_height": 693,
    "message_width": 1301
  },
  {
    "timestamp_utc": "2024-11-17T14:07:03.210Z",
    "context_application_version": "1.2.50.335",
    "context_conn_country": "DE",
    "context_device_manufacturer": "Apple Inc.",
    "context_device_model": "MacBookPro17,1",
    "context_device_type": "desktop",
    "context_os_name": "osx",
    "context_os_version": "14.1.2",
    "context_receiver_service_timestamp": 1731852247309,
    "context_time": 1731852423210,
    "context_user_agent": null,
    "message_height": 791,
    "message_width": 1103
  },
  {
    "timestamp_utc": "2024-11-20T10:42:45.258Z",
    "context_application_version": "1.2.50.335",
    "context_conn_country": "FR",
    "context_device_manufacturer": "HP",
    "context_device_model": "HP EliteBook 830 G5",
    "context_device_type": "desktop",
    "context_os_name": "windows",
    "context_os_version": "10.0.19045",
    "context_receiver_service_timestamp": 1732099523499,
    "context_time": 1732099365258,
    "context_user_agent": null,
    "message_height": 22,
    "message_width": 135
  },
  {
    "timestamp_utc": "2024-10-15T09:58:29.373Z",
    "context_application_version": "1.2.48.405",
    "context_conn_country": "FR",
    "context_device_manufacturer": "HP",
    "context_device_model": "HP EliteBook 830 G5",
    "context_device_type": "desktop",
    "context_os_name": "windows",
    "context_os_version": "10.0.19045",
    "context_receiver_service_timestamp": 1728986426285,
    "context_time": 1728986309373,
    "context_user_agent": null,
    "message_height": 639,
    "message_width": 1245
  },
  {
    "timestamp_utc": "2024-11-17T09:34:33.699Z",
    "context_application_version": "1.2.50.335",
    "context_conn_country": "FR",
    "context_device_manufacturer": "HP",
    "context_device_model": "HP EliteBook 830 G5",
    "context_device_type": "desktop",
    "context_os_name": "windows",
    "context_os_version": "10.0.19045",
    "context_receiver_service_timestamp": 1731836360857,
    "context_time": 1731836073699,
    "context_user_agent": null,
    "message_height": 22,
    "message_width": 135
  },
  {
    "timestamp_utc": "2024-11-25T21:48:31.186Z",
    "context_application_version": "1.2.50.335",
    "context_conn_country": "FR",
    "context_device_manufacturer": "HP",
    "context_device_model": "HP EliteBook 830 G5",
    "context_device_type": "desktop",
    "context_os_name": "windows",
    "context_os_version": "10.0.19045",
    "context_receiver_service_timestamp": 1732571320899,
    "context_time": 1732571311186,
    "context_user_agent": null,
    "message_height": 704,
    "message_width": 1312
  },
  {
    "timestamp_utc": "2024-10-23T08:28:55.289Z",
    "context_application_version": "1.2.48.405",
    "context_conn_country": "FR",
    "context_device_manufacturer": "HP",
    "context_device_model": "HP EliteBook 830 G5",
    "context_device_type": "desktop",
    "context_os_name": "windows",
    "context_os_version": "10.0.19045",
    "context_receiver_service_timestamp": 1729672255700,
    "context_time": 1729672135289,
    "context_user_agent": null,
    "message_height": 629,
    "message_width": 1193
  },
  {
    "timestamp_utc": "2024-12-04T10:03:08.195Z",
    "context_application_version": "1.2.51.345",
    "context_conn_country": "FR",
    "context_device_manufacturer": "HP",
    "context_device_model": "HP EliteBook 830 G5",
    "context_device_type": "desktop",
    "context_os_name": "windows",
    "context_os_version": "10.0.19045",
    "context_receiver_service_timestamp": 1733306979612,
    "context_time": 1733306588195,
    "context_user_agent": null,
    "message_height": 23,
    "message_width": 136
  },
  {
    "timestamp_utc": "2024-10-15T16:43:03.368Z",
    "context_application_version": "1.2.48.405",
    "context_conn_country": "FR",
    "context_device_manufacturer": "HP",
    "context_device_model": "HP EliteBook 830 G5",
    "context_device_type": "desktop",
    "context_os_name": "windows",
    "context_os_version": "10.0.19045",
    "context_receiver_service_timestamp": 1729010737671,
    "context_time": 1729010583368,
    "context_user_agent": null,
    "message_height": 630,
    "message_width": 1203
  },
  {
    "timestamp_utc": "2024-11-03T14:21:41.915Z",
    "context_application_version": "1.2.49.439",
    "context_conn_country": "FR",
    "context_device_manufacturer": "HP",
    "context_device_model": "HP EliteBook 830 G5",
    "context_device_type": "desktop",
    "context_os_name": "windows",
    "context_os_version": "10.0.19045",
    "context_receiver_service_timestamp": 1730643828413,
    "context_time": 1730643701915,
    "context_user_agent": null,
    "message_height": 704,
    "message_width": 1312
  },
  {
    "timestamp_utc": "2024-09-26T16:20:27.522Z",
    "context_application_version": "1.2.47.364",
    "context_conn_country": "FR",
    "context_device_manufacturer": "HP",
    "context_device_model": "HP EliteBook 830 G5",
    "context_device_type": "desktop",
    "context_os_name": "windows",
    "context_os_version": "10.0.19045",
    "context_receiver_service_timestamp": 1727367731826,
    "context_time": 1727367627522,
    "context_user_agent": null,
    "message_height": 22,
    "message_width": 135
  },
  {
    "timestamp_utc": "2024-09-23T09:38:27.110Z",
    "context_application_version": "1.2.45.454",
    "context_conn_country": "FR",
    "context_device_manufacturer": "HP",
    "context_device_model": "HP EliteBook 830 G5",
    "context_device_type": "desktop",
    "context_os_name": "windows",
    "context_os_version": "10.0.19045",
    "context_receiver_service_timestamp": 1727084733649,
    "context_time": 1727084307110,
    "context_user_agent": null,
    "message_height": 655,
    "message_width": 1271
  },
  {
    "timestamp_utc": "2024-09-15T17:27:29.948Z",
    "context_application_version": "1.2.45.454",
    "context_conn_country": "FR",
    "context_device_manufacturer": "HP",
    "context_device_model": "HP EliteBook 830 G5",
    "context_device_type": "desktop",
    "context_os_name": "windows",
    "context_os_version": "10.0.19045",
    "context_receiver_service_timestamp": 1726421353171,
    "context_time": 1726421249948,
    "context_user_agent": null,
    "message_height": 1196,
    "message_width": 2188
  },
  {
    "timestamp_utc": "2024-09-21T22:18:53.813Z",
    "context_application_version": "1.2.45.454",
    "context_conn_country": "FR",
    "context_device_manufacturer": "HP",
    "context_device_model": "HP EliteBook 830 G5",
    "context_device_type": "desktop",
    "context_os_name": "windows",
    "context_os_version": "10.0.19045",
    "context_receiver_service_timestamp": 1726995044551,
    "context_time": 1726957133813,
    "context_user_agent": null,
    "message_height": 22,
    "message_width": 135
  },
  {
    "timestamp_utc": "2024-11-23T09:27:26.725Z",
    "context_application_version": "1.2.50.335",
    "context_conn_country": "FR",
    "context_device_manufacturer": "HP",
    "context_device_model": "HP EliteBook 830 G5",
    "context_device_type": "desktop",
    "context_os_name": "windows",
    "context_os_version": "10.0.19045",
    "context_receiver_service_timestamp": 1732354199547,
    "context_time": 1732354046725,
    "context_user_agent": null,
    "message_height": 22,
    "message_width": 135
  },
  {
    "timestamp_utc": "2024-11-18T16:00:22.995Z",
    "context_application_version": "1.2.50.335",
    "context_conn_country": "FR",
    "context_device_manufacturer": "HP",
    "context_device_model": "HP EliteBook 830 G5",
    "context_device_type": "desktop",
    "context_os_name": "windows",
    "context_os_version": "10.0.19045",
    "context_receiver_service_timestamp": 1731949859725,
    "context_time": 1731945622995,
    "context_user_agent": null,
    "message_height": 698,
    "message_width": 1306
  },
  {
    "timestamp_utc": "2024-11-26T16:56:06.573Z",
    "context_application_version": "1.2.51.345",
    "context_conn_country": "DE",
    "context_device_manufacturer": "Apple Inc.",
    "context_device_model": "MacBookPro17,1",
    "context_device_type": "desktop",
    "context_os_name": "osx",
    "context_os_version": "14.1.2",
    "context_receiver_service_timestamp": 1732639979231,
    "context_time": 1732640166573,
    "context_user_agent": null,
    "message_height": 791,
    "message_width": 1103
  },
  {
    "timestamp_utc": "2024-11-14T09:42:52.852Z",
    "context_application_version": "1.2.49.439",
    "context_conn_country": "FR",
    "context_device_manufacturer": "HP",
    "context_device_model": "HP EliteBook 830 G5",
    "context_device_type": "desktop",
    "context_os_name": "windows",
    "context_os_version": "10.0.19045",
    "context_receiver_service_timestamp": 1731577513803,
    "context_time": 1731577372852,
    "context_user_agent": null,
    "message_height": 704,
    "message_width": 1312
  },
  {
    "timestamp_utc": "2024-10-11T19:51:56.339Z",
    "context_application_version": "1.2.48.405",
    "context_conn_country": "FR",
    "context_device_manufacturer": "HP",
    "context_device_model": "HP EliteBook 830 G5",
    "context_device_type": "desktop",
    "context_os_name": "windows",
    "context_os_version": "10.0.19045",
    "context_receiver_service_timestamp": 1728676428485,
    "context_time": 1728676316339,
    "context_user_agent": null,
    "message_height": 0,
    "message_width": 0
  },
  {
    "timestamp_utc": "2024-11-16T18:34:22.612Z",
    "context_application_version": "1.2.50.335",
    "context_conn_country": "FR",
    "context_device_manufacturer": "HP",
    "context_device_model": "HP EliteBook 830 G5",
    "context_device_type": "desktop",
    "context_os_name": "windows",
    "context_os_version": "10.0.19045",
    "context_receiver_service_timestamp": 1731808561897,
    "context_time": 1731782062612,
    "context_user_agent": null,
    "message_height": 22,
    "message_width": 135
  },
  {
    "timestamp_utc": "2024-11-07T23:12:24.980Z",
    "context_application_version": "1.2.49.439",
    "context_conn_country": "FR",
    "context_device_manufacturer": "HP",
    "context_device_model": "HP EliteBook 830 G5",
    "context_device_type": "desktop",
    "context_os_name": "windows",
    "context_os_version": "10.0.19045",
    "context_receiver_service_timestamp": 1731023011859,
    "context_time": 1731021144980,
    "context_user_agent": null,
    "message_height": 22,
    "message_width": 135
  },
  {
    "timestamp_utc": "2024-09-25T18:12:07.338Z",
    "context_application_version": "1.2.47.364",
    "context_conn_country": "FR",
    "context_device_manufacturer": "HP",
    "context_device_model": "HP EliteBook 830 G5",
    "context_device_type": "desktop",
    "context_os_name": "windows",
    "context_os_version": "10.0.19045",
    "context_receiver_service_timestamp": 1727288032263,
    "context_time": 1727287927338,
    "context_user_agent": null,
    "message_height": 22,
    "message_width": 135
  },
  {
    "timestamp_utc": "2024-11-15T08:54:53.222Z",
    "context_application_version": "1.2.49.439",
    "context_conn_country": "FR",
    "context_device_manufacturer": "HP",
    "context_device_model": "HP EliteBook 830 G5",
    "context_device_type": "desktop",
    "context_os_name": "windows",
    "context_os_version": "10.0.19045",
    "context_receiver_service_timestamp": 1731759568411,
    "context_time": 1731660893222,
    "context_user_agent": null,
    "message_height": 22,
    "message_width": 135
  },
  {
    "timestamp_utc": "2024-11-16T12:17:10.880Z",
    "context_application_version": "1.2.49.439",
    "context_conn_country": "FR",
    "context_device_manufacturer": "HP",
    "context_device_model": "HP EliteBook 830 G5",
    "context_device_type": "desktop",
    "context_os_name": "windows",
    "context_os_version": "10.0.19045",
    "context_receiver_service_timestamp": 1731759568411,
    "context_time": 1731759430880,
    "context_user_agent": null,
    "message_height": 704,
    "message_width": 1312
  },
  {
    "timestamp_utc": "2024-09-12T12:02:20.531Z",
    "context_application_version": "1.2.45.454",
    "context_conn_country": "FR",
    "context_device_manufacturer": "HP",
    "context_device_model": "HP EliteBook 830 G5",
    "context_device_type": "desktop",
    "context_os_name": "windows",
    "context_os_version": "10.0.19045",
    "context_receiver_service_timestamp": 1726142697078,
    "context_time": 1726142540531,
    "context_user_agent": null,
    "message_height": 22,
    "message_width": 135
  },
  {
    "timestamp_utc": "2024-11-02T12:16:03.599Z",
    "context_application_version": "1.2.49.439",
    "context_conn_country": "FR",
    "context_device_manufacturer": "HP",
    "context_device_model": "HP EliteBook 830 G5",
    "context_device_type": "desktop",
    "context_os_name": "windows",
    "context_os_version": "10.0.19045",
    "context_receiver_service_timestamp": 1730549889297,
    "context_time": 1730549763599,
    "context_user_agent": null,
    "message_height": 28,
    "message_width": 169
  },
  {
    "timestamp_utc": "2024-11-29T10:57:25.342Z",
    "context_application_version": "1.2.51.345",
    "context_conn_country": "FR",
    "context_device_manufacturer": "HP",
    "context_device_model": "HP EliteBook 830 G5",
    "context_device_type": "desktop",
    "context_os_name": "windows",
    "context_os_version": "10.0.19045",
    "context_receiver_service_timestamp": 1733218779792,
    "context_time": 1732877845342,
    "context_user_agent": null,
    "message_height": 23,
    "message_width": 136
  },
  {
    "timestamp_utc": "2024-11-09T08:47:50.206Z",
    "context_application_version": "1.2.49.439",
    "context_conn_country": "DE",
    "context_device_manufacturer": "Apple Inc.",
    "context_device_model": "MacBookPro17,1",
    "context_device_type": "desktop",
    "context_os_name": "osx",
    "context_os_version": "14.1.2",
    "context_receiver_service_timestamp": 1731141904734,
    "context_time": 1731142070206,
    "context_user_agent": null,
    "message_height": 791,
    "message_width": 1103
  },
  {
    "timestamp_utc": "2024-09-22T18:49:14.614Z",
    "context_application_version": "1.2.45.454",
    "context_conn_country": "FR",
    "context_device_manufacturer": "HP",
    "context_device_model": "HP EliteBook 830 G5",
    "context_device_type": "desktop",
    "context_os_name": "windows",
    "context_os_version": "10.0.19045",
    "context_receiver_service_timestamp": 1727031206623,
    "context_time": 1727030954614,
    "context_user_agent": null,
    "message_height": 22,
    "message_width": 135
  },
  {
    "timestamp_utc": "2024-11-07T07:33:28.518Z",
    "context_application_version": "1.2.49.439",
    "context_conn_country": "FR",
    "context_device_manufacturer": "HP",
    "context_device_model": "HP EliteBook 830 G5",
    "context_device_type": "desktop",
    "context_os_name": "windows",
    "context_os_version": "10.0.19045",
    "context_receiver_service_timestamp": 1730965268629,
    "context_time": 1730964808518,
    "context_user_agent": null,
    "message_height": 22,
    "message_width": 135
  },
  {
    "timestamp_utc": "2024-11-19T15:15:20.986Z",
    "context_application_version": "1.2.50.335",
    "context_conn_country": "FR",
    "context_device_manufacturer": "HP",
    "context_device_model": "HP EliteBook 830 G5",
    "context_device_type": "desktop",
    "context_os_name": "windows",
    "context_os_version": "10.0.19045",
    "context_receiver_service_timestamp": 1732099521347,
    "context_time": 1732029320986,
    "context_user_agent": null,
    "message_height": 22,
    "message_width": 135
  },
  {
    "timestamp_utc": "2024-09-12T21:01:02.693Z",
    "context_application_version": "1.2.45.454",
    "context_conn_country": "FR",
    "context_device_manufacturer": "HP",
    "context_device_model": "HP EliteBook 830 G5",
    "context_device_type": "desktop",
    "context_os_name": "windows",
    "context_os_version": "10.0.19045",
    "context_receiver_service_timestamp": 1726174965583,
    "context_time": 1726174862693,
    "context_user_agent": null,
    "message_height": 664,
    "message_width": 1280
  },
  {
    "timestamp_utc": "2024-11-08T15:23:40.858Z",
    "context_application_version": "1.2.49.439",
    "context_conn_country": "FR",
    "context_device_manufacturer": "HP",
    "context_device_model": "HP EliteBook 830 G5",
    "context_device_type": "desktop",
    "context_os_name": "windows",
    "context_os_version": "10.0.19045",
    "context_receiver_service_timestamp": 1731241800692,
    "context_time": 1731079420858,
    "context_user_agent": null,
    "message_height": 22,
    "message_width": 135
  },
  {
    "timestamp_utc": "2024-09-23T08:13:11.919Z",
    "context_application_version": "1.2.45.454",
    "context_conn_country": "FR",
    "context_device_manufacturer": "HP",
    "context_device_model": "HP EliteBook 830 G5",
    "context_device_type": "desktop",
    "context_os_name": "windows",
    "context_os_version": "10.0.19045",
    "context_receiver_service_timestamp": 1727084733649,
    "context_time": 1727079191919,
    "context_user_agent": null,
    "message_height": 22,
    "message_width": 135
  },
  {
    "timestamp_utc": "2024-10-20T08:01:01.989Z",
    "context_application_version": "1.2.48.405",
    "context_conn_country": "FR",
    "context_device_manufacturer": "HP",
    "context_device_model": "HP EliteBook 830 G5",
    "context_device_type": "desktop",
    "context_os_name": "windows",
    "context_os_version": "10.0.19045",
    "context_receiver_service_timestamp": 1729411379466,
    "context_time": 1729411261989,
    "context_user_agent": null,
    "message_height": 22,
    "message_width": 135
  },
  {
    "timestamp_utc": "2024-10-12T19:39:06.151Z",
    "context_application_version": "1.2.48.405",
    "context_conn_country": "FR",
    "context_device_manufacturer": "HP",
    "context_device_model": "HP EliteBook 830 G5",
    "context_device_type": "desktop",
    "context_os_name": "windows",
    "context_os_version": "10.0.19045",
    "context_receiver_service_timestamp": 1728762060082,
    "context_time": 1728761946151,
    "context_user_agent": null,
    "message_height": 640,
    "message_width": 1249
  },
  {
    "timestamp_utc": "2024-09-20T06:09:09.437Z",
    "context_application_version": "1.2.45.454",
    "context_conn_country": "FR",
    "context_device_manufacturer": "HP",
    "context_device_model": "HP EliteBook 830 G5",
    "context_device_type": "desktop",
    "context_os_name": "windows",
    "context_os_version": "10.0.19045",
    "context_receiver_service_timestamp": 1726812671586,
    "context_time": 1726812549437,
    "context_user_agent": null,
    "message_height": 22,
    "message_width": 135
  },
  {
    "timestamp_utc": "2024-09-08T16:23:46.113Z",
    "context_application_version": "1.2.43.420",
    "context_conn_country": "FR",
    "context_device_manufacturer": "HP",
    "context_device_model": "HP EliteBook 830 G5",
    "context_device_type": "desktop",
    "context_os_name": "windows",
    "context_os_version": "10.0.19045",
    "context_receiver_service_timestamp": 1725813193970,
    "context_time": 1725812626113,
    "context_user_agent": null,
    "message_height": 22,
    "message_width": 135
  },
  {
    "timestamp_utc": "2024-11-04T16:05:08.653Z",
    "context_application_version": "1.2.49.439",
    "context_conn_country": "FR",
    "context_device_manufacturer": "HP",
    "context_device_model": "HP EliteBook 830 G5",
    "context_device_type": "desktop",
    "context_os_name": "windows",
    "context_os_version": "10.0.19045",
    "context_receiver_service_timestamp": 1730736430643,
    "context_time": 1730736308653,
    "context_user_agent": null,
    "message_height": 22,
    "message_width": 135
  },
  {
    "timestamp_utc": "2024-09-22T08:46:48.938Z",
    "context_application_version": "1.2.45.454",
    "context_conn_country": "FR",
    "context_device_manufacturer": "HP",
    "context_device_model": "HP EliteBook 830 G5",
    "context_device_type": "desktop",
    "context_os_name": "windows",
    "context_os_version": "10.0.19045",
    "context_receiver_service_timestamp": 1726995044551,
    "context_time": 1726994808938,
    "context_user_agent": null,
    "message_height": 22,
    "message_width": 135
  },
  {
    "timestamp_utc": "2024-10-10T23:48:51.628Z",
    "context_application_version": "1.2.48.405",
    "context_conn_country": "FR",
    "context_device_manufacturer": "HP",
    "context_device_model": "HP EliteBook 830 G5",
    "context_device_type": "desktop",
    "context_os_name": "windows",
    "context_os_version": "10.0.19045",
    "context_receiver_service_timestamp": 1728631920549,
    "context_time": 1728604131628,
    "context_user_agent": null,
    "message_height": 22,
    "message_width": 135
  },
  {
    "timestamp_utc": "2024-10-15T10:08:30.836Z",
    "context_application_version": "1.2.48.405",
    "context_conn_country": "FR",
    "context_device_manufacturer": "HP",
    "context_device_model": "HP EliteBook 830 G5",
    "context_device_type": "desktop",
    "context_os_name": "windows",
    "context_os_version": "10.0.19045",
    "context_receiver_service_timestamp": 1728987024844,
    "context_time": 1728986910836,
    "context_user_agent": null,
    "message_height": 600,
    "message_width": 799
  },
  {
    "timestamp_utc": "2024-11-10T22:39:15.984Z",
    "context_application_version": "1.2.49.439",
    "context_conn_country": "FR",
    "context_device_manufacturer": "HP",
    "context_device_model": "HP EliteBook 830 G5",
    "context_device_type": "desktop",
    "context_os_name": "windows",
    "context_os_version": "10.0.19045",
    "context_receiver_service_timestamp": 1731278541062,
    "context_time": 1731278355984,
    "context_user_agent": null,
    "message_height": 26,
    "message_width": 161
  },
  {
    "timestamp_utc": "2024-09-22T22:45:50.626Z",
    "context_application_version": "web-player_2024-09-22_1727040773689_3cea5c6",
    "context_conn_country": "FR",
    "context_device_manufacturer": null,
    "context_device_model": null,
    "context_device_type": null,
    "context_os_name": null,
    "context_os_version": null,
    "context_receiver_service_timestamp": 1727045255772,
    "context_time": 1727045150626,
    "context_user_agent": "Mozilla/5.0 (Windows NT 10.0; Win64; x64) AppleWebKit/537.36 (KHTML, like Gecko) Chrome/129.0.0.0 Safari/537.36 Edg/129.0.0.0",
    "message_height": 694,
    "message_width": 1057
  },
  {
    "timestamp_utc": "2024-11-18T13:14:31.599Z",
    "context_application_version": "1.2.50.335",
    "context_conn_country": "FR",
    "context_device_manufacturer": "HP",
    "context_device_model": "HP EliteBook 830 G5",
    "context_device_type": "desktop",
    "context_os_name": "windows",
    "context_os_version": "10.0.19045",
    "context_receiver_service_timestamp": 1731949859725,
    "context_time": 1731935671599,
    "context_user_agent": null,
    "message_height": 22,
    "message_width": 135
  },
  {
    "timestamp_utc": "2024-11-12T21:51:52.357Z",
    "context_application_version": "1.2.49.439",
    "context_conn_country": "FR",
    "context_device_manufacturer": "HP",
    "context_device_model": "HP EliteBook 830 G5",
    "context_device_type": "desktop",
    "context_os_name": "windows",
    "context_os_version": "10.0.19045",
    "context_receiver_service_timestamp": 1731448458937,
    "context_time": 1731448312357,
    "context_user_agent": null,
    "message_height": 22,
    "message_width": 135
  },
  {
    "timestamp_utc": "2024-12-03T09:39:26.274Z",
    "context_application_version": "1.2.51.345",
    "context_conn_country": "FR",
    "context_device_manufacturer": "HP",
    "context_device_model": "HP EliteBook 830 G5",
    "context_device_type": "desktop",
    "context_os_name": "windows",
    "context_os_version": "10.0.19045",
    "context_receiver_service_timestamp": 1733218781189,
    "context_time": 1733218766274,
    "context_user_agent": null,
    "message_height": 689,
    "message_width": 1297
  },
  {
    "timestamp_utc": "2024-11-10T12:27:51.166Z",
    "context_application_version": "1.2.49.439",
    "context_conn_country": "FR",
    "context_device_manufacturer": "HP",
    "context_device_model": "HP EliteBook 830 G5",
    "context_device_type": "desktop",
    "context_os_name": "windows",
    "context_os_version": "10.0.19045",
    "context_receiver_service_timestamp": 1731241800692,
    "context_time": 1731241671166,
    "context_user_agent": null,
    "message_height": 704,
    "message_width": 1312
  },
  {
    "timestamp_utc": "2024-10-25T16:03:56.342Z",
    "context_application_version": "1.2.49.439",
    "context_conn_country": "FR",
    "context_device_manufacturer": "HP",
    "context_device_model": "HP EliteBook 830 G5",
    "context_device_type": "desktop",
    "context_os_name": "windows",
    "context_os_version": "10.0.19045",
    "context_receiver_service_timestamp": 1729872363948,
    "context_time": 1729872236342,
    "context_user_agent": null,
    "message_height": 22,
    "message_width": 135
  },
  {
    "timestamp_utc": "2024-09-25T13:15:53.191Z",
    "context_application_version": "1.2.47.364",
    "context_conn_country": "FR",
    "context_device_manufacturer": "HP",
    "context_device_model": "HP EliteBook 830 G5",
    "context_device_type": "desktop",
    "context_os_name": "windows",
    "context_os_version": "10.0.19045",
    "context_receiver_service_timestamp": 1727270256813,
    "context_time": 1727270153191,
    "context_user_agent": null,
    "message_height": 649,
    "message_width": 1265
  },
  {
    "timestamp_utc": "2024-11-11T14:59:09.279Z",
    "context_application_version": "1.2.49.439",
    "context_conn_country": "FR",
    "context_device_manufacturer": "HP",
    "context_device_model": "HP EliteBook 830 G5",
    "context_device_type": "desktop",
    "context_os_name": "windows",
    "context_os_version": "10.0.19045",
    "context_receiver_service_timestamp": 1731337279419,
    "context_time": 1731337149279,
    "context_user_agent": null,
    "message_height": 22,
    "message_width": 135
  },
  {
    "timestamp_utc": "2024-10-21T19:35:03.403Z",
    "context_application_version": "1.2.48.405",
    "context_conn_country": "FR",
    "context_device_manufacturer": "HP",
    "context_device_model": "HP EliteBook 830 G5",
    "context_device_type": "desktop",
    "context_os_name": "windows",
    "context_os_version": "10.0.19045",
    "context_receiver_service_timestamp": 1729539444134,
    "context_time": 1729539303403,
    "context_user_agent": null,
    "message_height": 629,
    "message_width": 1196
  },
  {
    "timestamp_utc": "2024-10-30T10:06:46.764Z",
    "context_application_version": "1.2.49.439",
    "context_conn_country": "FR",
    "context_device_manufacturer": "HP",
    "context_device_model": "HP EliteBook 830 G5",
    "context_device_type": "desktop",
    "context_os_name": "windows",
    "context_os_version": "10.0.19045",
    "context_receiver_service_timestamp": 1730549889297,
    "context_time": 1730282806764,
    "context_user_agent": null,
    "message_height": 628,
    "message_width": 1186
  },
  {
    "timestamp_utc": "2024-10-04T07:58:28.952Z",
    "context_application_version": "1.2.47.364",
    "context_conn_country": "FR",
    "context_device_manufacturer": "HP",
    "context_device_model": "HP EliteBook 830 G5",
    "context_device_type": "desktop",
    "context_os_name": "windows",
    "context_os_version": "10.0.19045",
    "context_receiver_service_timestamp": 1728028888510,
    "context_time": 1728028708952,
    "context_user_agent": null,
    "message_height": 22,
    "message_width": 135
  },
  {
    "timestamp_utc": "2024-09-21T10:16:13.209Z",
    "context_application_version": "1.2.45.454",
    "context_conn_country": "FR",
    "context_device_manufacturer": "HP",
    "context_device_model": "HP EliteBook 830 G5",
    "context_device_type": "desktop",
    "context_os_name": "windows",
    "context_os_version": "10.0.19045",
    "context_receiver_service_timestamp": 1726913876380,
    "context_time": 1726913773209,
    "context_user_agent": null,
    "message_height": 659,
    "message_width": 1275
  },
  {
    "timestamp_utc": "2024-09-30T21:29:39.144Z",
    "context_application_version": "1.2.47.364",
    "context_conn_country": "FR",
    "context_device_manufacturer": "HP",
    "context_device_model": "HP EliteBook 830 G5",
    "context_device_type": "desktop",
    "context_os_name": "windows",
    "context_os_version": "10.0.19045",
    "context_receiver_service_timestamp": 1727731888896,
    "context_time": 1727731779144,
    "context_user_agent": null,
    "message_height": 643,
    "message_width": 1259
  },
  {
    "timestamp_utc": "2024-11-07T23:41:23.604Z",
    "context_application_version": "1.2.49.439",
    "context_conn_country": "FR",
    "context_device_manufacturer": "HP",
    "context_device_model": "HP EliteBook 830 G5",
    "context_device_type": "desktop",
    "context_os_name": "windows",
    "context_os_version": "10.0.19045",
    "context_receiver_service_timestamp": 1731023011859,
    "context_time": 1731022883604,
    "context_user_agent": null,
    "message_height": 704,
    "message_width": 1312
  },
  {
    "timestamp_utc": "2024-10-18T08:37:13.034Z",
    "context_application_version": "1.2.48.405",
    "context_conn_country": "FR",
    "context_device_manufacturer": "HP",
    "context_device_model": "HP EliteBook 830 G5",
    "context_device_type": "desktop",
    "context_os_name": "windows",
    "context_os_version": "10.0.19045",
    "context_receiver_service_timestamp": 1729240751813,
    "context_time": 1729240633034,
    "context_user_agent": null,
    "message_height": 629,
    "message_width": 1199
  },
  {
    "timestamp_utc": "2024-10-19T13:04:00.135Z",
    "context_application_version": "1.2.48.405",
    "context_conn_country": "FR",
    "context_device_manufacturer": "HP",
    "context_device_model": "HP EliteBook 830 G5",
    "context_device_type": "desktop",
    "context_os_name": "windows",
    "context_os_version": "10.0.19045",
    "context_receiver_service_timestamp": 1729343156983,
    "context_time": 1729343040135,
    "context_user_agent": null,
    "message_height": 631,
    "message_width": 1198
  },
  {
    "timestamp_utc": "2024-09-25T12:06:57.719Z",
    "context_application_version": "1.2.47.364",
    "context_conn_country": "FR",
    "context_device_manufacturer": "HP",
    "context_device_model": "HP EliteBook 830 G5",
    "context_device_type": "desktop",
    "context_os_name": "windows",
    "context_os_version": "10.0.19045",
    "context_receiver_service_timestamp": 1727270256813,
    "context_time": 1727266017719,
    "context_user_agent": null,
    "message_height": 22,
    "message_width": 135
  },
  {
    "timestamp_utc": "2024-11-14T08:30:20.581Z",
    "context_application_version": "1.2.49.439",
    "context_conn_country": "FR",
    "context_device_manufacturer": "HP",
    "context_device_model": "HP EliteBook 830 G5",
    "context_device_type": "desktop",
    "context_os_name": "windows",
    "context_os_version": "10.0.19045",
    "context_receiver_service_timestamp": 1731573159240,
    "context_time": 1731573020581,
    "context_user_agent": null,
    "message_height": 22,
    "message_width": 135
  },
  {
    "timestamp_utc": "2024-10-15T12:26:48.344Z",
    "context_application_version": "1.2.48.405",
    "context_conn_country": "FR",
    "context_device_manufacturer": "HP",
    "context_device_model": "HP EliteBook 830 G5",
    "context_device_type": "desktop",
    "context_os_name": "windows",
    "context_os_version": "10.0.19045",
    "context_receiver_service_timestamp": 1728995324936,
    "context_time": 1728995208344,
    "context_user_agent": null,
    "message_height": 600,
    "message_width": 1205
  },
  {
    "timestamp_utc": "2024-09-25T07:56:01.719Z",
    "context_application_version": "1.2.45.454",
    "context_conn_country": "FR",
    "context_device_manufacturer": "HP",
    "context_device_model": "HP EliteBook 830 G5",
    "context_device_type": "desktop",
    "context_os_name": "windows",
    "context_os_version": "10.0.19045",
    "context_receiver_service_timestamp": 1727251117216,
    "context_time": 1727250961719,
    "context_user_agent": null,
    "message_height": 22,
    "message_width": 135
  },
  {
    "timestamp_utc": "2024-10-08T08:09:38.040Z",
    "context_application_version": "1.2.47.364",
    "context_conn_country": "FR",
    "context_device_manufacturer": "HP",
    "context_device_model": "HP EliteBook 830 G5",
    "context_device_type": "desktop",
    "context_os_name": "windows",
    "context_os_version": "10.0.19045",
    "context_receiver_service_timestamp": 1728375240169,
    "context_time": 1728374978040,
    "context_user_agent": null,
    "message_height": 22,
    "message_width": 135
  },
  {
    "timestamp_utc": "2024-10-09T07:56:06.143Z",
    "context_application_version": "1.2.47.364",
    "context_conn_country": "FR",
    "context_device_manufacturer": "HP",
    "context_device_model": "HP EliteBook 830 G5",
    "context_device_type": "desktop",
    "context_os_name": "windows",
    "context_os_version": "10.0.19045",
    "context_receiver_service_timestamp": 1728460819979,
    "context_time": 1728460566143,
    "context_user_agent": null,
    "message_height": 22,
    "message_width": 135
  },
  {
    "timestamp_utc": "2024-10-15T09:48:25.716Z",
    "context_application_version": "1.2.48.405",
    "context_conn_country": "FR",
    "context_device_manufacturer": "HP",
    "context_device_model": "HP EliteBook 830 G5",
    "context_device_type": "desktop",
    "context_os_name": "windows",
    "context_os_version": "10.0.19045",
    "context_receiver_service_timestamp": 1728985822022,
    "context_time": 1728985705716,
    "context_user_agent": null,
    "message_height": 640,
    "message_width": 1247
  },
  {
    "timestamp_utc": "2024-09-09T19:12:21.610Z",
    "context_application_version": "1.2.45.454",
    "context_conn_country": "DE",
    "context_device_manufacturer": "Apple Inc.",
    "context_device_model": "MacBookPro17,1",
    "context_device_type": "desktop",
    "context_os_name": "osx",
    "context_os_version": "14.1.2",
    "context_receiver_service_timestamp": 1725909055135,
    "context_time": 1725909141610,
    "context_user_agent": null,
    "message_height": 791,
    "message_width": 1103
  },
  {
    "timestamp_utc": "2024-11-17T11:39:01.949Z",
    "context_application_version": "1.2.50.335",
    "context_conn_country": "FR",
    "context_device_manufacturer": "HP",
    "context_device_model": "HP EliteBook 830 G5",
    "context_device_type": "desktop",
    "context_os_name": "windows",
    "context_os_version": "10.0.19045",
    "context_receiver_service_timestamp": 1731843827943,
    "context_time": 1731843541949,
    "context_user_agent": null,
    "message_height": 22,
    "message_width": 135
  },
  {
    "timestamp_utc": "2024-12-03T23:46:48.188Z",
    "context_application_version": "1.2.51.345",
    "context_conn_country": "FR",
    "context_device_manufacturer": "HP",
    "context_device_model": "HP EliteBook 830 G5",
    "context_device_type": "desktop",
    "context_os_name": "windows",
    "context_os_version": "10.0.19045",
    "context_receiver_service_timestamp": 1733306979612,
    "context_time": 1733269608188,
    "context_user_agent": null,
    "message_height": 23,
    "message_width": 136
  },
  {
    "timestamp_utc": "2024-09-15T10:02:08Z",
    "context_application_version": "1.2.45.454",
    "context_conn_country": "FR",
    "context_device_manufacturer": "HP",
    "context_device_model": "HP EliteBook 830 G5",
    "context_device_type": "desktop",
    "context_os_name": "windows",
    "context_os_version": "10.0.19045",
    "context_receiver_service_timestamp": 1726394628121,
    "context_time": 1726394528000,
    "context_user_agent": null,
    "message_height": 0,
    "message_width": 0
  },
  {
    "timestamp_utc": "2024-11-26T09:07:42.329Z",
    "context_application_version": "1.2.50.335",
    "context_conn_country": "FR",
    "context_device_manufacturer": "HP",
    "context_device_model": "HP EliteBook 830 G5",
    "context_device_type": "desktop",
    "context_os_name": "windows",
    "context_os_version": "10.0.19045",
    "context_receiver_service_timestamp": 1732612075027,
    "context_time": 1732612062329,
    "context_user_agent": null,
    "message_height": 704,
    "message_width": 1312
  },
  {
    "timestamp_utc": "2024-10-22T10:49:35.411Z",
    "context_application_version": "1.2.48.405",
    "context_conn_country": "FR",
    "context_device_manufacturer": "HP",
    "context_device_model": "HP EliteBook 830 G5",
    "context_device_type": "desktop",
    "context_os_name": "windows",
    "context_os_version": "10.0.19045",
    "context_receiver_service_timestamp": 1729594306300,
    "context_time": 1729594175411,
    "context_user_agent": null,
    "message_height": 22,
    "message_width": 135
  },
  {
    "timestamp_utc": "2024-10-10T17:45:44.986Z",
    "context_application_version": "1.2.47.364",
    "context_conn_country": "FR",
    "context_device_manufacturer": "HP",
    "context_device_model": "HP EliteBook 830 G5",
    "context_device_type": "desktop",
    "context_os_name": "windows",
    "context_os_version": "10.0.19045",
    "context_receiver_service_timestamp": 1728582610607,
    "context_time": 1728582344986,
    "context_user_agent": null,
    "message_height": 0,
    "message_width": 0
  },
  {
    "timestamp_utc": "2024-10-24T14:06:12.981Z",
    "context_application_version": "1.2.48.405",
    "context_conn_country": "FR",
    "context_device_manufacturer": "HP",
    "context_device_model": "HP EliteBook 830 G5",
    "context_device_type": "desktop",
    "context_os_name": "windows",
    "context_os_version": "10.0.19045",
    "context_receiver_service_timestamp": 1729778893720,
    "context_time": 1729778772981,
    "context_user_agent": null,
    "message_height": 631,
    "message_width": 1191
  },
  {
    "timestamp_utc": "2024-09-28T10:47:58.256Z",
    "context_application_version": "1.2.47.364",
    "context_conn_country": "FR",
    "context_device_manufacturer": "HP",
    "context_device_model": "HP EliteBook 830 G5",
    "context_device_type": "desktop",
    "context_os_name": "windows",
    "context_os_version": "10.0.19045",
    "context_receiver_service_timestamp": 1727520583241,
    "context_time": 1727520478256,
    "context_user_agent": null,
    "message_height": 646,
    "message_width": 1262
  },
  {
    "timestamp_utc": "2024-12-01T22:19:45.574Z",
    "context_application_version": "1.2.51.345",
    "context_conn_country": "FR",
    "context_device_manufacturer": "HP",
    "context_device_model": "HP EliteBook 830 G5",
    "context_device_type": "desktop",
    "context_os_name": "windows",
    "context_os_version": "10.0.19045",
    "context_receiver_service_timestamp": 1733218780619,
    "context_time": 1733091585574,
    "context_user_agent": null,
    "message_height": 23,
    "message_width": 136
  },
  {
    "timestamp_utc": "2024-10-15T09:50:21.727Z",
    "context_application_version": "1.2.48.405",
    "context_conn_country": "FR",
    "context_device_manufacturer": "HP",
    "context_device_model": "HP EliteBook 830 G5",
    "context_device_type": "desktop",
    "context_os_name": "windows",
    "context_os_version": "10.0.19045",
    "context_receiver_service_timestamp": 1728985937392,
    "context_time": 1728985821727,
    "context_user_agent": null,
    "message_height": 22,
    "message_width": 135
  },
  {
    "timestamp_utc": "2024-10-16T07:57:33.610Z",
    "context_application_version": "1.2.48.405",
    "context_conn_country": "FR",
    "context_device_manufacturer": "HP",
    "context_device_model": "HP EliteBook 830 G5",
    "context_device_type": "desktop",
    "context_os_name": "windows",
    "context_os_version": "10.0.19045",
    "context_receiver_service_timestamp": 1729065603682,
    "context_time": 1729065453610,
    "context_user_agent": null,
    "message_height": 22,
    "message_width": 135
  },
  {
    "timestamp_utc": "2024-10-24T16:59:51.893Z",
    "context_application_version": "1.2.49.439",
    "context_conn_country": "FR",
    "context_device_manufacturer": "HP",
    "context_device_model": "HP EliteBook 830 G5",
    "context_device_type": "desktop",
    "context_os_name": "windows",
    "context_os_version": "10.0.19045",
    "context_receiver_service_timestamp": 1729789316250,
    "context_time": 1729789191893,
    "context_user_agent": null,
    "message_height": 630,
    "message_width": 1190
  },
  {
    "timestamp_utc": "2024-09-24T14:50:46.022Z",
    "context_application_version": "1.2.45.454",
    "context_conn_country": "FR",
    "context_device_manufacturer": "HP",
    "context_device_model": "HP EliteBook 830 G5",
    "context_device_type": "desktop",
    "context_os_name": "windows",
    "context_os_version": "10.0.19045",
    "context_receiver_service_timestamp": 1727189918766,
    "context_time": 1727189446022,
    "context_user_agent": null,
    "message_height": 22,
    "message_width": 135
  },
  {
    "timestamp_utc": "2024-09-15T19:29:31.897Z",
    "context_application_version": "1.2.45.454",
    "context_conn_country": "FR",
    "context_device_manufacturer": "HP",
    "context_device_model": "HP EliteBook 830 G5",
    "context_device_type": "desktop",
    "context_os_name": "windows",
    "context_os_version": "10.0.19045",
    "context_receiver_service_timestamp": 1726665052786,
    "context_time": 1726428571897,
    "context_user_agent": null,
    "message_height": 1196,
    "message_width": 2188
  },
  {
    "timestamp_utc": "2024-11-26T09:05:23.068Z",
    "context_application_version": "1.2.50.335",
    "context_conn_country": "FR",
    "context_device_manufacturer": "HP",
    "context_device_model": "HP EliteBook 830 G5",
    "context_device_type": "desktop",
    "context_os_name": "windows",
    "context_os_version": "10.0.19045",
    "context_receiver_service_timestamp": 1732612074172,
    "context_time": 1732611923068,
    "context_user_agent": null,
    "message_height": 704,
    "message_width": 1312
  },
  {
    "timestamp_utc": "2024-09-30T11:11:33.905Z",
    "context_application_version": "1.2.47.364",
    "context_conn_country": "FR",
    "context_device_manufacturer": "HP",
    "context_device_model": "HP EliteBook 830 G5",
    "context_device_type": "desktop",
    "context_os_name": "windows",
    "context_os_version": "10.0.19045",
    "context_receiver_service_timestamp": 1727694941487,
    "context_time": 1727694693905,
    "context_user_agent": null,
    "message_height": 22,
    "message_width": 135
  },
  {
    "timestamp_utc": "2024-10-24T14:00:55.116Z",
    "context_application_version": "1.2.48.405",
    "context_conn_country": "FR",
    "context_device_manufacturer": "HP",
    "context_device_model": "HP EliteBook 830 G5",
    "context_device_type": "desktop",
    "context_os_name": "windows",
    "context_os_version": "10.0.19045",
    "context_receiver_service_timestamp": 1729778578019,
    "context_time": 1729778455116,
    "context_user_agent": null,
    "message_height": 632,
    "message_width": 1192
  },
  {
    "timestamp_utc": "2024-10-30T21:16:23.699Z",
    "context_application_version": "1.2.49.439",
    "context_conn_country": "DE",
    "context_device_manufacturer": "Apple Inc.",
    "context_device_model": "MacBookPro17,1",
    "context_device_type": "desktop",
    "context_os_name": "osx",
    "context_os_version": "14.1.2",
    "context_receiver_service_timestamp": 1730322829378,
    "context_time": 1730322983699,
    "context_user_agent": null,
    "message_height": 791,
    "message_width": 1103
  },
  {
    "timestamp_utc": "2024-12-02T18:40:43.090Z",
    "context_application_version": "1.2.51.345",
    "context_conn_country": "FR",
    "context_device_manufacturer": "HP",
    "context_device_model": "HP EliteBook 830 G5",
    "context_device_type": "desktop",
    "context_os_name": "windows",
    "context_os_version": "10.0.19045",
    "context_receiver_service_timestamp": 1733218780619,
    "context_time": 1733164843090,
    "context_user_agent": null,
    "message_height": 23,
    "message_width": 136
  },
  {
    "timestamp_utc": "2024-11-17T01:53:49.089Z",
    "context_application_version": "1.2.50.335",
    "context_conn_country": "FR",
    "context_device_manufacturer": "HP",
    "context_device_model": "HP EliteBook 830 G5",
    "context_device_type": "desktop",
    "context_os_name": "windows",
    "context_os_version": "10.0.19045",
    "context_receiver_service_timestamp": 1731808561897,
    "context_time": 1731808429089,
    "context_user_agent": null,
    "message_height": 22,
    "message_width": 135
  },
  {
    "timestamp_utc": "2024-10-23T07:11:55.118Z",
    "context_application_version": "1.2.48.405",
    "context_conn_country": "DE",
    "context_device_manufacturer": "Apple Inc.",
    "context_device_model": "MacBookPro17,1",
    "context_device_type": "desktop",
    "context_os_name": "osx",
    "context_os_version": "14.1.2",
    "context_receiver_service_timestamp": 1729667371041,
    "context_time": 1729667515118,
    "context_user_agent": null,
    "message_height": 791,
    "message_width": 1103
  },
  {
    "timestamp_utc": "2024-09-24T17:50:57.909Z",
    "context_application_version": "1.2.45.454",
    "context_conn_country": "FR",
    "context_device_manufacturer": "HP",
    "context_device_model": "HP EliteBook 830 G5",
    "context_device_type": "desktop",
    "context_os_name": "windows",
    "context_os_version": "10.0.19045",
    "context_receiver_service_timestamp": 1727201343143,
    "context_time": 1727200257909,
    "context_user_agent": null,
    "message_height": 22,
    "message_width": 135
  },
  {
    "timestamp_utc": "2024-11-18T17:08:25.128Z",
    "context_application_version": "1.2.50.335",
    "context_conn_country": "FR",
    "context_device_manufacturer": "HP",
    "context_device_model": "HP EliteBook 830 G5",
    "context_device_type": "desktop",
    "context_os_name": "windows",
    "context_os_version": "10.0.19045",
    "context_receiver_service_timestamp": 1731949859725,
    "context_time": 1731949705128,
    "context_user_agent": null,
    "message_height": 22,
    "message_width": 135
  },
  {
    "timestamp_utc": "2024-10-10T10:51:02.154Z",
    "context_application_version": "1.2.47.364",
    "context_conn_country": "FR",
    "context_device_manufacturer": "HP",
    "context_device_model": "HP EliteBook 830 G5",
    "context_device_type": "desktop",
    "context_os_name": "windows",
    "context_os_version": "10.0.19045",
    "context_receiver_service_timestamp": 1728557574191,
    "context_time": 1728557462154,
    "context_user_agent": null,
    "message_height": 0,
    "message_width": 0
  },
  {
    "timestamp_utc": "2024-10-16T13:49:28.280Z",
    "context_application_version": "1.2.48.405",
    "context_conn_country": "FR",
    "context_device_manufacturer": "HP",
    "context_device_model": "HP EliteBook 830 G5",
    "context_device_type": "desktop",
    "context_os_name": "windows",
    "context_os_version": "10.0.19045",
    "context_receiver_service_timestamp": 1729086817455,
    "context_time": 1729086568280,
    "context_user_agent": null,
    "message_height": 22,
    "message_width": 135
  },
  {
    "timestamp_utc": "2024-11-19T13:19:49.832Z",
    "context_application_version": "1.2.50.335",
    "context_conn_country": "FR",
    "context_device_manufacturer": "HP",
    "context_device_model": "HP EliteBook 830 G5",
    "context_device_type": "desktop",
    "context_os_name": "windows",
    "context_os_version": "10.0.19045",
    "context_receiver_service_timestamp": 1732022676916,
    "context_time": 1732022389832,
    "context_user_agent": null,
    "message_height": 22,
    "message_width": 135
  },
  {
    "timestamp_utc": "2024-09-30T07:50:20.868Z",
    "context_application_version": "1.2.47.364",
    "context_conn_country": "FR",
    "context_device_manufacturer": "HP",
    "context_device_model": "HP EliteBook 830 G5",
    "context_device_type": "desktop",
    "context_os_name": "windows",
    "context_os_version": "10.0.19045",
    "context_receiver_service_timestamp": 1727682878736,
    "context_time": 1727682620868,
    "context_user_agent": null,
    "message_height": 22,
    "message_width": 135
  },
  {
    "timestamp_utc": "2024-10-09T16:38:21.632Z",
    "context_application_version": "1.2.47.364",
    "context_conn_country": "FR",
    "context_device_manufacturer": "HP",
    "context_device_model": "HP EliteBook 830 G5",
    "context_device_type": "desktop",
    "context_os_name": "windows",
    "context_os_version": "10.0.19045",
    "context_receiver_service_timestamp": 1728492076770,
    "context_time": 1728491901632,
    "context_user_agent": null,
    "message_height": 640,
    "message_width": 1255
  },
  {
    "timestamp_utc": "2024-09-23T13:45:29.028Z",
    "context_application_version": "1.2.45.454",
    "context_conn_country": "FR",
    "context_device_manufacturer": "HP",
    "context_device_model": "HP EliteBook 830 G5",
    "context_device_type": "desktop",
    "context_os_name": "windows",
    "context_os_version": "10.0.19045",
    "context_receiver_service_timestamp": 1727099237384,
    "context_time": 1727099129028,
    "context_user_agent": null,
    "message_height": 22,
    "message_width": 135
  },
  {
    "timestamp_utc": "2024-12-03T08:28:08.157Z",
    "context_application_version": "1.2.51.345",
    "context_conn_country": "FR",
    "context_device_manufacturer": "HP",
    "context_device_model": "HP EliteBook 830 G5",
    "context_device_type": "desktop",
    "context_os_name": "windows",
    "context_os_version": "10.0.19045",
    "context_receiver_service_timestamp": 1733218780619,
    "context_time": 1733214488157,
    "context_user_agent": null,
    "message_height": 23,
    "message_width": 136
  },
  {
    "timestamp_utc": "2024-10-14T18:56:00.570Z",
    "context_application_version": "1.2.48.405",
    "context_conn_country": "FR",
    "context_device_manufacturer": "HP",
    "context_device_model": "HP EliteBook 830 G5",
    "context_device_type": "desktop",
    "context_os_name": "windows",
    "context_os_version": "10.0.19045",
    "context_receiver_service_timestamp": 1728932280261,
    "context_time": 1728932160570,
    "context_user_agent": null,
    "message_height": 640,
    "message_width": 1248
  }
]