[
  {
    "timestamp_utc": "2024-12-03T09:41:09.621Z",
    "context_application_version": null,
    "context_conn_country": null,
    "context_receiver_service_timestamp": 1733218869641,
    "context_time": 1733218869621,
    "context_user_agent": "Mozilla/5.0 (Windows NT 10.0; Win64; x64) AppleWebKit/537.36 (KHTML, like Gecko) Chrome/131.0.0.0 Safari/537.36 Edg/131.0.0.0",
    "message_action": "click",
    "message_category": "masthead",
    "message_context": "https://www.spotify.com/fr/account/overview/?utm_source=spotify&utm_medium=menu&utm_campaign=your_account",
    "message_country": "FR",
    "message_destination_url": "https://www.spotify.com/fr/download/",
    "message_flow_id": null,
    "message_label": "download",
    "message_os": "Windows",
    "message_sp_t": "f7b8218ad70db1b0ff18b07832d0b94d"
  },
  {
    "timestamp_utc": "2024-12-03T09:41:10.628Z",
    "context_application_version": null,
    "context_conn_country": null,
    "context_receiver_service_timestamp": 1733218870653,
    "context_time": 1733218870628,
    "context_user_agent": "Mozilla/5.0 (Windows NT 10.0; Win64; x64) AppleWebKit/537.36 (KHTML, like Gecko) Chrome/131.0.0.0 Safari/537.36 Edg/131.0.0.0",
    "message_action": "pageview",
    "message_category": "download",
    "message_context": "/download/windows",
    "message_country": "FR",
    "message_destination_url": null,
    "message_flow_id": null,
    "message_label": "",
    "message_os": "Windows",
    "message_sp_t": "f7b8218ad70db1b0ff18b07832d0b94d"
  },
  {
    "timestamp_utc": "2024-12-03T09:41:14.462Z",
    "context_application_version": null,
    "context_conn_country": null,
    "context_receiver_service_timestamp": 1733218874482,
    "context_time": 1733218874462,
    "context_user_agent": "node-fetch/1.0 (+https://github.com/bitinn/node-fetch)",
    "message_action": "navigation",
    "message_category": "performance",
    "message_context": "",
    "message_country": "FR",
    "message_destination_url": null,
    "message_flow_id": null,
    "message_label": "{\"name\":\"https://www.spotify.com/fr/download/windows/\",\"entryType\":\"navigation\",\"startTime\":0,\"duration\":1228.3000000715256,\"initiatorType\":\"navigation\",\"deliveryType\":\"\",\"nextHopProtocol\":\"h2\",\"renderBlockingStatus\":\"non-blocking\",\"workerStart\":0,\"redirectStart\":10.200000047683716,\"redirectEnd\":168.10000002384186,\"fetchStart\":168.10000002384186,\"domainLookupStart\":168.10000002384186,\"domainLookupEnd\":168.10000002384186,\"connectStart\":168.10000002384186,\"secureConnectionStart\":168.10000002384186,\"connectEnd\":168.10000002384186,\"requestStart\":181.80000007152557,\"responseStart\":267.60000002384186,\"firstInterimResponseStart\":0,\"responseEnd\":273.10000002384186,\"transferSize\":13373,\"encodedBodySize\":13073,\"decodedBodySize\":48264,\"responseStatus\":200,\"serverTiming\":[],\"unloadEventStart\":289.8000000715256,\"unloadEventEnd\":289.8000000715256,\"domInteractive\":578.7000000476837,\"domContentLoadedEventStart\":833.1000000238419,\"domContentLoadedEventEnd\":833.1000000238419,\"domComplete\":1227.9000000953674,\"loadEventStart\":1227.9000000953674,\"loadEventEnd\":1228.3000000715256,\"type\":\"navigate\",\"redirectCount\":2,\"activationStart\":0,\"criticalCHRestart\":0,\"notRestoredReasons\":{\"src\":null,\"id\":null,\"url\":\"https://www.spotify.com/fr/account/overview/?utm_source=spotify&utm_medium=menu&utm_campaign=your_account\",\"name\":null,\"reasons\":[{\"reason\":\"masked\"},{\"reason\":\"response-cache-control-no-store\"}],\"children\":[{\"src\":null,\"id\":null,\"url\":\"about:blank\",\"name\":\"__tcfapiLocator\",\"reasons\":[],\"children\":[]},{\"src\":null,\"id\":null,\"url\":\"about:blank\",\"name\":null,\"reasons\":[],\"children\":[]}]}}",
    "message_os": "Windows",
    "message_sp_t": "f7b8218ad70db1b0ff18b07832d0b94d"
  }
]