[
  {
    "artistName": "Anastacia",
    "segment": "Light listeners"
  },
  {
    "artistName": "Ayra Starr",
    "segment": "Light listeners"
  },
  {
    "artistName": "Shobee",
    "segment": "Light listeners"
  },
  {
    "artistName": "Skaymen",
    "segment": "Previously Active Listeners"
  },
  {
    "artistName": "Maestro",
    "segment": "Previously Active Listeners"
  },
  {
    "artistName": "7ari",
    "segment": "Previously Active Listeners"
  },
  {
    "artistName": "System Of A Down",
    "segment": "Previously Active Listeners"
  },
  {
    "artistName": "Loren Allred",
    "segment": "Previously Active Listeners"
  },
  {
    "artistName": "Olamide",
    "segment": "Previously Active Listeners"
  },
  {
    "artistName": "Rema",
    "segment": "Previously Active Listeners"
  },
  {
    "artistName": "Sabrina Carpenter",
    "segment": "Previously Active Listeners"
  },
  {
    "artistName": "Covers Unplugged",
    "segment": "Previously Active Listeners"
  },
  {
    "artistName": "Mons",
    "segment": "Previously Active Listeners"
  },
  {
    "artistName": "Assala Nasri",
    "segment": "Previously Active Listeners"
  },
  {
    "artistName": "Melissa M",
    "segment": "Previously Active Listeners"
  },
  {
    "artistName": "Tim Bendzko",
    "segment": "Previously Active Listeners"
  },
  {
    "artistName": "Cigarettes After Sex",
    "segment": "Previously Active Listeners"
  },
  {
    "artistName": "Abeer Nehme",
    "segment": "Previously Active Listeners"
  },
  {
    "artistName": "Peso Pluma",
    "segment": "Previously Active Listeners"
  },
  {
    "artistName": "RAYE",
    "segment": "Previously Active Listeners"
  },
  {
    "artistName": "Johann Strauss II",
    "segment": "Previously Active Listeners"
  },
  {
    "artistName": "Gardening Music",
    "segment": "Previously Active Listeners"
  },
  {
    "artistName": "Sam Smith",
    "segment": "Previously Active Listeners"
  },
  {
    "artistName": "Noel Kharman",
    "segment": "Previously Active Listeners"
  },
  {
    "artistName": "TIF",
    "segment": "Previously Active Listeners"
  },
  {
    "artistName": "Kavya Borra",
    "segment": "Previously Active Listeners"
  },
  {
    "artistName": "Humood AlKhudher",
    "segment": "Previously Active Listeners"
  },
  {
    "artistName": "Hands",
    "segment": "Previously Active Listeners"
  },
  {
    "artistName": "YASSINE JARRAM",
    "segment": "Previously Active Listeners"
  },
  {
    "artistName": "Roi Heenok",
    "segment": "Light listeners"
  },
  {
    "artistName": "Cairokee",
    "segment": "Previously Active Listeners"
  },
  {
    "artistName": "Tchubi",
    "segment": "Previously Active Listeners"
  },
  {
    "artistName": "Major Lazer",
    "segment": "Previously Active Listeners"
  },
  {
    "artistName": "Fin Argus",
    "segment": "Previously Active Listeners"
  },
  {
    "artistName": "Amir",
    "segment": "Previously Active Listeners"
  },
  {
    "artistName": "Thelonious Monk",
    "segment": "Previously Active Listeners"
  },
  {
    "artistName": "Coolio",
    "segment": "Previously Active Listeners"
  },
  {
    "artistName": "Aziz Maraka",
    "segment": "Previously Active Listeners"
  },
  {
    "artistName": "Dave",
    "segment": "Previously Active Listeners"
  },
  {
    "artistName": "New West",
    "segment": "Previously Active Listeners"
  },
  {
    "artistName": "070 Shake",
    "segment": "Previously Active Listeners"
  },
  {
    "artistName": "Del The Funky Homosapien",
    "segment": "Previously Active Listeners"
  },
  {
    "artistName": "TWRP",
    "segment": "Previously Active Listeners"
  },
  {
    "artistName": "Metro Boomin",
    "segment": "Previously Active Listeners"
  },
  {
    "artistName": "Dennis Lloyd",
    "segment": "Previously Active Listeners"
  },
  {
    "artistName": "Furelise",
    "segment": "Previously Active Listeners"
  },
  {
    "artistName": "Adam Lambert",
    "segment": "Previously Active Listeners"
  },
  {
    "artistName": "Andrej Kucharsky",
    "segment": "Previously Active Listeners"
  },
  {
    "artistName": "Amir Eid",
    "segment": "Previously Active Listeners"
  },
  {
    "artistName": "Raste",
    "segment": "Previously Active Listeners"
  },
  {
    "artistName": "Lala &ce",
    "segment": "Previously Active Listeners"
  },
  {
    "artistName": "Maroon 5",
    "segment": "Previously Active Listeners"
  },
  {
    "artistName": "Jean Deaux",
    "segment": "Previously Active Listeners"
  },
  {
    "artistName": "Draganov",
    "segment": "Previously Active Listeners"
  },
  {
    "artistName": "Amy Winehouse",
    "segment": "Previously Active Listeners"
  },
  {
    "artistName": "Paul Williams",
    "segment": "Previously Active Listeners"
  },
  {
    "artistName": "Ismael Ounal",
    "segment": "Previously Active Listeners"
  },
  {
    "artistName": "Benjamin Grosvenor",
    "segment": "Previously Active Listeners"
  },
  {
    "artistName": "Manchester Orchestra",
    "segment": "Previously Active Listeners"
  },
  {
    "artistName": "siilawy",
    "segment": "Previously Active Listeners"
  },
  {
    "artistName": "Snor",
    "segment": "Moderate listeners"
  },
  {
    "artistName": "Mashrou' Leila",
    "segment": "Previously Active Listeners"
  },
  {
    "artistName": "Mackenzy Mackay",
    "segment": "Previously Active Listeners"
  },
  {
    "artistName": "Morad",
    "segment": "Light listeners"
  },
  {
    "artistName": "Orchestra Da Camera Italiana",
    "segment": "Previously Active Listeners"
  },
  {
    "artistName": "fast forward >>",
    "segment": "Previously Active Listeners"
  },
  {
    "artistName": "Youss45",
    "segment": "Light listeners"
  },
  {
    "artistName": "VAN",
    "segment": "Previously Active Listeners"
  },
  {
    "artistName": "Ellie Goulding",
    "segment": "Previously Active Listeners"
  },
  {
    "artistName": "Samira Said",
    "segment": "Previously Active Listeners"
  },
  {
    "artistName": "Gloria Gaynor",
    "segment": "Previously Active Listeners"
  },
  {
    "artistName": "Cynthia Erivo",
    "segment": "Previously Active Listeners"
  },
  {
    "artistName": "SeLTa",
    "segment": "Previously Active Listeners"
  },
  {
    "artistName": "Cheb Akil",
    "segment": "Previously Active Listeners"
  },
  {
    "artistName": "Haifa Wehbe",
    "segment": "Previously Active Listeners"
  },
  {
    "artistName": "Zakaria Ghafouli",
    "segment": "Previously Active Listeners"
  },
  {
    "artistName": "FIFTY FIFTY",
    "segment": "Previously Active Listeners"
  },
  {
    "artistName": "Blues Delight",
    "segment": "Previously Active Listeners"
  },
  {
    "artistName": "Charlie Puth",
    "segment": "Previously Active Listeners"
  },
  {
    "artistName": "Cheb Mami",
    "segment": "Previously Active Listeners"
  },
  {
    "artistName": "Christopher Larkin",
    "segment": "Previously Active Listeners"
  },
  {
    "artistName": "L'morphine",
    "segment": "Previously Active Listeners"
  },
  {
    "artistName": "Islam Adrenaline",
    "segment": "Previously Active Listeners"
  },
  {
    "artistName": "Islam Sobhi",
    "segment": "Previously Active Listeners"
  },
  {
    "artistName": "Carlos Rafael Rivera",
    "segment": "Previously Active Listeners"
  },
  {
    "artistName": "ILAL",
    "segment": "Previously Active Listeners"
  },
  {
    "artistName": "Sarah Willis",
    "segment": "Previously Active Listeners"
  },
  {
    "artistName": "Valerieblud",
    "segment": "Previously Active Listeners"
  },
  {
    "artistName": "Kawtar",
    "segment": "Previously Active Listeners"
  },
  {
    "artistName": "NumbXiller",
    "segment": "Previously Active Listeners"
  },
  {
    "artistName": "Stromae",
    "segment": "Previously Active Listeners"
  },
  {
    "artistName": "Manizha",
    "segment": "Previously Active Listeners"
  },
  {
    "artistName": "OneRepublic",
    "segment": "Previously Active Listeners"
  },
  {
    "artistName": "Ahmed Mekky",
    "segment": "Previously Active Listeners"
  },
  {
    "artistName": "Belle Sisoski",
    "segment": "Previously Active Listeners"
  },
  {
    "artistName": "Palaye Royale",
    "segment": "Previously Active Listeners"
  },
  {
    "artistName": "Shawn James",
    "segment": "Previously Active Listeners"
  },
  {
    "artistName": "Nabyla Maan",
    "segment": "Previously Active Listeners"
  },
  {
    "artistName": "Laylow",
    "segment": "Previously Active Listeners"
  },
  {
    "artistName": "Dizzy DROS",
    "segment": "Previously Active Listeners"
  },
  {
    "artistName": "3robi",
    "segment": "Previously Active Listeners"
  },
  {
    "artistName": "Julio Iglesias",
    "segment": "Previously Active Listeners"
  },
  {
    "artistName": "Hamza Namira",
    "segment": "Previously Active Listeners"
  },
  {
    "artistName": "Mykola Dmytrovych Leontovych",
    "segment": "Previously Active Listeners"
  },
  {
    "artistName": "2nd Roof",
    "segment": "Previously Active Listeners"
  },
  {
    "artistName": "Beny Jr",
    "segment": "Previously Active Listeners"
  },
  {
    "artistName": "LSD",
    "segment": "Previously Active Listeners"
  },
  {
    "artistName": "Yamê",
    "segment": "Previously Active Listeners"
  },
  {
    "artistName": "trabbey",
    "segment": "Previously Active Listeners"
  },
  {
    "artistName": "Katy Perry",
    "segment": "Previously Active Listeners"
  },
  {
    "artistName": "Taylor Swift",
    "segment": "Previously Active Listeners"
  },
  {
    "artistName": "Michael Jackson",
    "segment": "Light listeners"
  },
  {
    "artistName": "Thibaut García",
    "segment": "Previously Active Listeners"
  },
  {
    "artistName": "11:11 Music Group",
    "segment": "Previously Active Listeners"
  },
  {
    "artistName": "JRK 19",
    "segment": "Light listeners"
  },
  {
    "artistName": "Donna Murphy",
    "segment": "Previously Active Listeners"
  },
  {
    "artistName": "Kylie Minogue",
    "segment": "Previously Active Listeners"
  },
  {
    "artistName": "Teddy Swims",
    "segment": "Light listeners"
  },
  {
    "artistName": "Antonio Vivaldi",
    "segment": "Previously Active Listeners"
  },
  {
    "artistName": "Ariana Grande",
    "segment": "Previously Active Listeners"
  },
  {
    "artistName": "Khaled And I AM",
    "segment": "Previously Active Listeners"
  },
  {
    "artistName": "Nai Barghouti",
    "segment": "Previously Active Listeners"
  },
  {
    "artistName": "Hamid El Kasri",
    "segment": "Previously Active Listeners"
  },
  {
    "artistName": "TINI",
    "segment": "Previously Active Listeners"
  },
  {
    "artistName": "Moby",
    "segment": "Previously Active Listeners"
  },
  {
    "artistName": "Mister You",
    "segment": "Previously Active Listeners"
  },
  {
    "artistName": "Rilès",
    "segment": "Previously Active Listeners"
  },
  {
    "artistName": "ElGrandeToto",
    "segment": "Super Listeners"
  },
  {
    "artistName": "RAPBATTLE-ENS",
    "segment": "Previously Active Listeners"
  },
  {
    "artistName": "Fantastic Negrito",
    "segment": "Previously Active Listeners"
  },
  {
    "artistName": "Jannat",
    "segment": "Previously Active Listeners"
  },
  {
    "artistName": "Back2B",
    "segment": "Previously Active Listeners"
  },
  {
    "artistName": "Alberto Lizzio",
    "segment": "Previously Active Listeners"
  },
  {
    "artistName": "Miguel",
    "segment": "Previously Active Listeners"
  },
  {
    "artistName": "Psyco M",
    "segment": "Previously Active Listeners"
  },
  {
    "artistName": "Todd Donovan",
    "segment": "Previously Active Listeners"
  },
  {
    "artistName": "Itzhak Perlman",
    "segment": "Previously Active Listeners"
  },
  {
    "artistName": "twilight",
    "segment": "Previously Active Listeners"
  },
  {
    "artistName": "XXXTENTACION",
    "segment": "Previously Active Listeners"
  },
  {
    "artistName": "Douaa Lahyaoui",
    "segment": "Previously Active Listeners"
  },
  {
    "artistName": "Lefa",
    "segment": "Previously Active Listeners"
  },
  {
    "artistName": "Caprice",
    "segment": "Previously Active Listeners"
  },
  {
    "artistName": "Fifth Harmony",
    "segment": "Previously Active Listeners"
  },
  {
    "artistName": "Rashed El Youssef",
    "segment": "Previously Active Listeners"
  },
  {
    "artistName": "S3BZS",
    "segment": "Previously Active Listeners"
  },
  {
    "artistName": "Il Ghost",
    "segment": "Previously Active Listeners"
  },
  {
    "artistName": "Mohamed Mounir",
    "segment": "Previously Active Listeners"
  },
  {
    "artistName": "Tagne",
    "segment": "Previously Active Listeners"
  },
  {
    "artistName": "Édith Piaf",
    "segment": "Previously Active Listeners"
  },
  {
    "artistName": "Baby Gang",
    "segment": "Light listeners"
  },
  {
    "artistName": "Faudel",
    "segment": "Previously Active Listeners"
  },
  {
    "artistName": "Moha La Squale",
    "segment": "Previously Active Listeners"
  },
  {
    "artistName": "Jefferson Airplane",
    "segment": "Previously Active Listeners"
  },
  {
    "artistName": "Frédéric Chopin",
    "segment": "Previously Active Listeners"
  },
  {
    "artistName": "Sergei Baronin",
    "segment": "Previously Active Listeners"
  },
  {
    "artistName": "Cheba Warda Charlomanté",
    "segment": "Previously Active Listeners"
  },
  {
    "artistName": "Metallica",
    "segment": "Previously Active Listeners"
  },
  {
    "artistName": "Diplo",
    "segment": "Previously Active Listeners"
  },
  {
    "artistName": "Hotel Ugly",
    "segment": "Previously Active Listeners"
  },
  {
    "artistName": "Flipperachi",
    "segment": "Previously Active Listeners"
  },
  {
    "artistName": "Calvin Harris",
    "segment": "Previously Active Listeners"
  },
  {
    "artistName": "Abdel Halim Hafez",
    "segment": "Previously Active Listeners"
  },
  {
    "artistName": "League of Legends",
    "segment": "Previously Active Listeners"
  },
  {
    "artistName": "JenJoon",
    "segment": "Previously Active Listeners"
  },
  {
    "artistName": "777YM",
    "segment": "Previously Active Listeners"
  },
  {
    "artistName": "Lara Fabian",
    "segment": "Previously Active Listeners"
  },
  {
    "artistName": "Don Bigg",
    "segment": "Previously Active Listeners"
  },
  {
    "artistName": "Ludwig van Beethoven",
    "segment": "Previously Active Listeners"
  },
  {
    "artistName": "Adele",
    "segment": "Previously Active Listeners"
  },
  {
    "artistName": "K.Flay",
    "segment": "Previously Active Listeners"
  },
  {
    "artistName": "Roses & Revolutions",
    "segment": "Previously Active Listeners"
  },
  {
    "artistName": "Loun",
    "segment": "Previously Active Listeners"
  },
  {
    "artistName": "احمد ابوالحمد محمد",
    "segment": "Previously Active Listeners"
  },
  {
    "artistName": "Scott St. John",
    "segment": "Previously Active Listeners"
  },
  {
    "artistName": "Afroto",
    "segment": "Previously Active Listeners"
  },
  {
    "artistName": "ahmed nasri",
    "segment": "Previously Active Listeners"
  },
  {
    "artistName": "Stormy",
    "segment": "Light listeners"
  },
  {
    "artistName": "Hearts & Colors",
    "segment": "Previously Active Listeners"
  },
  {
    "artistName": "Gym Class Heroes",
    "segment": "Previously Active Listeners"
  },
  {
    "artistName": "Elyanna",
    "segment": "Previously Active Listeners"
  },
  {
    "artistName": "Keane",
    "segment": "Previously Active Listeners"
  },
  {
    "artistName": "Ruby",
    "segment": "Previously Active Listeners"
  },
  {
    "artistName": "Outlandish",
    "segment": "Previously Active Listeners"
  },
  {
    "artistName": "Abduh",
    "segment": "Light listeners"
  },
  {
    "artistName": "Vargas",
    "segment": "Previously Active Listeners"
  },
  {
    "artistName": "Charli xcx",
    "segment": "Previously Active Listeners"
  },
  {
    "artistName": "Frank Ocean",
    "segment": "Previously Active Listeners"
  },
  {
    "artistName": "stories",
    "segment": "Previously Active Listeners"
  },
  {
    "artistName": "A$AP Rocky",
    "segment": "Previously Active Listeners"
  },
  {
    "artistName": "Iguidr",
    "segment": "Previously Active Listeners"
  },
  {
    "artistName": "Kaaris",
    "segment": "Light listeners"
  },
  {
    "artistName": "Richard Clayderman",
    "segment": "Previously Active Listeners"
  },
  {
    "artistName": "Hatim Ammor",
    "segment": "Previously Active Listeners"
  },
  {
    "artistName": "Finghin Collins",
    "segment": "Previously Active Listeners"
  },
  {
    "artistName": "The Chemical Brothers",
    "segment": "Previously Active Listeners"
  },
  {
    "artistName": "Juice WRLD",
    "segment": "Previously Active Listeners"
  },
  {
    "artistName": "NECHAEV",
    "segment": "Previously Active Listeners"
  },
  {
    "artistName": "Shakira",
    "segment": "Previously Active Listeners"
  },
  {
    "artistName": "Stephen Sanchez",
    "segment": "Previously Active Listeners"
  },
  {
    "artistName": "Salvatore Accardo",
    "segment": "Previously Active Listeners"
  },
  {
    "artistName": "Ricchi E Poveri",
    "segment": "Previously Active Listeners"
  },
  {
    "artistName": "Twenty One Pilots",
    "segment": "Previously Active Listeners"
  },
  {
    "artistName": "Selena Gomez",
    "segment": "Previously Active Listeners"
  },
  {
    "artistName": "M3ks",
    "segment": "Previously Active Listeners"
  },
  {
    "artistName": "Stress Relief",
    "segment": "Previously Active Listeners"
  },
  {
    "artistName": "SCH",
    "segment": "Previously Active Listeners"
  },
  {
    "artistName": "Mazzikas",
    "segment": "Previously Active Listeners"
  },
  {
    "artistName": "Mc Gw",
    "segment": "Previously Active Listeners"
  },
  {
    "artistName": "Oxlade",
    "segment": "Previously Active Listeners"
  },
  {
    "artistName": "Naïma Samih",
    "segment": "Previously Active Listeners"
  },
  {
    "artistName": "Nirvana",
    "segment": "Previously Active Listeners"
  },
  {
    "artistName": "NovaQueen",
    "segment": "Previously Active Listeners"
  },
  {
    "artistName": "Harry Styles",
    "segment": "Previously Active Listeners"
  },
  {
    "artistName": "Kodaline",
    "segment": "Previously Active Listeners"
  },
  {
    "artistName": "Hamza",
    "segment": "Previously Active Listeners"
  },
  {
    "artistName": "Beach Weather",
    "segment": "Previously Active Listeners"
  },
  {
    "artistName": "Soolking",
    "segment": "Previously Active Listeners"
  },
  {
    "artistName": "Olivia Rodrigo",
    "segment": "Previously Active Listeners"
  },
  {
    "artistName": "Rae Sremmurd",
    "segment": "Previously Active Listeners"
  },
  {
    "artistName": "Benson Boone",
    "segment": "Previously Active Listeners"
  },
  {
    "artistName": "Central Cee",
    "segment": "Previously Active Listeners"
  },
  {
    "artistName": "One Direction",
    "segment": "Previously Active Listeners"
  },
  {
    "artistName": "Naar",
    "segment": "Previously Active Listeners"
  },
  {
    "artistName": "Miley Cyrus",
    "segment": "Previously Active Listeners"
  },
  {
    "artistName": "Dolly Pran",
    "segment": "Previously Active Listeners"
  },
  {
    "artistName": "Ruth B.",
    "segment": "Previously Active Listeners"
  },
  {
    "artistName": "Ryan Lewis",
    "segment": "Previously Active Listeners"
  },
  {
    "artistName": "Gotan Project",
    "segment": "Previously Active Listeners"
  },
  {
    "artistName": "Ard Adz",
    "segment": "Previously Active Listeners"
  },
  {
    "artistName": "Cologne New Philharmonic Orchestra",
    "segment": "Previously Active Listeners"
  },
  {
    "artistName": "Benzz",
    "segment": "Previously Active Listeners"
  },
  {
    "artistName": "Charles Aznavour",
    "segment": "Previously Active Listeners"
  },
  {
    "artistName": "Winners 2005",
    "segment": "Previously Active Listeners"
  },
  {
    "artistName": "JID",
    "segment": "Previously Active Listeners"
  },
  {
    "artistName": "Lazaro",
    "segment": "Previously Active Listeners"
  },
  {
    "artistName": "David de Miguel",
    "segment": "Previously Active Listeners"
  },
  {
    "artistName": "Elliott Smith",
    "segment": "Previously Active Listeners"
  },
  {
    "artistName": "Big Sean",
    "segment": "Previously Active Listeners"
  },
  {
    "artistName": "Klass-A",
    "segment": "Previously Active Listeners"
  },
  {
    "artistName": "Ghost",
    "segment": "Previously Active Listeners"
  },
  {
    "artistName": "Asma Lmnawar",
    "segment": "Previously Active Listeners"
  },
  {
    "artistName": "Linkin Park",
    "segment": "Previously Active Listeners"
  },
  {
    "artistName": "John Legend",
    "segment": "Previously Active Listeners"
  },
  {
    "artistName": "Trippie Redd",
    "segment": "Previously Active Listeners"
  },
  {
    "artistName": "Shawn Mendes",
    "segment": "Previously Active Listeners"
  },
  {
    "artistName": "YP",
    "segment": "Previously Active Listeners"
  },
  {
    "artistName": "Marc Lavoine",
    "segment": "Previously Active Listeners"
  },
  {
    "artistName": "Rihanna",
    "segment": "Previously Active Listeners"
  },
  {
    "artistName": "Nahir",
    "segment": "Previously Active Listeners"
  },
  {
    "artistName": "Dahmane El Herrachi",
    "segment": "Previously Active Listeners"
  },
  {
    "artistName": "Vladimir Feltsman",
    "segment": "Previously Active Listeners"
  },
  {
    "artistName": "Badshah",
    "segment": "Previously Active Listeners"
  },
  {
    "artistName": "april27",
    "segment": "Previously Active Listeners"
  },
  {
    "artistName": "Lacrim",
    "segment": "Light listeners"
  },
  {
    "artistName": "Isaac Chambers",
    "segment": "Previously Active Listeners"
  },
  {
    "artistName": "Hana Yousry",
    "segment": "Previously Active Listeners"
  },
  {
    "artistName": "Adonis",
    "segment": "Previously Active Listeners"
  },
  {
    "artistName": "AronChupa",
    "segment": "Previously Active Listeners"
  },
  {
    "artistName": "David Kushner",
    "segment": "Previously Active Listeners"
  },
  {
    "artistName": "Latifa",
    "segment": "Previously Active Listeners"
  },
  {
    "artistName": "WHIPPED CREAM",
    "segment": "Previously Active Listeners"
  },
  {
    "artistName": "Nelson Freire",
    "segment": "Previously Active Listeners"
  },
  {
    "artistName": "Johannes Brahms",
    "segment": "Previously Active Listeners"
  },
  {
    "artistName": "Youssef Rousse - يوسف روسي",
    "segment": "Previously Active Listeners"
  },
  {
    "artistName": "Madd",
    "segment": "Super Listeners"
  },
  {
    "artistName": "Sly Pyper",
    "segment": "Previously Active Listeners"
  },
  {
    "artistName": "berlioz",
    "segment": "Previously Active Listeners"
  },
  {
    "artistName": "KALEO",
    "segment": "Previously Active Listeners"
  },
  {
    "artistName": "The Maine",
    "segment": "Previously Active Listeners"
  },
  {
    "artistName": "Indila",
    "segment": "Previously Active Listeners"
  },
  {
    "artistName": "Ridouane.officiel1",
    "segment": "Previously Active Listeners"
  },
  {
    "artistName": "Pieter Schoeman",
    "segment": "Previously Active Listeners"
  },
  {
    "artistName": "Amr Diab",
    "segment": "Previously Active Listeners"
  },
  {
    "artistName": "Djam",
    "segment": "Previously Active Listeners"
  },
  {
    "artistName": "Pyotr Ilyich Tchaikovsky",
    "segment": "Previously Active Listeners"
  },
  {
    "artistName": "Niro",
    "segment": "Previously Active Listeners"
  },
  {
    "artistName": "main character melodies",
    "segment": "Previously Active Listeners"
  },
  {
    "artistName": "David Garrett",
    "segment": "Previously Active Listeners"
  },
  {
    "artistName": "Blxst",
    "segment": "Previously Active Listeners"
  },
  {
    "artistName": "Souad Massi",
    "segment": "Previously Active Listeners"
  },
  {
    "artistName": "Laleh",
    "segment": "Previously Active Listeners"
  },
  {
    "artistName": "Speed Geek",
    "segment": "Previously Active Listeners"
  },
  {
    "artistName": "ريفو شو",
    "segment": "Previously Active Listeners"
  },
  {
    "artistName": "PAUSE",
    "segment": "Previously Active Listeners"
  },
  {
    "artistName": "Fairuz",
    "segment": "Previously Active Listeners"
  },
  {
    "artistName": "50 Cent",
    "segment": "Previously Active Listeners"
  },
  {
    "artistName": "Nada",
    "segment": "Previously Active Listeners"
  },
  {
    "artistName": "Joey Bada$$",
    "segment": "Previously Active Listeners"
  },
  {
    "artistName": "creamy",
    "segment": "Previously Active Listeners"
  },
  {
    "artistName": "Unknown T",
    "segment": "Previously Active Listeners"
  },
  {
    "artistName": "Gorillaz",
    "segment": "Previously Active Listeners"
  },
  {
    "artistName": "NF",
    "segment": "Previously Active Listeners"
  },
  {
    "artistName": "Essam Sasa",
    "segment": "Previously Active Listeners"
  },
  {
    "artistName": "Lil Nas X",
    "segment": "Previously Active Listeners"
  },
  {
    "artistName": "Ta Ha",
    "segment": "Previously Active Listeners"
  },
  {
    "artistName": "Pink Floyd",
    "segment": "Previously Active Listeners"
  },
  {
    "artistName": "Ily",
    "segment": "Previously Active Listeners"
  },
  {
    "artistName": "NAB FAKE",
    "segment": "Previously Active Listeners"
  },
  {
    "artistName": "Ren",
    "segment": "Previously Active Listeners"
  },
  {
    "artistName": "Pause",
    "segment": "Super Listeners"
  },
  {
    "artistName": "Rain Sound Plus",
    "segment": "Previously Active Listeners"
  },
  {
    "artistName": "Akram Mag",
    "segment": "Previously Active Listeners"
  },
  {
    "artistName": "Hamid Elkassri",
    "segment": "Previously Active Listeners"
  },
  {
    "artistName": "Opeth",
    "segment": "Previously Active Listeners"
  },
  {
    "artistName": "Nouamane Belaiachi",
    "segment": "Previously Active Listeners"
  },
  {
    "artistName": "Jaxomy",
    "segment": "Previously Active Listeners"
  },
  {
    "artistName": "Justin Timberlake",
    "segment": "Previously Active Listeners"
  },
  {
    "artistName": "Ismail Ounal",
    "segment": "Previously Active Listeners"
  },
  {
    "artistName": "Sharmoofers",
    "segment": "Previously Active Listeners"
  },
  {
    "artistName": "Cults",
    "segment": "Previously Active Listeners"
  },
  {
    "artistName": "George Wassouf",
    "segment": "Previously Active Listeners"
  },
  {
    "artistName": "Bahaa Sultan",
    "segment": "Previously Active Listeners"
  },
  {
    "artistName": "Julian Casablancas",
    "segment": "Previously Active Listeners"
  },
  {
    "artistName": "Hossam Habib",
    "segment": "Previously Active Listeners"
  },
  {
    "artistName": "Luna Delirious",
    "segment": "Previously Active Listeners"
  },
  {
    "artistName": "Yo Asel",
    "segment": "Previously Active Listeners"
  },
  {
    "artistName": "Eagles",
    "segment": "Previously Active Listeners"
  },
  {
    "artistName": "Didou Parisien",
    "segment": "Previously Active Listeners"
  },
  {
    "artistName": "Tazzy",
    "segment": "Previously Active Listeners"
  },
  {
    "artistName": "Ahmed Soultan",
    "segment": "Previously Active Listeners"
  },
  {
    "artistName": "Wu-Tang Clan",
    "segment": "Previously Active Listeners"
  },
  {
    "artistName": "xxtristanxo",
    "segment": "Previously Active Listeners"
  },
  {
    "artistName": "7liwa",
    "segment": "Moderate listeners"
  },
  {
    "artistName": "Hassa1",
    "segment": "Previously Active Listeners"
  },
  {
    "artistName": "Dollypran",
    "segment": "Previously Active Listeners"
  },
  {
    "artistName": "Labrinth",
    "segment": "Previously Active Listeners"
  },
  {
    "artistName": "Giant Rooks",
    "segment": "Previously Active Listeners"
  },
  {
    "artistName": "Avicii",
    "segment": "Previously Active Listeners"
  },
  {
    "artistName": "Labess",
    "segment": "Previously Active Listeners"
  },
  {
    "artistName": "Baby Keem",
    "segment": "Previously Active Listeners"
  },
  {
    "artistName": "Arctic Monkeys",
    "segment": "Previously Active Listeners"
  },
  {
    "artistName": "Ziad Abboud",
    "segment": "Previously Active Listeners"
  },
  {
    "artistName": "KHEIRA",
    "segment": "Previously Active Listeners"
  },
  {
    "artistName": "Tate McRae",
    "segment": "Previously Active Listeners"
  },
  {
    "artistName": "HD La Relève",
    "segment": "Light listeners"
  },
  {
    "artistName": "Anys",
    "segment": "Previously Active Listeners"
  },
  {
    "artistName": "Tamino",
    "segment": "Previously Active Listeners"
  },
  {
    "artistName": "Slowed Radio",
    "segment": "Previously Active Listeners"
  },
  {
    "artistName": "Cherifi Akram",
    "segment": "Previously Active Listeners"
  },
  {
    "artistName": "Tee",
    "segment": "Previously Active Listeners"
  },
  {
    "artistName": "Marwan Pablo",
    "segment": "Previously Active Listeners"
  },
  {
    "artistName": "Lord Huron",
    "segment": "Previously Active Listeners"
  },
  {
    "artistName": "Måneskin",
    "segment": "Previously Active Listeners"
  },
  {
    "artistName": "Yeat",
    "segment": "Previously Active Listeners"
  },
  {
    "artistName": "Bu Kolthoum",
    "segment": "Previously Active Listeners"
  },
  {
    "artistName": "Moro",
    "segment": "Previously Active Listeners"
  },
  {
    "artistName": "Diib",
    "segment": "Previously Active Listeners"
  },
  {
    "artistName": "Bea Miller",
    "segment": "Previously Active Listeners"
  },
  {
    "artistName": "Lorde",
    "segment": "Previously Active Listeners"
  },
  {
    "artistName": "Mandy Moore",
    "segment": "Previously Active Listeners"
  },
  {
    "artistName": "Will Smith",
    "segment": "Previously Active Listeners"
  },
  {
    "artistName": "Eiji",
    "segment": "Previously Active Listeners"
  },
  {
    "artistName": "The Weeknd",
    "segment": "Previously Active Listeners"
  },
  {
    "artistName": "Kendrick Lamar",
    "segment": "Light listeners"
  },
  {
    "artistName": "Saint Levant",
    "segment": "Previously Active Listeners"
  },
  {
    "artistName": "Mehdi K-libre",
    "segment": "Previously Active Listeners"
  },
  {
    "artistName": "VALORANT",
    "segment": "Previously Active Listeners"
  },
  {
    "artistName": "Rima Yussef",
    "segment": "Previously Active Listeners"
  },
  {
    "artistName": "Dr. Dre",
    "segment": "Light listeners"
  },
  {
    "artistName": "Imagine Dragons",
    "segment": "Previously Active Listeners"
  },
  {
    "artistName": "Macklemore & Ryan Lewis",
    "segment": "Previously Active Listeners"
  },
  {
    "artistName": "Ricky Nelson",
    "segment": "Previously Active Listeners"
  },
  {
    "artistName": "Norfafrica",
    "segment": "Previously Active Listeners"
  },
  {
    "artistName": "Balqees",
    "segment": "Previously Active Listeners"
  },
  {
    "artistName": "Alexander Markovich",
    "segment": "Previously Active Listeners"
  },
  {
    "artistName": "Figoshin",
    "segment": "Previously Active Listeners"
  },
  {
    "artistName": "Marwan Moussa",
    "segment": "Previously Active Listeners"
  },
  {
    "artistName": "Malket",
    "segment": "Previously Active Listeners"
  },
  {
    "artistName": "BOTATO",
    "segment": "Previously Active Listeners"
  },
  {
    "artistName": "Kelvin Momo",
    "segment": "Previously Active Listeners"
  },
  {
    "artistName": "Mohamed Hamaki",
    "segment": "Previously Active Listeners"
  },
  {
    "artistName": "NO1-NOAH",
    "segment": "Previously Active Listeners"
  },
  {
    "artistName": "Delaney Stein",
    "segment": "Previously Active Listeners"
  },
  {
    "artistName": "شاديه و فريد الاطرش",
    "segment": "Previously Active Listeners"
  },
  {
    "artistName": "ViraCocha",
    "segment": "Previously Active Listeners"
  },
  {
    "artistName": "Maria Nadim",
    "segment": "Previously Active Listeners"
  },
  {
    "artistName": "Issam Kamal",
    "segment": "Previously Active Listeners"
  },
  {
    "artistName": "Tyla",
    "segment": "Previously Active Listeners"
  },
  {
    "artistName": "Russ",
    "segment": "Previously Active Listeners"
  },
  {
    "artistName": "Kira7",
    "segment": "Previously Active Listeners"
  },
  {
    "artistName": "Finding Kate",
    "segment": "Previously Active Listeners"
  },
  {
    "artistName": "Armani White",
    "segment": "Previously Active Listeners"
  },
  {
    "artistName": "Xoureldin",
    "segment": "Previously Active Listeners"
  },
  {
    "artistName": "Erik Satie",
    "segment": "Previously Active Listeners"
  },
  {
    "artistName": "Zouhair Bahaoui",
    "segment": "Previously Active Listeners"
  },
  {
    "artistName": "Gesaffelstein",
    "segment": "Previously Active Listeners"
  },
  {
    "artistName": "Funk Wav",
    "segment": "Previously Active Listeners"
  },
  {
    "artistName": "Latifa Raafat",
    "segment": "Previously Active Listeners"
  },
  {
    "artistName": "Hindi Zahra",
    "segment": "Previously Active Listeners"
  },
  {
    "artistName": "Bootie Brown",
    "segment": "Previously Active Listeners"
  },
  {
    "artistName": "Demi Portion",
    "segment": "Previously Active Listeners"
  },
  {
    "artistName": "Samara",
    "segment": "Moderate listeners"
  },
  {
    "artistName": "Elisabeth Santi",
    "segment": "Previously Active Listeners"
  },
  {
    "artistName": "Northern Chamber Orchestra",
    "segment": "Previously Active Listeners"
  },
  {
    "artistName": "Nas",
    "segment": "Previously Active Listeners"
  },
  {
    "artistName": "Glass Beams",
    "segment": "Previously Active Listeners"
  },
  {
    "artistName": "G-Eazy",
    "segment": "Previously Active Listeners"
  },
  {
    "artistName": "Richard Houghten",
    "segment": "Previously Active Listeners"
  },
  {
    "artistName": "Jay Electronica",
    "segment": "Previously Active Listeners"
  },
  {
    "artistName": "Travis Scott",
    "segment": "Previously Active Listeners"
  },
  {
    "artistName": "Burna Boy",
    "segment": "Previously Active Listeners"
  },
  {
    "artistName": "Jhené Aiko",
    "segment": "Previously Active Listeners"
  },
  {
    "artistName": "YoungBoy Never Broke Again",
    "segment": "Previously Active Listeners"
  },
  {
    "artistName": "Audioslave",
    "segment": "Previously Active Listeners"
  },
  {
    "artistName": "Jaymes Young",
    "segment": "Previously Active Listeners"
  },
  {
    "artistName": "Tame Impala",
    "segment": "Previously Active Listeners"
  },
  {
    "artistName": "RYM",
    "segment": "Previously Active Listeners"
  },
  {
    "artistName": "Icona Pop",
    "segment": "Previously Active Listeners"
  },
  {
    "artistName": "Wael Jassar",
    "segment": "Previously Active Listeners"
  },
  {
    "artistName": "Alexandre Tharaud",
    "segment": "Previously Active Listeners"
  },
  {
    "artistName": "CKay",
    "segment": "Previously Active Listeners"
  },
  {
    "artistName": "Studio Imad",
    "segment": "Previously Active Listeners"
  },
  {
    "artistName": "Yann Tiersen",
    "segment": "Previously Active Listeners"
  },
  {
    "artistName": "Alan Doyle",
    "segment": "Previously Active Listeners"
  },
  {
    "artistName": "Raffaella Carrà",
    "segment": "Previously Active Listeners"
  },
  {
    "artistName": "Lartiste",
    "segment": "Previously Active Listeners"
  },
  {
    "artistName": "Qaayel",
    "segment": "Previously Active Listeners"
  },
  {
    "artistName": "Elley Duhé",
    "segment": "Previously Active Listeners"
  },
  {
    "artistName": "EMPIRE",
    "segment": "Previously Active Listeners"
  },
  {
    "artistName": "nelick",
    "segment": "Previously Active Listeners"
  },
  {
    "artistName": "JAY-Z",
    "segment": "Previously Active Listeners"
  },
  {
    "artistName": "Nicki Minaj",
    "segment": "Previously Active Listeners"
  },
  {
    "artistName": "Kanye West",
    "segment": "Previously Active Listeners"
  },
  {
    "artistName": "Rabah Khalfa",
    "segment": "Previously Active Listeners"
  },
  {
    "artistName": "Friends in Tokyo",
    "segment": "Previously Active Listeners"
  },
  {
    "artistName": "studiojenna",
    "segment": "Previously Active Listeners"
  },
  {
    "artistName": "renewwed",
    "segment": "Previously Active Listeners"
  },
  {
    "artistName": "Muhamadou Salieu Suso",
    "segment": "Previously Active Listeners"
  },
  {
    "artistName": "Kadim Al Sahir",
    "segment": "Previously Active Listeners"
  },
  {
    "artistName": "Cheb Azzedine",
    "segment": "Previously Active Listeners"
  },
  {
    "artistName": "The Kid LAROI",
    "segment": "Previously Active Listeners"
  },
  {
    "artistName": "Nancy Ajram",
    "segment": "Previously Active Listeners"
  },
  {
    "artistName": "j-hope",
    "segment": "Previously Active Listeners"
  },
  {
    "artistName": "Mac Miller",
    "segment": "Previously Active Listeners"
  },
  {
    "artistName": "Bob Marley & The Wailers",
    "segment": "Previously Active Listeners"
  },
  {
    "artistName": "Lana Del Rey",
    "segment": "Previously Active Listeners"
  },
  {
    "artistName": "J. Cole",
    "segment": "Previously Active Listeners"
  },
  {
    "artistName": "Niccolò Paganini",
    "segment": "Previously Active Listeners"
  },
  {
    "artistName": "Halsey",
    "segment": "Previously Active Listeners"
  },
  {
    "artistName": "Antoine Massaad",
    "segment": "Previously Active Listeners"
  },
  {
    "artistName": "Muslim",
    "segment": "Previously Active Listeners"
  },
  {
    "artistName": "Various Artists",
    "segment": "Previously Active Listeners"
  },
  {
    "artistName": "Kafon",
    "segment": "Previously Active Listeners"
  },
  {
    "artistName": "طارق العربي طرقان",
    "segment": "Previously Active Listeners"
  },
  {
    "artistName": "Jaylann",
    "segment": "Previously Active Listeners"
  },
  {
    "artistName": "Leil",
    "segment": "Previously Active Listeners"
  },
  {
    "artistName": "Lina Guessoussi",
    "segment": "Previously Active Listeners"
  },
  {
    "artistName": "Bachir Zairi",
    "segment": "Previously Active Listeners"
  },
  {
    "artistName": "Kim Petras",
    "segment": "Previously Active Listeners"
  },
  {
    "artistName": "sped up + slowed",
    "segment": "Previously Active Listeners"
  },
  {
    "artistName": "Shaw",
    "segment": "Previously Active Listeners"
  },
  {
    "artistName": "Playboi Carti",
    "segment": "Previously Active Listeners"
  },
  {
    "artistName": "Lemhllwess",
    "segment": "Previously Active Listeners"
  },
  {
    "artistName": "Libianca",
    "segment": "Previously Active Listeners"
  },
  {
    "artistName": "Jonathan Roy",
    "segment": "Previously Active Listeners"
  },
  {
    "artistName": "Mahmoud El Leithy",
    "segment": "Previously Active Listeners"
  },
  {
    "artistName": "Amanda Reifer",
    "segment": "Previously Active Listeners"
  },
  {
    "artistName": "Demon324",
    "segment": "Previously Active Listeners"
  },
  {
    "artistName": "Islam Sobhy",
    "segment": "Previously Active Listeners"
  },
  {
    "artistName": "Sia",
    "segment": "Previously Active Listeners"
  },
  {
    "artistName": "David Guetta",
    "segment": "Previously Active Listeners"
  },
  {
    "artistName": "Raid",
    "segment": "Previously Active Listeners"
  },
  {
    "artistName": "Freeze corleone",
    "segment": "Previously Active Listeners"
  },
  {
    "artistName": "Beyoncé",
    "segment": "Previously Active Listeners"
  },
  {
    "artistName": "Daft Punk",
    "segment": "Previously Active Listeners"
  },
  {
    "artistName": "Wadih El Safi",
    "segment": "Previously Active Listeners"
  },
  {
    "artistName": "Issam Alnajjar",
    "segment": "Previously Active Listeners"
  },
  {
    "artistName": "Chaos333",
    "segment": "Previously Active Listeners"
  },
  {
    "artistName": "Xcep",
    "segment": "Light listeners"
  },
  {
    "artistName": "Yehudi Menuhin",
    "segment": "Previously Active Listeners"
  },
  {
    "artistName": "Wiz Khalifa",
    "segment": "Previously Active Listeners"
  },
  {
    "artistName": "Ali Loka",
    "segment": "Previously Active Listeners"
  },
  {
    "artistName": "Ethan Bortnick",
    "segment": "Previously Active Listeners"
  },
  {
    "artistName": "Mohamed Lamine",
    "segment": "Previously Active Listeners"
  },
  {
    "artistName": "AnnenMayKantereit",
    "segment": "Previously Active Listeners"
  },
  {
    "artistName": "Umm Kulthum",
    "segment": "Previously Active Listeners"
  },
  {
    "artistName": "Gibran Alcocer",
    "segment": "Previously Active Listeners"
  },
  {
    "artistName": "Inkonnu",
    "segment": "Moderate listeners"
  },
  {
    "artistName": "Type Beat",
    "segment": "Previously Active Listeners"
  },
  {
    "artistName": "ONZY",
    "segment": "Previously Active Listeners"
  },
  {
    "artistName": "Ellai",
    "segment": "Previously Active Listeners"
  },
  {
    "artistName": "Little Sis Nora",
    "segment": "Previously Active Listeners"
  },
  {
    "artistName": "Dub Princess",
    "segment": "Previously Active Listeners"
  },
  {
    "artistName": "Mounim Slimani",
    "segment": "Previously Active Listeners"
  },
  {
    "artistName": "Shadia",
    "segment": "Previously Active Listeners"
  },
  {
    "artistName": "Fat Mizzo",
    "segment": "Previously Active Listeners"
  },
  {
    "artistName": "Reda Taliani",
    "segment": "Light listeners"
  },
  {
    "artistName": "Cheb Hasni",
    "segment": "Previously Active Listeners"
  },
  {
    "artistName": "Jacques Brel",
    "segment": "Previously Active Listeners"
  },
  {
    "artistName": "Mobydick",
    "segment": "Previously Active Listeners"
  },
  {
    "artistName": "Jayda G",
    "segment": "Previously Active Listeners"
  },
  {
    "artistName": "Chris Stapleton",
    "segment": "Previously Active Listeners"
  },
  {
    "artistName": "Boyce Avenue",
    "segment": "Previously Active Listeners"
  },
  {
    "artistName": "Cheb Bilal",
    "segment": "Previously Active Listeners"
  },
  {
    "artistName": "Future",
    "segment": "Previously Active Listeners"
  },
  {
    "artistName": "Grelmos",
    "segment": "Previously Active Listeners"
  },
  {
    "artistName": "Luis Fernando Pérez",
    "segment": "Previously Active Listeners"
  },
  {
    "artistName": "mehro",
    "segment": "Previously Active Listeners"
  },
  {
    "artistName": "Buddha-Bar",
    "segment": "Previously Active Listeners"
  },
  {
    "artistName": "Aesop Rock",
    "segment": "Previously Active Listeners"
  },
  {
    "artistName": "LP",
    "segment": "Previously Active Listeners"
  },
  {
    "artistName": "Stop Light Observations",
    "segment": "Previously Active Listeners"
  },
  {
    "artistName": "Babylone",
    "segment": "Previously Active Listeners"
  },
  {
    "artistName": "Josh Vietti",
    "segment": "Previously Active Listeners"
  },
  {
    "artistName": "21 Tach",
    "segment": "Previously Active Listeners"
  },
  {
    "artistName": "Vortex",
    "segment": "Previously Active Listeners"
  },
  {
    "artistName": "Ty Dolla $ign",
    "segment": "Previously Active Listeners"
  },
  {
    "artistName": "Disciples",
    "segment": "Previously Active Listeners"
  },
  {
    "artistName": "Macklemore",
    "segment": "Previously Active Listeners"
  },
  {
    "artistName": "Zeina",
    "segment": "Previously Active Listeners"
  },
  {
    "artistName": "Sary Hany",
    "segment": "Previously Active Listeners"
  },
  {
    "artistName": "Lisa Pariente",
    "segment": "Previously Active Listeners"
  },
  {
    "artistName": "Houssainy",
    "segment": "Previously Active Listeners"
  },
  {
    "artistName": "Bo9al",
    "segment": "Previously Active Listeners"
  },
  {
    "artistName": "Sherine",
    "segment": "Previously Active Listeners"
  },
  {
    "artistName": "Laurence Oldak",
    "segment": "Previously Active Listeners"
  },
  {
    "artistName": "Ted Jasper",
    "segment": "Previously Active Listeners"
  },
  {
    "artistName": "Janusz Olejniczak",
    "segment": "Previously Active Listeners"
  },
  {
    "artistName": "Madonna",
    "segment": "Previously Active Listeners"
  },
  {
    "artistName": "Radical Face",
    "segment": "Previously Active Listeners"
  },
  {
    "artistName": "Shayfeen",
    "segment": "Previously Active Listeners"
  },
  {
    "artistName": "Balti",
    "segment": "Previously Active Listeners"
  },
  {
    "artistName": "Mehdi Mozayine",
    "segment": "Previously Active Listeners"
  },
  {
    "artistName": "Lil Wayne",
    "segment": "Previously Active Listeners"
  },
  {
    "artistName": "Khaled",
    "segment": "Light listeners"
  },
  {
    "artistName": "8D sped up viral audios",
    "segment": "Previously Active Listeners"
  },
  {
    "artistName": "Dutch Melrose",
    "segment": "Previously Active Listeners"
  },
  {
    "artistName": "Martin Lubenov",
    "segment": "Previously Active Listeners"
  },
  {
    "artistName": "capella",
    "segment": "Previously Active Listeners"
  },
  {
    "artistName": "Xanemusic",
    "segment": "Previously Active Listeners"
  },
  {
    "artistName": "Nessyou",
    "segment": "Previously Active Listeners"
  },
  {
    "artistName": "Johann Pachelbel",
    "segment": "Previously Active Listeners"
  },
  {
    "artistName": "Adam",
    "segment": "Previously Active Listeners"
  },
  {
    "artistName": "Leto",
    "segment": "Moderate listeners"
  },
  {
    "artistName": "Lbenj",
    "segment": "Previously Active Listeners"
  },
  {
    "artistName": "Samuel Barber",
    "segment": "Previously Active Listeners"
  },
  {
    "artistName": "KAROL G",
    "segment": "Previously Active Listeners"
  },
  {
    "artistName": "Nej",
    "segment": "Previously Active Listeners"
  },
  {
    "artistName": "Ouzzy",
    "segment": "Previously Active Listeners"
  },
  {
    "artistName": "LFERDA",
    "segment": "Previously Active Listeners"
  },
  {
    "artistName": "Sipo",
    "segment": "Light listeners"
  },
  {
    "artistName": "Quatrehuit",
    "segment": "Previously Active Listeners"
  },
  {
    "artistName": "Tom Jones",
    "segment": "Previously Active Listeners"
  },
  {
    "artistName": "Rodrigo Amarante",
    "segment": "Previously Active Listeners"
  },
  {
    "artistName": "¥$",
    "segment": "Previously Active Listeners"
  },
  {
    "artistName": "Adrenaline",
    "segment": "Previously Active Listeners"
  },
  {
    "artistName": "Wegz",
    "segment": "Previously Active Listeners"
  },
  {
    "artistName": "Asmae",
    "segment": "Previously Active Listeners"
  },
  {
    "artistName": "Mocci",
    "segment": "Previously Active Listeners"
  },
  {
    "artistName": "Richard Wagner",
    "segment": "Previously Active Listeners"
  },
  {
    "artistName": "Drake",
    "segment": "Previously Active Listeners"
  },
  {
    "artistName": "Ghali",
    "segment": "Previously Active Listeners"
  },
  {
    "artistName": "Lil Kapow",
    "segment": "Previously Active Listeners"
  },
  {
    "artistName": "Hiko",
    "segment": "Previously Active Listeners"
  },
  {
    "artistName": "accelerate",
    "segment": "Previously Active Listeners"
  },
  {
    "artistName": "Radiohead",
    "segment": "Previously Active Listeners"
  },
  {
    "artistName": "Tory Lanez",
    "segment": "Previously Active Listeners"
  },
  {
    "artistName": "Nouvo",
    "segment": "Previously Active Listeners"
  },
  {
    "artistName": "Cheba Warda",
    "segment": "Previously Active Listeners"
  },
  {
    "artistName": "Kiesza",
    "segment": "Previously Active Listeners"
  },
  {
    "artistName": "Jazzta Prasta",
    "segment": "Previously Active Listeners"
  },
  {
    "artistName": "ISSAM",
    "segment": "Previously Active Listeners"
  },
  {
    "artistName": "Todd Edwards",
    "segment": "Previously Active Listeners"
  },
  {
    "artistName": "MF DOOM",
    "segment": "Previously Active Listeners"
  },
  {
    "artistName": "Wolfgang Amadeus Mozart",
    "segment": "Previously Active Listeners"
  },
  {
    "artistName": "Zamdane",
    "segment": "Light listeners"
  },
  {
    "artistName": "Em Beihold",
    "segment": "Previously Active Listeners"
  },
  {
    "artistName": "Ragheb Alama",
    "segment": "Previously Active Listeners"
  },
  {
    "artistName": "Lana Lubany",
    "segment": "Previously Active Listeners"
  },
  {
    "artistName": "Dame Civile",
    "segment": "Previously Active Listeners"
  },
  {
    "artistName": "Relaxing Music for Stress Relief",
    "segment": "Previously Active Listeners"
  },
  {
    "artistName": "Joaquín Rodrigo",
    "segment": "Previously Active Listeners"
  },
  {
    "artistName": "Luis Bacalov",
    "segment": "Previously Active Listeners"
  },
  {
    "artistName": "Dua Lipa",
    "segment": "Previously Active Listeners"
  },
  {
    "artistName": "Foljad",
    "segment": "Previously Active Listeners"
  },
  {
    "artistName": "Arcane",
    "segment": "Previously Active Listeners"
  },
  {
    "artistName": "Massar Egbari",
    "segment": "Previously Active Listeners"
  },
  {
    "artistName": "Arrested Youth",
    "segment": "Previously Active Listeners"
  },
  {
    "artistName": "Simon Wynberg",
    "segment": "Previously Active Listeners"
  },
  {
    "artistName": "Jon Bellion",
    "segment": "Previously Active Listeners"
  },
  {
    "artistName": "White Gold",
    "segment": "Previously Active Listeners"
  },
  {
    "artistName": "Game Over",
    "segment": "Previously Active Listeners"
  },
  {
    "artistName": "Ivan B",
    "segment": "Previously Active Listeners"
  },
  {
    "artistName": "Ghazir",
    "segment": "Previously Active Listeners"
  },
  {
    "artistName": "Angèle",
    "segment": "Previously Active Listeners"
  },
  {
    "artistName": "Summer Walker",
    "segment": "Previously Active Listeners"
  },
  {
    "artistName": "JP Cooper",
    "segment": "Previously Active Listeners"
  },
  {
    "artistName": "Dhurata Dora",
    "segment": "Previously Active Listeners"
  },
  {
    "artistName": "Ramoon",
    "segment": "Previously Active Listeners"
  },
  {
    "artistName": "Bnxn",
    "segment": "Previously Active Listeners"
  },
  {
    "artistName": "21 Savage",
    "segment": "Previously Active Listeners"
  },
  {
    "artistName": "Portugal. The Man",
    "segment": "Previously Active Listeners"
  },
  {
    "artistName": "OUENZA",
    "segment": "Previously Active Listeners"
  },
  {
    "artistName": "Dada",
    "segment": "Previously Active Listeners"
  },
  {
    "artistName": "Ludwig van Beethoven",
    "segment": "Previously Active Listeners"
  },
  {
    "artistName": "Hijazi",
    "segment": "Previously Active Listeners"
  },
  {
    "artistName": "Abu",
    "segment": "Previously Active Listeners"
  },
  {
    "artistName": "Florian Christl",
    "segment": "Previously Active Listeners"
  },
  {
    "artistName": "2Pac",
    "segment": "Previously Active Listeners"
  },
  {
    "artistName": "London Philharmonic Choir",
    "segment": "Previously Active Listeners"
  },
  {
    "artistName": "Mikhail Pletnev",
    "segment": "Previously Active Listeners"
  },
  {
    "artistName": "Lord Mehdi",
    "segment": "Previously Active Listeners"
  },
  {
    "artistName": "Mr. Crazy",
    "segment": "Previously Active Listeners"
  },
  {
    "artistName": "John Williams",
    "segment": "Previously Active Listeners"
  },
  {
    "artistName": "Lil Makaveli",
    "segment": "Previously Active Listeners"
  },
  {
    "artistName": "Fayçal Azizi",
    "segment": "Previously Active Listeners"
  },
  {
    "artistName": "Eminem",
    "segment": "Previously Active Listeners"
  },
  {
    "artistName": "Oum",
    "segment": "Previously Active Listeners"
  },
  {
    "artistName": "Santana",
    "segment": "Previously Active Listeners"
  },
  {
    "artistName": "Pascal Amoyel",
    "segment": "Previously Active Listeners"
  },
  {
    "artistName": "L7or",
    "segment": "Previously Active Listeners"
  },
  {
    "artistName": "Rubio",
    "segment": "Previously Active Listeners"
  },
  {
    "artistName": "Little Simz",
    "segment": "Previously Active Listeners"
  },
  {
    "artistName": "Ilmond",
    "segment": "Previously Active Listeners"
  },
  {
    "artistName": "Ihab Amir",
    "segment": "Previously Active Listeners"
  },
  {
    "artistName": "SZA",
    "segment": "Previously Active Listeners"
  },
  {
    "artistName": "Soufiane Az",
    "segment": "Previously Active Listeners"
  },
  {
    "artistName": "Llaurensy",
    "segment": "Previously Active Listeners"
  },
  {
    "artistName": "Mini RTTCLAN",
    "segment": "Previously Active Listeners"
  },
  {
    "artistName": "Milfaya",
    "segment": "Previously Active Listeners"
  },
  {
    "artistName": "Drizzy",
    "segment": "Previously Active Listeners"
  },
  {
    "artistName": "Moisés Nieto",
    "segment": "Previously Active Listeners"
  },
  {
    "artistName": "Majida El Roumi",
    "segment": "Previously Active Listeners"
  },
  {
    "artistName": "Hozier",
    "segment": "Previously Active Listeners"
  },
  {
    "artistName": "Sade",
    "segment": "Previously Active Listeners"
  },
  {
    "artistName": "Hajar Adnane",
    "segment": "Previously Active Listeners"
  },
  {
    "artistName": "Coldplay",
    "segment": "Previously Active Listeners"
  },
  {
    "artistName": "Kadim Al Sahir",
    "segment": "Previously Active Listeners"
  },
  {
    "artistName": "Emmanuelle Bertrand",
    "segment": "Previously Active Listeners"
  },
  {
    "artistName": "Beverley Craven",
    "segment": "Previously Active Listeners"
  },
  {
    "artistName": "Bouabdela Himoune",
    "segment": "Previously Active Listeners"
  },
  {
    "artistName": "ROSALÍA",
    "segment": "Previously Active Listeners"
  },
  {
    "artistName": "Amanda Mancini",
    "segment": "Previously Active Listeners"
  },
  {
    "artistName": "LS",
    "segment": "Previously Active Listeners"
  },
  {
    "artistName": "Baroque Festival Orchestra",
    "segment": "Previously Active Listeners"
  },
  {
    "artistName": "Bebe Rexha",
    "segment": "Previously Active Listeners"
  },
  {
    "artistName": "Mboogz",
    "segment": "Previously Active Listeners"
  },
  {
    "artistName": "Chaba Fadela",
    "segment": "Previously Active Listeners"
  },
  {
    "artistName": "Rita Kamale",
    "segment": "Previously Active Listeners"
  },
  {
    "artistName": "Edvard Grieg",
    "segment": "Previously Active Listeners"
  },
  {
    "artistName": "mgk",
    "segment": "Previously Active Listeners"
  },
  {
    "artistName": "slō",
    "segment": "Previously Active Listeners"
  },
  {
    "artistName": "Nile Rodgers",
    "segment": "Previously Active Listeners"
  },
  {
    "artistName": "Smallx",
    "segment": "Light listeners"
  },
  {
    "artistName": "Catherine Bremen",
    "segment": "Previously Active Listeners"
  },
  {
    "artistName": "Billie Eilish",
    "segment": "Light listeners"
  },
  {
    "artistName": "Tamer Hosny",
    "segment": "Previously Active Listeners"
  },
  {
    "artistName": "pearl",
    "segment": "Previously Active Listeners"
  },
  {
    "artistName": "Roar",
    "segment": "Previously Active Listeners"
  },
  {
    "artistName": "Rachid Taha",
    "segment": "Previously Active Listeners"
  },
  {
    "artistName": "DJ Belite",
    "segment": "Previously Active Listeners"
  },
  {
    "artistName": "Kouz1",
    "segment": "Previously Active Listeners"
  },
  {
    "artistName": "Damso",
    "segment": "Previously Active Listeners"
  },
  {
    "artistName": "SYML",
    "segment": "Previously Active Listeners"
  },
  {
    "artistName": "Shuga",
    "segment": "Previously Active Listeners"
  },
  {
    "artistName": "The Neighbourhood",
    "segment": "Previously Active Listeners"
  },
  {
    "artistName": "Aminux",
    "segment": "Previously Active Listeners"
  },
  {
    "artistName": "Cheba Warda Charlomanti",
    "segment": "Previously Active Listeners"
  },
  {
    "artistName": "Idrissi",
    "segment": "Previously Active Listeners"
  },
  {
    "artistName": "Hind Ziadi",
    "segment": "Previously Active Listeners"
  },
  {
    "artistName": "Faraj Suleiman",
    "segment": "Previously Active Listeners"
  },
  {
    "artistName": "Flenn",
    "segment": "Previously Active Listeners"
  },
  {
    "artistName": "Queen",
    "segment": "Previously Active Listeners"
  },
  {
    "artistName": "8ird",
    "segment": "Previously Active Listeners"
  },
  {
    "artistName": "Manal",
    "segment": "Previously Active Listeners"
  },
  {
    "artistName": "Rondodasosa",
    "segment": "Previously Active Listeners"
  },
  {
    "artistName": "Cheb Fathi",
    "segment": "Previously Active Listeners"
  },
  {
    "artistName": "Keith Power",
    "segment": "Previously Active Listeners"
  },
  {
    "artistName": "Parkwood",
    "segment": "Previously Active Listeners"
  },
  {
    "artistName": "Mc Menor Do Alvorada",
    "segment": "Previously Active Listeners"
  },
  {
    "artistName": "Agatino Romero",
    "segment": "Previously Active Listeners"
  },
  {
    "artistName": "Pharrell Williams",
    "segment": "Previously Active Listeners"
  },
  {
    "artistName": "Al Green",
    "segment": "Previously Active Listeners"
  }
]