[
  {
    "endTime" : "2023-12-09 07:08",
    "podcastName" : "Dir Lkit - دير الكيت",
    "episodeName" : "الجثة المفقودة (قصة المهدي بن بركة) : الجزء الثاني",
    "msPlayed" : 1841525
  },
  {
    "endTime" : "2023-12-11 08:59",
    "podcastName" : "Dir Lkit - دير الكيت",
    "episodeName" : "CIA Secrets أسرار من داخل جهاز المخابرات الأمريكية وفضيحة برنامج التعـذيب",
    "msPlayed" : 213640
  },
  {
    "endTime" : "2023-12-11 10:00",
    "podcastName" : "Dir Lkit - دير الكيت",
    "episodeName" : "CIA Secrets أسرار من داخل جهاز المخابرات الأمريكية وفضيحة برنامج التعـذيب",
    "msPlayed" : 2123260
  },
  {
    "endTime" : "2023-12-11 10:38",
    "podcastName" : "Dir Lkit - دير الكيت",
    "episodeName" : "الجثة المفقودة (قصة المهدي بن بركة) : الجزء الأخير",
    "msPlayed" : 2252173
  },
  {
    "endTime" : "2023-12-11 10:40",
    "podcastName" : "Dir Lkit - دير الكيت",
    "episodeName" : "CIA Secrets أسرار من داخل جهاز المخابرات الأمريكية وفضيحة برنامج التعـذيب",
    "msPlayed" : 129982
  },
  {
    "endTime" : "2023-12-12 10:39",
    "podcastName" : "The Sleep Zone Podcast",
    "episodeName" : "Focus Music for Work and Studying, Background Music for Concentration, Study Music",
    "msPlayed" : 128330
  },
  {
    "endTime" : "2023-12-13 08:03",
    "podcastName" : "Dir Lkit - دير الكيت",
    "episodeName" : "الجثة المفقودة (قصة المهدي بن بركة) : الجزء الأخير",
    "msPlayed" : 14770
  },
  {
    "endTime" : "2023-12-13 08:35",
    "podcastName" : "Dir Lkit - دير الكيت",
    "episodeName" : "حوار مع منقذ الحسن الثاني من انقلاب الصخيرات",
    "msPlayed" : 1924446
  },
  {
    "endTime" : "2023-12-13 10:01",
    "podcastName" : "Dir Lkit - دير الكيت",
    "episodeName" : "الجثة المفقودة (قصة المهدي بن بركة) : الجزء الأخير",
    "msPlayed" : 111853
  },
  {
    "endTime" : "2023-12-18 20:53",
    "podcastName" : "Dir Lkit - دير الكيت",
    "episodeName" : "CIA Secrets أسرار من داخل جهاز المخابرات الأمريكية وفضيحة برنامج التعـذيب",
    "msPlayed" : 121860
  },
  {
    "endTime" : "2023-12-19 23:12",
    "podcastName" : "Dir Lkit - دير الكيت",
    "episodeName" : "الطاغية صدام حسين",
    "msPlayed" : 11285
  },
  {
    "endTime" : "2023-12-19 23:30",
    "podcastName" : "Dir Lkit - دير الكيت",
    "episodeName" : "مذبحة المرج : من أقبح الجرائم في تاريخ مصر",
    "msPlayed" : 1096100
  },
  {
    "endTime" : "2023-12-23 09:40",
    "podcastName" : "بودكاست ألف ليلة وليلة",
    "episodeName" : "الليلة التاسعة عشرة: حكاية الصبية والتفاح وريحان العبد - الجزء الثاني وحكاية نور الدين مع أخيه شمس الدين",
    "msPlayed" : 1141566
  },
  {
    "endTime" : "2023-12-23 10:32",
    "podcastName" : "بودكاست ألف ليلة وليلة",
    "episodeName" : "الليلة التاسعة عشرة: حكاية الصبية والتفاح وريحان العبد - الجزء الثاني وحكاية نور الدين مع أخيه شمس الدين",
    "msPlayed" : 2850
  },
  {
    "endTime" : "2024-01-06 00:47",
    "podcastName" : "العربي باطما : الألم ~ أيام المحنة والمعاناة مع المرض القبيح",
    "episodeName" : "العربي باطما : الألم ~ أيام المحنة والمعاناة مع المرض القبيح",
    "msPlayed" : 7141
  },
  {
    "endTime" : "2024-01-08 01:03",
    "podcastName" : "DIR L'KIT PODCAST",
    "episodeName" : "الجزء الأول ~ OVERDOSE",
    "msPlayed" : 3480
  },
  {
    "endTime" : "2024-01-08 11:29",
    "podcastName" : "DIR L'KIT PODCAST",
    "episodeName" : "الجزء الأول ~ OVERDOSE",
    "msPlayed" : 3002
  },
  {
    "endTime" : "2024-01-12 02:28",
    "podcastName" : "الدحيح بودكاست",
    "episodeName" : "مانشستر يونايتد | الدحيح بودكاست ",
    "msPlayed" : 746806
  },
  {
    "endTime" : "2024-01-12 10:33",
    "podcastName" : "الدحيح بودكاست",
    "episodeName" : "مانشستر يونايتد | الدحيح بودكاست ",
    "msPlayed" : 4481
  },
  {
    "endTime" : "2024-01-12 10:34",
    "podcastName" : "الدحيح بودكاست",
    "episodeName" : "أميتاب باتشان | Bonus ",
    "msPlayed" : 700
  },
  {
    "endTime" : "2024-01-12 10:34",
    "podcastName" : "الدحيح بودكاست",
    "episodeName" : "الكيتو - حلقة ذهبية | الدحيح بودكاست",
    "msPlayed" : 6732
  },
  {
    "endTime" : "2024-01-12 10:34",
    "podcastName" : "الدحيح بودكاست",
    "episodeName" : "المقالب | الدحيح بودكاست",
    "msPlayed" : 2347
  },
  {
    "endTime" : "2024-01-25 03:16",
    "podcastName" : "قصص الأنبياء",
    "episodeName" : "قصة سيدنا آدم علية السلام",
    "msPlayed" : 1504140
  },
  {
    "endTime" : "2024-01-25 04:17",
    "podcastName" : "قصص الأنبياء",
    "episodeName" : "قصة سيدنا آدم علية السلام",
    "msPlayed" : 3380
  },
  {
    "endTime" : "2024-01-26 02:34",
    "podcastName" : "أنبياء",
    "episodeName" : "أول المخلوقات في العالم: قصة مؤثرة!",
    "msPlayed" : 802272
  },
  {
    "endTime" : "2024-01-26 02:42",
    "podcastName" : "أنبياء",
    "episodeName" : "بداية الكون: ماذا بعد الإنفجار العظيم؟",
    "msPlayed" : 476290
  },
  {
    "endTime" : "2024-01-26 02:58",
    "podcastName" : "أنبياء",
    "episodeName" : "النبي يونس والحوت: من هو؟",
    "msPlayed" : 949707
  },
  {
    "endTime" : "2024-01-26 03:13",
    "podcastName" : "أنبياء",
    "episodeName" : "النبي أيوب: تعرّفوا عليه!",
    "msPlayed" : 675389
  },
  {
    "endTime" : "2024-01-29 12:24",
    "podcastName" : "Saailam سعي وسلام",
    "episodeName" : "01 من أين ابدأ؟",
    "msPlayed" : 32197
  },
  {
    "endTime" : "2024-01-29 12:32",
    "podcastName" : "قبسات من حياة الأنبياء",
    "episodeName" : "محمد",
    "msPlayed" : 5333
  },
  {
    "endTime" : "2024-01-29 12:32",
    "podcastName" : "أنبياء",
    "episodeName" : "قوم سيدنا نوح وعبادة الأصنام",
    "msPlayed" : 61063
  },
  {
    "endTime" : "2024-01-29 12:35",
    "podcastName" : "Kasem",
    "episodeName" : "جيفري إبستين و جزيرة الجنس هي البداية وبس :)",
    "msPlayed" : 389
  },
  {
    "endTime" : "2024-01-29 12:35",
    "podcastName" : "SOULIMA - سوليما",
    "episodeName" : "EVERYTHING EVERYWHERE ALL AT ONCE || سر النجاح؟",
    "msPlayed" : 58922
  },
  {
    "endTime" : "2024-01-29 12:39",
    "podcastName" : "الدحيح بودكاست",
    "episodeName" : "فلسطين | حكاية الأرض - حلقة ذهبية | الدحيح بودكاست",
    "msPlayed" : 264055
  },
  {
    "endTime" : "2024-01-29 12:40",
    "podcastName" : "Traumancem3aya",
    "episodeName" : "EP1.Childhood Trauma - صدمات الطفولة",
    "msPlayed" : 36413
  },
  {
    "endTime" : "2024-01-29 12:40",
    "podcastName" : "Real Talk with Oumaima Lou",
    "episodeName" : "Overthinking fl Mawa9if l2ijtima3ia ",
    "msPlayed" : 182
  },
  {
    "endTime" : "2024-01-29 12:45",
    "podcastName" : "Psychology Unplugged",
    "episodeName" : "Social Anxiety Disorder",
    "msPlayed" : 21464
  },
  {
    "endTime" : "2024-01-29 12:45",
    "podcastName" : "رحلة الصحة النفسية - بالعربي psychiatry",
    "episodeName" : "القلق الاجتماعي و نوبات الهلع Social Anxiety & Panic attacks",
    "msPlayed" : 269098
  },
  {
    "endTime" : "2024-01-29 12:50",
    "podcastName" : "Nafs and Mic - نفس و مايك",
    "episodeName" : "الرهاب أو القلق الإجتماعي ,أسبابه و طرق علاجه",
    "msPlayed" : 197920
  },
  {
    "endTime" : "2024-01-29 13:07",
    "podcastName" : "حبر الذاكرة",
    "episodeName" : "11 أيلول .. أصداء الحادثة في أفغانستان - عبد السلام ضعيف",
    "msPlayed" : 1019423
  },
  {
    "endTime" : "2024-01-29 13:13",
    "podcastName" : "Touil Talks",
    "episodeName" : "مع عماد فواز : الربيع العربي | أحداث مصر | الجزائر و سرقة التراث المغربي | إيران و السعودية",
    "msPlayed" : 352142
  },
  {
    "endTime" : "2024-01-29 13:18",
    "podcastName" : "Touil Talks",
    "episodeName" : "الحلقة الأخيرة مع محمد طلال لحلو : اليهود و الصراع العربي الإسرائيلي | دول البريكس | التداول",
    "msPlayed" : 32599
  },
  {
    "endTime" : "2024-01-29 13:18",
    "podcastName" : "الحلم المغربي",
    "episodeName" : "#9 سمع لهاد الحلقة إذا معارفش شنو دير فحياتك مع علي حارتي",
    "msPlayed" : 28563
  },
  {
    "endTime" : "2024-01-29 13:20",
    "podcastName" : "الحلم المغربي",
    "episodeName" : "#7 الاستثمار في المعلومة مع رضى فيلالي",
    "msPlayed" : 117116
  },
  {
    "endTime" : "2024-01-29 13:22",
    "podcastName" : "الحلم المغربي",
    "episodeName" : "#8 واليدينا عمرهم هضرو لينا على الحب و العلاقات مع الزهيد عبد الرحمان",
    "msPlayed" : 7978
  },
  {
    "endTime" : "2024-01-29 13:27",
    "podcastName" : "Nafs and Mic - نفس و مايك",
    "episodeName" : "الصحة النفسية بين المائدة و العقل",
    "msPlayed" : 339456
  },
  {
    "endTime" : "2024-02-27 05:35",
    "podcastName" : "موسوعة الكتب الصوتية",
    "episodeName" : "رواية المادة السوداء | بليك كراوتش",
    "msPlayed" : 459214
  },
  {
    "endTime" : "2024-02-27 05:36",
    "podcastName" : "mp33book",
    "episodeName" : "المادة السوداء",
    "msPlayed" : 23540
  },
  {
    "endTime" : "2024-02-27 05:36",
    "podcastName" : "Reda Pill",
    "episodeName" : "اسباب جعلتها ترفضك بعد مؤشرات الإعجاب Reda Pill",
    "msPlayed" : 14742
  },
  {
    "endTime" : "2024-02-27 08:09",
    "podcastName" : "Nafs and Mic - نفس و مايك",
    "episodeName" : "اضطراب ثنائي القطب من الهوس إلى الاكتئاب",
    "msPlayed" : 79120
  },
  {
    "endTime" : "2024-03-05 04:55",
    "podcastName" : "بودكاست بالدارجة Podcast B'ddarija",
    "episodeName" : "الحلقة 1 / حلقة تقديمية",
    "msPlayed" : 81580
  },
  {
    "endTime" : "2024-03-05 14:37",
    "podcastName" : "بودكاست بالدارجة Podcast B'ddarija",
    "episodeName" : "الحلقة 1 / حلقة تقديمية",
    "msPlayed" : 4637
  },
  {
    "endTime" : "2024-03-08 02:59",
    "podcastName" : "الدحيح بودكاست",
    "episodeName" : "خطر الكلب | الدحيح بودكاست",
    "msPlayed" : 804620
  },
  {
    "endTime" : "2024-03-09 23:10",
    "podcastName" : "Rain Sounds - 10 Hour",
    "episodeName" : "Rainy Gutter Run Off - 10 hours for Sleep, Meditation, & Relaxation",
    "msPlayed" : 49530
  },
  {
    "endTime" : "2024-03-10 02:22",
    "podcastName" : "Traumancem3aya",
    "episodeName" : "EP1.Childhood Trauma - صدمات الطفولة",
    "msPlayed" : 191660
  },
  {
    "endTime" : "2024-03-10 03:15",
    "podcastName" : "الدحيح بودكاست",
    "episodeName" : "الغازات | الدحيح بودكاست",
    "msPlayed" : 1308309
  },
  {
    "endTime" : "2024-03-10 03:23",
    "podcastName" : "الدحيح بودكاست",
    "episodeName" : "ليه بنتخن في رمضان؟ | الدحيح بودكاست",
    "msPlayed" : 467470
  },
  {
    "endTime" : "2024-03-11 03:36",
    "podcastName" : "الدحيح بودكاست",
    "episodeName" : "توم وجيري | الدحيح بودكاست",
    "msPlayed" : 288738
  },
  {
    "endTime" : "2024-03-11 05:18",
    "podcastName" : "الدحيح",
    "episodeName" : "الدحيح - شرلوك هولمز مع الجريمة التي لايعلم عنها أحد",
    "msPlayed" : 1605180
  },
  {
    "endTime" : "2024-03-11 19:08",
    "podcastName" : "FIRELUMP TALKING",
    "episodeName" : "3LACH COMEDIA F MGHRIB HAMDA",
    "msPlayed" : 49940
  },
  {
    "endTime" : "2024-03-11 19:54",
    "podcastName" : "FIRELUMP TALKING",
    "episodeName" : "3LACH COMEDIA F MGHRIB HAMDA",
    "msPlayed" : 73441
  },
  {
    "endTime" : "2024-03-12 03:21",
    "podcastName" : "Nafs and Mic - نفس و مايك",
    "episodeName" : "التجنب:عندما يصبح الهروب من الواقع أصعب من مواجهته",
    "msPlayed" : 662480
  },
  {
    "endTime" : "2024-03-12 03:26",
    "podcastName" : "Nafs and Mic - نفس و مايك",
    "episodeName" : "القراءة كقوة خارقة في زمن الحرب و شات جي بي تي",
    "msPlayed" : 282620
  },
  {
    "endTime" : "2024-03-12 13:56",
    "podcastName" : "Nafs and Mic - نفس و مايك",
    "episodeName" : "القراءة كقوة خارقة في زمن الحرب و شات جي بي تي",
    "msPlayed" : 6712
  },
  {
    "endTime" : "2024-03-21 06:27",
    "podcastName" : "الدحيح",
    "episodeName" : "الدحيح - الكيتو",
    "msPlayed" : 1483728
  },
  {
    "endTime" : "2024-03-21 06:42",
    "podcastName" : "الدحيح",
    "episodeName" : "الدحيح - لماذا يرتكب الأذكياء حماقات؟",
    "msPlayed" : 930010
  },
  {
    "endTime" : "2024-03-21 16:21",
    "podcastName" : "الدحيح",
    "episodeName" : "الدحيح - لماذا يرتكب الأذكياء حماقات؟",
    "msPlayed" : 6190
  },
  {
    "endTime" : "2024-03-25 04:23",
    "podcastName" : "Harry Potter and the First Time Readers",
    "episodeName" : "Harry Potter and the Sorcerer's Stone: Ch 1-5",
    "msPlayed" : 18100
  },
  {
    "endTime" : "2024-03-25 04:23",
    "podcastName" : "MWA: Muggles With Attitude",
    "episodeName" : "Harry Potter and the Sorcerer's Stone: Chapters 1-5",
    "msPlayed" : 56680
  },
  {
    "endTime" : "2024-03-25 04:31",
    "podcastName" : "Hogwarts: A Podcast",
    "episodeName" : "Harry Potter and the Sorcerer's Stone - Chapter 1: The Boy Who Lived",
    "msPlayed" : 173040
  },
  {
    "endTime" : "2024-03-25 04:31",
    "podcastName" : "Harry Potter and the sorcerers of stone",
    "episodeName" : "2 peas in a pod",
    "msPlayed" : 26210
  },
  {
    "endTime" : "2024-03-25 05:42",
    "podcastName" : "Harry Potter and The Sorcerers Stone",
    "episodeName" : "Harry Potter and The Sorcerers Stone",
    "msPlayed" : 46920
  },
  {
    "endTime" : "2024-03-26 21:03",
    "podcastName" : "Harry Potter and The Sorcerers Stone",
    "episodeName" : "Harry Potter and The Sorcerers Stone",
    "msPlayed" : 16700
  },
  {
    "endTime" : "2024-04-06 03:52",
    "podcastName" : "بودكاست بالدارجة Podcast B'ddarija",
    "episodeName" : "آخر مراحل الخذلان",
    "msPlayed" : 223210
  },
  {
    "endTime" : "2024-04-27 19:26",
    "podcastName" : "Music UP",
    "episodeName" : "Benson Boone - Beautiful Things (Cancion del dia)",
    "msPlayed" : 10302
  },
  {
    "endTime" : "2024-05-20 23:44",
    "podcastName" : "HealthyGamerGG",
    "episodeName" : "You Need To Stop Taking Things Personally",
    "msPlayed" : 12490
  },
  {
    "endTime" : "2024-05-20 23:50",
    "podcastName" : "HealthyGamerGG",
    "episodeName" : "You Need To Stop Taking Things Personally",
    "msPlayed" : 9860
  },
  {
    "endTime" : "2024-06-11 13:11",
    "podcastName" : "The Sleep Zone Podcast",
    "episodeName" : "4Hrs Relaxing music to rest the mind, stress, anxiety, relax and sleep, body and soul😴Stress Relief",
    "msPlayed" : 15160
  },
  {
    "endTime" : "2024-06-11 13:11",
    "podcastName" : "Rain Sounds - 10 Hour",
    "episodeName" : "Umbrella Rain - 10 hours for Sleep, Meditation, & Relaxation",
    "msPlayed" : 127190
  },
  {
    "endTime" : "2024-07-04 22:55",
    "podcastName" : "الدحيح",
    "episodeName" : "الدحيح - تيتانيك السفينة التي لا تغرق",
    "msPlayed" : 7800
  },
  {
    "endTime" : "2024-07-04 22:55",
    "podcastName" : "الدحيح",
    "episodeName" : "الدحيح - تيتانيك السفينة التي لا تغرق",
    "msPlayed" : 606
  },
  {
    "endTime" : "2024-07-04 22:55",
    "podcastName" : "الدحيح",
    "episodeName" : "الدحيح - تيتانيك السفينة التي لا تغرق",
    "msPlayed" : 9703
  },
  {
    "endTime" : "2024-07-04 22:55",
    "podcastName" : "الدحيح",
    "episodeName" : "الدحيح - روميل ثعلب الصحراء",
    "msPlayed" : 0
  },
  {
    "endTime" : "2024-07-04 23:25",
    "podcastName" : "الدحيح",
    "episodeName" : "الدحيح - تيتانيك السفينة التي لا تغرق",
    "msPlayed" : 1636633
  },
  {
    "endTime" : "2024-07-04 23:26",
    "podcastName" : "الدحيح",
    "episodeName" : "الدحيح - لصوص لكن شرفاء",
    "msPlayed" : 12726
  },
  {
    "endTime" : "2024-07-04 23:51",
    "podcastName" : "الدحيح",
    "episodeName" : "الدحيح - ديزني",
    "msPlayed" : 1303549
  },
  {
    "endTime" : "2024-07-06 00:24",
    "podcastName" : "الدحيح",
    "episodeName" : "الدحيح - روميل ثعلب الصحراء",
    "msPlayed" : 690676
  },
  {
    "endTime" : "2024-07-06 22:41",
    "podcastName" : "الدحيح",
    "episodeName" : "الدحيح - لصوص لكن شرفاء",
    "msPlayed" : 639699
  },
  {
    "endTime" : "2024-07-07 23:16",
    "podcastName" : "الدحيح",
    "episodeName" : "الدحيح - لصوص لكن شرفاء",
    "msPlayed" : 667705
  },
  {
    "endTime" : "2024-07-07 23:32",
    "podcastName" : "الدحيح",
    "episodeName" : "الدحيح - اختفاء طائرة",
    "msPlayed" : 406849
  },
  {
    "endTime" : "2024-07-07 23:48",
    "podcastName" : "الدحيح",
    "episodeName" : "الدحيح - اختفاء طائرة",
    "msPlayed" : 386949
  },
  {
    "endTime" : "2024-07-07 23:51",
    "podcastName" : "الدحيح",
    "episodeName" : "الدحيح - اختفاء طائرة",
    "msPlayed" : 5354
  },
  {
    "endTime" : "2024-07-07 23:57",
    "podcastName" : "الدحيح",
    "episodeName" : "الدحيح - اختفاء طائرة",
    "msPlayed" : 304307
  },
  {
    "endTime" : "2024-07-07 23:57",
    "podcastName" : "الدحيح",
    "episodeName" : "الدحيح - الجمل",
    "msPlayed" : 2600
  },
  {
    "endTime" : "2024-07-08 00:08",
    "podcastName" : "الدحيح",
    "episodeName" : "الدحيح - بيتهوفن",
    "msPlayed" : 17384
  },
  {
    "endTime" : "2024-07-08 00:39",
    "podcastName" : "الدحيح",
    "episodeName" : "الدحيح - ألف ليلة وليلة",
    "msPlayed" : 1807779
  },
  {
    "endTime" : "2024-07-08 23:57",
    "podcastName" : "الدحيح",
    "episodeName" : "الدحيح - بيتهوفن",
    "msPlayed" : 3220
  },
  {
    "endTime" : "2024-07-09 00:02",
    "podcastName" : "الدحيح",
    "episodeName" : "الدحيح - بيتهوفن",
    "msPlayed" : 272520
  },
  {
    "endTime" : "2024-07-15 00:38",
    "podcastName" : "الدحيح",
    "episodeName" : "الدحيح - اختفاء طائرة",
    "msPlayed" : 651381
  },
  {
    "endTime" : "2024-07-15 00:43",
    "podcastName" : "الدحيح",
    "episodeName" : "الدحيح - لصوص لكن شرفاء",
    "msPlayed" : 18362
  },
  {
    "endTime" : "2024-07-15 01:10",
    "podcastName" : "الدحيح",
    "episodeName" : "الدحيح - اختفاء طائرة",
    "msPlayed" : 996937
  },
  {
    "endTime" : "2024-07-15 01:10",
    "podcastName" : "الدحيح",
    "episodeName" : "الدحيح - لصوص لكن شرفاء",
    "msPlayed" : 7396
  },
  {
    "endTime" : "2024-07-15 06:19",
    "podcastName" : "الدحيح",
    "episodeName" : "الدحيح - لصوص لكن شرفاء",
    "msPlayed" : 679155
  },
  {
    "endTime" : "2024-07-22 01:11",
    "podcastName" : "الدحيح",
    "episodeName" : "الدحيح - الماسونية",
    "msPlayed" : 832141
  },
  {
    "endTime" : "2024-07-25 07:56",
    "podcastName" : "الدحيح",
    "episodeName" : "الدحيح - كوكب القرود",
    "msPlayed" : 654580
  },
  {
    "endTime" : "2024-07-25 11:05",
    "podcastName" : "الدحيح",
    "episodeName" : "الدحيح - كوكب القرود",
    "msPlayed" : 7420
  },
  {
    "endTime" : "2024-08-01 13:02",
    "podcastName" : "بودكاست بالدارجة Podcast B'ddarija",
    "episodeName" : "la culpabilité الشعور بالذنب ",
    "msPlayed" : 822960
  },
  {
    "endTime" : "2024-08-01 14:02",
    "podcastName" : "بودكاست بالدارجة Podcast B'ddarija",
    "episodeName" : "la culpabilité الشعور بالذنب ",
    "msPlayed" : 5462
  },
  {
    "endTime" : "2024-08-04 03:55",
    "podcastName" : "قصتي فالحبس",
    "episodeName" : "الحلقة الأولى",
    "msPlayed" : 30730
  },
  {
    "endTime" : "2024-08-04 04:40",
    "podcastName" : "HICHAM NOSTIK ⚛️",
    "episodeName" : "التاريخ بالدارجة - الحلقة 1 - الحرب العالمية الأولى",
    "msPlayed" : 2553420
  },
  {
    "endTime" : "2024-08-04 04:41",
    "podcastName" : "HICHAM NOSTIK ⚛️",
    "episodeName" : "الحلقة الثامنة - غزوة بدر [قبسات من حياة الرسول]",
    "msPlayed" : 44616
  },
  {
    "endTime" : "2024-08-04 15:20",
    "podcastName" : "HICHAM NOSTIK ⚛️",
    "episodeName" : "الحلقة الثامنة - غزوة بدر [قبسات من حياة الرسول]",
    "msPlayed" : 9859
  },
  {
    "endTime" : "2024-08-28 15:59",
    "podcastName" : "Imagining Arc by The Browser Company",
    "episodeName" : "Where are all the new features?",
    "msPlayed" : 43950
  },
  {
    "endTime" : "2024-09-10 02:07",
    "podcastName" : "L'Podcast by Studio Code 30",
    "episodeName" : "Shobee",
    "msPlayed" : 454931
  },
  {
    "endTime" : "2024-09-10 02:28",
    "podcastName" : "Success Addicted Podcast with the voice of Earl Nightingale ; Napoleon Hill ; Jim Rohn and many more",
    "episodeName" : "How To Start Working On Your Goals and Visions, Even If You Don't Like This (Proven Strategies and Hacks) | Jim Rohn",
    "msPlayed" : 41164
  },
  {
    "endTime" : "2024-09-10 02:38",
    "podcastName" : "Real Talk with Oumaima Lou",
    "episodeName" : "Overthinking fl Mawa9if l2ijtima3ia ",
    "msPlayed" : 22796
  },
  {
    "endTime" : "2024-09-10 02:41",
    "podcastName" : "The Joe Rogan Experience",
    "episodeName" : "#2181 - Alan Graham",
    "msPlayed" : 7461
  },
  {
    "endTime" : "2024-09-10 07:47",
    "podcastName" : "The Rich Roll Podcast",
    "episodeName" : "Psychiatrist Dr. Daniel Amen On All Things Brain Health, Dementia, Alzheimer’s & ADHD",
    "msPlayed" : 733180
  },
  {
    "endTime" : "2024-09-11 01:48",
    "podcastName" : "Imagining Arc by The Browser Company",
    "episodeName" : "Three product decisions and one big question",
    "msPlayed" : 1069714
  },
  {
    "endTime" : "2024-09-11 01:50",
    "podcastName" : "Imagining Arc by The Browser Company",
    "episodeName" : "Where are all the new features?",
    "msPlayed" : 129225
  },
  {
    "endTime" : "2024-09-15 18:14",
    "podcastName" : "Imagining Arc by The Browser Company",
    "episodeName" : "Describing Arc’s value and service",
    "msPlayed" : 679758
  },
  {
    "endTime" : "2024-09-15 18:16",
    "podcastName" : "The Rich Roll Podcast",
    "episodeName" : "The 5 Stages Of The Heart: Science-Backed Practices To Empower Your Thoughts, Balance Your Emotions, And Unlock Vibrant Health",
    "msPlayed" : 26879
  },
  {
    "endTime" : "2024-09-15 18:23",
    "podcastName" : "Imagining Arc by The Browser Company",
    "episodeName" : "Repositioning the entire company towards one goal",
    "msPlayed" : 171337
  },
  {
    "endTime" : "2024-09-16 00:21",
    "podcastName" : "Imagining Arc by The Browser Company",
    "episodeName" : "Repositioning the entire company towards one goal",
    "msPlayed" : 4903
  },
  {
    "endTime" : "2024-09-17 01:55",
    "podcastName" : "Just Sleep - Bedtime Stories for Adults",
    "episodeName" : "Hunted Down: A Mystery Bedtime Story by Charles Dickens (Rebroadcast)",
    "msPlayed" : 37812
  },
  {
    "endTime" : "2024-09-17 01:59",
    "podcastName" : "Simple Stories in English",
    "episodeName" : "Worried",
    "msPlayed" : 193648
  },
  {
    "endTime" : "2024-09-17 01:59",
    "podcastName" : "Story Time",
    "episodeName" : "The Little Boy Who Wouldn't Eat Cheesecake written by Christina Meyers",
    "msPlayed" : 14019
  },
  {
    "endTime" : "2024-09-17 02:10",
    "podcastName" : "Easy Stories in English",
    "episodeName" : "The Pumpkin Jug (Beginner)",
    "msPlayed" : 40440
  },
  {
    "endTime" : "2024-09-17 02:46",
    "podcastName" : "Easy Stories in English",
    "episodeName" : "The Pumpkin Jug (Beginner)",
    "msPlayed" : 109580
  },
  {
    "endTime" : "2024-09-17 02:48",
    "podcastName" : "Miniature Mythos",
    "episodeName" : "The Journey to the West: the Story of Sun Wukong - Chapter 1",
    "msPlayed" : 152471
  },
  {
    "endTime" : "2024-09-17 02:49",
    "podcastName" : "Raconteur - History & Mythology",
    "episodeName" : "Sun Wukong - The Monkey King of Chinese Mythology",
    "msPlayed" : 11440
  },
  {
    "endTime" : "2024-09-17 02:50",
    "podcastName" : "Journey of the Monkey King",
    "episodeName" : "Introductions",
    "msPlayed" : 16156
  },
  {
    "endTime" : "2024-09-17 02:50",
    "podcastName" : "Mythology",
    "episodeName" : "The Monkey King Pt. 1",
    "msPlayed" : 35190
  },
  {
    "endTime" : "2024-09-17 02:51",
    "podcastName" : "Journey to the West: Legend of the Monkey King",
    "episodeName" : "Episode 1: The Monkey King's Origins",
    "msPlayed" : 35897
  },
  {
    "endTime" : "2024-09-17 03:00",
    "podcastName" : "Journey to the West - An Audio Drama Series",
    "episodeName" : "Journey to the West - Chapter 2 Part 1 ",
    "msPlayed" : 4306
  },
  {
    "endTime" : "2024-09-17 03:08",
    "podcastName" : "Stephen Dalton Sleep Story Podcast",
    "episodeName" : "A Snowy Night in Paris: Soothing Sleep Story to Calm Mind and Body",
    "msPlayed" : 435920
  },
  {
    "endTime" : "2024-09-17 03:11",
    "podcastName" : "unlimited talk by sanaeslaaay.",
    "episodeName" : "HOW TO BUILD A ROUTINE🌙🌤️| كيفاش نقاد الروتين ديالي فوقت القراية(night,morning and shower routine)",
    "msPlayed" : 7071
  },
  {
    "endTime" : "2024-09-17 03:11",
    "podcastName" : "Behind the Bastards",
    "episodeName" : "Part One: Hitler's Sex Life: The Whole Sad Story",
    "msPlayed" : 35886
  },
  {
    "endTime" : "2024-09-17 03:14",
    "podcastName" : "Get Sleepy: Sleep meditation and stories",
    "episodeName" : "A Serene Autumn Hike in Oregon",
    "msPlayed" : 126251
  },
  {
    "endTime" : "2024-09-17 03:15",
    "podcastName" : "Get Sleepy: Sleep meditation and stories",
    "episodeName" : "The Rainy Day Bakery (Premium)",
    "msPlayed" : 11980
  },
  {
    "endTime" : "2024-09-17 03:16",
    "podcastName" : "Soothing Pod - Bedtime Sleep Stories for Grown Ups",
    "episodeName" : "Astarte The Goddess of War and Love | Egyptian Mythology Sleep Story | Bedtime Sleep Stories",
    "msPlayed" : 45861
  },
  {
    "endTime" : "2024-09-17 03:20",
    "podcastName" : "The God of War Podcast",
    "episodeName" : "The Hunt (Analysis and Speculation) | The God of War Podcast #1",
    "msPlayed" : 83728
  },
  {
    "endTime" : "2024-09-17 03:31",
    "podcastName" : "Mythologie Grecque",
    "episodeName" : "Mythologie Grecque - OLYMPE",
    "msPlayed" : 41671
  },
  {
    "endTime" : "2024-09-17 16:02",
    "podcastName" : "Mythologie Grecque",
    "episodeName" : "Mythologie Grecque - OLYMPE",
    "msPlayed" : 10538
  },
  {
    "endTime" : "2024-09-19 10:19",
    "podcastName" : "Imagining Arc by The Browser Company",
    "episodeName" : "Five companies inspiring our work right now",
    "msPlayed" : 31000
  },
  {
    "endTime" : "2024-09-19 16:49",
    "podcastName" : "Imagining Arc by The Browser Company",
    "episodeName" : "Five companies inspiring our work right now",
    "msPlayed" : 7240
  },
  {
    "endTime" : "2024-09-19 18:00",
    "podcastName" : "Imagining Arc by The Browser Company",
    "episodeName" : "Five companies inspiring our work right now",
    "msPlayed" : 799639
  },
  {
    "endTime" : "2024-09-19 18:02",
    "podcastName" : "بودكاست بالدارجة Podcast B'ddarija",
    "episodeName" : "التعلق ",
    "msPlayed" : 130270
  },
  {
    "endTime" : "2024-09-24 03:10",
    "podcastName" : "موسوعة الكتب الصوتية",
    "episodeName" : "قصة أغنية للقمر الغائب | خيري شلبي",
    "msPlayed" : 0
  },
  {
    "endTime" : "2024-09-24 03:10",
    "podcastName" : "بودكاست سقرطة",
    "episodeName" : "لذة الحزن",
    "msPlayed" : 0
  },
  {
    "endTime" : "2024-09-25 01:24",
    "podcastName" : "بودكاست بالدارجة Podcast B'ddarija",
    "episodeName" : "اش خبار القليب ؟",
    "msPlayed" : 254776
  },
  {
    "endTime" : "2024-09-25 01:29",
    "podcastName" : "The Audible Odyssey",
    "episodeName" : "Atomic Habits (Chapter 1-07)",
    "msPlayed" : 321720
  },
  {
    "endTime" : "2024-09-25 15:46",
    "podcastName" : "Premium Audiobooks",
    "episodeName" : "Atomic Habits (James Clear)",
    "msPlayed" : 1104990
  },
  {
    "endTime" : "2024-09-27 11:10",
    "podcastName" : "Imagining Arc by The Browser Company",
    "episodeName" : "Where are all the new features?",
    "msPlayed" : 1306
  },
  {
    "endTime" : "2024-09-27 11:10",
    "podcastName" : "Imagining Arc by The Browser Company",
    "episodeName" : "Developing a vision for Arc 2.0",
    "msPlayed" : 623501
  },
  {
    "endTime" : "2024-09-28 00:54",
    "podcastName" : "طور نفسك💪💪",
    "episodeName" : "الرزق",
    "msPlayed" : 0
  },
  {
    "endTime" : "2024-09-28 01:40",
    "podcastName" : "الشيخ الشعراوي",
    "episodeName" : "الشيخ الشعراوي (2) - أسرار الدعاء من القرآن",
    "msPlayed" : 8410
  },
  {
    "endTime" : "2024-09-28 01:41",
    "podcastName" : "الدحيح",
    "episodeName" : "Episode 11: الدحيح | أخطار الميك أب",
    "msPlayed" : 15877
  },
  {
    "endTime" : "2024-09-28 01:58",
    "podcastName" : "الدحيح",
    "episodeName" : "Episode 10: الدحيح | لانش بوكس",
    "msPlayed" : 1037733
  },
  {
    "endTime" : "2024-10-25 00:45",
    "podcastName" : "Histoires pour les Oreilles",
    "episodeName" : "La Chasse Au Trésor",
    "msPlayed" : 1623
  },
  {
    "endTime" : "2024-10-25 11:18",
    "podcastName" : "Histoires pour les Oreilles",
    "episodeName" : "La Chasse Au Trésor",
    "msPlayed" : 0
  },
  {
    "endTime" : "2024-10-25 11:18",
    "podcastName" : "Histoires pour les Oreilles",
    "episodeName" : "La Chasse Au Trésor",
    "msPlayed" : 1026
  },
  {
    "endTime" : "2024-10-30 04:35",
    "podcastName" : "الدحيح",
    "episodeName" : "الدحيح - الوسواس القهري",
    "msPlayed" : 721020
  },
  {
    "endTime" : "2024-10-30 11:42",
    "podcastName" : "الدحيح",
    "episodeName" : "الدحيح - الوسواس القهري",
    "msPlayed" : 225314
  },
  {
    "endTime" : "2024-11-06 04:01",
    "podcastName" : "الدحيح",
    "episodeName" : "الدحيح - أنجيلا ميركل",
    "msPlayed" : 464172
  },
  {
    "endTime" : "2024-12-05 08:05",
    "podcastName" : "الدحيح",
    "episodeName" : "الدحيح - ام كلثوم",
    "msPlayed" : 1752460
  }
]