{
  "topArtists": {
    "numUniqueArtists": 780,
    "topArtists": [
      {
        "artistUri": "spotify:artist:4BFLElxtBEdsdwGA1kHTsx",
        "monthlyStreams": [
          {
            "month": 5,
            "biweeklyStreams": [
              {
                "period": 2,
                "numStreams": 91
              },
              {
                "period": 1,
                "numStreams": 43
              }
            ]
          },
          {
            "month": 10,
            "biweeklyStreams": [
              {
                "period": 1,
                "numStreams": 20
              },
              {
                "period": 2,
                "numStreams": 73
              }
            ]
          },
          {
            "month": 1,
            "biweeklyStreams": [
              {
                "period": 2,
                "numStreams": 12
              }
            ]
          },
          {
            "month": 6,
            "biweeklyStreams": [
              {
                "period": 1,
                "numStreams": 42
              },
              {
                "period": 2,
                "numStreams": 19
              }
            ]
          },
          {
            "month": 9,
            "biweeklyStreams": [
              {
                "period": 2,
                "numStreams": 6
              }
            ]
          },
          {
            "month": 2,
            "biweeklyStreams": [
              {
                "period": 2,
                "numStreams": 16
              },
              {
                "period": 1,
                "numStreams": 14
              }
            ]
          },
          {
            "month": 7,
            "biweeklyStreams": [
              {
                "period": 1,
                "numStreams": 11
              },
              {
                "period": 2,
                "numStreams": 7
              }
            ]
          },
          {
            "month": 3,
            "biweeklyStreams": [
              {
                "period": 1,
                "numStreams": 19
              },
              {
                "period": 2,
                "numStreams": 3
              }
            ]
          },
          {
            "month": 11,
            "biweeklyStreams": [
              {
                "period": 1,
                "numStreams": 25
              }
            ]
          },
          {
            "month": 8,
            "biweeklyStreams": [
              {
                "period": 1,
                "numStreams": 53
              },
              {
                "period": 2,
                "numStreams": 31
              }
            ]
          },
          {
            "month": 4,
            "biweeklyStreams": [
              {
                "period": 1,
                "numStreams": 17
              },
              {
                "period": 2,
                "numStreams": 3
              }
            ]
          }
        ]
      },
      {
        "artistUri": "spotify:artist:5Do9u0GoN4gFn6Nk8NGDhh",
        "monthlyStreams": [
          {
            "month": 5,
            "biweeklyStreams": [
              {
                "period": 2,
                "numStreams": 85
              },
              {
                "period": 1,
                "numStreams": 51
              }
            ]
          },
          {
            "month": 10,
            "biweeklyStreams": [
              {
                "period": 1,
                "numStreams": 9
              },
              {
                "period": 2,
                "numStreams": 7
              }
            ]
          },
          {
            "month": 1,
            "biweeklyStreams": [
              {
                "period": 2,
                "numStreams": 1
              }
            ]
          },
          {
            "month": 6,
            "biweeklyStreams": [
              {
                "period": 1,
                "numStreams": 22
              },
              {
                "period": 2,
                "numStreams": 4
              }
            ]
          },
          {
            "month": 9,
            "biweeklyStreams": [
              {
                "period": 1,
                "numStreams": 1
              },
              {
                "period": 2,
                "numStreams": 1
              }
            ]
          },
          {
            "month": 2,
            "biweeklyStreams": [
              {
                "period": 2,
                "numStreams": 4
              },
              {
                "period": 1,
                "numStreams": 4
              }
            ]
          },
          {
            "month": 7,
            "biweeklyStreams": [
              {
                "period": 1,
                "numStreams": 5
              },
              {
                "period": 2,
                "numStreams": 7
              }
            ]
          },
          {
            "month": 3,
            "biweeklyStreams": [
              {
                "period": 1,
                "numStreams": 10
              },
              {
                "period": 2,
                "numStreams": 4
              }
            ]
          },
          {
            "month": 11,
            "biweeklyStreams": [
              {
                "period": 1,
                "numStreams": 2
              }
            ]
          },
          {
            "month": 8,
            "biweeklyStreams": [
              {
                "period": 1,
                "numStreams": 15
              },
              {
                "period": 2,
                "numStreams": 8
              }
            ]
          },
          {
            "month": 4,
            "biweeklyStreams": [
              {
                "period": 1,
                "numStreams": 15
              },
              {
                "period": 2,
                "numStreams": 5
              }
            ]
          }
        ]
      },
      {
        "artistUri": "spotify:artist:292jMVlKq180yzi8WRaVU6",
        "monthlyStreams": [
          {
            "month": 5,
            "biweeklyStreams": [
              {
                "period": 2,
                "numStreams": 6
              },
              {
                "period": 1,
                "numStreams": 12
              }
            ]
          },
          {
            "month": 10,
            "biweeklyStreams": [
              {
                "period": 1,
                "numStreams": 1
              },
              {
                "period": 2,
                "numStreams": 20
              }
            ]
          },
          {
            "month": 1,
            "biweeklyStreams": [
              {
                "period": 2,
                "numStreams": 26
              }
            ]
          },
          {
            "month": 6,
            "biweeklyStreams": [
              {
                "period": 1,
                "numStreams": 28
              },
              {
                "period": 2,
                "numStreams": 8
              }
            ]
          },
          {
            "month": 9,
            "biweeklyStreams": [
              {
                "period": 1,
                "numStreams": 1
              },
              {
                "period": 2,
                "numStreams": 5
              }
            ]
          },
          {
            "month": 2,
            "biweeklyStreams": [
              {
                "period": 2,
                "numStreams": 38
              },
              {
                "period": 1,
                "numStreams": 9
              }
            ]
          },
          {
            "month": 7,
            "biweeklyStreams": [
              {
                "period": 1,
                "numStreams": 2
              },
              {
                "period": 2,
                "numStreams": 10
              }
            ]
          },
          {
            "month": 3,
            "biweeklyStreams": [
              {
                "period": 1,
                "numStreams": 16
              },
              {
                "period": 2,
                "numStreams": 8
              }
            ]
          },
          {
            "month": 11,
            "biweeklyStreams": [
              {
                "period": 1,
                "numStreams": 1
              }
            ]
          },
          {
            "month": 8,
            "biweeklyStreams": [
              {
                "period": 1,
                "numStreams": 8
              },
              {
                "period": 2,
                "numStreams": 6
              }
            ]
          },
          {
            "month": 4,
            "biweeklyStreams": [
              {
                "period": 1,
                "numStreams": 18
              }
            ]
          }
        ]
      },
      {
        "artistUri": "spotify:artist:3977Z9BZCFbJQYwdIdVwgc",
        "monthlyStreams": [
          {
            "month": 5,
            "biweeklyStreams": [
              {
                "period": 2,
                "numStreams": 83
              },
              {
                "period": 1,
                "numStreams": 55
              }
            ]
          },
          {
            "month": 10,
            "biweeklyStreams": [
              {
                "period": 1,
                "numStreams": 16
              },
              {
                "period": 2,
                "numStreams": 13
              }
            ]
          },
          {
            "month": 1,
            "biweeklyStreams": [
              {
                "period": 2,
                "numStreams": 1
              }
            ]
          },
          {
            "month": 6,
            "biweeklyStreams": [
              {
                "period": 1,
                "numStreams": 21
              },
              {
                "period": 2,
                "numStreams": 20
              }
            ]
          },
          {
            "month": 2,
            "biweeklyStreams": [
              {
                "period": 2,
                "numStreams": 19
              }
            ]
          },
          {
            "month": 7,
            "biweeklyStreams": [
              {
                "period": 1,
                "numStreams": 4
              },
              {
                "period": 2,
                "numStreams": 4
              }
            ]
          },
          {
            "month": 3,
            "biweeklyStreams": [
              {
                "period": 1,
                "numStreams": 23
              },
              {
                "period": 2,
                "numStreams": 7
              }
            ]
          },
          {
            "month": 11,
            "biweeklyStreams": [
              {
                "period": 1,
                "numStreams": 6
              }
            ]
          },
          {
            "month": 8,
            "biweeklyStreams": [
              {
                "period": 1,
                "numStreams": 45
              },
              {
                "period": 2,
                "numStreams": 14
              }
            ]
          },
          {
            "month": 4,
            "biweeklyStreams": [
              {
                "period": 1,
                "numStreams": 14
              },
              {
                "period": 2,
                "numStreams": 3
              }
            ]
          }
        ]
      },
      {
        "artistUri": "spotify:artist:2YZyLoL8N0Wb9xBt1NhZWg",
        "monthlyStreams": [
          {
            "month": 5,
            "biweeklyStreams": [
              {
                "period": 2,
                "numStreams": 80
              },
              {
                "period": 1,
                "numStreams": 5
              }
            ]
          },
          {
            "month": 10,
            "biweeklyStreams": [
              {
                "period": 1,
                "numStreams": 8
              },
              {
                "period": 2,
                "numStreams": 8
              }
            ]
          },
          {
            "month": 1,
            "biweeklyStreams": [
              {
                "period": 2,
                "numStreams": 11
              }
            ]
          },
          {
            "month": 6,
            "biweeklyStreams": [
              {
                "period": 1,
                "numStreams": 12
              },
              {
                "period": 2,
                "numStreams": 24
              }
            ]
          },
          {
            "month": 9,
            "biweeklyStreams": [
              {
                "period": 2,
                "numStreams": 4
              }
            ]
          },
          {
            "month": 2,
            "biweeklyStreams": [
              {
                "period": 2,
                "numStreams": 6
              },
              {
                "period": 1,
                "numStreams": 18
              }
            ]
          },
          {
            "month": 7,
            "biweeklyStreams": [
              {
                "period": 1,
                "numStreams": 9
              }
            ]
          },
          {
            "month": 3,
            "biweeklyStreams": [
              {
                "period": 1,
                "numStreams": 8
              }
            ]
          },
          {
            "month": 11,
            "biweeklyStreams": [
              {
                "period": 1,
                "numStreams": 1
              }
            ]
          },
          {
            "month": 8,
            "biweeklyStreams": [
              {
                "period": 1,
                "numStreams": 2
              },
              {
                "period": 2,
                "numStreams": 6
              }
            ]
          },
          {
            "month": 4,
            "biweeklyStreams": [
              {
                "period": 1,
                "numStreams": 1
              }
            ]
          }
        ]
      }
    ],
    "topArtistMilliseconds": 92919267,
    "topArtistFanPercentage": 0.0017910746
  },
  "topGenres": {
    "topGenres": [
      "rap maroc",
      "pop",
      "rap",
      "moroccan pop",
      "rock"
    ],
    "numberGenres": 17
  },
  "topPodcasts": {
    "topPodcastsUri": [
      "spotify:show:1ImpUyBALpDSIaqVhzrtYY",
      "spotify:show:0ZYJmsKpWCeCyMCIuhahqk",
      "spotify:show:1DNEj630rim6ZNU90v1TYj"
    ],
    "topPodcastMilliseconds": 7936967,
    "topPodcastPercentage": 0.06251677,
    "totalPodcastMilliseconds": 48154506
  },
  "topTracks": {
    "topTracks": [
      "spotify:track:48Xx8tDQ2yNp3aHbGrKXxc",
      "spotify:track:5uFJwscfsYN5NFL7bUl3p3",
      "spotify:track:5OInx13SpghEifbS5bQmwq",
      "spotify:track:3GCdLUSnKSMJhs4Tj6CV3s",
      "spotify:track:0e6eVGeec6asBnmE4gTYqA"
    ],
    "topTrackPlayCount": 134,
    "topTrackFirstPlayedDate": "2023-03-14",
    "distinctTracksPlayed": 1319
  },
  "yearlyMetrics": {
    "totalMsListened": 943886364,
    "mostListenedDay": "2023-09-27",
    "mostListenedDayMinutes": 400.3065,
    "percentGreaterThanWorldwideUsers": 77.15601
  },
  "darkMode": {
    "creatureOfHabit": "DARKSOUND"
  }
}