{
  "tracks": [
    {
      "artist": "Beach Weather",
      "album": "Chit Chat",
      "track": "Sex, Drugs, Etc.",
      "uri": "spotify:track:7DbdUf8aHSYoliSjO6LZv6"
    },
    {
      "artist": "Tagne",
      "album": "Lmektoub",
      "track": "Pepete",
      "uri": "spotify:track:2vVX6SI8eLIk5ycRk1rCTR"
    },
    {
      "artist": "Nabyla Maan",
      "album": "آه يا سلطاني",
      "track": "آه يا سلطاني",
      "uri": "spotify:track:1ZrtmwKkF7LEl8fgOn4h0d"
    },
    {
      "artist": "David Guetta",
      "album": "Listen",
      "track": "Shot Me Down (feat. Skylar Grey) - Radio Edit",
      "uri": "spotify:track:6qVXkG01rBYGfxIndGOQ3z"
    },
    {
      "artist": "KALEO",
      "album": "Surface Sounds",
      "track": "Into My Mother's Arms",
      "uri": "spotify:track:45CtXS6ShntJUFCyWyCHnC"
    },
    {
      "artist": "Dada",
      "album": "B2",
      "track": "B2",
      "uri": "spotify:track:3ydwQgmwcfaRrCtUChh581"
    },
    {
      "artist": "The Neighbourhood",
      "album": "Hard To Imagine The Neighbourhood Ever Changing",
      "track": "Reflections",
      "uri": "spotify:track:2xql0pid3EUwW38AsywxhV"
    },
    {
      "artist": "Fairuz",
      "album": "Fairuz - Modern Favorites",
      "track": "Asfoura Al Shajan",
      "uri": "spotify:track:3V2Nl5CThtRyUUd5RkUJ1s"
    },
    {
      "artist": "ONZY",
      "album": "Rajel",
      "track": "Rajel",
      "uri": "spotify:track:4YibFdQpXOTKUuONm34QLV"
    },
    {
      "artist": "Beyoncé",
      "album": "4",
      "track": "I Care",
      "uri": "spotify:track:76KTeba6u3LfBL4EsCZaTe"
    },
    {
      "artist": "Jon Bellion",
      "album": "The Human Condition",
      "track": "All Time Low",
      "uri": "spotify:track:1CnPYaKxTVb4LWOtiGOm0m"
    },
    {
      "artist": "Frank Ocean",
      "album": "Blonde",
      "track": "Pink + White",
      "uri": "spotify:track:3xKsf9qdS1CyvXSMEid6g8"
    },
    {
      "artist": "Palaye Royale",
      "album": "The Bastards",
      "track": "Masochist",
      "uri": "spotify:track:51w95w5VYOdUVZHAJcdqfg"
    },
    {
      "artist": "Twenty One Pilots",
      "album": "Blurryface",
      "track": "Stressed Out",
      "uri": "spotify:track:3CRDbSIZ4r5MsZ0YwxuEkn"
    },
    {
      "artist": "Kouz1",
      "album": "TRAP ROUMI V5",
      "track": "TRAP ROUMI V5",
      "uri": "spotify:track:5lLOq77WKo2UMY4Y7w22oL"
    },
    {
      "artist": "Eminem",
      "album": "The Eminem Show",
      "track": "Superman",
      "uri": "spotify:track:4woTEX1wYOTGDqNXuavlRC"
    },
    {
      "artist": "CKay",
      "album": "WAHALA (FEAT. OLAMIDE)",
      "track": "WAHALA (feat. Olamide)",
      "uri": "spotify:track:6ZBXya9ewPZa6zXDRfPhog"
    },
    {
      "artist": "Pink Floyd",
      "album": "The Wall (Remastered)",
      "track": "Comfortably Numb - 2011 Remastered Version",
      "uri": "spotify:track:7Fg4jpwpkdkGCvq1rrXnvx"
    },
    {
      "artist": "L'morphine",
      "album": "MIXTAPE TOTAL",
      "track": "Taha Lkobra 2",
      "uri": "spotify:track:4JYawpO8hAZphAWSZVfd8I"
    },
    {
      "artist": "Khaled",
      "album": "Best Of",
      "track": "Benthi",
      "uri": "spotify:track:4yrXjYtEOVizjmsrwDqqNt"
    },
    {
      "artist": "Tagne",
      "album": "Lmektoub",
      "track": "R.I.P",
      "uri": "spotify:track:4dUiCEFw6hzX1EIHeN0x8J"
    },
    {
      "artist": "SYML",
      "album": "Mr. Sandman",
      "track": "Mr. Sandman",
      "uri": "spotify:track:6sPpUfwcYBgW3kTXStNsVM"
    },
    {
      "artist": "JenJoon",
      "album": "M'en b3id l b3id",
      "track": "M'en b3id l b3id",
      "uri": "spotify:track:2Uwc35Xx5gtWBFZGZtoeRb"
    },
    {
      "artist": "Jaymes Young",
      "album": "Feel Something",
      "track": "Infinity",
      "uri": "spotify:track:1SOClUWhOi8vHZYMz3GluK"
    },
    {
      "artist": "Hozier",
      "album": "Unreal Unearth: Unaired",
      "track": "Too Sweet",
      "uri": "spotify:track:19XpFsce28aByvCC4g89tJ"
    },
    {
      "artist": "Queen",
      "album": "Bohemian Rhapsody",
      "track": "Bohemian Rhapsody",
      "uri": "spotify:track:3z8h0TU7ReDPLIbEnYhWZb"
    },
    {
      "artist": "Billie Eilish",
      "album": "HIT ME HARD AND SOFT",
      "track": "BITTERSUITE",
      "uri": "spotify:track:7DpUoxGSdlDHfqCYj0otzU"
    },
    {
      "artist": "Cairokee",
      "album": "Telk Qadeya",
      "track": "Telk Qadeya",
      "uri": "spotify:track:5T8lBGbV2vH3CzrnJxPa7K"
    },
    {
      "artist": "Billie Eilish",
      "album": "Happier Than Ever",
      "track": "Billie Bossa Nova",
      "uri": "spotify:track:2KnuaZYoGzDoHiBTNYOTXG"
    },
    {
      "artist": "Stormy",
      "album": "Jackpot",
      "track": "Tchin Tchin",
      "uri": "spotify:track:48Xx8tDQ2yNp3aHbGrKXxc"
    },
    {
      "artist": "Ayra Starr",
      "album": "Rush",
      "track": "Rush",
      "uri": "spotify:track:1rrqJ9QkOBYJlsZgqqwxgB"
    },
    {
      "artist": "Elley Duhé",
      "album": "MIDDLE OF THE NIGHT",
      "track": "MIDDLE OF THE NIGHT",
      "uri": "spotify:track:58HvfVOeJY7lUuCqF0m3ly"
    },
    {
      "artist": "Kendrick Lamar",
      "album": "Black Panther The Album Music From And Inspired By",
      "track": "All The Stars (with SZA)",
      "uri": "spotify:track:3GCdLUSnKSMJhs4Tj6CV3s"
    },
    {
      "artist": "Luis Bacalov",
      "album": "Quentin Tarantino’s Django Unchained Original Motion Picture Soundtrack",
      "track": "Django",
      "uri": "spotify:track:6I2BDcHnG8De0Kn7mVSNZE"
    },
    {
      "artist": "Gorillaz",
      "album": "Gorillaz",
      "track": "Clint Eastwood",
      "uri": "spotify:track:1RKUoGiLEbcXN4GY4spQDx"
    },
    {
      "artist": "Fairuz",
      "album": "Best Songs",
      "track": "Jadaka El Ghaythou (Live)",
      "uri": "spotify:track:4Vvd4uG7qF7qz4hPtkJDPA"
    },
    {
      "artist": "Diib",
      "album": "Unstable V2",
      "track": "Unstable V2",
      "uri": "spotify:track:1Wm6BTnaMPNwGvhbP4Df26"
    },
    {
      "artist": "AronChupa",
      "album": "I'm an Albatraoz",
      "track": "I'm an Albatraoz",
      "uri": "spotify:track:5MhsZlmKJG6X5kTHkdwC4B"
    },
    {
      "artist": "Nicki Minaj",
      "album": "Queen",
      "track": "Majesty (with Labrinth & feat. Eminem)",
      "uri": "spotify:track:38TgLPNHsPzgqri5G4SPun"
    },
    {
      "artist": "Eiji",
      "album": "SYMETRIE Vol.1",
      "track": "UFO",
      "uri": "spotify:track:592niRW6p5eJaHTepCUaXj"
    },
    {
      "artist": "Didou Parisien",
      "album": "Rohou Hawlouha \\ Rani Mtwahchha",
      "track": "Rohou Hawlouha \\ Rani Mtwahchha",
      "uri": "spotify:track:6Of36mRcQXOZUhNFOeMg3t"
    },
    {
      "artist": "Chris Stapleton",
      "album": "Higher",
      "track": "What Am I Gonna Do",
      "uri": "spotify:track:4DYVmGdpglpFoq1YyawFCl"
    },
    {
      "artist": "Ethan Bortnick",
      "album": "cut my fingers off",
      "track": "cut my fingers off",
      "uri": "spotify:track:5ARrWiDDRDocvURbemcnCy"
    },
    {
      "artist": "Lisa Pariente",
      "album": "Les bonbons",
      "track": "Les bonbons",
      "uri": "spotify:track:2KQRtOnkcFpPM7f6P761Oe"
    },
    {
      "artist": "Michael Jackson",
      "album": "XSCAPE",
      "track": "Chicago",
      "uri": "spotify:track:5BKKy9fIJL5uM9fz1SnqyP"
    },
    {
      "artist": "Teddy Swims",
      "album": "I've Tried Everything But Therapy (Part 1)",
      "track": "Lose Control",
      "uri": "spotify:track:17phhZDn6oGtzMe56NuWvj"
    },
    {
      "artist": "Zeina",
      "album": "Nasty Remix ft Saint Levant",
      "track": "Nasty Remix ft Saint Levant",
      "uri": "spotify:track:6ONNprntoihbrQMFkNUPlO"
    },
    {
      "artist": "JAY-Z",
      "album": "The Blueprint 2: The Gift & The Curse",
      "track": "03' Bonnie & Clyde",
      "uri": "spotify:track:5ljCWsDlSyJ41kwqym2ORw"
    },
    {
      "artist": "Major Lazer",
      "album": "Peace Is The Mission : Extended",
      "track": "Powerful (feat. Ellie Goulding & Tarrus Riley)",
      "uri": "spotify:track:0BcP3FTTxSty93nTnB2a9H"
    },
    {
      "artist": "Tchubi",
      "album": "RABAT CITY JAZZ",
      "track": "RABAT CITY JAZZ",
      "uri": "spotify:track:766cFs4xFfSYwQrd8mL9qR"
    },
    {
      "artist": "Imagine Dragons",
      "album": "Natural",
      "track": "Natural",
      "uri": "spotify:track:4zIO3ilp5HvTeK3HJHxhMP"
    },
    {
      "artist": "Coldplay",
      "album": "WE PRAY",
      "track": "WE PRAY - (Elyanna Version)",
      "uri": "spotify:track:4rYYAWSdgENNINui9wK3O1"
    },
    {
      "artist": "Madd",
      "album": "Stylo",
      "track": "Stylo",
      "uri": "spotify:track:2iP8FMwiwvZJeDN6PtLZt9"
    },
    {
      "artist": "Rilès",
      "album": "WELCOME TO THE JUNGLE",
      "track": "MARIJUANA",
      "uri": "spotify:track:33Om1hVbO2fvyERdp7CBO8"
    },
    {
      "artist": "L'morphine",
      "album": "TRACKS",
      "track": "Albatros",
      "uri": "spotify:track:1rsopmc8GiGnv3L85TJkcM"
    },
    {
      "artist": "Raste",
      "album": "Cactus",
      "track": "Cactus",
      "uri": "spotify:track:0iXa48XpxfpfJCHZg54Mwk"
    },
    {
      "artist": "Eminem",
      "album": "Curtain Call",
      "track": "Lose Yourself - From \"8 Mile\" Soundtrack",
      "uri": "spotify:track:7w9bgPAmPTtrkt2v16QWvQ"
    },
    {
      "artist": "Dollypran",
      "album": "MIXDEEP",
      "track": "Rosita",
      "uri": "spotify:track:0Iu2Jrfy91hMgIUtS9FFIX"
    },
    {
      "artist": "Thelonious Monk",
      "album": "Back To Black: Songs From The Original Motion Picture",
      "track": "Straight No Chaser",
      "uri": "spotify:track:0doIkWH0GCZA7r7SjvntIV"
    },
    {
      "artist": "ElGrandeToto",
      "album": "ARABIA / BLUE LOVE",
      "track": "BLUE LOVE",
      "uri": "spotify:track:7Djd9Ct8LmEhshieSejXPV"
    },
    {
      "artist": "Anastacia",
      "album": "Not That Kind",
      "track": "I'm Outta Love",
      "uri": "spotify:track:77vCn7iUHH8KAOqdOe1XjY"
    },
    {
      "artist": "Palaye Royale",
      "album": "The Bastards",
      "track": "Lonely",
      "uri": "spotify:track:4jXbcY2ulVT7MOPdN8nR50"
    },
    {
      "artist": "The Neighbourhood",
      "album": "Hard To Imagine The Neighbourhood Ever Changing",
      "track": "Paradise",
      "uri": "spotify:track:75iJMOH4oBobiRiBJVdw2m"
    },
    {
      "artist": "Abduh",
      "album": "Skhoon",
      "track": "Skhoon",
      "uri": "spotify:track:0lWhFSQ7eWejR3mOYPJ4zy"
    },
    {
      "artist": "Billie Eilish",
      "album": "HIT ME HARD AND SOFT",
      "track": "CHIHIRO",
      "uri": "spotify:track:7BRD7x5pt8Lqa1eGYC4dzj"
    },
    {
      "artist": "Rodrigo Amarante",
      "album": "Tuyo (Narcos Theme) [Extended Version]",
      "track": "Tuyo (Narcos Theme) [Extended Version] - A Netflix Original Series Soundtrack",
      "uri": "spotify:track:6g2BiiVQqY5v1S4HIrM54F"
    },
    {
      "artist": "Nai Barghouti",
      "album": "Li Fairuz",
      "track": "Li Fairuz",
      "uri": "spotify:track:4isG6bc17ld8ExzSJAuhv9"
    },
    {
      "artist": "Mashrou' Leila",
      "album": "Mashrou' Leila",
      "track": "Fasateen",
      "uri": "spotify:track:26AyVOxMWv3pImg873gX86"
    },
    {
      "artist": "Ruth B.",
      "album": "Safe Haven",
      "track": "Dandelions",
      "uri": "spotify:track:2eAvDnpXP5W0cVtiI0PUxV"
    },
    {
      "artist": "Miguel",
      "album": "All I Want Is You",
      "track": "Sure Thing",
      "uri": "spotify:track:0JXXNGljqupsJaZsgSbMZV"
    },
    {
      "artist": "Palaye Royale",
      "album": "The Bastards",
      "track": "Nightmares",
      "uri": "spotify:track:3vE0h6urqLpXgIdlZvBNjF"
    },
    {
      "artist": "Daft Punk",
      "album": "Random Access Memories",
      "track": "Instant Crush (feat. Julian Casablancas)",
      "uri": "spotify:track:2cGxRwrMyEAp8dEbuZaVv6"
    },
    {
      "artist": "SCH",
      "album": "JVLIVS",
      "track": "Le code",
      "uri": "spotify:track:4EHacNxfg1CVjRUX9YMLH4"
    },
    {
      "artist": "The Weeknd",
      "album": "My Dear Melancholy,",
      "track": "Call Out My Name",
      "uri": "spotify:track:09mEdoA6zrmBPgTEN5qXmN"
    },
    {
      "artist": "Mons",
      "album": "Sfina",
      "track": "Sfina",
      "uri": "spotify:track:3LpN2cysYRb35wZmGmCyjR"
    },
    {
      "artist": "Calvin Harris",
      "album": "Funk Wav Bounces Vol.1",
      "track": "Feels (feat. Pharrell Williams, Katy Perry & Big Sean)",
      "uri": "spotify:track:5bcTCxgc7xVfSaMV3RuVke"
    },
    {
      "artist": "Kiesza",
      "album": "Hideaway",
      "track": "Hideaway",
      "uri": "spotify:track:5Lyw6U1IpYmKQ0kAOadOj3"
    },
    {
      "artist": "Shawn James",
      "album": "The Guardian Collection",
      "track": "The Guardian (Ellie's Song)",
      "uri": "spotify:track:0Ju0omdOOeaq5IaLtnZuim"
    },
    {
      "artist": "Hozier",
      "album": "Wasteland, Baby!",
      "track": "Would That I",
      "uri": "spotify:track:37zuIvk4KBkAxxLJsxJaHq"
    },
    {
      "artist": "Shaw",
      "album": "PETASSA LA VIE",
      "track": "PETASSA LA VIE",
      "uri": "spotify:track:2OwHjGWTdGhNPZFWPdYlQW"
    },
    {
      "artist": "Palaye Royale",
      "album": "The Bastards",
      "track": "Fucking With My Head",
      "uri": "spotify:track:7w11xmMln4hk8DEwoefLwj"
    },
    {
      "artist": "Lil Wayne",
      "album": "Sucker for Pain (with Logic & Ty Dolla $ign feat. X Ambassadors)",
      "track": "Sucker for Pain (with Wiz Khalifa, Imagine Dragons, Logic & Ty Dolla $ign feat. X Ambassadors)",
      "uri": "spotify:track:4dASQiO1Eoo3RJvt74FtXB"
    },
    {
      "artist": "Adele",
      "album": "21",
      "track": "Set Fire to the Rain",
      "uri": "spotify:track:3di5hcvxxciiqwMH1jarhY"
    },
    {
      "artist": "Indila",
      "album": "Mini World",
      "track": "Love Story",
      "uri": "spotify:track:6nGeLlakfzlBcFdZXteDq7"
    },
    {
      "artist": "Mac Miller",
      "album": "The Divine Feminine",
      "track": "Congratulations (feat. Bilal)",
      "uri": "spotify:track:1OubIZ0ARYCUq5kceYUQiO"
    },
    {
      "artist": "Lord Huron",
      "album": "Strange Trails",
      "track": "The Night We Met",
      "uri": "spotify:track:3hRV0jL3vUpRrcy398teAU"
    },
    {
      "artist": "Mackenzy Mackay",
      "album": "Sweet Moment",
      "track": "Sweet Moment",
      "uri": "spotify:track:3C29msNvApwxpOxhuqD2rX"
    },
    {
      "artist": "Kendrick Lamar",
      "album": "good kid, m.A.A.d city",
      "track": "Money Trees",
      "uri": "spotify:track:0UtnpKaReKUg2GquaSxCyD"
    },
    {
      "artist": "Sia",
      "album": "1000 Forms Of Fear",
      "track": "Chandelier",
      "uri": "spotify:track:4VrWlk8IQxevMvERoX08iC"
    },
    {
      "artist": "Daft Punk",
      "album": "Random Access Memories",
      "track": "Get Lucky (feat. Pharrell Williams and Nile Rodgers)",
      "uri": "spotify:track:69kOkLUCkxIZYexIgSG8rq"
    },
    {
      "artist": "Teddy Swims",
      "album": "I've Tried Everything But Therapy (Part 1)",
      "track": "The Door",
      "uri": "spotify:track:3dj4wgM3cPeuLwMNHDuBon"
    },
    {
      "artist": "Parkwood",
      "album": "I'll Be Fine",
      "track": "I'll Be Fine",
      "uri": "spotify:track:1PNDKN4VFcm3Fd22OozoQQ"
    },
    {
      "artist": "Pause",
      "album": "Ouroboros",
      "track": "Ouroboros",
      "uri": "spotify:track:4zWMI0s98eCnAyteHExvfb"
    },
    {
      "artist": "Kendrick Lamar",
      "album": "good kid, m.A.A.d city",
      "track": "Poetic Justice",
      "uri": "spotify:track:5J6CXHvsfRGyyCnQZmVPoE"
    },
    {
      "artist": "Palaye Royale",
      "album": "The Bastards",
      "track": "Massacre, The New American Dream",
      "uri": "spotify:track:3eqGymybwhdpKGVnbclzsL"
    },
    {
      "artist": "Macklemore",
      "album": "The Heist (Deluxe Edition)",
      "track": "Can't Hold Us (feat. Ray Dalton)",
      "uri": "spotify:track:1ydmhnyDOWr5y0s7Vvdw5i"
    },
    {
      "artist": "Jefferson Airplane",
      "album": "Surrealistic Pillow",
      "track": "White Rabbit",
      "uri": "spotify:track:4vpeKl0vMGdAXpZiQB2Dtd"
    },
    {
      "artist": "ElGrandeToto",
      "album": "Silhouette",
      "track": "Silhouette",
      "uri": "spotify:track:5uFJwscfsYN5NFL7bUl3p3"
    },
    {
      "artist": "L'morphine",
      "album": "Veto",
      "track": "Veto",
      "uri": "spotify:track:5ABwojICrV4CA1aqregfRJ"
    },
    {
      "artist": "Dada",
      "album": "Moral",
      "track": "Moral",
      "uri": "spotify:track:4dkAVeT8SCueEWoKK3Q2R0"
    },
    {
      "artist": "Radical Face",
      "album": "Ghost",
      "track": "Welcome Home, Son",
      "uri": "spotify:track:6HTVZeVQ9J6Uiq6tHESxU9"
    },
    {
      "artist": "Dutch Melrose",
      "album": "RUNRUNRUN",
      "track": "RUNRUNRUN",
      "uri": "spotify:track:3jwQt00cvkN57H6ZR75W2K"
    },
    {
      "artist": "Cigarettes After Sex",
      "album": "Cigarettes After Sex",
      "track": "Apocalypse",
      "uri": "spotify:track:0yc6Gst2xkRu0eMLeRMGCX"
    },
    {
      "artist": "Radiohead",
      "album": "Pablo Honey",
      "track": "Creep",
      "uri": "spotify:track:70LcF31zb1H0PyJoS1Sx1r"
    },
    {
      "artist": "Khaled",
      "album": "Best Of",
      "track": "Aïcha",
      "uri": "spotify:track:0iUfdffYMExkR6S3kD3mMx"
    },
    {
      "artist": "Palaye Royale",
      "album": "The Bastards",
      "track": "Hang on to Yourself",
      "uri": "spotify:track:28OzYyRyaq6yb35rMmp85t"
    },
    {
      "artist": "Nahir",
      "album": "Intégral 2 #POV",
      "track": "Niya (feat. ElGrandeToto)",
      "uri": "spotify:track:4aHRzrMCfGXIC8ldykVkMs"
    },
    {
      "artist": "Nouvo",
      "album": "TRIP",
      "track": "Rayeh",
      "uri": "spotify:track:0xGJoHIrXouFXGTrZ3oMkx"
    },
    {
      "artist": "Cairokee",
      "album": "Noaata Beida",
      "track": "Layla",
      "uri": "spotify:track:0tsNJI48lDEndghx8kIpGO"
    },
    {
      "artist": "L'morphine",
      "album": "Gala",
      "track": "Sparadra",
      "uri": "spotify:track:1ybqgwCcCt5kztLdVFFGlC"
    },
    {
      "artist": "L'morphine",
      "album": "Gala",
      "track": "Papillon",
      "uri": "spotify:track:2U5ygrYKd5CURvC9FQRFGC"
    },
    {
      "artist": "stories",
      "album": "Mirrors",
      "track": "Mirrors",
      "uri": "spotify:track:4Fm3xKyZdtALI0Mj7Z56YC"
    },
    {
      "artist": "Maestro",
      "album": "La Rue",
      "track": "La Rue",
      "uri": "spotify:track:2YejzaxPdLETsrwAerrB49"
    },
    {
      "artist": "Kendrick Lamar",
      "album": "good kid, m.A.A.d city",
      "track": "Backseat Freestyle",
      "uri": "spotify:track:0vjKXtFLt6Ti08Y3JCnRKB"
    },
    {
      "artist": "Figoshin",
      "album": "7bss Tmout",
      "track": "7bss Tmout",
      "uri": "spotify:track:2ASaDtD5VRJBspXhAuXrjr"
    },
    {
      "artist": "Inkonnu",
      "album": "Chill",
      "track": "Chill",
      "uri": "spotify:track:5NwA0hLKYsFcU3FVD5hD03"
    },
    {
      "artist": "Pause",
      "album": "Metamorphose",
      "track": "Lyam",
      "uri": "spotify:track:2k46XpoEmXFj8s0TAcb1Bh"
    },
    {
      "artist": "Palaye Royale",
      "album": "The Bastards",
      "track": "Nervous Breakdown",
      "uri": "spotify:track:0HA10ub5cTvPZgvAkRX9eW"
    },
    {
      "artist": "Arrested Youth",
      "album": "Sobville (Episode I)",
      "track": "The Kid I Used to Know",
      "uri": "spotify:track:4AXAS26dUVTnCnubySfkbv"
    },
    {
      "artist": "Palaye Royale",
      "album": "The Bastards",
      "track": "Tonight Is The Night I Die",
      "uri": "spotify:track:417a1PceLb6Z5lnJaRrN07"
    },
    {
      "artist": "7ari",
      "album": "Omerta",
      "track": "Vvs",
      "uri": "spotify:track:0SUlLkixUcXSZeYaCatnZP"
    },
    {
      "artist": "One Direction",
      "album": "FOUR",
      "track": "Night Changes",
      "uri": "spotify:track:5O2P9iiztwhomNh8xkR9lJ"
    },
    {
      "artist": "Palaye Royale",
      "album": "The Bastards",
      "track": "Little Bastards",
      "uri": "spotify:track:6STnrl2lapbsGzEkqHZ5Rn"
    },
    {
      "artist": "Blues Delight",
      "album": "Rock Island Line",
      "track": "Slightly Hung Over",
      "uri": "spotify:track:6I8EbSSjimK98wiDCMtnBQ"
    },
    {
      "artist": "Avicii",
      "album": "The Days / Nights",
      "track": "The Nights",
      "uri": "spotify:track:0ct6r3EGTcMLPtrXHDvVjc"
    },
    {
      "artist": "Indila",
      "album": "Mini World",
      "track": "Tourner Dans Le Vide",
      "uri": "spotify:track:1MqzIgGsHP4cNjPboevsfq"
    },
    {
      "artist": "K.Flay",
      "album": "Every Where Is Some Where",
      "track": "High Enough",
      "uri": "spotify:track:1D9HQactbJoUudf9B119Y5"
    },
    {
      "artist": "Stephen Sanchez",
      "album": "Until I Found You",
      "track": "Until I Found You (with Em Beihold) - Em Beihold Version",
      "uri": "spotify:track:1Y3LN4zO1Edc2EluIoSPJN"
    },
    {
      "artist": "Stop Light Observations",
      "album": "oRANGE.",
      "track": "how do u feel?",
      "uri": "spotify:track:4yFt2uTnncz4Ica7cX8XSa"
    },
    {
      "artist": "Adele",
      "album": "Send My Love (To Your New Lover)",
      "track": "Send My Love (To Your New Lover)",
      "uri": "spotify:track:35Vb6CUvrLrpC9JOmh5NhH"
    },
    {
      "artist": "Indila",
      "album": "Mini World",
      "track": "Run Run",
      "uri": "spotify:track:72nwsbffF1mpiOVpHkYsvo"
    },
    {
      "artist": "Rabah Khalfa",
      "album": "Mesk Elil",
      "track": "Khalouni - Laissez-Moi",
      "uri": "spotify:track:5KbvqyA39RhH9nGtzs6U5h"
    },
    {
      "artist": "Draganov",
      "album": "Galess Fdar",
      "track": "Yek Yek",
      "uri": "spotify:track:617V6FOa1Qo3UIMn7y84fA"
    },
    {
      "artist": "Billie Eilish",
      "album": "No Time To Die",
      "track": "No Time To Die",
      "uri": "spotify:track:73SpzrcaHk0RQPFP73vqVR"
    },
    {
      "artist": "TIF",
      "album": "1.6",
      "track": "SHADOW BOXING",
      "uri": "spotify:track:2TqUQbVg1bgahl09szanuE"
    },
    {
      "artist": "ElGrandeToto",
      "album": "WELD LAADOUL",
      "track": "WELD LAADOUL",
      "uri": "spotify:track:6Yu03XnLWHxvBPbu7tzYBe"
    },
    {
      "artist": "Glass Beams",
      "album": "Mahal",
      "track": "Mahal",
      "uri": "spotify:track:0iiB9CYptXO5Fz728LHHsQ"
    },
    {
      "artist": "Palaye Royale",
      "album": "The Bastards",
      "track": "Redeemer",
      "uri": "spotify:track:5mFxUDOREk4UCPQqUAPbfy"
    },
    {
      "artist": "The Maine",
      "album": "thoughts i have while lying in bed (with Beach Weather)",
      "track": "thoughts i have while lying in bed",
      "uri": "spotify:track:7t01uN0kyKMEK8Ow9hhEXa"
    },
    {
      "artist": "Valerieblud",
      "album": "ça ira mieux",
      "track": "ça ira mieux",
      "uri": "spotify:track:0S6Aanrei1yPQ2cOadDg9E"
    },
    {
      "artist": "Twenty One Pilots",
      "album": "Blurryface",
      "track": "Ride",
      "uri": "spotify:track:2Z8WuEywRWYTKe1NybPQEW"
    },
    {
      "artist": "Kendrick Lamar",
      "album": "DAMN.",
      "track": "LOYALTY. FEAT. RIHANNA.",
      "uri": "spotify:track:6SwRhMLwNqEi6alNPVG00n"
    },
    {
      "artist": "Amy Winehouse",
      "album": "Back To Black",
      "track": "Back To Black",
      "uri": "spotify:track:3FAclTFfvUuQYnEsptbK8w"
    },
    {
      "artist": "Wu-Tang Clan",
      "album": "Preservation",
      "track": "Preservation",
      "uri": "spotify:track:124DjfCOxrqEXpHD04Hk8i"
    },
    {
      "artist": "Leil",
      "album": "Where We Come From, Vol. 01",
      "track": "In the Middle",
      "uri": "spotify:track:2Lxbb6vdH4alF5d9BQ0hVI"
    },
    {
      "artist": "Yo Asel",
      "album": "Rehab",
      "track": "Rehab",
      "uri": "spotify:track:4GGWAVyhrHWysVj3wyk523"
    },
    {
      "artist": "Eminem",
      "album": "SHADYXV",
      "track": "Lose Yourself",
      "uri": "spotify:track:7MJQ9Nfxzh8LPZ9e9u68Fq"
    },
    {
      "artist": "The Neighbourhood",
      "album": "Hard To Imagine The Neighbourhood Ever Changing",
      "track": "Heaven",
      "uri": "spotify:track:3dMPLD8cuzTtFLv8E7homA"
    },
    {
      "artist": "Ghazir",
      "album": "Khallihom",
      "track": "Khallihom",
      "uri": "spotify:track:2QtHvJiaVLyxihDco3D6fj"
    },
    {
      "artist": "Al Green",
      "album": "Let's Stay Together",
      "track": "Let's Stay Together",
      "uri": "spotify:track:63xdwScd1Ai1GigAwQxE8y"
    },
    {
      "artist": "JAY-Z",
      "album": "The Blueprint 3",
      "track": "Empire State Of Mind",
      "uri": "spotify:track:2igwFfvr1OAGX9SKDCPBwO"
    },
    {
      "artist": "Naar",
      "album": "Safar",
      "track": "Money Call (with Shobee, Madd, Laylow)",
      "uri": "spotify:track:5TLJ4XqxAdzHfsZkZFCY9t"
    },
    {
      "artist": "Anys",
      "album": "How Many",
      "track": "How Many",
      "uri": "spotify:track:0RKpBNNsWc6tGiTBrS6vWQ"
    },
    {
      "artist": "Sia",
      "album": "1000 Forms Of Fear",
      "track": "Elastic Heart",
      "uri": "spotify:track:6kwAbEjseqBob48jCus7Sz"
    },
    {
      "artist": "Hana Yousry",
      "album": "Fi 7eta Tanya",
      "track": "Fi 7eta Tanya",
      "uri": "spotify:track:2PY7SkaaxjjRtxiLMGgc2f"
    },
    {
      "artist": "Vargas",
      "album": "I HATE SUMMER",
      "track": "SOMNIFERE",
      "uri": "spotify:track:6tVgDhCCD1IVzsb7CH3FXv"
    },
    {
      "artist": "AnnenMayKantereit",
      "album": "Tom's Diner",
      "track": "Tom's Diner",
      "uri": "spotify:track:0oA9wBGDY4uyILLg4GymWP"
    },
    {
      "artist": "JenJoon",
      "album": "Yemma",
      "track": "Yemma",
      "uri": "spotify:track:34CROaorYbGLAcKONwqvbi"
    },
    {
      "artist": "Madd",
      "album": "N",
      "track": "N",
      "uri": "spotify:track:6cyYD58m4zLDzEWld7sxHC"
    },
    {
      "artist": "Justin Timberlake",
      "album": "The 20/20 Experience (Deluxe Version)",
      "track": "Mirrors",
      "uri": "spotify:track:4rHZZAmHpZrA3iH5zx8frV"
    },
    {
      "artist": "Richard Houghten",
      "album": "Sonata De Grillo",
      "track": "Saving A Life",
      "uri": "spotify:track:4WKqH26BKJ9ymzRAeAbyGd"
    },
    {
      "artist": "Benson Boone",
      "album": "Beautiful Things",
      "track": "Beautiful Things",
      "uri": "spotify:track:6tNQ70jh4OwmPGpYy6R2o9"
    },
    {
      "artist": "Snor",
      "album": "Dawk Lya",
      "track": "Dawk Lya",
      "uri": "spotify:track:5OInx13SpghEifbS5bQmwq"
    },
    {
      "artist": "Manal",
      "album": "ناه",
      "track": "ناه",
      "uri": "spotify:track:0wNix2jmmpxnTYC9t3Y8CI"
    },
    {
      "artist": "Figoshin",
      "album": "Unique",
      "track": "Unique",
      "uri": "spotify:track:4SIEgCDS7h90gFP5MEU4ai"
    },
    {
      "artist": "Indila",
      "album": "Mini World",
      "track": "Dernière danse",
      "uri": "spotify:track:65uoaqX5qcjXZRheAj1qQT"
    },
    {
      "artist": "ريفو شو",
      "album": "Rivo",
      "track": "علي باب السيما - من مسلسل ريفو",
      "uri": "spotify:track:5gdERhZjshqCGHnCPWJhqM"
    },
    {
      "artist": "Tim Bendzko",
      "album": "Wenn Worte meine Sprache wären",
      "track": "Wenn Worte meine Sprache wären",
      "uri": "spotify:track:3tIN1SDHpOb0vmnLHjL0IH"
    },
    {
      "artist": "Lana Del Rey",
      "album": "Born To Die",
      "track": "Diet Mountain Dew",
      "uri": "spotify:track:48SdtsEKujibZPrd6UMfAr"
    },
    {
      "artist": "Inkonnu",
      "album": "Échec",
      "track": "Échec - Spotify Singles",
      "uri": "spotify:track:7bpuBTsNwlWnBABYbCZAkN"
    },
    {
      "artist": "Kouz1",
      "album": "Trap Roumi V2",
      "track": "Trap Roumi V2",
      "uri": "spotify:track:1UCuu9ouBrppesU3JXe8b9"
    },
    {
      "artist": "Ricky Nelson",
      "album": "Ricky Sings Again",
      "track": "Lonesome Town",
      "uri": "spotify:track:0SsYlkXxZ5vkWOTsKxMfMz"
    },
    {
      "artist": "The Weeknd",
      "album": "Popular",
      "track": "Popular (with Playboi Carti & Madonna) - From The Idol Vol. 1 (Music from the HBO Original Series)",
      "uri": "spotify:track:6WzRpISELf3YglGAh7TXcG"
    },
    {
      "artist": "Libianca",
      "album": "People",
      "track": "People",
      "uri": "spotify:track:26b3oVLrRUaaybJulow9kz"
    },
    {
      "artist": "Lacrim",
      "album": "Corleone",
      "track": "Corleone",
      "uri": "spotify:track:4UUnLNtSZRhhj4twUPvcFV"
    },
    {
      "artist": "Gym Class Heroes",
      "album": "The Papercut Chronicles II",
      "track": "Stereo Hearts (feat. Adam Levine)",
      "uri": "spotify:track:4Ljs6Dvpz7Arf9Ac8RN7tn"
    },
    {
      "artist": "The Neighbourhood",
      "album": "I Love You.",
      "track": "Sweater Weather",
      "uri": "spotify:track:2QjOHCTQ1Jl3zawyYOpxh6"
    },
    {
      "artist": "Palaye Royale",
      "album": "The Bastards",
      "track": "Anxiety",
      "uri": "spotify:track:6jxmo6nCMbZ0AWN8C0zdSM"
    },
    {
      "artist": "Inkonnu",
      "album": "Arabi",
      "track": "Mgwani",
      "uri": "spotify:track:6dvS18w5nASjcxIHrfSOGW"
    },
    {
      "artist": "Cairokee",
      "album": "Roma",
      "track": "Ana Negm",
      "uri": "spotify:track:6CU68VwcV10VfulVQMfj3X"
    },
    {
      "artist": "Cairokee",
      "album": "Roma",
      "track": "Nefsy Ahbek",
      "uri": "spotify:track:7yZc2gKENILqeJWofabYNF"
    },
    {
      "artist": "Madd",
      "album": "Lost Chapter - A COLORS SHOW",
      "track": "Lost Chapter - A COLORS SHOW",
      "uri": "spotify:track:2vbZJ54b6rtogxbGDb11q6"
    },
    {
      "artist": "Ghost",
      "album": "[MESSAGE FROM THE CLERGY]",
      "track": "Mary On A Cross",
      "uri": "spotify:track:7wdwIaXUuzlu1grzWMFRJm"
    },
    {
      "artist": "Adele",
      "album": "21",
      "track": "Someone Like You",
      "uri": "spotify:track:3bNv3VuUOKgrf5hu3YcuRo"
    },
    {
      "artist": "Cheb Hasni",
      "album": "Dak el mahroum",
      "track": "Tlabti lafrak",
      "uri": "spotify:track:66Rt29ZaDmb1uNi3nTYVzH"
    },
    {
      "artist": "ElGrandeToto",
      "album": "Caméléon",
      "track": "Bent Nass",
      "uri": "spotify:track:6tT4CGnggGURBUMkDrE52k"
    },
    {
      "artist": "Iguidr",
      "album": "AGHILLAS",
      "track": "Nettat - Remix",
      "uri": "spotify:track:4CQqFq7zEW3PchjscYXV4n"
    },
    {
      "artist": "John Legend",
      "album": "Love In The Future (Expanded Edition)",
      "track": "All of Me",
      "uri": "spotify:track:3U4isOIWM3VvDubwSI3y7a"
    },
    {
      "artist": "Jonathan Roy",
      "album": "My Lullaby",
      "track": "Keeping Me Alive",
      "uri": "spotify:track:4jPayYrYr283vK9xbVGly8"
    },
    {
      "artist": "Lacrim",
      "album": "R.I.P.R.O 3",
      "track": "3dabi",
      "uri": "spotify:track:3F3wR8wvxJrfM9xXYWZeZV"
    },
    {
      "artist": "Draganov",
      "album": "3DABI",
      "track": "3DABI",
      "uri": "spotify:track:0e6eVGeec6asBnmE4gTYqA"
    },
    {
      "artist": "Khaled",
      "album": "C'Est La Vie",
      "track": "Laila",
      "uri": "spotify:track:5EdUifqkN2lObMue7n7C1Q"
    }
  ],
  "albums": [
    {
      "artist": "Carlos Rafael Rivera",
      "album": "The Queen's Gambit (Music from the Netflix Limited Series)",
      "uri": "spotify:album:7Gdn94u4xTxoIpfq2rZci9"
    },
    {
      "artist": "Madd",
      "album": "Sēnsus",
      "uri": "spotify:album:20mtZtrBWCXfMHJbDNywwS"
    },
    {
      "artist": "Pause",
      "album": "112",
      "uri": "spotify:album:6RjXahScY92fiEQRiZMhbF"
    },
    {
      "artist": "Palaye Royale",
      "album": "The Bastards",
      "uri": "spotify:album:5b2m10WqNvZaD8eTEXGyfl"
    },
    {
      "artist": "Wolfgang Amadeus Mozart",
      "album": "Mozart: Symphony No. 40 in G Minor, Bassoon Concerto & Flute Serenades Nos. 1 & 3",
      "uri": "spotify:album:3WHqaCZ66SWzL7LyYnrn9y"
    },
    {
      "artist": "7ari",
      "album": "Omerta",
      "uri": "spotify:album:4DjuD48lhHAsL3tOklxQrC"
    },
    {
      "artist": "Glass Beams",
      "album": "Mahal",
      "uri": "spotify:album:32yQDx3IeVTHLPxT07PFDy"
    },
    {
      "artist": "Pink Floyd",
      "album": "The Wall (Remastered)",
      "uri": "spotify:album:6WaIQHxEHtZL0RZ62AuY0g"
    },
    {
      "artist": "Billie Eilish",
      "album": "HIT ME HARD AND SOFT",
      "uri": "spotify:album:7aJuG4TFXa2hmE4z1yxc3n"
    },
    {
      "artist": "Figoshin",
      "album": "Unique",
      "uri": "spotify:album:0iVvvnQXwwLBQhiwX3WFQ8"
    },
    {
      "artist": "Gotan Project",
      "album": "La revancha del tango",
      "uri": "spotify:album:2riLhxE3UzS3evEXAwjEJq"
    },
    {
      "artist": "L'morphine",
      "album": "YAKINE",
      "uri": "spotify:album:7nRerBl4lUXufNvLS3OjTX"
    },
    {
      "artist": "Roses & Revolutions",
      "album": "Under the Spell",
      "uri": "spotify:album:3mYFW1GEM4u44M7ECe1Ak8"
    },
    {
      "artist": "Yann Tiersen",
      "album": "Le Fabuleux destin d'Amélie Poulain (Bande originale du film)",
      "uri": "spotify:album:6PRPYATK5VvjZ2p911y6U0"
    },
    {
      "artist": "Indila",
      "album": "Mini World",
      "uri": "spotify:album:1r7XjAgjwlakmXC2GbPXjH"
    },
    {
      "artist": "ElGrandeToto",
      "album": "27",
      "uri": "spotify:album:7reIwvnsIotYtgBcyud7SC"
    },
    {
      "artist": "The Weeknd",
      "album": "My Dear Melancholy,",
      "uri": "spotify:album:4qZBW3f2Q8y0k1A84d4iAO"
    },
    {
      "artist": "Sia",
      "album": "LABRINTH, SIA & DIPLO PRESENT... LSD",
      "uri": "spotify:album:0ujHQ5WCLuKJQXOqXpGtpf"
    }
  ],
  "shows": [
    {
      "name": "Dir Lkit - دير الكيت",
      "publisher": "Dir L'kit podcast ",
      "uri": "spotify:show:1ImpUyBALpDSIaqVhzrtYY"
    },
    {
      "name": "FIRELUMP TALKING",
      "publisher": "Othmane",
      "uri": "spotify:show:7ABKaqUk2lCKYl9gx8titY"
    },
    {
      "name": "SOULIMA - سوليما",
      "publisher": "Youssef Ksiyer",
      "uri": "spotify:show:0ZYJmsKpWCeCyMCIuhahqk"
    },
    {
      "name": "بودكاست بالدارجة Podcast B'ddarija",
      "publisher": "SamaR",
      "uri": "spotify:show:2nwdG73S6E18YRXxftowud"
    }
  ],
  "episodes": [
    {
      "name": "الزعيم : عادل الإمام",
      "show": "Dir Lkit - دير الكيت",
      "uri": "spotify:episode:148KpZQ6x3wrd5XTM0JL7I"
    },
    {
      "name": "سم البشر الأبدي : الشر في الناس لا يفنى وإن قبروا",
      "show": "Dir Lkit - دير الكيت",
      "uri": "spotify:episode:6FwZZEOCW8TEGP7vHXu06n"
    },
    {
      "name": "المادة السوداء",
      "show": "mp33book",
      "uri": "spotify:episode:698GO6t2dYVkY7HZgF0dN8"
    },
    {
      "name": "Atomic Habits (James Clear)",
      "show": "Premium Audiobooks",
      "uri": "spotify:episode:3Rx5nBoYhUWeqNHZrLxLrt"
    },
    {
      "name": "الدحيح - تيتانيك السفينة التي لا تغرق",
      "show": "الدحيح",
      "uri": "spotify:episode:1jtaHQY4Mic50EFc0Cvrnd"
    },
    {
      "name": "كيف تؤثر على الآخرين وتكتسب الأصدقاء [ الجزء الخامس ]",
      "show": "دوباميكافين | Dupamicaffeine",
      "uri": "spotify:episode:2lMPDcXoWvaLuemIVOjep9"
    },
    {
      "name": "فن الحرب",
      "show": "اقرأ",
      "uri": "spotify:episode:0MfMYw7jE7oHMCXoBU79UO"
    },
    {
      "name": "The Hunt (Analysis and Speculation) | The God of War Podcast #1",
      "show": "The God of War Podcast",
      "uri": "spotify:episode:7yC4t7QEpdf1gujt19CXvi"
    },
    {
      "name": "A Snowy Night in Paris: Soothing Sleep Story to Calm Mind and Body",
      "show": "Stephen Dalton Sleep Story Podcast",
      "uri": "spotify:episode:0GON9qJT5Hy4Gx2uIWZXlM"
    },
    {
      "name": "القراءة كقوة خارقة في زمن الحرب و شات جي بي تي",
      "show": "Nafs and Mic - نفس و مايك",
      "uri": "spotify:episode:54RSmsjOr0CmBpegYN0UtC"
    }
  ],
  "bannedTracks": [
  ],
  "artists": [
    {
      "name": "Adele",
      "uri": "spotify:artist:4dpARuHxo51G3z768sgnrY"
    },
    {
      "name": "Al Farabi",
      "uri": "spotify:artist:0EJD7HoOKBCvKio1UDwod6"
    },
    {
      "name": "Antonio Vivaldi",
      "uri": "spotify:artist:2QOIawHpSlOwXDvSqQ9YJR"
    },
    {
      "name": "Draganov",
      "uri": "spotify:artist:2g8Pu5gVtDpkYGsP3RLepJ"
    },
    {
      "name": "Eminem",
      "uri": "spotify:artist:7dGJo4pcD2V6oG8kP0tJRR"
    },
    {
      "name": "Glass Beams",
      "uri": "spotify:artist:1LTFJvVvRw7ghAyThxYmnF"
    },
    {
      "name": "Hozier",
      "uri": "spotify:artist:2FXC3k01G6Gw61bmprjgqS"
    },
    {
      "name": "Inkonnu",
      "uri": "spotify:artist:7ggM69yllqpMykcU8Tror4"
    },
    {
      "name": "J. Cole",
      "uri": "spotify:artist:6l3HvQ5sa6mXTsMTB19rO5"
    },
    {
      "name": "Jonathan Roy",
      "uri": "spotify:artist:62ggJuZV87VvP3sAHM0V3K"
    },
    {
      "name": "KALEO",
      "uri": "spotify:artist:7jdFEYD2LTYjfwxOdlVjmc"
    },
    {
      "name": "Kendrick Lamar",
      "uri": "spotify:artist:2YZyLoL8N0Wb9xBt1NhZWg"
    },
    {
      "name": "L'morphine",
      "uri": "spotify:artist:4vyibjuGePnrB7BzbHkA6u"
    },
    {
      "name": "MF DOOM",
      "uri": "spotify:artist:2pAWfrd7WFF3XhVt9GooDL"
    },
    {
      "name": "Mos Def",
      "uri": "spotify:artist:0Mz5XE0kb1GBnbLQm2VbcO"
    },
    {
      "name": "Nas",
      "uri": "spotify:artist:20qISvAhX20dpIbOOzGK3q"
    },
    {
      "name": "Niccolò Paganini",
      "uri": "spotify:artist:39FC9x5PaTNYHp5hwlaY4q"
    },
    {
      "name": "Opeth",
      "uri": "spotify:artist:0ybFZ2Ab08V8hueghSXm6E"
    },
    {
      "name": "Red men",
      "uri": "spotify:artist:46bCQvaE3lJuiWuJsuMZBp"
    },
    {
      "name": "Richard Clayderman",
      "uri": "spotify:artist:0h885xmyK9xHfhyXQr37L6"
    },
    {
      "name": "Rilès",
      "uri": "spotify:artist:6pdcQa7by8IKuoVXvgknlI"
    },
    {
      "name": "Tamino",
      "uri": "spotify:artist:3IWdvItNhmdo282Wwp0CwH"
    }
  ],
  "bannedArtists": [
  ],
  "other": [
  ]
}