[
  {
    "artistName": "Sweet Honey In The Rock",
    "segment": "Previously Active Listeners"
  },
  {
    "artistName": "Kholby Wardell",
    "segment": "Previously Active Listeners"
  },
  {
    "artistName": "KT Tunstall",
    "segment": "Light listeners"
  },
  {
    "artistName": "Levellers",
    "segment": "Previously Active Listeners"
  },
  {
    "artistName": "Barry McGuire",
    "segment": "Previously Active Listeners"
  },
  {
    "artistName": "Natalie Imbruglia",
    "segment": "Previously Active Listeners"
  },
  {
    "artistName": "The Beatles",
    "segment": "Previously Active Listeners"
  },
  {
    "artistName": "Misfits",
    "segment": "Previously Active Listeners"
  },
  {
    "artistName": "Tears For Fears",
    "segment": "Previously Active Listeners"
  },
  {
    "artistName": "Black Veil Brides",
    "segment": "Previously Active Listeners"
  },
  {
    "artistName": "Lillian Castillo",
    "segment": "Previously Active Listeners"
  },
  {
    "artistName": "Farruko",
    "segment": "Previously Active Listeners"
  },
  {
    "artistName": "Joel Rafael",
    "segment": "Previously Active Listeners"
  },
  {
    "artistName": "Michelle Duffy",
    "segment": "Previously Active Listeners"
  },
  {
    "artistName": "Kit Walters",
    "segment": "Light listeners"
  },
  {
    "artistName": "Mitski",
    "segment": "Previously Active Listeners"
  },
  {
    "artistName": "Sälen",
    "segment": "Light listeners"
  },
  {
    "artistName": "Super Guitar Bros",
    "segment": "Previously Active Listeners"
  },
  {
    "artistName": "Wheatus",
    "segment": "Previously Active Listeners"
  },
  {
    "artistName": "Dustin Sullivan",
    "segment": "Previously Active Listeners"
  },
  {
    "artistName": "Good Charlotte",
    "segment": "Previously Active Listeners"
  },
  {
    "artistName": "Lorde",
    "segment": "Previously Active Listeners"
  },
  {
    "artistName": "Davy Jones",
    "segment": "Previously Active Listeners"
  },
  {
    "artistName": "The Andrews Sisters",
    "segment": "Previously Active Listeners"
  },
  {
    "artistName": "Rachelle Ann Go",
    "segment": "Previously Active Listeners"
  },
  {
    "artistName": "Micky Dolenz",
    "segment": "Previously Active Listeners"
  },
  {
    "artistName": "Imagine Dragons",
    "segment": "Moderate listeners"
  },
  {
    "artistName": "Ricky Nelson",
    "segment": "Previously Active Listeners"
  },
  {
    "artistName": "Y Bandana",
    "segment": "Previously Active Listeners"
  },
  {
    "artistName": "Buffalo Springfield",
    "segment": "Previously Active Listeners"
  },
  {
    "artistName": "Adam Melchor",
    "segment": "Previously Active Listeners"
  },
  {
    "artistName": "Tony Trischka",
    "segment": "Previously Active Listeners"
  },
  {
    "artistName": "Luvcat",
    "segment": "Light listeners"
  },
  {
    "artistName": "Pavement",
    "segment": "Previously Active Listeners"
  },
  {
    "artistName": "Richie Furay",
    "segment": "Previously Active Listeners"
  },
  {
    "artistName": "Vanessa Hudgens",
    "segment": "Previously Active Listeners"
  },
  {
    "artistName": "Donald Mills",
    "segment": "Previously Active Listeners"
  },
  {
    "artistName": "Bladee",
    "segment": "Previously Active Listeners"
  },
  {
    "artistName": "The Darkness",
    "segment": "Previously Active Listeners"
  },
  {
    "artistName": "Metric",
    "segment": "Previously Active Listeners"
  },
  {
    "artistName": "Horrible Histories",
    "segment": "Previously Active Listeners"
  },
  {
    "artistName": "Jessie Mueller",
    "segment": "Previously Active Listeners"
  },
  {
    "artistName": "Rammstein",
    "segment": "Previously Active Listeners"
  },
  {
    "artistName": "Powfu",
    "segment": "Previously Active Listeners"
  },
  {
    "artistName": "Lewys",
    "segment": "Previously Active Listeners"
  },
  {
    "artistName": "John Denver",
    "segment": "Previously Active Listeners"
  },
  {
    "artistName": "Glee Cast",
    "segment": "Previously Active Listeners"
  },
  {
    "artistName": "Gerard Way",
    "segment": "Previously Active Listeners"
  },
  {
    "artistName": "Hayley Kiyoko",
    "segment": "Previously Active Listeners"
  },
  {
    "artistName": "Declan McKenna",
    "segment": "Previously Active Listeners"
  },
  {
    "artistName": "Little Nell",
    "segment": "Previously Active Listeners"
  },
  {
    "artistName": "Britney Spears",
    "segment": "Previously Active Listeners"
  },
  {
    "artistName": "Linda Ronstadt",
    "segment": "Previously Active Listeners"
  },
  {
    "artistName": "Neil Young",
    "segment": "Previously Active Listeners"
  },
  {
    "artistName": "Scene Queen",
    "segment": "Moderate listeners"
  },
  {
    "artistName": "Paul Simon",
    "segment": "Previously Active Listeners"
  },
  {
    "artistName": "Scouting For Girls",
    "segment": "Previously Active Listeners"
  },
  {
    "artistName": "Free Dominguez",
    "segment": "Light listeners"
  },
  {
    "artistName": "Jason Charles Miller",
    "segment": "Light listeners"
  },
  {
    "artistName": "Woody Guthrie",
    "segment": "Previously Active Listeners"
  },
  {
    "artistName": "The Human League",
    "segment": "Previously Active Listeners"
  },
  {
    "artistName": "Joan Baez",
    "segment": "Previously Active Listeners"
  },
  {
    "artistName": "MJ Rodriguez",
    "segment": "Previously Active Listeners"
  },
  {
    "artistName": "Sum 41",
    "segment": "Previously Active Listeners"
  },
  {
    "artistName": "Vashti Bunyan",
    "segment": "Previously Active Listeners"
  },
  {
    "artistName": "Chloe Slater",
    "segment": "Previously Active Listeners"
  },
  {
    "artistName": "The Clash",
    "segment": "Previously Active Listeners"
  },
  {
    "artistName": "Liana Flores",
    "segment": "Light listeners"
  },
  {
    "artistName": "Tony Perkins",
    "segment": "Previously Active Listeners"
  },
  {
    "artistName": "Jettblack",
    "segment": "Previously Active Listeners"
  },
  {
    "artistName": "Dave Stewart",
    "segment": "Previously Active Listeners"
  },
  {
    "artistName": "AJ Meijer",
    "segment": "Previously Active Listeners"
  },
  {
    "artistName": "Michael Nesmith",
    "segment": "Previously Active Listeners"
  },
  {
    "artistName": "Abney Park",
    "segment": "Previously Active Listeners"
  },
  {
    "artistName": "The Killers",
    "segment": "Previously Active Listeners"
  },
  {
    "artistName": "Sixpence None The Richer",
    "segment": "Light listeners"
  },
  {
    "artistName": "Crosby, Stills, Nash & Young",
    "segment": "Previously Active Listeners"
  },
  {
    "artistName": "Shoba Narayan",
    "segment": "Previously Active Listeners"
  },
  {
    "artistName": "So Good",
    "segment": "Previously Active Listeners"
  },
  {
    "artistName": "Kate Rockwell",
    "segment": "Previously Active Listeners"
  },
  {
    "artistName": "Hayley Williams",
    "segment": "Previously Active Listeners"
  },
  {
    "artistName": "Sex Bob-Omb",
    "segment": "Previously Active Listeners"
  },
  {
    "artistName": "Yr Eira",
    "segment": "Previously Active Listeners"
  },
  {
    "artistName": "John Leventhal",
    "segment": "Previously Active Listeners"
  },
  {
    "artistName": "Cardi B",
    "segment": "Light listeners"
  },
  {
    "artistName": "Two Steps from Hell",
    "segment": "Previously Active Listeners"
  },
  {
    "artistName": "The Police",
    "segment": "Previously Active Listeners"
  },
  {
    "artistName": "Kyle Gordon",
    "segment": "Previously Active Listeners"
  },
  {
    "artistName": "Icona Pop",
    "segment": "Previously Active Listeners"
  },
  {
    "artistName": "Yellow Claw",
    "segment": "Light listeners"
  },
  {
    "artistName": "PSY",
    "segment": "Previously Active Listeners"
  },
  {
    "artistName": "The Hollies",
    "segment": "Previously Active Listeners"
  },
  {
    "artistName": "Mary Hopkin",
    "segment": "Previously Active Listeners"
  },
  {
    "artistName": "Tommy Dorsey",
    "segment": "Previously Active Listeners"
  },
  {
    "artistName": "Alice Lee",
    "segment": "Previously Active Listeners"
  },
  {
    "artistName": "The Cranberries",
    "segment": "Previously Active Listeners"
  },
  {
    "artistName": "Penelope Scott",
    "segment": "Previously Active Listeners"
  },
  {
    "artistName": "Claire Waluch",
    "segment": "Previously Active Listeners"
  },
  {
    "artistName": "Kaden MacKay",
    "segment": "Previously Active Listeners"
  },
  {
    "artistName": "Soundgarden",
    "segment": "Previously Active Listeners"
  },
  {
    "artistName": "Linda McCartney",
    "segment": "Previously Active Listeners"
  },
  {
    "artistName": "Donovan",
    "segment": "Previously Active Listeners"
  },
  {
    "artistName": "Old Crow Medicine Show",
    "segment": "Previously Active Listeners"
  },
  {
    "artistName": "Tiësto",
    "segment": "Previously Active Listeners"
  },
  {
    "artistName": "Claud",
    "segment": "Previously Active Listeners"
  },
  {
    "artistName": "Avril Lavigne",
    "segment": "Previously Active Listeners"
  },
  {
    "artistName": "Susan Sarandon",
    "segment": "Previously Active Listeners"
  },
  {
    "artistName": "Alestorm",
    "segment": "Previously Active Listeners"
  },
  {
    "artistName": "Bb trickz",
    "segment": "Previously Active Listeners"
  },
  {
    "artistName": "Peter Tork",
    "segment": "Previously Active Listeners"
  },
  {
    "artistName": "The Second National Band",
    "segment": "Previously Active Listeners"
  },
  {
    "artistName": "Sir Michael Redgrave",
    "segment": "Previously Active Listeners"
  },
  {
    "artistName": "Tom Morello",
    "segment": "Previously Active Listeners"
  },
  {
    "artistName": "Jax Jones",
    "segment": "Previously Active Listeners"
  },
  {
    "artistName": "Robin de Jesus",
    "segment": "Previously Active Listeners"
  },
  {
    "artistName": "Al Hirt",
    "segment": "Previously Active Listeners"
  },
  {
    "artistName": "Jim Croce",
    "segment": "Previously Active Listeners"
  },
  {
    "artistName": "The Kinks",
    "segment": "Previously Active Listeners"
  },
  {
    "artistName": "Ryan McCartan",
    "segment": "Previously Active Listeners"
  },
  {
    "artistName": "Danny Kaye",
    "segment": "Previously Active Listeners"
  },
  {
    "artistName": "Eels",
    "segment": "Previously Active Listeners"
  },
  {
    "artistName": "Skip & Flip",
    "segment": "Previously Active Listeners"
  },
  {
    "artistName": "Pitou",
    "segment": "Light listeners"
  },
  {
    "artistName": "Willow Avalon",
    "segment": "Previously Active Listeners"
  },
  {
    "artistName": "The Mills Brothers with Orchestra",
    "segment": "Previously Active Listeners"
  },
  {
    "artistName": "Halflives",
    "segment": "Previously Active Listeners"
  },
  {
    "artistName": "Leith Ross",
    "segment": "Previously Active Listeners"
  },
  {
    "artistName": "Dan Gellert",
    "segment": "Previously Active Listeners"
  },
  {
    "artistName": "The International Submarine Band",
    "segment": "Previously Active Listeners"
  },
  {
    "artistName": "Reneé Rapp",
    "segment": "Light listeners"
  },
  {
    "artistName": "Peter Hinwood",
    "segment": "Previously Active Listeners"
  },
  {
    "artistName": "Count Basie",
    "segment": "Previously Active Listeners"
  },
  {
    "artistName": "Johnny Mathis",
    "segment": "Previously Active Listeners"
  },
  {
    "artistName": "Víkingur Ólafsson",
    "segment": "Previously Active Listeners"
  },
  {
    "artistName": "Eduardo Mata",
    "segment": "Light listeners"
  },
  {
    "artistName": "Eurythmics",
    "segment": "Previously Active Listeners"
  },
  {
    "artistName": "Meat Loaf",
    "segment": "Previously Active Listeners"
  },
  {
    "artistName": "Barrett Wilbert Weed",
    "segment": "Previously Active Listeners"
  },
  {
    "artistName": "Thomas Bergersen",
    "segment": "Previously Active Listeners"
  },
  {
    "artistName": "Ben Folds Five",
    "segment": "Previously Active Listeners"
  },
  {
    "artistName": "Hillmen",
    "segment": "Previously Active Listeners"
  },
  {
    "artistName": "Charli xcx",
    "segment": "Moderate listeners"
  },
  {
    "artistName": "Amaranthe",
    "segment": "Previously Active Listeners"
  },
  {
    "artistName": "ToyTree",
    "segment": "Previously Active Listeners"
  },
  {
    "artistName": "Judy Collins",
    "segment": "Previously Active Listeners"
  },
  {
    "artistName": "Paris Hilton",
    "segment": "Previously Active Listeners"
  },
  {
    "artistName": "The Lightning Seeds",
    "segment": "Previously Active Listeners"
  },
  {
    "artistName": "The Cast of Netflix's Film tick, tick... BOOM!",
    "segment": "Previously Active Listeners"
  },
  {
    "artistName": "Extreme",
    "segment": "Previously Active Listeners"
  },
  {
    "artistName": "Tim O'Brien",
    "segment": "Previously Active Listeners"
  },
  {
    "artistName": "Tebot Piws",
    "segment": "Previously Active Listeners"
  },
  {
    "artistName": "Laura Shigihara",
    "segment": "Previously Active Listeners"
  },
  {
    "artistName": "Stephen Sanchez",
    "segment": "Light listeners"
  },
  {
    "artistName": "Fall Out Boy",
    "segment": "Previously Active Listeners"
  },
  {
    "artistName": "Tiffany Tatreau",
    "segment": "Previously Active Listeners"
  },
  {
    "artistName": "Kan Gao",
    "segment": "Previously Active Listeners"
  },
  {
    "artistName": "Beatrice Eli",
    "segment": "Previously Active Listeners"
  },
  {
    "artistName": "The Knee-Hi's",
    "segment": "Previously Active Listeners"
  },
  {
    "artistName": "Naaz",
    "segment": "Super Listeners"
  },
  {
    "artistName": "Alexa Vega",
    "segment": "Previously Active Listeners"
  },
  {
    "artistName": "*NSYNC",
    "segment": "Previously Active Listeners"
  },
  {
    "artistName": "Julian Casablancas",
    "segment": "Previously Active Listeners"
  },
  {
    "artistName": "Noah Kahan",
    "segment": "Previously Active Listeners"
  },
  {
    "artistName": "Eagles",
    "segment": "Previously Active Listeners"
  },
  {
    "artistName": "Crosby, Stills & Nash",
    "segment": "Previously Active Listeners"
  },
  {
    "artistName": "girl in red",
    "segment": "Previously Active Listeners"
  },
  {
    "artistName": "The Cat",
    "segment": "Previously Active Listeners"
  },
  {
    "artistName": "The Mills Brothers",
    "segment": "Previously Active Listeners"
  },
  {
    "artistName": "Luis Fonsi",
    "segment": "Previously Active Listeners"
  },
  {
    "artistName": "Rina Sawayama",
    "segment": "Previously Active Listeners"
  },
  {
    "artistName": "The Smiths",
    "segment": "Previously Active Listeners"
  },
  {
    "artistName": "Dirty Lady",
    "segment": "Previously Active Listeners"
  },
  {
    "artistName": "The Presidents Of The United States Of America",
    "segment": "Previously Active Listeners"
  },
  {
    "artistName": "Doja Cat",
    "segment": "Previously Active Listeners"
  },
  {
    "artistName": "Bobby Darin",
    "segment": "Previously Active Listeners"
  },
  {
    "artistName": "Glenn Danzig",
    "segment": "Previously Active Listeners"
  },
  {
    "artistName": "The Walters",
    "segment": "Moderate listeners"
  },
  {
    "artistName": "Olivia Rodrigo",
    "segment": "Previously Active Listeners"
  },
  {
    "artistName": "The Kooks",
    "segment": "Previously Active Listeners"
  },
  {
    "artistName": "Paramore",
    "segment": "Previously Active Listeners"
  },
  {
    "artistName": "Musical Playground",
    "segment": "Previously Active Listeners"
  },
  {
    "artistName": "Take That",
    "segment": "Previously Active Listeners"
  },
  {
    "artistName": "Megan Thee Stallion",
    "segment": "Light listeners"
  },
  {
    "artistName": "Andrew Prahlow",
    "segment": "Previously Active Listeners"
  },
  {
    "artistName": "Rosanne Cash",
    "segment": "Previously Active Listeners"
  },
  {
    "artistName": "Blur",
    "segment": "Previously Active Listeners"
  },
  {
    "artistName": "Tim Minchin",
    "segment": "Previously Active Listeners"
  },
  {
    "artistName": "Clairo",
    "segment": "Previously Active Listeners"
  },
  {
    "artistName": "Paul McCartney",
    "segment": "Previously Active Listeners"
  },
  {
    "artistName": "Clean Bandit",
    "segment": "Previously Active Listeners"
  },
  {
    "artistName": "Gwen Stefani",
    "segment": "Previously Active Listeners"
  },
  {
    "artistName": "Pete Philly & Perquisite",
    "segment": "Light listeners"
  },
  {
    "artistName": "blink-182",
    "segment": "Previously Active Listeners"
  },
  {
    "artistName": "They Might Be Giants",
    "segment": "Previously Active Listeners"
  },
  {
    "artistName": "Lily Allen",
    "segment": "Previously Active Listeners"
  },
  {
    "artistName": "My Chemical Romance",
    "segment": "Previously Active Listeners"
  },
  {
    "artistName": "Nelly Furtado",
    "segment": "Previously Active Listeners"
  },
  {
    "artistName": "Someone",
    "segment": "Previously Active Listeners"
  },
  {
    "artistName": "Nep",
    "segment": "Previously Active Listeners"
  },
  {
    "artistName": "The Zombies",
    "segment": "Previously Active Listeners"
  },
  {
    "artistName": "Ghost",
    "segment": "Super Listeners"
  },
  {
    "artistName": "Bastille",
    "segment": "Previously Active Listeners"
  },
  {
    "artistName": "Graham Nash",
    "segment": "Previously Active Listeners"
  },
  {
    "artistName": "Federica Meloni",
    "segment": "Previously Active Listeners"
  },
  {
    "artistName": "Avenged Sevenfold",
    "segment": "Previously Active Listeners"
  },
  {
    "artistName": "JD Souther",
    "segment": "Previously Active Listeners"
  },
  {
    "artistName": "Jordana",
    "segment": "Previously Active Listeners"
  },
  {
    "artistName": "Jackson Browne",
    "segment": "Previously Active Listeners"
  },
  {
    "artistName": "Addison Rae",
    "segment": "Previously Active Listeners"
  },
  {
    "artistName": "Andrew Lloyd Webber",
    "segment": "Previously Active Listeners"
  },
  {
    "artistName": "Labi Siffre",
    "segment": "Previously Active Listeners"
  },
  {
    "artistName": "George Salazar",
    "segment": "Previously Active Listeners"
  },
  {
    "artistName": "Yoko Ono",
    "segment": "Previously Active Listeners"
  },
  {
    "artistName": "Billie Joe Armstrong",
    "segment": "Previously Active Listeners"
  },
  {
    "artistName": "Lexi Lawson",
    "segment": "Previously Active Listeners"
  },
  {
    "artistName": "George Harrison",
    "segment": "Previously Active Listeners"
  },
  {
    "artistName": "Alan Walker",
    "segment": "Previously Active Listeners"
  },
  {
    "artistName": "MAGIC!",
    "segment": "Light listeners"
  },
  {
    "artistName": "The Beach Boys",
    "segment": "Previously Active Listeners"
  },
  {
    "artistName": "Nona",
    "segment": "Previously Active Listeners"
  },
  {
    "artistName": "Andrew Garfield",
    "segment": "Previously Active Listeners"
  },
  {
    "artistName": "Dwayne Johnson",
    "segment": "Previously Active Listeners"
  },
  {
    "artistName": "Taylor Swift",
    "segment": "Previously Active Listeners"
  },
  {
    "artistName": "Jessica Keenan Wynn",
    "segment": "Previously Active Listeners"
  },
  {
    "artistName": "Nick Phoenix",
    "segment": "Previously Active Listeners"
  },
  {
    "artistName": "Michael Jackson",
    "segment": "Previously Active Listeners"
  },
  {
    "artistName": "Troy",
    "segment": "Previously Active Listeners"
  },
  {
    "artistName": "SRNO",
    "segment": "Previously Active Listeners"
  },
  {
    "artistName": "Ariana Grande",
    "segment": "Previously Active Listeners"
  },
  {
    "artistName": "Chris Hillman",
    "segment": "Previously Active Listeners"
  },
  {
    "artistName": "The Runaways",
    "segment": "Previously Active Listeners"
  },
  {
    "artistName": "The Hoosiers",
    "segment": "Previously Active Listeners"
  },
  {
    "artistName": "Evanescence",
    "segment": "Previously Active Listeners"
  },
  {
    "artistName": "James Horner",
    "segment": "Previously Active Listeners"
  },
  {
    "artistName": "Tally Hall",
    "segment": "Light listeners"
  },
  {
    "artistName": "ConcernedApe",
    "segment": "Previously Active Listeners"
  },
  {
    "artistName": "Fran Frey",
    "segment": "Previously Active Listeners"
  },
  {
    "artistName": "Bee Gees",
    "segment": "Previously Active Listeners"
  },
  {
    "artistName": "The Cardigans",
    "segment": "Moderate listeners"
  },
  {
    "artistName": "Gabriella",
    "segment": "Previously Active Listeners"
  },
  {
    "artistName": "TX2",
    "segment": "Previously Active Listeners"
  },
  {
    "artistName": "David Crosby",
    "segment": "Previously Active Listeners"
  },
  {
    "artistName": "Natasha Bedingfield",
    "segment": "Previously Active Listeners"
  },
  {
    "artistName": "Michael Blessing",
    "segment": "Previously Active Listeners"
  },
  {
    "artistName": "AFI",
    "segment": "Previously Active Listeners"
  },
  {
    "artistName": "Billy Joel",
    "segment": "Light listeners"
  },
  {
    "artistName": "Billie Eilish",
    "segment": "Previously Active Listeners"
  },
  {
    "artistName": "David Jones",
    "segment": "Previously Active Listeners"
  },
  {
    "artistName": "Buffy the Vampire Slayer Cast",
    "segment": "Previously Active Listeners"
  },
  {
    "artistName": "Mellt",
    "segment": "Previously Active Listeners"
  },
  {
    "artistName": "The Front Bottoms",
    "segment": "Previously Active Listeners"
  },
  {
    "artistName": "John Powell",
    "segment": "Moderate listeners"
  },
  {
    "artistName": "Ricky Montgomery",
    "segment": "Previously Active Listeners"
  },
  {
    "artistName": "Arlo Guthrie",
    "segment": "Previously Active Listeners"
  },
  {
    "artistName": "James Ingram",
    "segment": "Previously Active Listeners"
  },
  {
    "artistName": "Emmylou Harris",
    "segment": "Previously Active Listeners"
  },
  {
    "artistName": "The Dead South",
    "segment": "Previously Active Listeners"
  },
  {
    "artistName": "Queen",
    "segment": "Previously Active Listeners"
  },
  {
    "artistName": "Emily Rohm",
    "segment": "Previously Active Listeners"
  },
  {
    "artistName": "Panic! At The Disco",
    "segment": "Super Listeners"
  },
  {
    "artistName": "Gram Parsons",
    "segment": "Previously Active Listeners"
  },
  {
    "artistName": "Daryl Hall & John Oates",
    "segment": "Previously Active Listeners"
  },
  {
    "artistName": "Andrew Gold",
    "segment": "Previously Active Listeners"
  },
  {
    "artistName": "Evan Todd",
    "segment": "Previously Active Listeners"
  },
  {
    "artistName": "bôa",
    "segment": "Previously Active Listeners"
  },
  {
    "artistName": "Small Faces",
    "segment": "Previously Active Listeners"
  },
  {
    "artistName": "Ari Afsar",
    "segment": "Previously Active Listeners"
  },
  {
    "artistName": "Louis Armstrong",
    "segment": "Previously Active Listeners"
  },
  {
    "artistName": "The Fratellis",
    "segment": "Previously Active Listeners"
  },
  {
    "artistName": "Pete Philly",
    "segment": "Light listeners"
  },
  {
    "artistName": "Scott Redmond",
    "segment": "Previously Active Listeners"
  },
  {
    "artistName": "Disney",
    "segment": "Previously Active Listeners"
  },
  {
    "artistName": "Ernia",
    "segment": "Light listeners"
  },
  {
    "artistName": "Laufey",
    "segment": "Super Listeners"
  },
  {
    "artistName": "Ice Nine Kills",
    "segment": "Previously Active Listeners"
  },
  {
    "artistName": "Gene Vincent",
    "segment": "Previously Active Listeners"
  },
  {
    "artistName": "Dr. Steel",
    "segment": "Previously Active Listeners"
  },
  {
    "artistName": "Bon Iver",
    "segment": "Previously Active Listeners"
  },
  {
    "artistName": "Paris Paloma",
    "segment": "Previously Active Listeners"
  },
  {
    "artistName": "Sabaton",
    "segment": "Light listeners"
  },
  {
    "artistName": "Hozier",
    "segment": "Previously Active Listeners"
  },
  {
    "artistName": "Traveling Wilburys",
    "segment": "Previously Active Listeners"
  },
  {
    "artistName": "Wabie",
    "segment": "Previously Active Listeners"
  },
  {
    "artistName": "Ed Sheeran",
    "segment": "Previously Active Listeners"
  },
  {
    "artistName": "Chris Barrie",
    "segment": "Previously Active Listeners"
  },
  {
    "artistName": "Bowling For Soup",
    "segment": "Previously Active Listeners"
  },
  {
    "artistName": "Matt Maltese",
    "segment": "Previously Active Listeners"
  },
  {
    "artistName": "A. G. Cook",
    "segment": "Previously Active Listeners"
  },
  {
    "artistName": "Tom Paxton",
    "segment": "Previously Active Listeners"
  },
  {
    "artistName": "Frank Turner",
    "segment": "Previously Active Listeners"
  },
  {
    "artistName": "Louis Prima",
    "segment": "Previously Active Listeners"
  },
  {
    "artistName": "Michael Cera",
    "segment": "Previously Active Listeners"
  },
  {
    "artistName": "Pete Seeger",
    "segment": "Previously Active Listeners"
  },
  {
    "artistName": "Relaxing Radiance",
    "segment": "Previously Active Listeners"
  },
  {
    "artistName": "Jacoby Shaddix",
    "segment": "Previously Active Listeners"
  },
  {
    "artistName": "The Who",
    "segment": "Previously Active Listeners"
  },
  {
    "artistName": "Elton John",
    "segment": "Previously Active Listeners"
  },
  {
    "artistName": "Joshua Henry",
    "segment": "Previously Active Listeners"
  },
  {
    "artistName": "Ani DiFranco",
    "segment": "Previously Active Listeners"
  },
  {
    "artistName": "Chappell Roan",
    "segment": "Previously Active Listeners"
  },
  {
    "artistName": "Yusuf / Cat Stevens",
    "segment": "Previously Active Listeners"
  },
  {
    "artistName": "Tyson Yen",
    "segment": "Light listeners"
  },
  {
    "artistName": "Vince Staples",
    "segment": "Previously Active Listeners"
  },
  {
    "artistName": "Willy Russell",
    "segment": "Previously Active Listeners"
  },
  {
    "artistName": "The Jackson 5",
    "segment": "Previously Active Listeners"
  },
  {
    "artistName": "Alffa",
    "segment": "Previously Active Listeners"
  },
  {
    "artistName": "Various Artists",
    "segment": "Moderate listeners"
  },
  {
    "artistName": "MARINA",
    "segment": "Previously Active Listeners"
  },
  {
    "artistName": "beabadoobee",
    "segment": "Previously Active Listeners"
  },
  {
    "artistName": "Dolly Parton",
    "segment": "Previously Active Listeners"
  },
  {
    "artistName": "Beach Bunny",
    "segment": "Moderate listeners"
  },
  {
    "artistName": "Barry Bostwick",
    "segment": "Previously Active Listeners"
  },
  {
    "artistName": "Buddy Holly",
    "segment": "Previously Active Listeners"
  },
  {
    "artistName": "CASIOPEA",
    "segment": "Previously Active Listeners"
  },
  {
    "artistName": "The Monkees",
    "segment": "Previously Active Listeners"
  },
  {
    "artistName": "Talking Heads",
    "segment": "Previously Active Listeners"
  },
  {
    "artistName": "The Boswell Sisters",
    "segment": "Previously Active Listeners"
  },
  {
    "artistName": "Ysgol Sul",
    "segment": "Previously Active Listeners"
  },
  {
    "artistName": "Daniel Cooney",
    "segment": "Previously Active Listeners"
  },
  {
    "artistName": "Amos Roddy",
    "segment": "Previously Active Listeners"
  },
  {
    "artistName": "The Japanese House",
    "segment": "Previously Active Listeners"
  },
  {
    "artistName": "Peter, Paul and Mary",
    "segment": "Previously Active Listeners"
  },
  {
    "artistName": "Takayoshi",
    "segment": "Light listeners"
  },
  {
    "artistName": "Tim Curry",
    "segment": "Previously Active Listeners"
  },
  {
    "artistName": "Graeme Cornies",
    "segment": "Light listeners"
  },
  {
    "artistName": "The Ride the Cyclone World Premiere Cast Recording Ensemble",
    "segment": "Previously Active Listeners"
  },
  {
    "artistName": "Harry McClintock",
    "segment": "Previously Active Listeners"
  },
  {
    "artistName": "Bobby Vee",
    "segment": "Previously Active Listeners"
  },
  {
    "artistName": "Ella Fitzgerald",
    "segment": "Previously Active Listeners"
  },
  {
    "artistName": "OOMPH!",
    "segment": "Light listeners"
  },
  {
    "artistName": "Water Soundscapes",
    "segment": "Previously Active Listeners"
  },
  {
    "artistName": "Wham!",
    "segment": "Previously Active Listeners"
  },
  {
    "artistName": "The Lovin' Spoonful",
    "segment": "Previously Active Listeners"
  },
  {
    "artistName": "John Mellencamp",
    "segment": "Previously Active Listeners"
  },
  {
    "artistName": "Wings",
    "segment": "Previously Active Listeners"
  },
  {
    "artistName": "McGuinn, Clark & Hillman",
    "segment": "Previously Active Listeners"
  },
  {
    "artistName": "Creedence Clearwater Revival",
    "segment": "Previously Active Listeners"
  },
  {
    "artistName": "Rui Reis Maia",
    "segment": "Previously Active Listeners"
  },
  {
    "artistName": "Roger McGuinn",
    "segment": "Previously Active Listeners"
  },
  {
    "artistName": "Hamilton Camp",
    "segment": "Previously Active Listeners"
  },
  {
    "artistName": "Sophie May",
    "segment": "Previously Active Listeners"
  },
  {
    "artistName": "Metallica",
    "segment": "Previously Active Listeners"
  },
  {
    "artistName": "Band Aid 20",
    "segment": "Previously Active Listeners"
  },
  {
    "artistName": "Dick Powell",
    "segment": "Previously Active Listeners"
  },
  {
    "artistName": "Ry Cooder",
    "segment": "Previously Active Listeners"
  },
  {
    "artistName": "Frankie Valli & The Four Seasons",
    "segment": "Previously Active Listeners"
  },
  {
    "artistName": "SIX",
    "segment": "Previously Active Listeners"
  },
  {
    "artistName": "Stephen Stills",
    "segment": "Previously Active Listeners"
  },
  {
    "artistName": "Stealers Wheel",
    "segment": "Previously Active Listeners"
  },
  {
    "artistName": "Fleur De Lys",
    "segment": "Previously Active Listeners"
  },
  {
    "artistName": "Darling Violetta",
    "segment": "Previously Active Listeners"
  },
  {
    "artistName": "The First National Band",
    "segment": "Previously Active Listeners"
  },
  {
    "artistName": "Emitt Rhodes",
    "segment": "Previously Active Listeners"
  },
  {
    "artistName": "Louisa Melcher",
    "segment": "Previously Active Listeners"
  },
  {
    "artistName": "James Lee Stanley",
    "segment": "Previously Active Listeners"
  },
  {
    "artistName": "Perquisite",
    "segment": "Light listeners"
  },
  {
    "artistName": "The \"Blood Brothers 1995\" Company",
    "segment": "Previously Active Listeners"
  },
  {
    "artistName": "Michael Redgrave",
    "segment": "Previously Active Listeners"
  },
  {
    "artistName": "The Flying Burrito Brothers",
    "segment": "Previously Active Listeners"
  },
  {
    "artistName": "The Mamas & The Papas",
    "segment": "Previously Active Listeners"
  },
  {
    "artistName": "Anthony Crivello",
    "segment": "Previously Active Listeners"
  },
  {
    "artistName": "Chaz Duffy",
    "segment": "Previously Active Listeners"
  },
  {
    "artistName": "Jimi Hendrix",
    "segment": "Previously Active Listeners"
  },
  {
    "artistName": "John Mills Jr",
    "segment": "Previously Active Listeners"
  },
  {
    "artistName": "MIKA",
    "segment": "Previously Active Listeners"
  },
  {
    "artistName": "Original Broadway Cast of Dear Evan Hansen",
    "segment": "Previously Active Listeners"
  },
  {
    "artistName": "LUWTEN",
    "segment": "Light listeners"
  },
  {
    "artistName": "Candy_Wind",
    "segment": "Previously Active Listeners"
  },
  {
    "artistName": "Gwilym",
    "segment": "Previously Active Listeners"
  },
  {
    "artistName": "Elle McLemore",
    "segment": "Previously Active Listeners"
  },
  {
    "artistName": "Billy Preston",
    "segment": "Previously Active Listeners"
  },
  {
    "artistName": "Jack White",
    "segment": "Previously Active Listeners"
  },
  {
    "artistName": "TOOL",
    "segment": "Previously Active Listeners"
  },
  {
    "artistName": "Bon Jovi",
    "segment": "Previously Active Listeners"
  },
  {
    "artistName": "Flyana Boss",
    "segment": "Previously Active Listeners"
  },
  {
    "artistName": "Bring Me The Horizon",
    "segment": "Previously Active Listeners"
  },
  {
    "artistName": "The Last Dinner Party",
    "segment": "Previously Active Listeners"
  },
  {
    "artistName": "Ben Platt",
    "segment": "Previously Active Listeners"
  },
  {
    "artistName": "Bob Dylan",
    "segment": "Previously Active Listeners"
  },
  {
    "artistName": "Iceland Symphony Orchestra",
    "segment": "Light listeners"
  },
  {
    "artistName": "Bobby \"Boris\" Pickett",
    "segment": "Previously Active Listeners"
  },
  {
    "artistName": "Grailknights",
    "segment": "Previously Active Listeners"
  },
  {
    "artistName": "Sabrina Carpenter",
    "segment": "Previously Active Listeners"
  },
  {
    "artistName": "Terrance Zdunich",
    "segment": "Previously Active Listeners"
  },
  {
    "artistName": "Tinashe",
    "segment": "Previously Active Listeners"
  },
  {
    "artistName": "Bob Gibson",
    "segment": "Previously Active Listeners"
  },
  {
    "artistName": "Harry Gregson-Williams",
    "segment": "Moderate listeners"
  },
  {
    "artistName": "TV Girl",
    "segment": "Previously Active Listeners"
  },
  {
    "artistName": "Johnny Pearson",
    "segment": "Previously Active Listeners"
  },
  {
    "artistName": "The Rolling Stones",
    "segment": "Previously Active Listeners"
  },
  {
    "artistName": "Philharmonia Orchestra",
    "segment": "Previously Active Listeners"
  },
  {
    "artistName": "Band Aid",
    "segment": "Previously Active Listeners"
  },
  {
    "artistName": "John Lennon",
    "segment": "Light listeners"
  },
  {
    "artistName": "Barry Manilow",
    "segment": "Previously Active Listeners"
  },
  {
    "artistName": "Joel Corry",
    "segment": "Previously Active Listeners"
  },
  {
    "artistName": "Jimmy LaFave",
    "segment": "Previously Active Listeners"
  },
  {
    "artistName": "John Bush",
    "segment": "Light listeners"
  },
  {
    "artistName": "Jon Eidson",
    "segment": "Previously Active Listeners"
  },
  {
    "artistName": "The Del McCoury Band",
    "segment": "Previously Active Listeners"
  },
  {
    "artistName": "Ramblin' Jack Elliott",
    "segment": "Previously Active Listeners"
  },
  {
    "artistName": "Boris Harizanov",
    "segment": "Previously Active Listeners"
  },
  {
    "artistName": "Jonas Brothers",
    "segment": "Previously Active Listeners"
  },
  {
    "artistName": "Brooke Maxwell",
    "segment": "Previously Active Listeners"
  },
  {
    "artistName": "The Crypt-Kickers",
    "segment": "Previously Active Listeners"
  },
  {
    "artistName": "Connie Boswell",
    "segment": "Previously Active Listeners"
  },
  {
    "artistName": "Charissa Hogeland",
    "segment": "Previously Active Listeners"
  },
  {
    "artistName": "Lucinda Williams",
    "segment": "Previously Active Listeners"
  },
  {
    "artistName": "Crazy Horse",
    "segment": "Previously Active Listeners"
  },
  {
    "artistName": "Katie Ladner",
    "segment": "Previously Active Listeners"
  },
  {
    "artistName": "Stereophonics",
    "segment": "Previously Active Listeners"
  },
  {
    "artistName": "Dizzee Rascal",
    "segment": "Previously Active Listeners"
  },
  {
    "artistName": "Be More Chill",
    "segment": "Previously Active Listeners"
  },
  {
    "artistName": "Bonnie Raitt",
    "segment": "Previously Active Listeners"
  },
  {
    "artistName": "Dan Avidan",
    "segment": "Previously Active Listeners"
  },
  {
    "artistName": "Caroline Polachek",
    "segment": "Previously Active Listeners"
  },
  {
    "artistName": "Barenaked Ladies",
    "segment": "Previously Active Listeners"
  },
  {
    "artistName": "Dominik Hauser",
    "segment": "Previously Active Listeners"
  },
  {
    "artistName": "The Byrds",
    "segment": "Previously Active Listeners"
  },
  {
    "artistName": "Klaatu",
    "segment": "Previously Active Listeners"
  },
  {
    "artistName": "Annie Lennox",
    "segment": "Previously Active Listeners"
  },
  {
    "artistName": "HEALTH",
    "segment": "Light listeners"
  },
  {
    "artistName": "Alex G",
    "segment": "Previously Active Listeners"
  },
  {
    "artistName": "Original Broadway Cast of Mean Girls",
    "segment": "Previously Active Listeners"
  },
  {
    "artistName": "Alexandra Shipp",
    "segment": "Previously Active Listeners"
  },
  {
    "artistName": "Green Day",
    "segment": "Previously Active Listeners"
  },
  {
    "artistName": "FIFTY FIFTY",
    "segment": "Previously Active Listeners"
  },
  {
    "artistName": "Tim Buckley",
    "segment": "Previously Active Listeners"
  },
  {
    "artistName": "Poco",
    "segment": "Previously Active Listeners"
  },
  {
    "artistName": "Simon & Garfunkel",
    "segment": "Previously Active Listeners"
  },
  {
    "artistName": "Peter Tork & Shoe Suede Blues",
    "segment": "Previously Active Listeners"
  },
  {
    "artistName": "Tom Petty and the Heartbreakers",
    "segment": "Previously Active Listeners"
  },
  {
    "artistName": "Harry Mills",
    "segment": "Previously Active Listeners"
  },
  {
    "artistName": "Wet Leg",
    "segment": "Moderate listeners"
  },
  {
    "artistName": "Keith Mansfield",
    "segment": "Previously Active Listeners"
  },
  {
    "artistName": "Frank Munn",
    "segment": "Previously Active Listeners"
  },
  {
    "artistName": "Julia Harriman",
    "segment": "Previously Active Listeners"
  },
  {
    "artistName": "Frankie Valli",
    "segment": "Previously Active Listeners"
  },
  {
    "artistName": "Re-Logic",
    "segment": "Previously Active Listeners"
  },
  {
    "artistName": "The All-American Rejects",
    "segment": "Previously Active Listeners"
  },
  {
    "artistName": "The Crickets",
    "segment": "Previously Active Listeners"
  },
  {
    "artistName": "Herbert Mills",
    "segment": "Previously Active Listeners"
  },
  {
    "artistName": "The La's",
    "segment": "Previously Active Listeners"
  },
  {
    "artistName": "Rachel Flynn",
    "segment": "Previously Active Listeners"
  },
  {
    "artistName": "Crosby, Stills, Nash & Young",
    "segment": "Previously Active Listeners"
  },
  {
    "artistName": "Tenacious D",
    "segment": "Previously Active Listeners"
  },
  {
    "artistName": "d4vd",
    "segment": "Light listeners"
  },
  {
    "artistName": "Stephanie Lawrence",
    "segment": "Previously Active Listeners"
  },
  {
    "artistName": "Slumbers",
    "segment": "Light listeners"
  },
  {
    "artistName": "Phil Ochs",
    "segment": "Previously Active Listeners"
  }
]