[
  {
    "platform" : "ANDROID_ARM",
    "searchTime" : "2024-09-08T13:02:43.789Z[UTC]",
    "searchQuery" : "were",
    "searchInteractionURIs" : [
    ]
  },
  {
    "platform" : "ANDROID_ARM",
    "searchTime" : "2024-09-08T13:02:44.049Z[UTC]",
    "searchQuery" : "we're ",
    "searchInteractionURIs" : [
    ]
  },
  {
    "platform" : "ANDROID_ARM",
    "searchTime" : "2024-09-08T13:02:44.717Z[UTC]",
    "searchQuery" : "we're fi",
    "searchInteractionURIs" : [
    ]
  },
  {
    "platform" : "ANDROID_ARM",
    "searchTime" : "2024-09-08T13:02:44.927Z[UTC]",
    "searchQuery" : "we're figh",
    "searchInteractionURIs" : [
    ]
  },
  {
    "platform" : "ANDROID_ARM",
    "searchTime" : "2024-09-08T13:02:45.022Z[UTC]",
    "searchQuery" : "we're fight",
    "searchInteractionURIs" : [
    ]
  },
  {
    "platform" : "ANDROID_ARM",
    "searchTime" : "2024-09-08T13:02:46.913Z[UTC]",
    "searchQuery" : "we're fighting in t",
    "searchInteractionURIs" : [
    ]
  },
  {
    "platform" : "ANDROID_ARM",
    "searchTime" : "2024-09-08T13:02:48.036Z[UTC]",
    "searchQuery" : "we're fighting in the gr",
    "searchInteractionURIs" : [
    ]
  },
  {
    "platform" : "ANDROID",
    "searchTime" : "2024-09-08T13:02:50.719Z[UTC]",
    "searchQuery" : "we're fighting in the gro",
    "searchInteractionURIs" : [
      "spotify:track:3VrZMjiKEQv3LRQPrXQ4sB"
    ]
  },
  {
    "platform" : "ANDROID",
    "searchTime" : "2024-09-09T12:28:33.754Z[UTC]",
    "searchQuery" : "made",
    "searchInteractionURIs" : [
      "spotify:playlist:37i9dQZF1EIerWUrjG2OiJ",
      "spotify:search:made"
    ]
  },
  {
    "platform" : "ANDROID",
    "searchTime" : "2024-09-09T12:28:52.207Z[UTC]",
    "searchQuery" : "made",
    "searchInteractionURIs" : [
      "spotify:playlist:37i9dQZF1EIftARmx0fCJB",
      "spotify:playlist:37i9dQZF1EIfbLVEdX4xsZ",
      "spotify:playlist:37i9dQZF1EIdAJQPkhbzRM",
      "spotify:playlist:37i9dQZF1EIhuCNl2WSFYd",
      "spotify:playlist:37i9dQZF1EIdjWr4YEzRXS",
      "spotify:playlist:37i9dQZF1EIctw4dMbBUt1",
      "spotify:playlist:37i9dQZF1EIftARmx0fCJB",
      "spotify:playlist:37i9dQZF1EIdrG0zz1ff26",
      "spotify:playlist:37i9dQZF1EIhjYUHgSJPms",
      "spotify:playlist:37i9dQZF1EIhxXwmyTC0jL",
      "spotify:playlist:37i9dQZF1EIguQ8anE2T1C"
    ]
  },
  {
    "platform" : "ANDROID_ARM",
    "searchTime" : "2024-09-09T22:13:40.179Z[UTC]",
    "searchQuery" : "g",
    "searchInteractionURIs" : [
    ]
  },
  {
    "platform" : "ANDROID",
    "searchTime" : "2024-09-09T22:13:41.902Z[UTC]",
    "searchQuery" : "fergie",
    "searchInteractionURIs" : [
      "spotify:track:5Nu1cp2yi4TlZF4KTmElFD"
    ]
  },
  {
    "platform" : "ANDROID_ARM",
    "searchTime" : "2024-09-09T22:14:01.926Z[UTC]",
    "searchQuery" : "banana",
    "searchInteractionURIs" : [
    ]
  },
  {
    "platform" : "ANDROID",
    "searchTime" : "2024-09-09T22:14:03.571Z[UTC]",
    "searchQuery" : "bananas this",
    "searchInteractionURIs" : [
    ]
  },
  {
    "platform" : "ANDROID_ARM",
    "searchTime" : "2024-09-09T22:14:05.856Z[UTC]",
    "searchQuery" : "bananas",
    "searchInteractionURIs" : [
    ]
  },
  {
    "platform" : "ANDROID_ARM",
    "searchTime" : "2024-09-09T22:14:06.209Z[UTC]",
    "searchQuery" : "ba",
    "searchInteractionURIs" : [
    ]
  },
  {
    "platform" : "ANDROID",
    "searchTime" : "2024-09-09T22:14:07.560Z[UTC]",
    "searchQuery" : "holla",
    "searchInteractionURIs" : [
      "spotify:track:6KM6693N1wVvz6tDviEF4F"
    ]
  },
  {
    "platform" : "ANDROID_ARM",
    "searchTime" : "2024-09-10T15:12:11.213Z[UTC]",
    "searchQuery" : "d",
    "searchInteractionURIs" : [
    ]
  },
  {
    "platform" : "ANDROID",
    "searchTime" : "2024-09-10T15:12:11.464Z[UTC]",
    "searchQuery" : "day",
    "searchInteractionURIs" : [
      "spotify:playlist:37i9dQZF1EP6YuccBxUcC1"
    ]
  },
  {
    "platform" : "ANDROID_ARM",
    "searchTime" : "2024-09-10T19:31:09.117Z[UTC]",
    "searchQuery" : "elliot ",
    "searchInteractionURIs" : [
    ]
  },
  {
    "platform" : "ANDROID_ARM",
    "searchTime" : "2024-09-10T19:31:10.687Z[UTC]",
    "searchQuery" : "elliot simc",
    "searchInteractionURIs" : [
    ]
  },
  {
    "platform" : "ANDROID",
    "searchTime" : "2024-09-10T19:31:11.725Z[UTC]",
    "searchQuery" : "elliot simcox",
    "searchInteractionURIs" : [
      "spotify:user:21mmdzvcguyq5z4nwcmp7mfty"
    ]
  },
  {
    "platform" : "ANDROID_ARM",
    "searchTime" : "2024-09-14T07:05:12.801Z[UTC]",
    "searchQuery" : "li",
    "searchInteractionURIs" : [
    ]
  },
  {
    "platform" : "ANDROID_ARM",
    "searchTime" : "2024-09-14T07:05:12.826Z[UTC]",
    "searchQuery" : "lin",
    "searchInteractionURIs" : [
    ]
  },
  {
    "platform" : "ANDROID",
    "searchTime" : "2024-09-14T07:05:13.175Z[UTC]",
    "searchQuery" : "line",
    "searchInteractionURIs" : [
      "spotify:track:5NvOZCjZaGGGL597exlQWv"
    ]
  },
  {
    "platform" : "ANDROID",
    "searchTime" : "2024-09-14T07:15:02.622Z[UTC]",
    "searchQuery" : "csny",
    "searchInteractionURIs" : [
      "spotify:artist:1CYsQCypByMVgnv17qsSbQ"
    ]
  },
  {
    "platform" : "ANDROID",
    "searchTime" : "2024-09-14T14:35:42.936Z[UTC]",
    "searchQuery" : "gjost je",
    "searchInteractionURIs" : [
      "spotify:track:1zd8h6ho3mlbhkZnADHVzP"
    ]
  },
  {
    "platform" : "ANDROID",
    "searchTime" : "2024-09-15T07:05:08.587Z[UTC]",
    "searchQuery" : "donov",
    "searchInteractionURIs" : [
      "spotify:artist:6vLlQYujOujIrm7zAKzEdG"
    ]
  },
  {
    "platform" : "ANDROID_ARM",
    "searchTime" : "2024-09-15T07:05:08.911Z[UTC]",
    "searchQuery" : "dono",
    "searchInteractionURIs" : [
    ]
  },
  {
    "platform" : "ANDROID",
    "searchTime" : "2024-09-16T07:30:23.468Z[UTC]",
    "searchQuery" : "the magnu",
    "searchInteractionURIs" : [
      "spotify:show:5pwBAjuJJAOt7cED5Lkjnk"
    ]
  },
  {
    "platform" : "ANDROID_ARM",
    "searchTime" : "2024-09-16T15:57:06.542Z[UTC]",
    "searchQuery" : "eka",
    "searchInteractionURIs" : [
    ]
  },
  {
    "platform" : "ANDROID",
    "searchTime" : "2024-09-16T15:57:07.051Z[UTC]",
    "searchQuery" : "emails",
    "searchInteractionURIs" : [
      "spotify:track:2qLyo5FeWquE7HBUbcVnEy"
    ]
  },
  {
    "platform" : "ANDROID_ARM",
    "searchTime" : "2024-09-18T15:50:51.643Z[UTC]",
    "searchQuery" : "disabili",
    "searchInteractionURIs" : [
    ]
  },
  {
    "platform" : "ANDROID",
    "searchTime" : "2024-09-18T15:50:58.350Z[UTC]",
    "searchQuery" : "disability in aechaeology",
    "searchInteractionURIs" : [
      "spotify:playlist:0ETOcU3uzmBgbpkkg9qLqy"
    ]
  },
  {
    "platform" : "ANDROID_ARM",
    "searchTime" : "2024-09-21T07:02:33.627Z[UTC]",
    "searchQuery" : "k",
    "searchInteractionURIs" : [
    ]
  },
  {
    "platform" : "ANDROID",
    "searchTime" : "2024-09-21T07:02:35.046Z[UTC]",
    "searchQuery" : "kan gao",
    "searchInteractionURIs" : [
      "spotify:artist:4731oj3P4TxYAtySgdYYHl"
    ]
  },
  {
    "platform" : "ANDROID_ARM",
    "searchTime" : "2024-09-21T07:02:48.312Z[UTC]",
    "searchQuery" : "b",
    "searchInteractionURIs" : [
    ]
  },
  {
    "platform" : "ANDROID_ARM",
    "searchTime" : "2024-09-21T07:02:49.528Z[UTC]",
    "searchQuery" : "beach epis",
    "searchInteractionURIs" : [
    ]
  },
  {
    "platform" : "ANDROID",
    "searchTime" : "2024-09-21T07:02:54.911Z[UTC]",
    "searchQuery" : "to the moon beach episode ",
    "searchInteractionURIs" : [
    ]
  },
  {
    "platform" : "ANDROID_ARM",
    "searchTime" : "2024-09-21T07:02:55.226Z[UTC]",
    "searchQuery" : "to the moobeach episode ",
    "searchInteractionURIs" : [
    ]
  },
  {
    "platform" : "ANDROID",
    "searchTime" : "2024-09-23T16:13:16.354Z[UTC]",
    "searchQuery" : "i dont care",
    "searchInteractionURIs" : [
      "spotify:track:1rhXXcrYp9RRObN5gsmqCU"
    ]
  },
  {
    "platform" : "ANDROID",
    "searchTime" : "2024-09-30T18:02:34.739Z[UTC]",
    "searchQuery" : "espresso",
    "searchInteractionURIs" : [
    ]
  },
  {
    "platform" : "ANDROID",
    "searchTime" : "2024-09-30T18:02:51.488Z[UTC]",
    "searchQuery" : "sweet dreams",
    "searchInteractionURIs" : [
      "spotify:track:1TfqLAPs4K3s2rJMoCokcS",
      "spotify:track:1TfqLAPs4K3s2rJMoCokcS"
    ]
  },
  {
    "platform" : "ANDROID",
    "searchTime" : "2024-10-01T07:32:15.992Z[UTC]",
    "searchQuery" : "yello",
    "searchInteractionURIs" : [
      "spotify:track:4IRHwIZHzlHT1FQpRa5RdE"
    ]
  },
  {
    "platform" : "",
    "searchTime" : "2024-10-01T07:32:16.038Z[UTC]",
    "searchQuery" : "y",
    "searchInteractionURIs" : [
    ]
  },
  {
    "platform" : "",
    "searchTime" : "2024-10-01T07:32:16.071Z[UTC]",
    "searchQuery" : "yell",
    "searchInteractionURIs" : [
    ]
  },
  {
    "platform" : "",
    "searchTime" : "2024-10-01T07:32:16.073Z[UTC]",
    "searchQuery" : "yel",
    "searchInteractionURIs" : [
    ]
  },
  {
    "platform" : "",
    "searchTime" : "2024-10-01T07:32:16.073Z[UTC]",
    "searchQuery" : "ye",
    "searchInteractionURIs" : [
    ]
  },
  {
    "platform" : "",
    "searchTime" : "2024-10-01T07:32:16.113Z[UTC]",
    "searchQuery" : "y",
    "searchInteractionURIs" : [
    ]
  },
  {
    "platform" : "",
    "searchTime" : "2024-10-01T07:32:16.121Z[UTC]",
    "searchQuery" : "yel",
    "searchInteractionURIs" : [
    ]
  },
  {
    "platform" : "",
    "searchTime" : "2024-10-01T07:32:16.144Z[UTC]",
    "searchQuery" : "ye",
    "searchInteractionURIs" : [
    ]
  },
  {
    "platform" : "",
    "searchTime" : "2024-10-01T07:32:16.160Z[UTC]",
    "searchQuery" : "yell",
    "searchInteractionURIs" : [
    ]
  },
  {
    "platform" : "ANDROID",
    "searchTime" : "2024-10-01T07:43:11.862Z[UTC]",
    "searchQuery" : "tansy",
    "searchInteractionURIs" : [
      "spotify:track:4lgiMxwkmA37BJx8GmZfhK"
    ]
  },
  {
    "platform" : "ANDROID",
    "searchTime" : "2024-10-01T07:43:38.409Z[UTC]",
    "searchQuery" : "naaz",
    "searchInteractionURIs" : [
      "spotify:artist:736HGQRGr9rjG4VmmSpkz8"
    ]
  },
  {
    "platform" : "ANDROID",
    "searchTime" : "2024-10-03T11:50:13.170Z[UTC]",
    "searchQuery" : "tansy",
    "searchInteractionURIs" : [
      "spotify:track:4lgiMxwkmA37BJx8GmZfhK"
    ]
  },
  {
    "platform" : "ANDROID_ARM",
    "searchTime" : "2024-10-03T11:50:13.365Z[UTC]",
    "searchQuery" : "tan",
    "searchInteractionURIs" : [
    ]
  },
  {
    "platform" : "",
    "searchTime" : "2024-10-03T11:56:29.476Z[UTC]",
    "searchQuery" : "19",
    "searchInteractionURIs" : [
    ]
  },
  {
    "platform" : "",
    "searchTime" : "2024-10-03T11:56:29.759Z[UTC]",
    "searchQuery" : "19",
    "searchInteractionURIs" : [
    ]
  },
  {
    "platform" : "",
    "searchTime" : "2024-10-03T11:56:29.855Z[UTC]",
    "searchQuery" : "194",
    "searchInteractionURIs" : [
    ]
  },
  {
    "platform" : "WIN32_ARM64",
    "searchTime" : "2024-10-03T11:56:30.114Z[UTC]",
    "searchQuery" : "194",
    "searchInteractionURIs" : [
    ]
  },
  {
    "platform" : "",
    "searchTime" : "2024-10-03T11:56:30.259Z[UTC]",
    "searchQuery" : "1940s",
    "searchInteractionURIs" : [
    ]
  },
  {
    "platform" : "",
    "searchTime" : "2024-10-03T11:56:30.388Z[UTC]",
    "searchQuery" : "1940s",
    "searchInteractionURIs" : [
    ]
  },
  {
    "platform" : "",
    "searchTime" : "2024-10-03T11:56:33.930Z[UTC]",
    "searchQuery" : "the mi",
    "searchInteractionURIs" : [
    ]
  },
  {
    "platform" : "",
    "searchTime" : "2024-10-03T11:56:34.112Z[UTC]",
    "searchQuery" : "the mi",
    "searchInteractionURIs" : [
    ]
  },
  {
    "platform" : "",
    "searchTime" : "2024-10-03T11:56:34.460Z[UTC]",
    "searchQuery" : "the mills",
    "searchInteractionURIs" : [
    ]
  },
  {
    "platform" : "",
    "searchTime" : "2024-10-03T11:56:34.620Z[UTC]",
    "searchQuery" : "the mills",
    "searchInteractionURIs" : [
    ]
  },
  {
    "platform" : "",
    "searchTime" : "2024-10-03T20:52:47.080Z[UTC]",
    "searchQuery" : "be",
    "searchInteractionURIs" : [
    ]
  },
  {
    "platform" : "",
    "searchTime" : "2024-10-03T20:52:47.151Z[UTC]",
    "searchQuery" : "be",
    "searchInteractionURIs" : [
    ]
  },
  {
    "platform" : "ANDROID",
    "searchTime" : "2024-10-03T20:52:47.408Z[UTC]",
    "searchQuery" : "be mor",
    "searchInteractionURIs" : [
      "spotify:album:0758cp4h8LSZeLRzrKx2XM"
    ]
  },
  {
    "platform" : "ANDROID",
    "searchTime" : "2024-10-04T07:31:31.501Z[UTC]",
    "searchQuery" : "my chem",
    "searchInteractionURIs" : [
      "spotify:playlist:37i9dQZF1EIUXSCDe2WuJl"
    ]
  },
  {
    "platform" : "",
    "searchTime" : "2024-10-07T19:14:31.557Z[UTC]",
    "searchQuery" : "donovan",
    "searchInteractionURIs" : [
    ]
  },
  {
    "platform" : "",
    "searchTime" : "2024-10-07T19:14:31.924Z[UTC]",
    "searchQuery" : "donovan",
    "searchInteractionURIs" : [
    ]
  },
  {
    "platform" : "",
    "searchTime" : "2024-10-08T11:56:43.343Z[UTC]",
    "searchQuery" : "di",
    "searchInteractionURIs" : [
    ]
  },
  {
    "platform" : "",
    "searchTime" : "2024-10-08T11:56:43.406Z[UTC]",
    "searchQuery" : "di",
    "searchInteractionURIs" : [
    ]
  },
  {
    "platform" : "ANDROID",
    "searchTime" : "2024-10-08T11:56:44.260Z[UTC]",
    "searchQuery" : "disser",
    "searchInteractionURIs" : [
      "spotify:playlist:34pS37LnwNPxijpudhcndZ"
    ]
  },
  {
    "platform" : "ANDROID",
    "searchTime" : "2024-10-09T12:15:11.464Z[UTC]",
    "searchQuery" : "mr ray ",
    "searchInteractionURIs" : [
    ]
  },
  {
    "platform" : "",
    "searchTime" : "2024-10-09T12:15:13.471Z[UTC]",
    "searchQuery" : "mr ray",
    "searchInteractionURIs" : [
    ]
  },
  {
    "platform" : "",
    "searchTime" : "2024-10-09T12:15:13.496Z[UTC]",
    "searchQuery" : "mr ray",
    "searchInteractionURIs" : [
    ]
  },
  {
    "platform" : "",
    "searchTime" : "2024-10-09T12:15:13.517Z[UTC]",
    "searchQuery" : "mr ra",
    "searchInteractionURIs" : [
    ]
  },
  {
    "platform" : "",
    "searchTime" : "2024-10-09T12:15:13.568Z[UTC]",
    "searchQuery" : "mr r",
    "searchInteractionURIs" : [
    ]
  },
  {
    "platform" : "",
    "searchTime" : "2024-10-09T12:15:13.591Z[UTC]",
    "searchQuery" : "mr ra",
    "searchInteractionURIs" : [
    ]
  },
  {
    "platform" : "",
    "searchTime" : "2024-10-09T12:15:13.622Z[UTC]",
    "searchQuery" : "mr ",
    "searchInteractionURIs" : [
    ]
  },
  {
    "platform" : "",
    "searchTime" : "2024-10-09T12:15:13.622Z[UTC]",
    "searchQuery" : "mr r",
    "searchInteractionURIs" : [
    ]
  },
  {
    "platform" : "",
    "searchTime" : "2024-10-09T12:15:13.683Z[UTC]",
    "searchQuery" : "mr ",
    "searchInteractionURIs" : [
    ]
  },
  {
    "platform" : "",
    "searchTime" : "2024-10-09T12:15:13.696Z[UTC]",
    "searchQuery" : "mr",
    "searchInteractionURIs" : [
    ]
  },
  {
    "platform" : "",
    "searchTime" : "2024-10-09T12:15:13.739Z[UTC]",
    "searchQuery" : "m",
    "searchInteractionURIs" : [
    ]
  },
  {
    "platform" : "",
    "searchTime" : "2024-10-09T12:15:13.764Z[UTC]",
    "searchQuery" : "mr",
    "searchInteractionURIs" : [
    ]
  },
  {
    "platform" : "",
    "searchTime" : "2024-10-09T12:15:13.803Z[UTC]",
    "searchQuery" : "m",
    "searchInteractionURIs" : [
    ]
  },
  {
    "platform" : "ANDROID",
    "searchTime" : "2024-10-09T12:15:18.657Z[UTC]",
    "searchQuery" : "woozier",
    "searchInteractionURIs" : [
    ]
  },
  {
    "platform" : "",
    "searchTime" : "2024-10-09T12:15:19.880Z[UTC]",
    "searchQuery" : "woozie",
    "searchInteractionURIs" : [
    ]
  },
  {
    "platform" : "",
    "searchTime" : "2024-10-09T12:15:19.931Z[UTC]",
    "searchQuery" : "woozi",
    "searchInteractionURIs" : [
    ]
  },
  {
    "platform" : "",
    "searchTime" : "2024-10-09T12:15:19.954Z[UTC]",
    "searchQuery" : "woozie",
    "searchInteractionURIs" : [
    ]
  },
  {
    "platform" : "",
    "searchTime" : "2024-10-09T12:15:19.977Z[UTC]",
    "searchQuery" : "woozi",
    "searchInteractionURIs" : [
    ]
  },
  {
    "platform" : "",
    "searchTime" : "2024-10-09T12:15:19.989Z[UTC]",
    "searchQuery" : "wooz",
    "searchInteractionURIs" : [
    ]
  },
  {
    "platform" : "",
    "searchTime" : "2024-10-09T12:15:20.033Z[UTC]",
    "searchQuery" : "woo",
    "searchInteractionURIs" : [
    ]
  },
  {
    "platform" : "",
    "searchTime" : "2024-10-09T12:15:20.042Z[UTC]",
    "searchQuery" : "wooz",
    "searchInteractionURIs" : [
    ]
  },
  {
    "platform" : "",
    "searchTime" : "2024-10-09T12:15:20.091Z[UTC]",
    "searchQuery" : "woo",
    "searchInteractionURIs" : [
    ]
  },
  {
    "platform" : "",
    "searchTime" : "2024-10-09T12:15:20.096Z[UTC]",
    "searchQuery" : "wo",
    "searchInteractionURIs" : [
    ]
  },
  {
    "platform" : "",
    "searchTime" : "2024-10-09T12:15:20.156Z[UTC]",
    "searchQuery" : "w",
    "searchInteractionURIs" : [
    ]
  },
  {
    "platform" : "",
    "searchTime" : "2024-10-09T12:15:20.171Z[UTC]",
    "searchQuery" : "wo",
    "searchInteractionURIs" : [
    ]
  },
  {
    "platform" : "",
    "searchTime" : "2024-10-09T12:15:20.226Z[UTC]",
    "searchQuery" : "w",
    "searchInteractionURIs" : [
    ]
  },
  {
    "platform" : "",
    "searchTime" : "2024-10-09T12:15:22.449Z[UTC]",
    "searchQuery" : "we",
    "searchInteractionURIs" : [
    ]
  },
  {
    "platform" : "",
    "searchTime" : "2024-10-09T12:15:22.512Z[UTC]",
    "searchQuery" : "w",
    "searchInteractionURIs" : [
    ]
  },
  {
    "platform" : "",
    "searchTime" : "2024-10-09T12:15:22.523Z[UTC]",
    "searchQuery" : "we",
    "searchInteractionURIs" : [
    ]
  },
  {
    "platform" : "",
    "searchTime" : "2024-10-09T12:15:22.586Z[UTC]",
    "searchQuery" : "w",
    "searchInteractionURIs" : [
    ]
  },
  {
    "platform" : "ANDROID",
    "searchTime" : "2024-10-09T12:15:25.493Z[UTC]",
    "searchQuery" : "hoos",
    "searchInteractionURIs" : [
      "spotify:artist:4LlDtNr8qFwhrT8eL2wzH4"
    ]
  },
  {
    "platform" : "ANDROID",
    "searchTime" : "2024-10-12T06:39:43.137Z[UTC]",
    "searchQuery" : "be",
    "searchInteractionURIs" : [
      "spotify:album:0758cp4h8LSZeLRzrKx2XM"
    ]
  },
  {
    "platform" : "ANDROID",
    "searchTime" : "2024-10-12T06:39:49.948Z[UTC]",
    "searchQuery" : "bed",
    "searchInteractionURIs" : [
      "spotify:track:1UHS8Rf6h5Ar3CDWRd3wjF"
    ]
  },
  {
    "platform" : "ANDROID",
    "searchTime" : "2024-10-12T06:42:54.322Z[UTC]",
    "searchQuery" : "beda",
    "searchInteractionURIs" : [
      "spotify:artist:35l9BRT7MXmM8bv2WDQiyB"
    ]
  },
  {
    "platform" : "",
    "searchTime" : "2024-10-12T19:06:02.092Z[UTC]",
    "searchQuery" : "dan avidan",
    "searchInteractionURIs" : [
    ]
  },
  {
    "platform" : "",
    "searchTime" : "2024-10-12T19:06:02.548Z[UTC]",
    "searchQuery" : "dan avidan",
    "searchInteractionURIs" : [
    ]
  },
  {
    "platform" : "",
    "searchTime" : "2024-10-13T19:24:49.139Z[UTC]",
    "searchQuery" : "metal gear solid ost",
    "searchInteractionURIs" : [
    ]
  },
  {
    "platform" : "",
    "searchTime" : "2024-10-13T19:24:49.486Z[UTC]",
    "searchQuery" : "metal gear solid ost",
    "searchInteractionURIs" : [
    ]
  },
  {
    "platform" : "BROWSER",
    "searchTime" : "2024-10-16T20:41:55.432Z[UTC]",
    "searchQuery" : "gangnam",
    "searchInteractionURIs" : [
    ]
  },
  {
    "platform" : "",
    "searchTime" : "2024-10-16T20:41:55.466Z[UTC]",
    "searchQuery" : "gangnam",
    "searchInteractionURIs" : [
    ]
  },
  {
    "platform" : "",
    "searchTime" : "2024-10-18T10:10:40.953Z[UTC]",
    "searchQuery" : "tr",
    "searchInteractionURIs" : [
    ]
  },
  {
    "platform" : "",
    "searchTime" : "2024-10-18T10:10:41.023Z[UTC]",
    "searchQuery" : "tr",
    "searchInteractionURIs" : [
    ]
  },
  {
    "platform" : "",
    "searchTime" : "2024-10-18T10:15:25.642Z[UTC]",
    "searchQuery" : "2",
    "searchInteractionURIs" : [
    ]
  },
  {
    "platform" : "",
    "searchTime" : "2024-10-18T10:15:25.700Z[UTC]",
    "searchQuery" : "2",
    "searchInteractionURIs" : [
    ]
  },
  {
    "platform" : "",
    "searchTime" : "2024-10-18T10:15:28.443Z[UTC]",
    "searchQuery" : "24 h",
    "searchInteractionURIs" : [
    ]
  },
  {
    "platform" : "",
    "searchTime" : "2024-10-18T10:15:28.490Z[UTC]",
    "searchQuery" : "24 h",
    "searchInteractionURIs" : [
    ]
  },
  {
    "platform" : "ANDROID",
    "searchTime" : "2024-10-18T10:15:28.692Z[UTC]",
    "searchQuery" : "24 hours",
    "searchInteractionURIs" : [
      "spotify:track:1fWJbl594nxt6F7FRJ5OuP"
    ]
  },
  {
    "platform" : "",
    "searchTime" : "2024-10-18T10:15:29.014Z[UTC]",
    "searchQuery" : "24 hour",
    "searchInteractionURIs" : [
    ]
  },
  {
    "platform" : "",
    "searchTime" : "2024-10-18T10:15:29.061Z[UTC]",
    "searchQuery" : "24 hour",
    "searchInteractionURIs" : [
    ]
  },
  {
    "platform" : "ANDROID",
    "searchTime" : "2024-10-18T10:33:18.994Z[UTC]",
    "searchQuery" : "red rover",
    "searchInteractionURIs" : [
      "spotify:track:6xeMsEEUC7lhZc9xLty606"
    ]
  },
  {
    "platform" : "",
    "searchTime" : "2024-10-18T11:05:39.453Z[UTC]",
    "searchQuery" : "red rover",
    "searchInteractionURIs" : [
    ]
  },
  {
    "platform" : "",
    "searchTime" : "2024-10-18T11:05:39.504Z[UTC]",
    "searchQuery" : "red rover",
    "searchInteractionURIs" : [
    ]
  },
  {
    "platform" : "",
    "searchTime" : "2024-10-18T11:13:45.998Z[UTC]",
    "searchQuery" : "I'm",
    "searchInteractionURIs" : [
    ]
  },
  {
    "platform" : "",
    "searchTime" : "2024-10-18T11:13:46.106Z[UTC]",
    "searchQuery" : "I'm",
    "searchInteractionURIs" : [
    ]
  },
  {
    "platform" : "",
    "searchTime" : "2024-10-20T13:44:58.391Z[UTC]",
    "searchQuery" : "n",
    "searchInteractionURIs" : [
    ]
  },
  {
    "platform" : "ANDROID",
    "searchTime" : "2024-10-20T13:44:58.419Z[UTC]",
    "searchQuery" : "naaz",
    "searchInteractionURIs" : [
      "spotify:artist:736HGQRGr9rjG4VmmSpkz8"
    ]
  },
  {
    "platform" : "",
    "searchTime" : "2024-10-20T13:44:58.467Z[UTC]",
    "searchQuery" : "n",
    "searchInteractionURIs" : [
    ]
  },
  {
    "platform" : "ANDROID",
    "searchTime" : "2024-10-21T08:39:21.736Z[UTC]",
    "searchQuery" : "rela",
    "searchInteractionURIs" : [
      "spotify:playlist:37i9dQZF1EIfk2N1Y8uPoA"
    ]
  },
  {
    "platform" : "",
    "searchTime" : "2024-10-21T08:39:21.901Z[UTC]",
    "searchQuery" : "re",
    "searchInteractionURIs" : [
    ]
  },
  {
    "platform" : "",
    "searchTime" : "2024-10-21T08:39:21.977Z[UTC]",
    "searchQuery" : "re",
    "searchInteractionURIs" : [
    ]
  },
  {
    "platform" : "",
    "searchTime" : "2024-10-21T19:15:31.889Z[UTC]",
    "searchQuery" : "donovan",
    "searchInteractionURIs" : [
    ]
  },
  {
    "platform" : "",
    "searchTime" : "2024-10-21T19:15:32.355Z[UTC]",
    "searchQuery" : "donovan",
    "searchInteractionURIs" : [
    ]
  },
  {
    "platform" : "",
    "searchTime" : "2024-10-22T18:42:31.343Z[UTC]",
    "searchQuery" : "ramm",
    "searchInteractionURIs" : [
    ]
  },
  {
    "platform" : "",
    "searchTime" : "2024-10-22T18:42:31.776Z[UTC]",
    "searchQuery" : "ramm",
    "searchInteractionURIs" : [
    ]
  },
  {
    "platform" : "ANDROID",
    "searchTime" : "2024-10-23T12:37:02.589Z[UTC]",
    "searchQuery" : "jim vro",
    "searchInteractionURIs" : [
      "spotify:track:1y4fbtHSJLqpaQXduQw88e",
      "spotify:track:4mQtXW0vrHC3oTkA1mQsb0"
    ]
  },
  {
    "platform" : "ANDROID_ARM",
    "searchTime" : "2024-10-23T12:37:02.836Z[UTC]",
    "searchQuery" : "jim v",
    "searchInteractionURIs" : [
    ]
  },
  {
    "platform" : "",
    "searchTime" : "2024-10-23T12:41:05.130Z[UTC]",
    "searchQuery" : "go",
    "searchInteractionURIs" : [
    ]
  },
  {
    "platform" : "",
    "searchTime" : "2024-10-23T12:41:05.201Z[UTC]",
    "searchQuery" : "go",
    "searchInteractionURIs" : [
    ]
  },
  {
    "platform" : "",
    "searchTime" : "2024-10-23T12:41:05.991Z[UTC]",
    "searchQuery" : "god bles",
    "searchInteractionURIs" : [
    ]
  },
  {
    "platform" : "",
    "searchTime" : "2024-10-23T12:41:05.992Z[UTC]",
    "searchQuery" : "god ble",
    "searchInteractionURIs" : [
    ]
  },
  {
    "platform" : "",
    "searchTime" : "2024-10-23T12:41:06.037Z[UTC]",
    "searchQuery" : "god ble",
    "searchInteractionURIs" : [
    ]
  },
  {
    "platform" : "",
    "searchTime" : "2024-10-23T12:41:06.042Z[UTC]",
    "searchQuery" : "god bles",
    "searchInteractionURIs" : [
    ]
  },
  {
    "platform" : "ANDROID",
    "searchTime" : "2024-10-23T12:41:07.004Z[UTC]",
    "searchQuery" : "god bless the ",
    "searchInteractionURIs" : [
      "spotify:track:0620OecAlwJQxWieRW4L9s"
    ]
  },
  {
    "platform" : "",
    "searchTime" : "2024-10-23T12:41:07.254Z[UTC]",
    "searchQuery" : "god bless th",
    "searchInteractionURIs" : [
    ]
  },
  {
    "platform" : "",
    "searchTime" : "2024-10-23T12:41:07.308Z[UTC]",
    "searchQuery" : "god bless th",
    "searchInteractionURIs" : [
    ]
  },
  {
    "platform" : "ANDROID",
    "searchTime" : "2024-10-23T12:42:58.394Z[UTC]",
    "searchQuery" : "wildflo",
    "searchInteractionURIs" : [
      "spotify:track:27876bQcDNkZhWqvF0zfFN"
    ]
  },
  {
    "platform" : "",
    "searchTime" : "2024-10-23T12:42:58.510Z[UTC]",
    "searchQuery" : "wil",
    "searchInteractionURIs" : [
    ]
  },
  {
    "platform" : "",
    "searchTime" : "2024-10-23T12:42:58.513Z[UTC]",
    "searchQuery" : "wild",
    "searchInteractionURIs" : [
    ]
  },
  {
    "platform" : "",
    "searchTime" : "2024-10-23T12:42:58.519Z[UTC]",
    "searchQuery" : "w",
    "searchInteractionURIs" : [
    ]
  },
  {
    "platform" : "",
    "searchTime" : "2024-10-23T12:42:58.558Z[UTC]",
    "searchQuery" : "wi",
    "searchInteractionURIs" : [
    ]
  },
  {
    "platform" : "",
    "searchTime" : "2024-10-23T12:42:58.575Z[UTC]",
    "searchQuery" : "wil",
    "searchInteractionURIs" : [
    ]
  },
  {
    "platform" : "",
    "searchTime" : "2024-10-23T12:42:58.585Z[UTC]",
    "searchQuery" : "wild",
    "searchInteractionURIs" : [
    ]
  },
  {
    "platform" : "",
    "searchTime" : "2024-10-23T12:42:58.616Z[UTC]",
    "searchQuery" : "wildf",
    "searchInteractionURIs" : [
    ]
  },
  {
    "platform" : "",
    "searchTime" : "2024-10-23T12:42:58.629Z[UTC]",
    "searchQuery" : "w",
    "searchInteractionURIs" : [
    ]
  },
  {
    "platform" : "",
    "searchTime" : "2024-10-23T12:42:58.638Z[UTC]",
    "searchQuery" : "wi",
    "searchInteractionURIs" : [
    ]
  },
  {
    "platform" : "",
    "searchTime" : "2024-10-23T12:42:58.660Z[UTC]",
    "searchQuery" : "wildf",
    "searchInteractionURIs" : [
    ]
  },
  {
    "platform" : "",
    "searchTime" : "2024-10-23T17:53:18.058Z[UTC]",
    "searchQuery" : "sk",
    "searchInteractionURIs" : [
    ]
  },
  {
    "platform" : "",
    "searchTime" : "2024-10-23T17:53:18.121Z[UTC]",
    "searchQuery" : "sk",
    "searchInteractionURIs" : [
    ]
  },
  {
    "platform" : "",
    "searchTime" : "2024-10-23T17:53:18.847Z[UTC]",
    "searchQuery" : "skip a",
    "searchInteractionURIs" : [
    ]
  },
  {
    "platform" : "",
    "searchTime" : "2024-10-23T17:53:18.920Z[UTC]",
    "searchQuery" : "skip a",
    "searchInteractionURIs" : [
    ]
  },
  {
    "platform" : "",
    "searchTime" : "2024-10-23T17:53:19.139Z[UTC]",
    "searchQuery" : "skip amd f",
    "searchInteractionURIs" : [
    ]
  },
  {
    "platform" : "",
    "searchTime" : "2024-10-23T17:53:19.175Z[UTC]",
    "searchQuery" : "skip amd f",
    "searchInteractionURIs" : [
    ]
  },
  {
    "platform" : "",
    "searchTime" : "2024-10-23T17:53:19.209Z[UTC]",
    "searchQuery" : "skip and f",
    "searchInteractionURIs" : [
    ]
  },
  {
    "platform" : "ANDROID_ARM",
    "searchTime" : "2024-10-23T17:53:23.097Z[UTC]",
    "searchQuery" : "skip abd f",
    "searchInteractionURIs" : [
    ]
  },
  {
    "platform" : "ANDROID",
    "searchTime" : "2024-10-23T17:53:23.314Z[UTC]",
    "searchQuery" : "skip abd flip",
    "searchInteractionURIs" : [
      "spotify:artist:52tfhEl2JsUCTTNr06lD09"
    ]
  },
  {
    "platform" : "",
    "searchTime" : "2024-10-23T19:49:18.325Z[UTC]",
    "searchQuery" : "white bop",
    "searchInteractionURIs" : [
    ]
  },
  {
    "platform" : "",
    "searchTime" : "2024-10-23T19:49:18.650Z[UTC]",
    "searchQuery" : "white bop",
    "searchInteractionURIs" : [
    ]
  },
  {
    "platform" : "",
    "searchTime" : "2024-10-23T20:02:01.551Z[UTC]",
    "searchQuery" : "t",
    "searchInteractionURIs" : [
    ]
  },
  {
    "platform" : "",
    "searchTime" : "2024-10-23T20:02:01.635Z[UTC]",
    "searchQuery" : "t",
    "searchInteractionURIs" : [
    ]
  },
  {
    "platform" : "",
    "searchTime" : "2024-10-23T20:02:01.766Z[UTC]",
    "searchQuery" : "ta",
    "searchInteractionURIs" : [
    ]
  },
  {
    "platform" : "",
    "searchTime" : "2024-10-23T20:02:01.825Z[UTC]",
    "searchQuery" : "ta",
    "searchInteractionURIs" : [
    ]
  },
  {
    "platform" : "",
    "searchTime" : "2024-10-23T20:02:01.931Z[UTC]",
    "searchQuery" : "tas",
    "searchInteractionURIs" : [
    ]
  },
  {
    "platform" : "",
    "searchTime" : "2024-10-23T20:02:01.987Z[UTC]",
    "searchQuery" : "tas",
    "searchInteractionURIs" : [
    ]
  },
  {
    "platform" : "",
    "searchTime" : "2024-10-23T20:02:02.066Z[UTC]",
    "searchQuery" : "tast",
    "searchInteractionURIs" : [
    ]
  },
  {
    "platform" : "",
    "searchTime" : "2024-10-23T20:02:02.131Z[UTC]",
    "searchQuery" : "tast",
    "searchInteractionURIs" : [
    ]
  },
  {
    "platform" : "",
    "searchTime" : "2024-10-23T20:02:02.174Z[UTC]",
    "searchQuery" : "taste",
    "searchInteractionURIs" : [
    ]
  },
  {
    "platform" : "",
    "searchTime" : "2024-10-23T20:02:02.250Z[UTC]",
    "searchQuery" : "taste",
    "searchInteractionURIs" : [
    ]
  },
  {
    "platform" : "",
    "searchTime" : "2024-10-24T10:57:22.251Z[UTC]",
    "searchQuery" : "to",
    "searchInteractionURIs" : [
    ]
  },
  {
    "platform" : "",
    "searchTime" : "2024-10-24T10:57:22.324Z[UTC]",
    "searchQuery" : "to",
    "searchInteractionURIs" : [
    ]
  },
  {
    "platform" : "ANDROID",
    "searchTime" : "2024-10-24T10:57:22.653Z[UTC]",
    "searchQuery" : "torn",
    "searchInteractionURIs" : [
      "spotify:track:1Jaah2tmN9Hv81A87KZ1MU"
    ]
  },
  {
    "platform" : "ANDROID",
    "searchTime" : "2024-10-24T11:52:16.150Z[UTC]",
    "searchQuery" : "torn",
    "searchInteractionURIs" : [
    ]
  },
  {
    "platform" : "",
    "searchTime" : "2024-10-24T16:52:50.836Z[UTC]",
    "searchQuery" : "ha",
    "searchInteractionURIs" : [
    ]
  },
  {
    "platform" : "",
    "searchTime" : "2024-10-24T16:52:50.909Z[UTC]",
    "searchQuery" : "ha",
    "searchInteractionURIs" : [
    ]
  },
  {
    "platform" : "ANDROID",
    "searchTime" : "2024-10-24T16:52:51.568Z[UTC]",
    "searchQuery" : "hallow",
    "searchInteractionURIs" : [
      "spotify:playlist:51i8cwrRyNdqw4whGSW1UM"
    ]
  },
  {
    "platform" : "",
    "searchTime" : "2024-10-24T16:53:35.230Z[UTC]",
    "searchQuery" : "psych",
    "searchInteractionURIs" : [
    ]
  },
  {
    "platform" : "ANDROID_ARM",
    "searchTime" : "2024-10-24T16:53:35.385Z[UTC]",
    "searchQuery" : "psych",
    "searchInteractionURIs" : [
    ]
  },
  {
    "platform" : "ANDROID",
    "searchTime" : "2024-10-24T16:56:24.742Z[UTC]",
    "searchQuery" : "ted bundy",
    "searchInteractionURIs" : [
      "spotify:track:18jbMG8etanCMt6C5wFRDa"
    ]
  },
  {
    "platform" : "",
    "searchTime" : "2024-10-27T17:04:48.508Z[UTC]",
    "searchQuery" : "relaxing music",
    "searchInteractionURIs" : [
    ]
  },
  {
    "platform" : "",
    "searchTime" : "2024-10-28T17:56:30.214Z[UTC]",
    "searchQuery" : "deathb",
    "searchInteractionURIs" : [
    ]
  },
  {
    "platform" : "",
    "searchTime" : "2024-10-28T17:56:30.283Z[UTC]",
    "searchQuery" : "deathb",
    "searchInteractionURIs" : [
    ]
  },
  {
    "platform" : "ANDROID",
    "searchTime" : "2024-10-28T17:56:30.424Z[UTC]",
    "searchQuery" : "deathbe",
    "searchInteractionURIs" : [
      "spotify:track:7eJMfftS33KTjuF7lTsMCx"
    ]
  },
  {
    "platform" : "",
    "searchTime" : "2024-10-29T16:10:37.149Z[UTC]",
    "searchQuery" : "l",
    "searchInteractionURIs" : [
    ]
  },
  {
    "platform" : "",
    "searchTime" : "2024-10-29T16:10:37.218Z[UTC]",
    "searchQuery" : "l",
    "searchInteractionURIs" : [
    ]
  },
  {
    "platform" : "",
    "searchTime" : "2024-10-29T16:10:37.271Z[UTC]",
    "searchQuery" : "la",
    "searchInteractionURIs" : [
    ]
  },
  {
    "platform" : "",
    "searchTime" : "2024-10-29T16:10:37.389Z[UTC]",
    "searchQuery" : "la",
    "searchInteractionURIs" : [
    ]
  },
  {
    "platform" : "",
    "searchTime" : "2024-10-29T16:10:37.468Z[UTC]",
    "searchQuery" : "lau",
    "searchInteractionURIs" : [
    ]
  },
  {
    "platform" : "",
    "searchTime" : "2024-10-29T16:10:37.523Z[UTC]",
    "searchQuery" : "lau",
    "searchInteractionURIs" : [
    ]
  },
  {
    "platform" : "",
    "searchTime" : "2024-10-29T16:28:49.996Z[UTC]",
    "searchQuery" : "k",
    "searchInteractionURIs" : [
    ]
  },
  {
    "platform" : "",
    "searchTime" : "2024-10-29T16:28:50.089Z[UTC]",
    "searchQuery" : "k",
    "searchInteractionURIs" : [
    ]
  },
  {
    "platform" : "",
    "searchTime" : "2024-10-29T16:28:50.127Z[UTC]",
    "searchQuery" : "ke",
    "searchInteractionURIs" : [
    ]
  },
  {
    "platform" : "",
    "searchTime" : "2024-10-29T16:28:50.195Z[UTC]",
    "searchQuery" : "ke",
    "searchInteractionURIs" : [
    ]
  },
  {
    "platform" : "",
    "searchTime" : "2024-10-29T16:28:50.335Z[UTC]",
    "searchQuery" : "ken",
    "searchInteractionURIs" : [
    ]
  },
  {
    "platform" : "",
    "searchTime" : "2024-10-29T16:28:50.404Z[UTC]",
    "searchQuery" : "ken",
    "searchInteractionURIs" : [
    ]
  },
  {
    "platform" : "",
    "searchTime" : "2024-10-29T16:28:50.658Z[UTC]",
    "searchQuery" : "kenz",
    "searchInteractionURIs" : [
    ]
  },
  {
    "platform" : "",
    "searchTime" : "2024-10-29T16:28:50.710Z[UTC]",
    "searchQuery" : "kenz",
    "searchInteractionURIs" : [
    ]
  },
  {
    "platform" : "",
    "searchTime" : "2024-10-30T21:04:01.349Z[UTC]",
    "searchQuery" : "live from the fallout shelter",
    "searchInteractionURIs" : [
    ]
  },
  {
    "platform" : "",
    "searchTime" : "2024-10-30T21:04:47.706Z[UTC]",
    "searchQuery" : "fallout",
    "searchInteractionURIs" : [
    ]
  },
  {
    "platform" : "",
    "searchTime" : "2024-10-30T21:04:47.906Z[UTC]",
    "searchQuery" : "fallout",
    "searchInteractionURIs" : [
    ]
  },
  {
    "platform" : "",
    "searchTime" : "2024-10-31T11:42:48.025Z[UTC]",
    "searchQuery" : "ta",
    "searchInteractionURIs" : [
    ]
  },
  {
    "platform" : "",
    "searchTime" : "2024-10-31T11:42:48.087Z[UTC]",
    "searchQuery" : "ta",
    "searchInteractionURIs" : [
    ]
  },
  {
    "platform" : "",
    "searchTime" : "2024-10-31T11:42:48.365Z[UTC]",
    "searchQuery" : "tans",
    "searchInteractionURIs" : [
    ]
  },
  {
    "platform" : "",
    "searchTime" : "2024-10-31T11:42:48.469Z[UTC]",
    "searchQuery" : "tans",
    "searchInteractionURIs" : [
    ]
  },
  {
    "platform" : "ANDROID_ARM",
    "searchTime" : "2024-10-31T11:42:48.620Z[UTC]",
    "searchQuery" : "tansy",
    "searchInteractionURIs" : [
    ]
  },
  {
    "platform" : "ANDROID",
    "searchTime" : "2024-10-31T11:42:49.444Z[UTC]",
    "searchQuery" : "tansy",
    "searchInteractionURIs" : [
      "spotify:track:4lgiMxwkmA37BJx8GmZfhK"
    ]
  },
  {
    "platform" : "",
    "searchTime" : "2024-10-31T15:28:05.130Z[UTC]",
    "searchQuery" : "l",
    "searchInteractionURIs" : [
    ]
  },
  {
    "platform" : "",
    "searchTime" : "2024-10-31T15:28:05.200Z[UTC]",
    "searchQuery" : "l",
    "searchInteractionURIs" : [
    ]
  },
  {
    "platform" : "",
    "searchTime" : "2024-10-31T15:28:05.297Z[UTC]",
    "searchQuery" : "la",
    "searchInteractionURIs" : [
    ]
  },
  {
    "platform" : "",
    "searchTime" : "2024-10-31T15:28:05.376Z[UTC]",
    "searchQuery" : "la",
    "searchInteractionURIs" : [
    ]
  },
  {
    "platform" : "ANDROID",
    "searchTime" : "2024-10-31T15:28:06.065Z[UTC]",
    "searchQuery" : "laufey",
    "searchInteractionURIs" : [
      "spotify:artist:7gW0r5CkdEUMm42w9XpyZO"
    ]
  },
  {
    "platform" : "ANDROID",
    "searchTime" : "2024-10-31T15:34:53.387Z[UTC]",
    "searchQuery" : "hallow",
    "searchInteractionURIs" : [
      "spotify:playlist:37i9dQZF1EIdhtnUEgBjHl"
    ]
  },
  {
    "platform" : "ANDROID",
    "searchTime" : "2024-11-01T08:47:58.676Z[UTC]",
    "searchQuery" : "subl",
    "searchInteractionURIs" : [
      "spotify:track:7Cj3EAat3tIWQebJdheh1w"
    ]
  },
  {
    "platform" : "",
    "searchTime" : "2024-11-02T10:10:14.787Z[UTC]",
    "searchQuery" : "t",
    "searchInteractionURIs" : [
    ]
  },
  {
    "platform" : "",
    "searchTime" : "2024-11-02T10:10:14.858Z[UTC]",
    "searchQuery" : "t",
    "searchInteractionURIs" : [
    ]
  },
  {
    "platform" : "",
    "searchTime" : "2024-11-02T10:10:14.880Z[UTC]",
    "searchQuery" : "th",
    "searchInteractionURIs" : [
    ]
  },
  {
    "platform" : "",
    "searchTime" : "2024-11-02T10:10:14.972Z[UTC]",
    "searchQuery" : "th",
    "searchInteractionURIs" : [
    ]
  },
  {
    "platform" : "",
    "searchTime" : "2024-11-02T10:10:15.231Z[UTC]",
    "searchQuery" : "the m",
    "searchInteractionURIs" : [
    ]
  },
  {
    "platform" : "",
    "searchTime" : "2024-11-02T10:10:15.370Z[UTC]",
    "searchQuery" : "the m",
    "searchInteractionURIs" : [
    ]
  },
  {
    "platform" : "",
    "searchTime" : "2024-11-02T10:10:16.231Z[UTC]",
    "searchQuery" : "the mi",
    "searchInteractionURIs" : [
    ]
  },
  {
    "platform" : "",
    "searchTime" : "2024-11-02T10:10:16.236Z[UTC]",
    "searchQuery" : "the mil",
    "searchInteractionURIs" : [
    ]
  },
  {
    "platform" : "",
    "searchTime" : "2024-11-02T10:10:16.325Z[UTC]",
    "searchQuery" : "the mil",
    "searchInteractionURIs" : [
    ]
  },
  {
    "platform" : "",
    "searchTime" : "2024-11-02T10:10:16.361Z[UTC]",
    "searchQuery" : "the mi",
    "searchInteractionURIs" : [
    ]
  },
  {
    "platform" : "ANDROID_ARM",
    "searchTime" : "2024-11-02T10:10:16.501Z[UTC]",
    "searchQuery" : "the mill",
    "searchInteractionURIs" : [
    ]
  },
  {
    "platform" : "ANDROID",
    "searchTime" : "2024-11-02T10:10:17.297Z[UTC]",
    "searchQuery" : "the mills",
    "searchInteractionURIs" : [
      "spotify:artist:5v8bwWRbu7AI3YFhzoM6Ha"
    ]
  },
  {
    "platform" : "",
    "searchTime" : "2024-11-04T16:26:45.701Z[UTC]",
    "searchQuery" : "n",
    "searchInteractionURIs" : [
    ]
  },
  {
    "platform" : "",
    "searchTime" : "2024-11-04T16:26:45.787Z[UTC]",
    "searchQuery" : "n",
    "searchInteractionURIs" : [
    ]
  },
  {
    "platform" : "",
    "searchTime" : "2024-11-04T16:26:46.080Z[UTC]",
    "searchQuery" : "now ",
    "searchInteractionURIs" : [
    ]
  },
  {
    "platform" : "",
    "searchTime" : "2024-11-04T16:26:46.081Z[UTC]",
    "searchQuery" : "now a",
    "searchInteractionURIs" : [
    ]
  },
  {
    "platform" : "",
    "searchTime" : "2024-11-04T16:26:46.085Z[UTC]",
    "searchQuery" : "now an",
    "searchInteractionURIs" : [
    ]
  },
  {
    "platform" : "",
    "searchTime" : "2024-11-04T16:26:46.137Z[UTC]",
    "searchQuery" : "now an",
    "searchInteractionURIs" : [
    ]
  },
  {
    "platform" : "",
    "searchTime" : "2024-11-04T16:26:46.149Z[UTC]",
    "searchQuery" : "now a",
    "searchInteractionURIs" : [
    ]
  },
  {
    "platform" : "",
    "searchTime" : "2024-11-04T16:26:46.165Z[UTC]",
    "searchQuery" : "now ",
    "searchInteractionURIs" : [
    ]
  },
  {
    "platform" : "ANDROID",
    "searchTime" : "2024-11-04T16:26:46.370Z[UTC]",
    "searchQuery" : "now and",
    "searchInteractionURIs" : [
      "spotify:track:4vziJcnB2Qyi9o4nIRUeN7"
    ]
  },
  {
    "platform" : "ANDROID",
    "searchTime" : "2024-11-12T08:31:45.719Z[UTC]",
    "searchQuery" : "recently",
    "searchInteractionURIs" : [
      "spotify:track:1djCoU5rvnq2zXFyD2iqq4"
    ]
  },
  {
    "platform" : "ANDROID",
    "searchTime" : "2024-11-13T12:12:24.137Z[UTC]",
    "searchQuery" : "hes my ma",
    "searchInteractionURIs" : [
      "spotify:track:62rwEl9PfnDqrjqNjApOwV"
    ]
  },
  {
    "platform" : "ANDROID_ARM",
    "searchTime" : "2024-11-13T13:16:56.333Z[UTC]",
    "searchQuery" : "hes my ma",
    "searchInteractionURIs" : [
    ]
  },
  {
    "platform" : "",
    "searchTime" : "2024-11-13T13:23:00.305Z[UTC]",
    "searchQuery" : "hes my ma",
    "searchInteractionURIs" : [
    ]
  },
  {
    "platform" : "",
    "searchTime" : "2024-11-13T13:23:00.326Z[UTC]",
    "searchQuery" : "hes my ma",
    "searchInteractionURIs" : [
    ]
  },
  {
    "platform" : "",
    "searchTime" : "2024-11-13T13:23:00.331Z[UTC]",
    "searchQuery" : "he's my ma",
    "searchInteractionURIs" : [
    ]
  },
  {
    "platform" : "",
    "searchTime" : "2024-11-14T22:06:14.643Z[UTC]",
    "searchQuery" : "relaxing",
    "searchInteractionURIs" : [
    ]
  },
  {
    "platform" : "",
    "searchTime" : "2024-11-18T09:20:52.143Z[UTC]",
    "searchQuery" : "bra",
    "searchInteractionURIs" : [
    ]
  },
  {
    "platform" : "",
    "searchTime" : "2024-11-18T09:20:52.271Z[UTC]",
    "searchQuery" : "bra",
    "searchInteractionURIs" : [
    ]
  },
  {
    "platform" : "ANDROID",
    "searchTime" : "2024-11-18T09:20:52.272Z[UTC]",
    "searchQuery" : "brar",
    "searchInteractionURIs" : [
      "spotify:album:2lIZef4lzdvZkiiCzvPKj7"
    ]
  },
  {
    "platform" : "",
    "searchTime" : "2024-11-19T08:43:54.773Z[UTC]",
    "searchQuery" : "st",
    "searchInteractionURIs" : [
    ]
  },
  {
    "platform" : "",
    "searchTime" : "2024-11-19T08:43:54.858Z[UTC]",
    "searchQuery" : "st",
    "searchInteractionURIs" : [
    ]
  },
  {
    "platform" : "ANDROID",
    "searchTime" : "2024-11-19T08:43:56.116Z[UTC]",
    "searchQuery" : "step",
    "searchInteractionURIs" : [
      "spotify:track:6ZaiqbV2GfUtrUlhsu58fN"
    ]
  },
  {
    "platform" : "",
    "searchTime" : "2024-11-19T11:16:28.178Z[UTC]",
    "searchQuery" : "step",
    "searchInteractionURIs" : [
    ]
  },
  {
    "platform" : "ANDROID",
    "searchTime" : "2024-11-19T11:19:48.147Z[UTC]",
    "searchQuery" : "step",
    "searchInteractionURIs" : [
      "spotify:track:6ZaiqbV2GfUtrUlhsu58fN"
    ]
  },
  {
    "platform" : "",
    "searchTime" : "2024-11-19T12:24:55.892Z[UTC]",
    "searchQuery" : "step",
    "searchInteractionURIs" : [
    ]
  },
  {
    "platform" : "",
    "searchTime" : "2024-11-20T20:19:58.131Z[UTC]",
    "searchQuery" : "ghost",
    "searchInteractionURIs" : [
    ]
  },
  {
    "platform" : "",
    "searchTime" : "2024-11-20T20:19:58.520Z[UTC]",
    "searchQuery" : "ghost",
    "searchInteractionURIs" : [
    ]
  },
  {
    "platform" : "",
    "searchTime" : "2024-11-21T20:13:04.132Z[UTC]",
    "searchQuery" : "wap",
    "searchInteractionURIs" : [
    ]
  },
  {
    "platform" : "",
    "searchTime" : "2024-11-21T20:13:04.645Z[UTC]",
    "searchQuery" : "wap",
    "searchInteractionURIs" : [
    ]
  },
  {
    "platform" : "",
    "searchTime" : "2024-11-21T20:13:16.278Z[UTC]",
    "searchQuery" : "wap",
    "searchInteractionURIs" : [
    ]
  },
  {
    "platform" : "",
    "searchTime" : "2024-11-24T17:14:01.368Z[UTC]",
    "searchQuery" : "r",
    "searchInteractionURIs" : [
    ]
  },
  {
    "platform" : "",
    "searchTime" : "2024-11-24T17:14:01.452Z[UTC]",
    "searchQuery" : "r",
    "searchInteractionURIs" : [
    ]
  },
  {
    "platform" : "",
    "searchTime" : "2024-11-24T17:14:01.463Z[UTC]",
    "searchQuery" : "ru",
    "searchInteractionURIs" : [
    ]
  },
  {
    "platform" : "",
    "searchTime" : "2024-11-24T17:14:01.544Z[UTC]",
    "searchQuery" : "ru",
    "searchInteractionURIs" : [
    ]
  },
  {
    "platform" : "ANDROID",
    "searchTime" : "2024-11-24T17:14:01.735Z[UTC]",
    "searchQuery" : "rude",
    "searchInteractionURIs" : [
      "spotify:track:18n3RlT0UNcy2yHImHy8IT"
    ]
  },
  {
    "platform" : "ANDROID",
    "searchTime" : "2024-11-24T17:57:35.271Z[UTC]",
    "searchQuery" : "rude",
    "searchInteractionURIs" : [
    ]
  },
  {
    "platform" : "ANDROID",
    "searchTime" : "2024-11-24T20:18:53.238Z[UTC]",
    "searchQuery" : "pretty in ponk",
    "searchInteractionURIs" : [
      "spotify:track:1hSpR6T2VyCtZh9pXCLSUy"
    ]
  },
  {
    "platform" : "",
    "searchTime" : "2024-11-25T13:35:56.478Z[UTC]",
    "searchQuery" : "cunty ",
    "searchInteractionURIs" : [
    ]
  },
  {
    "platform" : "",
    "searchTime" : "2024-11-25T13:35:56.810Z[UTC]",
    "searchQuery" : "cunty ",
    "searchInteractionURIs" : [
    ]
  },
  {
    "platform" : "",
    "searchTime" : "2024-11-25T13:36:00.855Z[UTC]",
    "searchQuery" : "cunty 200",
    "searchInteractionURIs" : [
    ]
  },
  {
    "platform" : "",
    "searchTime" : "2024-11-25T13:36:01.019Z[UTC]",
    "searchQuery" : "cunty 200",
    "searchInteractionURIs" : [
    ]
  },
  {
    "platform" : "",
    "searchTime" : "2024-11-25T13:36:01.307Z[UTC]",
    "searchQuery" : "cunty 200s",
    "searchInteractionURIs" : [
    ]
  },
  {
    "platform" : "WIN32_ARM64",
    "searchTime" : "2024-11-25T13:36:01.676Z[UTC]",
    "searchQuery" : "cunty 200s",
    "searchInteractionURIs" : [
    ]
  },
  {
    "platform" : "",
    "searchTime" : "2024-11-25T13:36:02.940Z[UTC]",
    "searchQuery" : "cunty 2000s",
    "searchInteractionURIs" : [
    ]
  },
  {
    "platform" : "",
    "searchTime" : "2024-11-25T13:36:03.094Z[UTC]",
    "searchQuery" : "cunty 2000s",
    "searchInteractionURIs" : [
    ]
  },
  {
    "platform" : "",
    "searchTime" : "2024-11-25T19:52:23.835Z[UTC]",
    "searchQuery" : "cunty",
    "searchInteractionURIs" : [
    ]
  },
  {
    "platform" : "",
    "searchTime" : "2024-11-25T19:52:24.264Z[UTC]",
    "searchQuery" : "cunty",
    "searchInteractionURIs" : [
    ]
  },
  {
    "platform" : "",
    "searchTime" : "2024-11-28T17:51:30.830Z[UTC]",
    "searchQuery" : "s",
    "searchInteractionURIs" : [
    ]
  },
  {
    "platform" : "",
    "searchTime" : "2024-11-28T17:51:30.956Z[UTC]",
    "searchQuery" : "s",
    "searchInteractionURIs" : [
    ]
  },
  {
    "platform" : "",
    "searchTime" : "2024-11-28T17:51:31.104Z[UTC]",
    "searchQuery" : "som",
    "searchInteractionURIs" : [
    ]
  },
  {
    "platform" : "",
    "searchTime" : "2024-11-28T17:51:31.202Z[UTC]",
    "searchQuery" : "som",
    "searchInteractionURIs" : [
    ]
  },
  {
    "platform" : "",
    "searchTime" : "2024-11-28T17:51:31.515Z[UTC]",
    "searchQuery" : "some o",
    "searchInteractionURIs" : [
    ]
  },
  {
    "platform" : "",
    "searchTime" : "2024-11-28T17:51:31.611Z[UTC]",
    "searchQuery" : "some o",
    "searchInteractionURIs" : [
    ]
  },
  {
    "platform" : "",
    "searchTime" : "2024-11-28T17:51:32.672Z[UTC]",
    "searchQuery" : "some of my fav",
    "searchInteractionURIs" : [
    ]
  },
  {
    "platform" : "",
    "searchTime" : "2024-11-28T17:51:32.713Z[UTC]",
    "searchQuery" : "some of my fav",
    "searchInteractionURIs" : [
    ]
  },
  {
    "platform" : "",
    "searchTime" : "2024-11-28T17:51:37.642Z[UTC]",
    "searchQuery" : "some of my famous frien",
    "searchInteractionURIs" : [
    ]
  },
  {
    "platform" : "",
    "searchTime" : "2024-11-28T17:51:37.646Z[UTC]",
    "searchQuery" : "some of my famous frien",
    "searchInteractionURIs" : [
    ]
  },
  {
    "platform" : "ANDROID",
    "searchTime" : "2024-11-28T17:51:37.982Z[UTC]",
    "searchQuery" : "some of my famous friends",
    "searchInteractionURIs" : [
    ]
  },
  {
    "platform" : "",
    "searchTime" : "2024-11-28T17:51:40.554Z[UTC]",
    "searchQuery" : "some of my famous frien",
    "searchInteractionURIs" : [
    ]
  },
  {
    "platform" : "",
    "searchTime" : "2024-11-28T17:51:40.565Z[UTC]",
    "searchQuery" : "some of my famous frien",
    "searchInteractionURIs" : [
    ]
  },
  {
    "platform" : "",
    "searchTime" : "2024-11-28T17:51:40.931Z[UTC]",
    "searchQuery" : "some of my famou",
    "searchInteractionURIs" : [
    ]
  },
  {
    "platform" : "",
    "searchTime" : "2024-11-28T17:51:40.938Z[UTC]",
    "searchQuery" : "some of my famou",
    "searchInteractionURIs" : [
    ]
  },
  {
    "platform" : "ANDROID_ARM",
    "searchTime" : "2024-11-28T17:51:41.309Z[UTC]",
    "searchQuery" : "some of my fam",
    "searchInteractionURIs" : [
    ]
  },
  {
    "platform" : "",
    "searchTime" : "2024-11-28T17:51:41.839Z[UTC]",
    "searchQuery" : "some of",
    "searchInteractionURIs" : [
    ]
  },
  {
    "platform" : "",
    "searchTime" : "2024-11-28T17:51:41.903Z[UTC]",
    "searchQuery" : "some of",
    "searchInteractionURIs" : [
    ]
  },
  {
    "platform" : "",
    "searchTime" : "2024-11-28T17:51:41.964Z[UTC]",
    "searchQuery" : "some ",
    "searchInteractionURIs" : [
    ]
  },
  {
    "platform" : "",
    "searchTime" : "2024-11-28T17:51:42.005Z[UTC]",
    "searchQuery" : "some",
    "searchInteractionURIs" : [
    ]
  },
  {
    "platform" : "",
    "searchTime" : "2024-11-28T17:51:42.051Z[UTC]",
    "searchQuery" : "some ",
    "searchInteractionURIs" : [
    ]
  },
  {
    "platform" : "",
    "searchTime" : "2024-11-28T17:51:42.080Z[UTC]",
    "searchQuery" : "som",
    "searchInteractionURIs" : [
    ]
  },
  {
    "platform" : "",
    "searchTime" : "2024-11-28T17:51:42.105Z[UTC]",
    "searchQuery" : "some",
    "searchInteractionURIs" : [
    ]
  },
  {
    "platform" : "",
    "searchTime" : "2024-11-28T17:51:42.147Z[UTC]",
    "searchQuery" : "som",
    "searchInteractionURIs" : [
    ]
  },
  {
    "platform" : "",
    "searchTime" : "2024-11-28T17:51:42.168Z[UTC]",
    "searchQuery" : "s",
    "searchInteractionURIs" : [
    ]
  },
  {
    "platform" : "ANDROID_ARM",
    "searchTime" : "2024-11-28T17:51:42.202Z[UTC]",
    "searchQuery" : "some o",
    "searchInteractionURIs" : [
    ]
  },
  {
    "platform" : "",
    "searchTime" : "2024-11-28T17:51:42.300Z[UTC]",
    "searchQuery" : "s",
    "searchInteractionURIs" : [
    ]
  },
  {
    "platform" : "ANDROID_ARM",
    "searchTime" : "2024-11-28T17:51:42.422Z[UTC]",
    "searchQuery" : "so",
    "searchInteractionURIs" : [
    ]
  },
  {
    "platform" : "ANDROID",
    "searchTime" : "2024-11-28T17:51:46.503Z[UTC]",
    "searchQuery" : "pretty off",
    "searchInteractionURIs" : [
      "spotify:album:78EcStHa23JPRmLNan5fST"
    ]
  },
  {
    "platform" : "",
    "searchTime" : "2024-12-01T11:50:53.647Z[UTC]",
    "searchQuery" : "ch",
    "searchInteractionURIs" : [
    ]
  },
  {
    "platform" : "",
    "searchTime" : "2024-12-01T11:50:53.743Z[UTC]",
    "searchQuery" : "ch",
    "searchInteractionURIs" : [
    ]
  },
  {
    "platform" : "",
    "searchTime" : "2024-12-01T11:50:57.008Z[UTC]",
    "searchQuery" : "simple",
    "searchInteractionURIs" : [
    ]
  },
  {
    "platform" : "",
    "searchTime" : "2024-12-01T11:50:57.101Z[UTC]",
    "searchQuery" : "simple",
    "searchInteractionURIs" : [
    ]
  },
  {
    "platform" : "ANDROID",
    "searchTime" : "2024-12-01T11:50:58.637Z[UTC]",
    "searchQuery" : "simply ",
    "searchInteractionURIs" : [
      "spotify:playlist:6gc7hV5RDeMMkwbjid0pyq"
    ]
  },
  {
    "platform" : "ANDROID",
    "searchTime" : "2024-12-01T11:51:14.072Z[UTC]",
    "searchQuery" : "and so it",
    "searchInteractionURIs" : [
    ]
  },
  {
    "platform" : "",
    "searchTime" : "2024-12-01T11:51:15.091Z[UTC]",
    "searchQuery" : "and so i",
    "searchInteractionURIs" : [
    ]
  },
  {
    "platform" : "",
    "searchTime" : "2024-12-01T11:51:15.091Z[UTC]",
    "searchQuery" : "and so ",
    "searchInteractionURIs" : [
    ]
  },
  {
    "platform" : "",
    "searchTime" : "2024-12-01T11:51:15.123Z[UTC]",
    "searchQuery" : "and so i",
    "searchInteractionURIs" : [
    ]
  },
  {
    "platform" : "",
    "searchTime" : "2024-12-01T11:51:15.172Z[UTC]",
    "searchQuery" : "and so",
    "searchInteractionURIs" : [
    ]
  },
  {
    "platform" : "",
    "searchTime" : "2024-12-01T11:51:15.177Z[UTC]",
    "searchQuery" : "and so ",
    "searchInteractionURIs" : [
    ]
  },
  {
    "platform" : "",
    "searchTime" : "2024-12-01T11:51:15.206Z[UTC]",
    "searchQuery" : "and s",
    "searchInteractionURIs" : [
    ]
  },
  {
    "platform" : "",
    "searchTime" : "2024-12-01T11:51:15.240Z[UTC]",
    "searchQuery" : "and so",
    "searchInteractionURIs" : [
    ]
  },
  {
    "platform" : "",
    "searchTime" : "2024-12-01T11:51:15.272Z[UTC]",
    "searchQuery" : "and ",
    "searchInteractionURIs" : [
    ]
  },
  {
    "platform" : "",
    "searchTime" : "2024-12-01T11:51:15.292Z[UTC]",
    "searchQuery" : "and s",
    "searchInteractionURIs" : [
    ]
  },
  {
    "platform" : "",
    "searchTime" : "2024-12-01T11:51:15.324Z[UTC]",
    "searchQuery" : "and",
    "searchInteractionURIs" : [
    ]
  },
  {
    "platform" : "",
    "searchTime" : "2024-12-01T11:51:15.357Z[UTC]",
    "searchQuery" : "and ",
    "searchInteractionURIs" : [
    ]
  },
  {
    "platform" : "",
    "searchTime" : "2024-12-01T11:51:15.376Z[UTC]",
    "searchQuery" : "an",
    "searchInteractionURIs" : [
    ]
  },
  {
    "platform" : "",
    "searchTime" : "2024-12-01T11:51:15.418Z[UTC]",
    "searchQuery" : "a",
    "searchInteractionURIs" : [
    ]
  },
  {
    "platform" : "",
    "searchTime" : "2024-12-01T11:51:15.427Z[UTC]",
    "searchQuery" : "and",
    "searchInteractionURIs" : [
    ]
  },
  {
    "platform" : "",
    "searchTime" : "2024-12-01T11:51:15.479Z[UTC]",
    "searchQuery" : "an",
    "searchInteractionURIs" : [
    ]
  },
  {
    "platform" : "",
    "searchTime" : "2024-12-01T11:51:15.547Z[UTC]",
    "searchQuery" : "a",
    "searchInteractionURIs" : [
    ]
  },
  {
    "platform" : "",
    "searchTime" : "2024-12-01T11:51:17.297Z[UTC]",
    "searchQuery" : "wh",
    "searchInteractionURIs" : [
    ]
  },
  {
    "platform" : "",
    "searchTime" : "2024-12-01T11:51:17.374Z[UTC]",
    "searchQuery" : "wh",
    "searchInteractionURIs" : [
    ]
  },
  {
    "platform" : "ANDROID",
    "searchTime" : "2024-12-01T11:51:17.513Z[UTC]",
    "searchQuery" : "wham",
    "searchInteractionURIs" : [
      "spotify:playlist:5hewhWVvaVkzn6aSUos8gV"
    ]
  },
  {
    "platform" : "",
    "searchTime" : "2024-12-05T13:15:16.054Z[UTC]",
    "searchQuery" : "k",
    "searchInteractionURIs" : [
    ]
  },
  {
    "platform" : "",
    "searchTime" : "2024-12-05T13:15:16.123Z[UTC]",
    "searchQuery" : "k",
    "searchInteractionURIs" : [
    ]
  },
  {
    "platform" : "ANDROID",
    "searchTime" : "2024-12-05T13:15:17.107Z[UTC]",
    "searchQuery" : "kwrrang",
    "searchInteractionURIs" : [
      "spotify:playlist:0EWUqEenLucgXhjykAMsNb"
    ]
  }
]