[
  {
    "endTime" : "2023-12-16 11:09",
    "podcastName" : "olivia rodrigo 💓",
    "episodeName" : "stick season (cover olivia rodrigo)",
    "msPlayed" : 169247
  },
  {
    "endTime" : "2023-12-16 11:10",
    "podcastName" : "olivia rodrigo 💓",
    "episodeName" : "stick season (cover olivia rodrigo)",
    "msPlayed" : 2395
  },
  {
    "endTime" : "2023-12-16 14:25",
    "podcastName" : "olivia rodrigo 💓",
    "episodeName" : "stick season (cover olivia rodrigo)",
    "msPlayed" : 0
  },
  {
    "endTime" : "2023-12-16 14:28",
    "podcastName" : "olivia rodrigo 💓",
    "episodeName" : "stick season (cover olivia rodrigo)",
    "msPlayed" : 169084
  },
  {
    "endTime" : "2023-12-16 15:47",
    "podcastName" : "olivia rodrigo 💓",
    "episodeName" : "stick season (cover olivia rodrigo)",
    "msPlayed" : 171116
  },
  {
    "endTime" : "2023-12-18 15:05",
    "podcastName" : "olivia rodrigo 💓",
    "episodeName" : "stick season (cover olivia rodrigo)",
    "msPlayed" : 171116
  },
  {
    "endTime" : "2023-12-18 21:19",
    "podcastName" : "olivia rodrigo 💓",
    "episodeName" : "stick season (cover olivia rodrigo)",
    "msPlayed" : 5981
  },
  {
    "endTime" : "2023-12-19 11:15",
    "podcastName" : "olivia rodrigo 💓",
    "episodeName" : "stick season (cover olivia rodrigo)",
    "msPlayed" : 2322
  },
  {
    "endTime" : "2023-12-21 15:05",
    "podcastName" : "olivia rodrigo 💓",
    "episodeName" : "stick season (cover olivia rodrigo)",
    "msPlayed" : 163116
  },
  {
    "endTime" : "2023-12-28 13:22",
    "podcastName" : "olivia rodrigo 💓",
    "episodeName" : "stick season (cover olivia rodrigo)",
    "msPlayed" : 171116
  },
  {
    "endTime" : "2023-12-28 17:49",
    "podcastName" : "olivia rodrigo 💓",
    "episodeName" : "stick season (cover olivia rodrigo)",
    "msPlayed" : 1567
  },
  {
    "endTime" : "2024-01-01 13:06",
    "podcastName" : "olivia rodrigo 💓",
    "episodeName" : "stick season (cover olivia rodrigo)",
    "msPlayed" : 170116
  },
  {
    "endTime" : "2024-01-04 16:41",
    "podcastName" : "olivia rodrigo 💓",
    "episodeName" : "stick season (cover olivia rodrigo)",
    "msPlayed" : 171116
  },
  {
    "endTime" : "2024-01-05 17:09",
    "podcastName" : "olivia rodrigo 💓",
    "episodeName" : "stick season (cover olivia rodrigo)",
    "msPlayed" : 171116
  },
  {
    "endTime" : "2024-01-12 17:07",
    "podcastName" : "No Such Thing As A Fish",
    "episodeName" : "512: No Such Thing As A Dirty Bar Of Soap",
    "msPlayed" : 565004
  },
  {
    "endTime" : "2024-01-14 08:52",
    "podcastName" : "No Such Thing As A Fish",
    "episodeName" : "512: No Such Thing As A Dirty Bar Of Soap",
    "msPlayed" : 3059518
  },
  {
    "endTime" : "2024-01-14 10:50",
    "podcastName" : "No Such Thing As A Fish",
    "episodeName" : "513: No Such Thing As Upside-Down Space Rain",
    "msPlayed" : 1252660
  },
  {
    "endTime" : "2024-01-14 11:13",
    "podcastName" : "No Such Thing As A Fish",
    "episodeName" : "513: No Such Thing As Upside-Down Space Rain",
    "msPlayed" : 520420
  },
  {
    "endTime" : "2024-01-14 15:44",
    "podcastName" : "No Such Thing As A Fish",
    "episodeName" : "513: No Such Thing As Upside-Down Space Rain",
    "msPlayed" : 288660
  },
  {
    "endTime" : "2024-01-14 17:08",
    "podcastName" : "No Such Thing As A Fish",
    "episodeName" : "513: No Such Thing As Upside-Down Space Rain",
    "msPlayed" : 973768
  },
  {
    "endTime" : "2024-01-15 13:12",
    "podcastName" : "No Such Thing As A Fish",
    "episodeName" : "513: No Such Thing As Upside-Down Space Rain",
    "msPlayed" : 92778
  },
  {
    "endTime" : "2024-01-15 14:14",
    "podcastName" : "No Such Thing As A Fish",
    "episodeName" : "501: No Such Thing As Republican Barbie",
    "msPlayed" : 3389647
  },
  {
    "endTime" : "2024-01-15 14:14",
    "podcastName" : "No Such Thing As A Fish",
    "episodeName" : "502: No Such Thing As The Opposite Of February",
    "msPlayed" : 10536
  },
  {
    "endTime" : "2024-01-15 15:09",
    "podcastName" : "No Such Thing As A Fish",
    "episodeName" : "498: No Such Thing As Internal Eyebrows",
    "msPlayed" : 2708391
  },
  {
    "endTime" : "2024-01-16 15:05",
    "podcastName" : "olivia rodrigo 💓",
    "episodeName" : "stick season (cover olivia rodrigo)",
    "msPlayed" : 171116
  },
  {
    "endTime" : "2024-02-18 11:28",
    "podcastName" : "No Such Thing As A Fish",
    "episodeName" : "518: No Such Thing As Andrew Marvell's Cinematic Universe",
    "msPlayed" : 1807603
  },
  {
    "endTime" : "2024-02-19 09:56",
    "podcastName" : "No Such Thing As A Fish",
    "episodeName" : "518: No Such Thing As Andrew Marvell's Cinematic Universe",
    "msPlayed" : 251420
  },
  {
    "endTime" : "2024-02-19 12:29",
    "podcastName" : "No Such Thing As A Fish",
    "episodeName" : "518: No Such Thing As Andrew Marvell's Cinematic Universe",
    "msPlayed" : 944576
  },
  {
    "endTime" : "2024-02-23 16:50",
    "podcastName" : "HH songs",
    "episodeName" : "The Truth About Richard III",
    "msPlayed" : 1063
  },
  {
    "endTime" : "2024-02-23 16:50",
    "podcastName" : "HH songs",
    "episodeName" : "Llama Farmer",
    "msPlayed" : 4104
  },
  {
    "endTime" : "2024-02-23 16:50",
    "podcastName" : "HH songs",
    "episodeName" : "Cliff Whiteley",
    "msPlayed" : 3488
  },
  {
    "endTime" : "2024-02-23 16:50",
    "podcastName" : "HH songs",
    "episodeName" : "Charles Darwin Natural Selection ",
    "msPlayed" : 165212
  },
  {
    "endTime" : "2024-02-23 16:53",
    "podcastName" : "HH songs",
    "episodeName" : "Do the Pachacuti",
    "msPlayed" : 1180
  },
  {
    "endTime" : "2024-02-23 16:53",
    "podcastName" : "HH songs",
    "episodeName" : "Ain't Stying Alive ",
    "msPlayed" : 153352
  },
  {
    "endTime" : "2024-02-23 16:53",
    "podcastName" : "HH songs",
    "episodeName" : "Dick Turpin, Highwayman",
    "msPlayed" : 37360
  },
  {
    "endTime" : "2024-02-23 16:53",
    "podcastName" : "HH songs",
    "episodeName" : "William Wallace, Scottish Rebel",
    "msPlayed" : 0
  },
  {
    "endTime" : "2024-02-23 16:53",
    "podcastName" : "HH songs",
    "episodeName" : "Roman Emperors: Bad ",
    "msPlayed" : 1365
  },
  {
    "endTime" : "2024-02-23 16:53",
    "podcastName" : "HH songs",
    "episodeName" : "Ra Ra Cleopatra",
    "msPlayed" : 1077
  },
  {
    "endTime" : "2024-02-23 16:54",
    "podcastName" : "HH songs",
    "episodeName" : "The World War Two Girls",
    "msPlayed" : 0
  },
  {
    "endTime" : "2024-02-23 16:54",
    "podcastName" : "Grahamek Willa",
    "episodeName" : "The Pioneers of Transportation Song",
    "msPlayed" : 0
  },
  {
    "endTime" : "2024-02-23 16:54",
    "podcastName" : "HH songs",
    "episodeName" : "Victorian Inventions",
    "msPlayed" : 817
  },
  {
    "endTime" : "2024-02-23 16:54",
    "podcastName" : "HH songs",
    "episodeName" : "Literally",
    "msPlayed" : 286
  },
  {
    "endTime" : "2024-02-23 16:54",
    "podcastName" : "HH songs",
    "episodeName" : "Spartan High School Musical",
    "msPlayed" : 1323
  },
  {
    "endTime" : "2024-02-23 16:54",
    "podcastName" : "HH songs",
    "episodeName" : "Real Life Cowboys",
    "msPlayed" : 2994
  },
  {
    "endTime" : "2024-02-23 16:55",
    "podcastName" : "HH songs",
    "episodeName" : "Literally",
    "msPlayed" : 111762
  },
  {
    "endTime" : "2024-02-23 16:56",
    "podcastName" : "Grahamek Willa",
    "episodeName" : "The Pioneers of Transportation Song",
    "msPlayed" : 1690
  },
  {
    "endTime" : "2024-02-23 16:59",
    "podcastName" : "Grahamek Willa",
    "episodeName" : "RAF pilot song",
    "msPlayed" : 165720
  },
  {
    "endTime" : "2024-03-17 08:15",
    "podcastName" : "olivia rodrigo 💓",
    "episodeName" : "stick season (cover olivia rodrigo)",
    "msPlayed" : 171116
  },
  {
    "endTime" : "2024-03-17 15:01",
    "podcastName" : "olivia rodrigo 💓",
    "episodeName" : "stick season (cover olivia rodrigo)",
    "msPlayed" : 171089
  },
  {
    "endTime" : "2024-03-17 16:17",
    "podcastName" : "olivia rodrigo 💓",
    "episodeName" : "stick season (cover olivia rodrigo)",
    "msPlayed" : 171082
  },
  {
    "endTime" : "2024-03-19 16:18",
    "podcastName" : "olivia rodrigo 💓",
    "episodeName" : "stick season (cover olivia rodrigo)",
    "msPlayed" : 171091
  },
  {
    "endTime" : "2024-04-17 09:16",
    "podcastName" : "olivia rodrigo 💓",
    "episodeName" : "stick season (cover olivia rodrigo)",
    "msPlayed" : 171116
  },
  {
    "endTime" : "2024-05-12 18:52",
    "podcastName" : "No Such Thing As A Fish",
    "episodeName" : "527: No Such Thing As A Rum and Woke",
    "msPlayed" : 849354
  },
  {
    "endTime" : "2024-05-13 09:43",
    "podcastName" : "Stardew Valley Podcast",
    "episodeName" : "Discussing Farm Types and Player Customization | Stardew Valley Pod Intro",
    "msPlayed" : 11926
  },
  {
    "endTime" : "2024-05-13 09:43",
    "podcastName" : "Stardew Valley Podcast",
    "episodeName" : "Stardew Valley Podcast (Trailer)",
    "msPlayed" : 27678
  },
  {
    "endTime" : "2024-06-17 21:52",
    "podcastName" : "Hitler cover",
    "episodeName" : "Night Dancer by Hitler",
    "msPlayed" : 35565
  },
  {
    "endTime" : "2024-07-14 20:14",
    "podcastName" : "Horrible Histories Songs",
    "episodeName" : "Dick Turpin Song",
    "msPlayed" : 136254
  },
  {
    "endTime" : "2024-07-14 20:16",
    "podcastName" : "Horrible Histories Songs",
    "episodeName" : "Dick Turpin Song",
    "msPlayed" : 678
  },
  {
    "endTime" : "2024-07-14 20:16",
    "podcastName" : "Horrible Histories Songs",
    "episodeName" : "Cleopatra Song",
    "msPlayed" : 91822
  },
  {
    "endTime" : "2024-07-14 20:16",
    "podcastName" : "Horrible Histories Songs",
    "episodeName" : "Cleopatra Song",
    "msPlayed" : 770
  },
  {
    "endTime" : "2024-07-14 20:18",
    "podcastName" : "Horrible Histories Songs",
    "episodeName" : "I’m Minted Song",
    "msPlayed" : 134000
  },
  {
    "endTime" : "2024-07-14 20:38",
    "podcastName" : "Horrible Histories Songs",
    "episodeName" : "Pachacuti song",
    "msPlayed" : 121599
  },
  {
    "endTime" : "2024-07-17 15:28",
    "podcastName" : "Much to Discuss...!",
    "episodeName" : "Someone Made an AI Bot of Me................",
    "msPlayed" : 716
  },
  {
    "endTime" : "2024-07-17 21:04",
    "podcastName" : "Much to Discuss...!",
    "episodeName" : "Someone Made an AI Bot of Me................",
    "msPlayed" : 662
  },
  {
    "endTime" : "2024-07-17 21:05",
    "podcastName" : "Much to Discuss...!",
    "episodeName" : "Someone Made an AI Bot of Me................",
    "msPlayed" : 10057
  },
  {
    "endTime" : "2024-07-18 08:30",
    "podcastName" : "Much to Discuss...!",
    "episodeName" : "Someone Made an AI Bot of Me................",
    "msPlayed" : 0
  },
  {
    "endTime" : "2024-07-18 08:30",
    "podcastName" : "Much to Discuss...!",
    "episodeName" : "Someone Made an AI Bot of Me................",
    "msPlayed" : 2365
  },
  {
    "endTime" : "2024-07-25 12:36",
    "podcastName" : "Peter Santenello",
    "episodeName" : "Inside the Rust Belt - First Impressions 🇺🇸",
    "msPlayed" : 59992
  },
  {
    "endTime" : "2024-07-25 12:39",
    "podcastName" : "Peter Santenello",
    "episodeName" : "Inside the Rust Belt - First Impressions 🇺🇸",
    "msPlayed" : 1373
  },
  {
    "endTime" : "2024-07-25 12:39",
    "podcastName" : "Peter Santenello",
    "episodeName" : "Inside the Rust Belt - First Impressions 🇺🇸",
    "msPlayed" : 673
  },
  {
    "endTime" : "2024-07-25 19:18",
    "podcastName" : "Peter Santenello",
    "episodeName" : "Inside the Rust Belt - First Impressions 🇺🇸",
    "msPlayed" : 221
  },
  {
    "endTime" : "2024-08-01 15:14",
    "podcastName" : "Much to Discuss...!",
    "episodeName" : "Let's Talk About Cheating",
    "msPlayed" : 5726
  },
  {
    "endTime" : "2024-08-02 09:36",
    "podcastName" : "Much to Discuss...!",
    "episodeName" : "Let's Talk About Cheating",
    "msPlayed" : 210
  },
  {
    "endTime" : "2024-08-02 09:37",
    "podcastName" : "Much to Discuss...!",
    "episodeName" : "Let's Talk About Cheating",
    "msPlayed" : 43541
  },
  {
    "endTime" : "2024-08-02 09:45",
    "podcastName" : "Much to Discuss...!",
    "episodeName" : "Let's Talk About Cheating",
    "msPlayed" : 620
  },
  {
    "endTime" : "2024-09-16 07:34",
    "podcastName" : "The Magnus Archives",
    "episodeName" : "MAG 0.1 The Magnus Archives – Seed",
    "msPlayed" : 209192
  },
  {
    "endTime" : "2024-09-16 07:34",
    "podcastName" : "The Magnus Archives",
    "episodeName" : "MAG 0.1 The Magnus Archives – Seed",
    "msPlayed" : 1487
  },
  {
    "endTime" : "2024-09-16 07:34",
    "podcastName" : "The Magnus Archives",
    "episodeName" : "MAG 0.2 Pre-Launch Trailer",
    "msPlayed" : 279
  },
  {
    "endTime" : "2024-09-16 07:34",
    "podcastName" : "The Magnus Archives",
    "episodeName" : "MAG 0.3 Launch Trailer",
    "msPlayed" : 0
  },
  {
    "endTime" : "2024-09-16 07:46",
    "podcastName" : "The Magnus Archives",
    "episodeName" : "MAG 0.3 Launch Trailer",
    "msPlayed" : 2702
  },
  {
    "endTime" : "2024-09-16 07:46",
    "podcastName" : "The Magnus Archives",
    "episodeName" : "MAG 1 Angler Fish",
    "msPlayed" : 710471
  },
  {
    "endTime" : "2024-09-22 19:58",
    "podcastName" : "Horrible Histories Songs",
    "episodeName" : "Evil Emperors",
    "msPlayed" : 197015
  },
  {
    "endTime" : "2024-09-22 20:01",
    "podcastName" : "Horrible Histories Songs",
    "episodeName" : "William Wallace Song",
    "msPlayed" : 153920
  },
  {
    "endTime" : "2024-09-22 20:03",
    "podcastName" : "Horrible Histories Songs",
    "episodeName" : "Dick Turpin Song",
    "msPlayed" : 136297
  },
  {
    "endTime" : "2024-09-22 20:03",
    "podcastName" : "Horrible Histories Songs",
    "episodeName" : "Cleopatra Song",
    "msPlayed" : 32752
  },
  {
    "endTime" : "2024-09-22 20:06",
    "podcastName" : "Horrible Histories Songs",
    "episodeName" : "I’m Minted Song",
    "msPlayed" : 134001
  },
  {
    "endTime" : "2024-09-22 20:08",
    "podcastName" : "Horrible Histories Songs",
    "episodeName" : "Pachacuti song",
    "msPlayed" : 125177
  },
  {
    "endTime" : "2024-09-22 20:11",
    "podcastName" : "Horrible Histories Songs",
    "episodeName" : "Transportation Song",
    "msPlayed" : 163529
  },
  {
    "endTime" : "2024-09-22 20:14",
    "podcastName" : "Horrible Histories Songs",
    "episodeName" : "Charles Dickens Song",
    "msPlayed" : 180814
  },
  {
    "endTime" : "2024-09-22 20:14",
    "podcastName" : "Horrible Histories Songs",
    "episodeName" : "Original Tudor Song",
    "msPlayed" : 45021
  },
  {
    "endTime" : "2024-10-08 11:56",
    "podcastName" : "olivia rodrigo 💓",
    "episodeName" : "stick season (cover olivia rodrigo)",
    "msPlayed" : 0
  },
  {
    "endTime" : "2024-10-10 08:41",
    "podcastName" : "olivia rodrigo 💓",
    "episodeName" : "stick season (cover olivia rodrigo)",
    "msPlayed" : 4235
  },
  {
    "endTime" : "2024-10-31 12:00",
    "podcastName" : "olivia rodrigo 💓",
    "episodeName" : "stick season (cover olivia rodrigo)",
    "msPlayed" : 33736
  },
  {
    "endTime" : "2024-11-07 12:49",
    "podcastName" : "olivia rodrigo 💓",
    "episodeName" : "stick season (cover olivia rodrigo)",
    "msPlayed" : 134116
  },
  {
    "endTime" : "2024-11-07 20:44",
    "podcastName" : "olivia rodrigo 💓",
    "episodeName" : "stick season (cover olivia rodrigo)",
    "msPlayed" : 78413
  },
  {
    "endTime" : "2024-11-19 17:00",
    "podcastName" : "olivia rodrigo 💓",
    "episodeName" : "stick season (cover olivia rodrigo)",
    "msPlayed" : 103117
  },
  {
    "endTime" : "2024-11-24 16:53",
    "podcastName" : "olivia rodrigo 💓",
    "episodeName" : "stick season (cover olivia rodrigo)",
    "msPlayed" : 171116
  },
  {
    "endTime" : "2024-11-27 10:37",
    "podcastName" : "olivia rodrigo 💓",
    "episodeName" : "stick season (cover olivia rodrigo)",
    "msPlayed" : 158478
  },
  {
    "endTime" : "2024-11-27 10:40",
    "podcastName" : "olivia rodrigo 💓",
    "episodeName" : "stick season (cover olivia rodrigo)",
    "msPlayed" : 968
  }
]