{
  "topArtists": {
    "numUniqueArtists": 658,
    "topArtists": [
      {
        "artistUri": "spotify:artist:736HGQRGr9rjG4VmmSpkz8",
        "monthlyStreams": [
          {
            "month": 5,
            "biweeklyStreams": [
              {
                "period": 2,
                "numStreams": 4
              },
              {
                "period": 1,
                "numStreams": 70
              }
            ]
          },
          {
            "month": 1,
            "biweeklyStreams": [
              {
                "period": 1,
                "numStreams": 208
              },
              {
                "period": 2,
                "numStreams": 346
              }
            ]
          },
          {
            "month": 6,
            "biweeklyStreams": [
              {
                "period": 1,
                "numStreams": 33
              },
              {
                "period": 2,
                "numStreams": 46
              }
            ]
          },
          {
            "month": 9,
            "biweeklyStreams": [
              {
                "period": 1,
                "numStreams": 148
              },
              {
                "period": 2,
                "numStreams": 69
              }
            ]
          },
          {
            "month": 2,
            "biweeklyStreams": [
              {
                "period": 2,
                "numStreams": 26
              },
              {
                "period": 1,
                "numStreams": 90
              }
            ]
          },
          {
            "month": 7,
            "biweeklyStreams": [
              {
                "period": 1,
                "numStreams": 34
              },
              {
                "period": 2,
                "numStreams": 24
              }
            ]
          },
          {
            "month": 3,
            "biweeklyStreams": [
              {
                "period": 1,
                "numStreams": 22
              },
              {
                "period": 2,
                "numStreams": 5
              }
            ]
          },
          {
            "month": 11,
            "biweeklyStreams": [
              {
                "period": 1,
                "numStreams": 18
              }
            ]
          },
          {
            "month": 8,
            "biweeklyStreams": [
              {
                "period": 1,
                "numStreams": 85
              },
              {
                "period": 2,
                "numStreams": 3
              }
            ]
          },
          {
            "month": 4,
            "biweeklyStreams": [
              {
                "period": 1,
                "numStreams": 9
              },
              {
                "period": 2,
                "numStreams": 6
              }
            ]
          }
        ]
      },
      {
        "artistUri": "spotify:artist:6vLlQYujOujIrm7zAKzEdG",
        "monthlyStreams": [
          {
            "month": 5,
            "biweeklyStreams": [
              {
                "period": 2,
                "numStreams": 11
              },
              {
                "period": 1,
                "numStreams": 126
              }
            ]
          },
          {
            "month": 10,
            "biweeklyStreams": [
              {
                "period": 1,
                "numStreams": 30
              },
              {
                "period": 2,
                "numStreams": 40
              }
            ]
          },
          {
            "month": 1,
            "biweeklyStreams": [
              {
                "period": 1,
                "numStreams": 44
              },
              {
                "period": 2,
                "numStreams": 50
              }
            ]
          },
          {
            "month": 6,
            "biweeklyStreams": [
              {
                "period": 1,
                "numStreams": 9
              }
            ]
          },
          {
            "month": 9,
            "biweeklyStreams": [
              {
                "period": 1,
                "numStreams": 3
              },
              {
                "period": 2,
                "numStreams": 8
              }
            ]
          },
          {
            "month": 2,
            "biweeklyStreams": [
              {
                "period": 2,
                "numStreams": 15
              },
              {
                "period": 1,
                "numStreams": 56
              }
            ]
          },
          {
            "month": 7,
            "biweeklyStreams": [
              {
                "period": 1,
                "numStreams": 26
              },
              {
                "period": 2,
                "numStreams": 33
              }
            ]
          },
          {
            "month": 3,
            "biweeklyStreams": [
              {
                "period": 1,
                "numStreams": 27
              },
              {
                "period": 2,
                "numStreams": 3
              }
            ]
          },
          {
            "month": 11,
            "biweeklyStreams": [
              {
                "period": 1,
                "numStreams": 30
              }
            ]
          },
          {
            "month": 8,
            "biweeklyStreams": [
              {
                "period": 1,
                "numStreams": 20
              },
              {
                "period": 2,
                "numStreams": 6
              }
            ]
          },
          {
            "month": 4,
            "biweeklyStreams": [
              {
                "period": 1,
                "numStreams": 1
              },
              {
                "period": 2,
                "numStreams": 39
              }
            ]
          }
        ]
      },
      {
        "artistUri": "spotify:artist:70cRZdQywnSFp9pnc2WTCE",
        "monthlyStreams": [
          {
            "month": 5,
            "biweeklyStreams": [
              {
                "period": 2,
                "numStreams": 28
              },
              {
                "period": 1,
                "numStreams": 37
              }
            ]
          },
          {
            "month": 10,
            "biweeklyStreams": [
              {
                "period": 1,
                "numStreams": 30
              },
              {
                "period": 2,
                "numStreams": 19
              }
            ]
          },
          {
            "month": 1,
            "biweeklyStreams": [
              {
                "period": 1,
                "numStreams": 37
              },
              {
                "period": 2,
                "numStreams": 27
              }
            ]
          },
          {
            "month": 6,
            "biweeklyStreams": [
              {
                "period": 1,
                "numStreams": 11
              },
              {
                "period": 2,
                "numStreams": 1
              }
            ]
          },
          {
            "month": 9,
            "biweeklyStreams": [
              {
                "period": 1,
                "numStreams": 5
              },
              {
                "period": 2,
                "numStreams": 6
              }
            ]
          },
          {
            "month": 2,
            "biweeklyStreams": [
              {
                "period": 2,
                "numStreams": 9
              },
              {
                "period": 1,
                "numStreams": 28
              }
            ]
          },
          {
            "month": 7,
            "biweeklyStreams": [
              {
                "period": 1,
                "numStreams": 19
              },
              {
                "period": 2,
                "numStreams": 49
              }
            ]
          },
          {
            "month": 3,
            "biweeklyStreams": [
              {
                "period": 1,
                "numStreams": 33
              },
              {
                "period": 2,
                "numStreams": 23
              }
            ]
          },
          {
            "month": 11,
            "biweeklyStreams": [
              {
                "period": 1,
                "numStreams": 16
              }
            ]
          },
          {
            "month": 8,
            "biweeklyStreams": [
              {
                "period": 1,
                "numStreams": 41
              },
              {
                "period": 2,
                "numStreams": 10
              }
            ]
          },
          {
            "month": 4,
            "biweeklyStreams": [
              {
                "period": 1,
                "numStreams": 12
              },
              {
                "period": 2,
                "numStreams": 49
              }
            ]
          }
        ]
      },
      {
        "artistUri": "spotify:artist:5v8bwWRbu7AI3YFhzoM6Ha",
        "monthlyStreams": [
          {
            "month": 5,
            "biweeklyStreams": [
              {
                "period": 2,
                "numStreams": 43
              }
            ]
          },
          {
            "month": 10,
            "biweeklyStreams": [
              {
                "period": 1,
                "numStreams": 14
              }
            ]
          },
          {
            "month": 6,
            "biweeklyStreams": [
              {
                "period": 1,
                "numStreams": 11
              }
            ]
          },
          {
            "month": 9,
            "biweeklyStreams": [
              {
                "period": 2,
                "numStreams": 3
              }
            ]
          },
          {
            "month": 7,
            "biweeklyStreams": [
              {
                "period": 2,
                "numStreams": 32
              }
            ]
          },
          {
            "month": 3,
            "biweeklyStreams": [
              {
                "period": 1,
                "numStreams": 169
              },
              {
                "period": 2,
                "numStreams": 88
              }
            ]
          },
          {
            "month": 8,
            "biweeklyStreams": [
              {
                "period": 1,
                "numStreams": 7
              },
              {
                "period": 2,
                "numStreams": 16
              }
            ]
          },
          {
            "month": 4,
            "biweeklyStreams": [
              {
                "period": 1,
                "numStreams": 20
              },
              {
                "period": 2,
                "numStreams": 33
              }
            ]
          }
        ]
      },
      {
        "artistUri": "spotify:artist:320EPCSEezHt1rtbfwH6Ck",
        "monthlyStreams": [
          {
            "month": 5,
            "biweeklyStreams": [
              {
                "period": 2,
                "numStreams": 4
              },
              {
                "period": 1,
                "numStreams": 17
              }
            ]
          },
          {
            "month": 10,
            "biweeklyStreams": [
              {
                "period": 1,
                "numStreams": 4
              },
              {
                "period": 2,
                "numStreams": 4
              }
            ]
          },
          {
            "month": 1,
            "biweeklyStreams": [
              {
                "period": 1,
                "numStreams": 52
              },
              {
                "period": 2,
                "numStreams": 18
              }
            ]
          },
          {
            "month": 6,
            "biweeklyStreams": [
              {
                "period": 1,
                "numStreams": 42
              },
              {
                "period": 2,
                "numStreams": 6
              }
            ]
          },
          {
            "month": 9,
            "biweeklyStreams": [
              {
                "period": 1,
                "numStreams": 1
              }
            ]
          },
          {
            "month": 2,
            "biweeklyStreams": [
              {
                "period": 2,
                "numStreams": 19
              },
              {
                "period": 1,
                "numStreams": 37
              }
            ]
          },
          {
            "month": 7,
            "biweeklyStreams": [
              {
                "period": 1,
                "numStreams": 39
              },
              {
                "period": 2,
                "numStreams": 13
              }
            ]
          },
          {
            "month": 3,
            "biweeklyStreams": [
              {
                "period": 1,
                "numStreams": 61
              },
              {
                "period": 2,
                "numStreams": 29
              }
            ]
          },
          {
            "month": 8,
            "biweeklyStreams": [
              {
                "period": 1,
                "numStreams": 4
              },
              {
                "period": 2,
                "numStreams": 8
              }
            ]
          },
          {
            "month": 4,
            "biweeklyStreams": [
              {
                "period": 1,
                "numStreams": 30
              },
              {
                "period": 2,
                "numStreams": 20
              }
            ]
          }
        ]
      }
    ],
    "topArtistMilliseconds": 211757962,
    "topArtistFanPercentage": 1.1953975E-5
  },
  "topGenres": {
    "topGenres": [
      "rock",
      "folk rock",
      "pop",
      "welsh rock",
      "pov: indie"
    ],
    "numberGenres": 48
  },
  "topPodcasts": {
    "topPodcastsUri": [
    ],
    "topPodcastPercentage": 0.0,
    "totalPodcastMilliseconds": 12396173
  },
  "topTracks": {
    "topTracks": [
      "spotify:track:7Cj3EAat3tIWQebJdheh1w",
      "spotify:track:2goOmMx1gXoF63hBne6Unh",
      "spotify:track:2tvW8We9C5qvE39DYkqte7",
      "spotify:track:2gvkB8CJK87BoZabgpX6yA",
      "spotify:track:6gARq2sfiIRmk84wPcJSnD"
    ],
    "topTrackPlayCount": 123,
    "topTrackFirstPlayedDate": "2023-01-11",
    "distinctTracksPlayed": 2186
  },
  "yearlyMetrics": {
    "totalMsListened": 1703741156,
    "mostListenedDay": "2023-01-24",
    "mostListenedDayMinutes": 383.62003,
    "percentGreaterThanWorldwideUsers": 88.02409
  },
  "darkMode": {
    "creatureOfHabit": "BOOKKEEPER"
  }
}