[
  {
    "artistName": "Lost Frequencies",
    "segment": "Previously Active Listeners"
  },
  {
    "artistName": "Lukas Graham",
    "segment": "Previously Active Listeners"
  },
  {
    "artistName": "Wiz Khalifa",
    "segment": "Previously Active Listeners"
  },
  {
    "artistName": "gnash",
    "segment": "Previously Active Listeners"
  },
  {
    "artistName": "Umm Kulthum",
    "segment": "Previously Active Listeners"
  },
  {
    "artistName": "Inkonnu",
    "segment": "Previously Active Listeners"
  },
  {
    "artistName": "ONZY",
    "segment": "Previously Active Listeners"
  },
  {
    "artistName": "Justin Bieber",
    "segment": "Light listeners"
  },
  {
    "artistName": "Freeklane",
    "segment": "Previously Active Listeners"
  },
  {
    "artistName": "Dalida",
    "segment": "Previously Active Listeners"
  },
  {
    "artistName": "Saad Lamjarred",
    "segment": "Previously Active Listeners"
  },
  {
    "artistName": "Shaggy",
    "segment": "Previously Active Listeners"
  },
  {
    "artistName": "Bens",
    "segment": "Previously Active Listeners"
  },
  {
    "artistName": "Reda Taliani",
    "segment": "Previously Active Listeners"
  },
  {
    "artistName": "Marshmello",
    "segment": "Previously Active Listeners"
  },
  {
    "artistName": "X Ambassadors",
    "segment": "Previously Active Listeners"
  },
  {
    "artistName": "Jacques Brel",
    "segment": "Previously Active Listeners"
  },
  {
    "artistName": "DKB",
    "segment": "Light listeners"
  },
  {
    "artistName": "JT Coldfire",
    "segment": "Light listeners"
  },
  {
    "artistName": "Vianney",
    "segment": "Previously Active Listeners"
  },
  {
    "artistName": "Chris Stapleton",
    "segment": "Previously Active Listeners"
  },
  {
    "artistName": "Farruko",
    "segment": "Previously Active Listeners"
  },
  {
    "artistName": "Future",
    "segment": "Light listeners"
  },
  {
    "artistName": "Landy",
    "segment": "Previously Active Listeners"
  },
  {
    "artistName": "Fazıl Say",
    "segment": "Previously Active Listeners"
  },
  {
    "artistName": "Fréro Delavega",
    "segment": "Previously Active Listeners"
  },
  {
    "artistName": "Kane Brown",
    "segment": "Previously Active Listeners"
  },
  {
    "artistName": "MØ",
    "segment": "Previously Active Listeners"
  },
  {
    "artistName": "Anys",
    "segment": "Previously Active Listeners"
  },
  {
    "artistName": "Tamino",
    "segment": "Light listeners"
  },
  {
    "artistName": "MHD",
    "segment": "Previously Active Listeners"
  },
  {
    "artistName": "Ali Gatie",
    "segment": "Previously Active Listeners"
  },
  {
    "artistName": "Rare Creatures",
    "segment": "Previously Active Listeners"
  },
  {
    "artistName": "Lord Huron",
    "segment": "Previously Active Listeners"
  },
  {
    "artistName": "Marouane",
    "segment": "Previously Active Listeners"
  },
  {
    "artistName": "Moro",
    "segment": "Previously Active Listeners"
  },
  {
    "artistName": "Sean Paul",
    "segment": "Previously Active Listeners"
  },
  {
    "artistName": "The Weeknd",
    "segment": "Light listeners"
  },
  {
    "artistName": "Kendrick Lamar",
    "segment": "Moderate listeners"
  },
  {
    "artistName": "Dr. Dre",
    "segment": "Light listeners"
  },
  {
    "artistName": "Lady Gaga",
    "segment": "Previously Active Listeners"
  },
  {
    "artistName": "Imagine Dragons",
    "segment": "Light listeners"
  },
  {
    "artistName": "Macklemore & Ryan Lewis",
    "segment": "Previously Active Listeners"
  },
  {
    "artistName": "Vance Joy",
    "segment": "Previously Active Listeners"
  },
  {
    "artistName": "Figoshin",
    "segment": "Moderate listeners"
  },
  {
    "artistName": "Kendji Girac",
    "segment": "Moderate listeners"
  },
  {
    "artistName": "Dermot Kennedy",
    "segment": "Previously Active Listeners"
  },
  {
    "artistName": "Elvis Presley",
    "segment": "Light listeners"
  },
  {
    "artistName": "veneris",
    "segment": "Previously Active Listeners"
  },
  {
    "artistName": "Miracle Of Sound",
    "segment": "Previously Active Listeners"
  },
  {
    "artistName": "Trinix",
    "segment": "Light listeners"
  },
  {
    "artistName": "Roffo",
    "segment": "Previously Active Listeners"
  },
  {
    "artistName": "Mike Äpt",
    "segment": "Previously Active Listeners"
  },
  {
    "artistName": "Kofs",
    "segment": "Previously Active Listeners"
  },
  {
    "artistName": "LP",
    "segment": "Previously Active Listeners"
  },
  {
    "artistName": "Stop Light Observations",
    "segment": "Light listeners"
  },
  {
    "artistName": "Babylone",
    "segment": "Previously Active Listeners"
  },
  {
    "artistName": "Josh Vietti",
    "segment": "Previously Active Listeners"
  },
  {
    "artistName": "Ty Dolla $ign",
    "segment": "Previously Active Listeners"
  },
  {
    "artistName": "Anthony Sanudo",
    "segment": "Previously Active Listeners"
  },
  {
    "artistName": "Disciples",
    "segment": "Previously Active Listeners"
  },
  {
    "artistName": "Macklemore",
    "segment": "Previously Active Listeners"
  },
  {
    "artistName": "Mark Ronson",
    "segment": "Previously Active Listeners"
  },
  {
    "artistName": "Foy Vance",
    "segment": "Light listeners"
  },
  {
    "artistName": "The Animals",
    "segment": "Previously Active Listeners"
  },
  {
    "artistName": "Mashary Rashid Al-Afassy",
    "segment": "Light listeners"
  },
  {
    "artistName": "Iyaz",
    "segment": "Light listeners"
  },
  {
    "artistName": "Rockwell",
    "segment": "Previously Active Listeners"
  },
  {
    "artistName": "Akon",
    "segment": "Previously Active Listeners"
  },
  {
    "artistName": "Farid al-Atrash",
    "segment": "Previously Active Listeners"
  },
  {
    "artistName": "070 Shake",
    "segment": "Previously Active Listeners"
  },
  {
    "artistName": "YAM",
    "segment": "Previously Active Listeners"
  },
  {
    "artistName": "Metro Boomin",
    "segment": "Previously Active Listeners"
  },
  {
    "artistName": "The Lumineers",
    "segment": "Previously Active Listeners"
  },
  {
    "artistName": "Camille",
    "segment": "Previously Active Listeners"
  },
  {
    "artistName": "Noah Cyrus",
    "segment": "Previously Active Listeners"
  },
  {
    "artistName": "Maroon 5",
    "segment": "Light listeners"
  },
  {
    "artistName": "Duncan Laurence",
    "segment": "Light listeners"
  },
  {
    "artistName": "Draganov",
    "segment": "Moderate listeners"
  },
  {
    "artistName": "Amy Winehouse",
    "segment": "Previously Active Listeners"
  },
  {
    "artistName": "Wayne Jones",
    "segment": "Previously Active Listeners"
  },
  {
    "artistName": "Patrick Watson",
    "segment": "Previously Active Listeners"
  },
  {
    "artistName": "Sam Tinnesz",
    "segment": "Previously Active Listeners"
  },
  {
    "artistName": "Slushii",
    "segment": "Previously Active Listeners"
  },
  {
    "artistName": "siilawy",
    "segment": "Previously Active Listeners"
  },
  {
    "artistName": "Snor",
    "segment": "Moderate listeners"
  },
  {
    "artistName": "Mackenzy Mackay",
    "segment": "Light listeners"
  },
  {
    "artistName": "Morad",
    "segment": "Light listeners"
  },
  {
    "artistName": "H8M",
    "segment": "Previously Active Listeners"
  },
  {
    "artistName": "Ellie Goulding",
    "segment": "Light listeners"
  },
  {
    "artistName": "Nekfeu",
    "segment": "Previously Active Listeners"
  },
  {
    "artistName": "Extreme Music",
    "segment": "Previously Active Listeners"
  },
  {
    "artistName": "Lossa",
    "segment": "Previously Active Listeners"
  },
  {
    "artistName": "G-Eazy",
    "segment": "Previously Active Listeners"
  },
  {
    "artistName": "Neil Diamond",
    "segment": "Previously Active Listeners"
  },
  {
    "artistName": "James Brown",
    "segment": "Previously Active Listeners"
  },
  {
    "artistName": "Travis Scott",
    "segment": "Light listeners"
  },
  {
    "artistName": "Aya Nakamura",
    "segment": "Previously Active Listeners"
  },
  {
    "artistName": "Daniel Murphy",
    "segment": "Previously Active Listeners"
  },
  {
    "artistName": "Yehezkel Raz",
    "segment": "Previously Active Listeners"
  },
  {
    "artistName": "Jaymes Young",
    "segment": "Previously Active Listeners"
  },
  {
    "artistName": "Emel",
    "segment": "Previously Active Listeners"
  },
  {
    "artistName": "Sonia Noor",
    "segment": "Previously Active Listeners"
  },
  {
    "artistName": "Cheb",
    "segment": "Previously Active Listeners"
  },
  {
    "artistName": "CKay",
    "segment": "Previously Active Listeners"
  },
  {
    "artistName": "Ben E. King",
    "segment": "Light listeners"
  },
  {
    "artistName": "iñigo quintero",
    "segment": "Previously Active Listeners"
  },
  {
    "artistName": "Yann Tiersen",
    "segment": "Light listeners"
  },
  {
    "artistName": "Raffaella Carrà",
    "segment": "Previously Active Listeners"
  },
  {
    "artistName": "Alec Benjamin",
    "segment": "Previously Active Listeners"
  },
  {
    "artistName": "The Raconteurs",
    "segment": "Previously Active Listeners"
  },
  {
    "artistName": "Alessia Cara",
    "segment": "Previously Active Listeners"
  },
  {
    "artistName": "Niska",
    "segment": "Previously Active Listeners"
  },
  {
    "artistName": "Louane",
    "segment": "Previously Active Listeners"
  },
  {
    "artistName": "Barbara Pravi",
    "segment": "Previously Active Listeners"
  },
  {
    "artistName": "Jung Kook",
    "segment": "Previously Active Listeners"
  },
  {
    "artistName": "Tyla",
    "segment": "Previously Active Listeners"
  },
  {
    "artistName": "Merci Raines",
    "segment": "Previously Active Listeners"
  },
  {
    "artistName": "Zouhair Bahaoui",
    "segment": "Previously Active Listeners"
  },
  {
    "artistName": "Gesaffelstein",
    "segment": "Previously Active Listeners"
  },
  {
    "artistName": "Latifa Raafat",
    "segment": "Previously Active Listeners"
  },
  {
    "artistName": "The Cranberries",
    "segment": "Previously Active Listeners"
  },
  {
    "artistName": "Snor",
    "segment": "Previously Active Listeners"
  },
  {
    "artistName": "Demi Portion",
    "segment": "Previously Active Listeners"
  },
  {
    "artistName": "Juan Luis Guerra 4.40",
    "segment": "Previously Active Listeners"
  },
  {
    "artistName": "Igor Levit",
    "segment": "Light listeners"
  },
  {
    "artistName": "Sexion d'Assaut",
    "segment": "Previously Active Listeners"
  },
  {
    "artistName": "Against The Current",
    "segment": "Previously Active Listeners"
  },
  {
    "artistName": "Shayfeen",
    "segment": "Previously Active Listeners"
  },
  {
    "artistName": "Christina Aguilera",
    "segment": "Previously Active Listeners"
  },
  {
    "artistName": "Gazo",
    "segment": "Previously Active Listeners"
  },
  {
    "artistName": "Balti",
    "segment": "Previously Active Listeners"
  },
  {
    "artistName": "Mohamed Ramadan",
    "segment": "Previously Active Listeners"
  },
  {
    "artistName": "Tiësto",
    "segment": "Previously Active Listeners"
  },
  {
    "artistName": "Lil Wayne",
    "segment": "Previously Active Listeners"
  },
  {
    "artistName": "MC Filhote",
    "segment": "Previously Active Listeners"
  },
  {
    "artistName": "Khaled",
    "segment": "Previously Active Listeners"
  },
  {
    "artistName": "Iliona",
    "segment": "Previously Active Listeners"
  },
  {
    "artistName": "Tikoubaouine",
    "segment": "Previously Active Listeners"
  },
  {
    "artistName": "MPL",
    "segment": "Previously Active Listeners"
  },
  {
    "artistName": "Amaarae",
    "segment": "Previously Active Listeners"
  },
  {
    "artistName": "Gene Deer",
    "segment": "Light listeners"
  },
  {
    "artistName": "Camille Berthollet",
    "segment": "Light listeners"
  },
  {
    "artistName": "Diddy - Dirty Money",
    "segment": "Previously Active Listeners"
  },
  {
    "artistName": "Mc J3",
    "segment": "Previously Active Listeners"
  },
  {
    "artistName": "Big Bo",
    "segment": "Previously Active Listeners"
  },
  {
    "artistName": "Joji",
    "segment": "Previously Active Listeners"
  },
  {
    "artistName": "James Arthur",
    "segment": "Previously Active Listeners"
  },
  {
    "artistName": "John Legend",
    "segment": "Previously Active Listeners"
  },
  {
    "artistName": "King Kavalier",
    "segment": "Previously Active Listeners"
  },
  {
    "artistName": "Pomme",
    "segment": "Previously Active Listeners"
  },
  {
    "artistName": "MISSIO",
    "segment": "Previously Active Listeners"
  },
  {
    "artistName": "Shawn Mendes",
    "segment": "Previously Active Listeners"
  },
  {
    "artistName": "grandson",
    "segment": "Previously Active Listeners"
  },
  {
    "artistName": "Jason Derulo",
    "segment": "Previously Active Listeners"
  },
  {
    "artistName": "Ahmed El Qatane",
    "segment": "Previously Active Listeners"
  },
  {
    "artistName": "Rihanna",
    "segment": "Previously Active Listeners"
  },
  {
    "artistName": "Nahir",
    "segment": "Previously Active Listeners"
  },
  {
    "artistName": "Unleaded",
    "segment": "Previously Active Listeners"
  },
  {
    "artistName": "Lacrim",
    "segment": "Previously Active Listeners"
  },
  {
    "artistName": "The Notorious B.I.G.",
    "segment": "Previously Active Listeners"
  },
  {
    "artistName": "Bebe Rexha",
    "segment": "Previously Active Listeners"
  },
  {
    "artistName": "Alicia Keys",
    "segment": "Light listeners"
  },
  {
    "artistName": "Meghan Trainor",
    "segment": "Previously Active Listeners"
  },
  {
    "artistName": "bbno$",
    "segment": "Previously Active Listeners"
  },
  {
    "artistName": "Currents",
    "segment": "Previously Active Listeners"
  },
  {
    "artistName": "Brenda Lee",
    "segment": "Previously Active Listeners"
  },
  {
    "artistName": "Royal Deluxe",
    "segment": "Previously Active Listeners"
  },
  {
    "artistName": "mgk",
    "segment": "Previously Active Listeners"
  },
  {
    "artistName": "Gotye",
    "segment": "Previously Active Listeners"
  },
  {
    "artistName": "Soukaina Fahsi",
    "segment": "Previously Active Listeners"
  },
  {
    "artistName": "DYSTINCT",
    "segment": "Previously Active Listeners"
  },
  {
    "artistName": "HVME",
    "segment": "Previously Active Listeners"
  },
  {
    "artistName": "Bryce Fox",
    "segment": "Light listeners"
  },
  {
    "artistName": "GIMS",
    "segment": "Moderate listeners"
  },
  {
    "artistName": "Stormy",
    "segment": "Moderate listeners"
  },
  {
    "artistName": "Gym Class Heroes",
    "segment": "Previously Active Listeners"
  },
  {
    "artistName": "Marina Kaye",
    "segment": "Previously Active Listeners"
  },
  {
    "artistName": "Soprano",
    "segment": "Previously Active Listeners"
  },
  {
    "artistName": "Elyanna",
    "segment": "Previously Active Listeners"
  },
  {
    "artistName": "DigBar",
    "segment": "Previously Active Listeners"
  },
  {
    "artistName": "Keane",
    "segment": "Previously Active Listeners"
  },
  {
    "artistName": "Outlandish",
    "segment": "Previously Active Listeners"
  },
  {
    "artistName": "ZAYN",
    "segment": "Light listeners"
  },
  {
    "artistName": "Abduh",
    "segment": "Previously Active Listeners"
  },
  {
    "artistName": "YNW Melly",
    "segment": "Previously Active Listeners"
  },
  {
    "artistName": "Vargas",
    "segment": "Previously Active Listeners"
  },
  {
    "artistName": "A$AP Rocky",
    "segment": "Previously Active Listeners"
  },
  {
    "artistName": "Karim Ziad",
    "segment": "Previously Active Listeners"
  },
  {
    "artistName": "Ömer Balık",
    "segment": "Previously Active Listeners"
  },
  {
    "artistName": "Kaaris",
    "segment": "Previously Active Listeners"
  },
  {
    "artistName": "Blues Saraceno",
    "segment": "Previously Active Listeners"
  },
  {
    "artistName": "Armin van Buuren",
    "segment": "Previously Active Listeners"
  },
  {
    "artistName": "Daniel Merriweather",
    "segment": "Previously Active Listeners"
  },
  {
    "artistName": "Abdulrahman Mohammed",
    "segment": "Previously Active Listeners"
  },
  {
    "artistName": "Lomepal",
    "segment": "Previously Active Listeners"
  },
  {
    "artistName": "Juice WRLD",
    "segment": "Previously Active Listeners"
  },
  {
    "artistName": "The Phantoms",
    "segment": "Previously Active Listeners"
  },
  {
    "artistName": "Ashe",
    "segment": "Previously Active Listeners"
  },
  {
    "artistName": "Basel Zayed",
    "segment": "Previously Active Listeners"
  },
  {
    "artistName": "Chris de Burgh",
    "segment": "Previously Active Listeners"
  },
  {
    "artistName": "The Script",
    "segment": "Previously Active Listeners"
  },
  {
    "artistName": "Quran",
    "segment": "Previously Active Listeners"
  },
  {
    "artistName": "Ricchi E Poveri",
    "segment": "Previously Active Listeners"
  },
  {
    "artistName": "Twenty One Pilots",
    "segment": "Previously Active Listeners"
  },
  {
    "artistName": "Freak Freely",
    "segment": "Previously Active Listeners"
  },
  {
    "artistName": "Mazzikas",
    "segment": "Previously Active Listeners"
  },
  {
    "artistName": "Tones And I",
    "segment": "Previously Active Listeners"
  },
  {
    "artistName": "Howariate",
    "segment": "Previously Active Listeners"
  },
  {
    "artistName": "Oxlade",
    "segment": "Previously Active Listeners"
  },
  {
    "artistName": "Naïma Samih",
    "segment": "Previously Active Listeners"
  },
  {
    "artistName": "Harry Styles",
    "segment": "Light listeners"
  },
  {
    "artistName": "The Chainsmokers",
    "segment": "Previously Active Listeners"
  },
  {
    "artistName": "Kenya Grace",
    "segment": "Light listeners"
  },
  {
    "artistName": "FKJ",
    "segment": "Previously Active Listeners"
  },
  {
    "artistName": "Emily Watts",
    "segment": "Previously Active Listeners"
  },
  {
    "artistName": "Glass Animals",
    "segment": "Light listeners"
  },
  {
    "artistName": "Noah Kahan",
    "segment": "Previously Active Listeners"
  },
  {
    "artistName": "Yo Asel",
    "segment": "Previously Active Listeners"
  },
  {
    "artistName": "Eagles",
    "segment": "Previously Active Listeners"
  },
  {
    "artistName": "Khalid",
    "segment": "Previously Active Listeners"
  },
  {
    "artistName": "Youcef Gdh",
    "segment": "Light listeners"
  },
  {
    "artistName": "Ahmed Soultan",
    "segment": "Previously Active Listeners"
  },
  {
    "artistName": "Cheikha Rimitti",
    "segment": "Previously Active Listeners"
  },
  {
    "artistName": "Calum Scott",
    "segment": "Previously Active Listeners"
  },
  {
    "artistName": "7liwa",
    "segment": "Previously Active Listeners"
  },
  {
    "artistName": "Dollypran",
    "segment": "Previously Active Listeners"
  },
  {
    "artistName": "Roy Williams",
    "segment": "Light listeners"
  },
  {
    "artistName": "Labrinth",
    "segment": "Previously Active Listeners"
  },
  {
    "artistName": "Avicii",
    "segment": "Light listeners"
  },
  {
    "artistName": "Labess",
    "segment": "Previously Active Listeners"
  },
  {
    "artistName": "Luis Fonsi",
    "segment": "Previously Active Listeners"
  },
  {
    "artistName": "Bratia Stereo",
    "segment": "Previously Active Listeners"
  },
  {
    "artistName": "Swae Lee",
    "segment": "Previously Active Listeners"
  },
  {
    "artistName": "Arctic Monkeys",
    "segment": "Previously Active Listeners"
  },
  {
    "artistName": "Matoma",
    "segment": "Previously Active Listeners"
  },
  {
    "artistName": "Henrik Freischlader",
    "segment": "Light listeners"
  },
  {
    "artistName": "El Dey",
    "segment": "Previously Active Listeners"
  },
  {
    "artistName": "Don Toliver",
    "segment": "Previously Active Listeners"
  },
  {
    "artistName": "Eric Serna",
    "segment": "Previously Active Listeners"
  },
  {
    "artistName": "Fugees",
    "segment": "Previously Active Listeners"
  },
  {
    "artistName": "Naps",
    "segment": "Previously Active Listeners"
  },
  {
    "artistName": "Tate McRae",
    "segment": "Light listeners"
  },
  {
    "artistName": "Holding Absence",
    "segment": "Previously Active Listeners"
  },
  {
    "artistName": "heat spirit",
    "segment": "Previously Active Listeners"
  },
  {
    "artistName": "Cage The Elephant",
    "segment": "Light listeners"
  },
  {
    "artistName": "Hamza",
    "segment": "Previously Active Listeners"
  },
  {
    "artistName": "Doja Cat",
    "segment": "Previously Active Listeners"
  },
  {
    "artistName": "Carla Bruni",
    "segment": "Previously Active Listeners"
  },
  {
    "artistName": "Beach Weather",
    "segment": "Previously Active Listeners"
  },
  {
    "artistName": "High Contrast",
    "segment": "Previously Active Listeners"
  },
  {
    "artistName": "sapientdream",
    "segment": "Previously Active Listeners"
  },
  {
    "artistName": "Soolking",
    "segment": "Light listeners"
  },
  {
    "artistName": "Olivia Rodrigo",
    "segment": "Previously Active Listeners"
  },
  {
    "artistName": "Sakina Lafdaili",
    "segment": "Previously Active Listeners"
  },
  {
    "artistName": "Chino & Nacho",
    "segment": "Previously Active Listeners"
  },
  {
    "artistName": "Elvis Prod",
    "segment": "Previously Active Listeners"
  },
  {
    "artistName": "Paul Anka",
    "segment": "Previously Active Listeners"
  },
  {
    "artistName": "Dadju",
    "segment": "Previously Active Listeners"
  },
  {
    "artistName": "Benson Boone",
    "segment": "Previously Active Listeners"
  },
  {
    "artistName": "Anas",
    "segment": "Previously Active Listeners"
  },
  {
    "artistName": "Adriana Proenza",
    "segment": "Previously Active Listeners"
  },
  {
    "artistName": "Central Cee",
    "segment": "Light listeners"
  },
  {
    "artistName": "One Direction",
    "segment": "Previously Active Listeners"
  },
  {
    "artistName": "Ugly Kid Joe",
    "segment": "Previously Active Listeners"
  },
  {
    "artistName": "Miley Cyrus",
    "segment": "Light listeners"
  },
  {
    "artistName": "Clean Bandit",
    "segment": "Previously Active Listeners"
  },
  {
    "artistName": "MC Gury",
    "segment": "Previously Active Listeners"
  },
  {
    "artistName": "Sami Bey",
    "segment": "Light listeners"
  },
  {
    "artistName": "Swedish House Mafia",
    "segment": "Previously Active Listeners"
  },
  {
    "artistName": "Ryan Lewis",
    "segment": "Previously Active Listeners"
  },
  {
    "artistName": "SativaMusic",
    "segment": "Previously Active Listeners"
  },
  {
    "artistName": "Benzz",
    "segment": "Previously Active Listeners"
  },
  {
    "artistName": "Charles Aznavour",
    "segment": "Light listeners"
  },
  {
    "artistName": "Bachir Abdou",
    "segment": "Previously Active Listeners"
  },
  {
    "artistName": "Artemas",
    "segment": "Light listeners"
  },
  {
    "artistName": "Adam Jensen",
    "segment": "Previously Active Listeners"
  },
  {
    "artistName": "JID",
    "segment": "Previously Active Listeners"
  },
  {
    "artistName": "Ghost",
    "segment": "Previously Active Listeners"
  },
  {
    "artistName": "Cecilia Krull",
    "segment": "Previously Active Listeners"
  },
  {
    "artistName": "Bastille",
    "segment": "Previously Active Listeners"
  },
  {
    "artistName": "Martin Garrix",
    "segment": "Previously Active Listeners"
  },
  {
    "artistName": "Kina",
    "segment": "Previously Active Listeners"
  },
  {
    "artistName": "Confetti",
    "segment": "Previously Active Listeners"
  },
  {
    "artistName": "Playboi Carti",
    "segment": "Light listeners"
  },
  {
    "artistName": "Ms. Lauryn Hill",
    "segment": "Previously Active Listeners"
  },
  {
    "artistName": "Demon324",
    "segment": "Previously Active Listeners"
  },
  {
    "artistName": "Red Hot Chili Peppers",
    "segment": "Previously Active Listeners"
  },
  {
    "artistName": "Sia",
    "segment": "Light listeners"
  },
  {
    "artistName": "David Guetta",
    "segment": "Light listeners"
  },
  {
    "artistName": "Beyoncé",
    "segment": "Previously Active Listeners"
  },
  {
    "artistName": "Camila Cabello",
    "segment": "Light listeners"
  },
  {
    "artistName": "ASHE 22",
    "segment": "Previously Active Listeners"
  },
  {
    "artistName": "Manu Pilas",
    "segment": "Light listeners"
  },
  {
    "artistName": "Beny Jr",
    "segment": "Previously Active Listeners"
  },
  {
    "artistName": "AC/DC",
    "segment": "Previously Active Listeners"
  },
  {
    "artistName": "Yamê",
    "segment": "Moderate listeners"
  },
  {
    "artistName": "Katy Perry",
    "segment": "Previously Active Listeners"
  },
  {
    "artistName": "Sazamyzy",
    "segment": "Previously Active Listeners"
  },
  {
    "artistName": "Taylor Swift",
    "segment": "Previously Active Listeners"
  },
  {
    "artistName": "Michael Jackson",
    "segment": "Light listeners"
  },
  {
    "artistName": "Rosa Linn",
    "segment": "Previously Active Listeners"
  },
  {
    "artistName": "Lewis Capaldi",
    "segment": "Previously Active Listeners"
  },
  {
    "artistName": "Cameleon",
    "segment": "Previously Active Listeners"
  },
  {
    "artistName": "Melvin Taylor",
    "segment": "Previously Active Listeners"
  },
  {
    "artistName": "Rebal Alkhodari",
    "segment": "Previously Active Listeners"
  },
  {
    "artistName": "Werenoi",
    "segment": "Previously Active Listeners"
  },
  {
    "artistName": "Lighthouse Family",
    "segment": "Previously Active Listeners"
  },
  {
    "artistName": "Teddy Swims",
    "segment": "Moderate listeners"
  },
  {
    "artistName": "Bradley Cooper",
    "segment": "Previously Active Listeners"
  },
  {
    "artistName": "Ariana Grande",
    "segment": "Previously Active Listeners"
  },
  {
    "artistName": "Clarx",
    "segment": "Light listeners"
  },
  {
    "artistName": "Trevor Daniel",
    "segment": "Light listeners"
  },
  {
    "artistName": "Chance Peña",
    "segment": "Light listeners"
  },
  {
    "artistName": "ElGrandeToto",
    "segment": "Moderate listeners"
  },
  {
    "artistName": "Steven Rodriguez",
    "segment": "Light listeners"
  },
  {
    "artistName": "Itzhak Perlman",
    "segment": "Previously Active Listeners"
  },
  {
    "artistName": "OMI",
    "segment": "Light listeners"
  },
  {
    "artistName": "Jelly Roll",
    "segment": "Previously Active Listeners"
  },
  {
    "artistName": "benny blanco",
    "segment": "Previously Active Listeners"
  },
  {
    "artistName": "XXXTENTACION",
    "segment": "Previously Active Listeners"
  },
  {
    "artistName": "Eljoee",
    "segment": "Light listeners"
  },
  {
    "artistName": "KEL",
    "segment": "Previously Active Listeners"
  },
  {
    "artistName": "Billie Eilish",
    "segment": "Light listeners"
  },
  {
    "artistName": "Zayde Wølf",
    "segment": "Previously Active Listeners"
  },
  {
    "artistName": "Rachid Taha",
    "segment": "Previously Active Listeners"
  },
  {
    "artistName": "Kouz1",
    "segment": "Light listeners"
  },
  {
    "artistName": "Two Feet",
    "segment": "Previously Active Listeners"
  },
  {
    "artistName": "Slimane",
    "segment": "Previously Active Listeners"
  },
  {
    "artistName": "Damso",
    "segment": "Previously Active Listeners"
  },
  {
    "artistName": "SYML",
    "segment": "Previously Active Listeners"
  },
  {
    "artistName": "Skizo Beats",
    "segment": "Previously Active Listeners"
  },
  {
    "artistName": "The Neighbourhood",
    "segment": "Previously Active Listeners"
  },
  {
    "artistName": "Thomas Rhett",
    "segment": "Previously Active Listeners"
  },
  {
    "artistName": "Unes Oulmaati",
    "segment": "Previously Active Listeners"
  },
  {
    "artistName": "Queen",
    "segment": "Previously Active Listeners"
  },
  {
    "artistName": "The Seige",
    "segment": "Light listeners"
  },
  {
    "artistName": "Amy Hayashi-Jones",
    "segment": "Previously Active Listeners"
  },
  {
    "artistName": "Cheriimoya",
    "segment": "Previously Active Listeners"
  },
  {
    "artistName": "Panic! At The Disco",
    "segment": "Previously Active Listeners"
  },
  {
    "artistName": "Manal",
    "segment": "Previously Active Listeners"
  },
  {
    "artistName": "Rondodasosa",
    "segment": "Previously Active Listeners"
  },
  {
    "artistName": "Nicky Romero",
    "segment": "Previously Active Listeners"
  },
  {
    "artistName": "Agatino Romero",
    "segment": "Previously Active Listeners"
  },
  {
    "artistName": "Cyrill Reiser",
    "segment": "Previously Active Listeners"
  },
  {
    "artistName": "Black M",
    "segment": "Previously Active Listeners"
  },
  {
    "artistName": "Whitney Houston",
    "segment": "Previously Active Listeners"
  },
  {
    "artistName": "DPR IAN",
    "segment": "Previously Active Listeners"
  },
  {
    "artistName": "iann dior",
    "segment": "Light listeners"
  },
  {
    "artistName": "Delarue",
    "segment": "Previously Active Listeners"
  },
  {
    "artistName": "Masego",
    "segment": "Previously Active Listeners"
  },
  {
    "artistName": "Fnaire",
    "segment": "Previously Active Listeners"
  },
  {
    "artistName": "SZA",
    "segment": "Previously Active Listeners"
  },
  {
    "artistName": "French Montana",
    "segment": "Previously Active Listeners"
  },
  {
    "artistName": "Dean Lewis",
    "segment": "Previously Active Listeners"
  },
  {
    "artistName": "Hozier",
    "segment": "Previously Active Listeners"
  },
  {
    "artistName": "Coldplay",
    "segment": "Moderate listeners"
  },
  {
    "artistName": "Kadim Al Sahir",
    "segment": "Previously Active Listeners"
  },
  {
    "artistName": "Ed Sheeran",
    "segment": "Light listeners"
  },
  {
    "artistName": "Jack Harlow",
    "segment": "Previously Active Listeners"
  },
  {
    "artistName": "James Brown & The Famous Flames",
    "segment": "Light listeners"
  },
  {
    "artistName": "B.B. King",
    "segment": "Previously Active Listeners"
  },
  {
    "artistName": "CHAAMA",
    "segment": "Light listeners"
  },
  {
    "artistName": "Jeff Buckley",
    "segment": "Previously Active Listeners"
  },
  {
    "artistName": "Post Malone",
    "segment": "Previously Active Listeners"
  },
  {
    "artistName": "Calema",
    "segment": "Previously Active Listeners"
  },
  {
    "artistName": "Elley Duhé",
    "segment": "Light listeners"
  },
  {
    "artistName": "rhianne",
    "segment": "Light listeners"
  },
  {
    "artistName": "Nicki Minaj",
    "segment": "Previously Active Listeners"
  },
  {
    "artistName": "Gael Garcia Bernal",
    "segment": "Previously Active Listeners"
  },
  {
    "artistName": "Kanye West",
    "segment": "Previously Active Listeners"
  },
  {
    "artistName": "Lil Jon",
    "segment": "Previously Active Listeners"
  },
  {
    "artistName": "Elvis Crespo",
    "segment": "Previously Active Listeners"
  },
  {
    "artistName": "Rabah Khalfa",
    "segment": "Light listeners"
  },
  {
    "artistName": "Le silence des Mosquées",
    "segment": "Previously Active Listeners"
  },
  {
    "artistName": "Rvfv",
    "segment": "Previously Active Listeners"
  },
  {
    "artistName": "Friends in Tokyo",
    "segment": "Previously Active Listeners"
  },
  {
    "artistName": "TK from Ling tosite sigure",
    "segment": "Light listeners"
  },
  {
    "artistName": "The Kid LAROI",
    "segment": "Previously Active Listeners"
  },
  {
    "artistName": "Julie Berthollet",
    "segment": "Light listeners"
  },
  {
    "artistName": "Lana Del Rey",
    "segment": "Previously Active Listeners"
  },
  {
    "artistName": "J. Cole",
    "segment": "Light listeners"
  },
  {
    "artistName": "Niccolò Paganini",
    "segment": "Light listeners"
  },
  {
    "artistName": "Halsey",
    "segment": "Light listeners"
  },
  {
    "artistName": "Various Artists",
    "segment": "Light listeners"
  },
  {
    "artistName": "Arizona Zervas",
    "segment": "Previously Active Listeners"
  },
  {
    "artistName": "Leil",
    "segment": "Previously Active Listeners"
  },
  {
    "artistName": "Tom Odell",
    "segment": "Previously Active Listeners"
  },
  {
    "artistName": "Angèle",
    "segment": "Light listeners"
  },
  {
    "artistName": "Akano",
    "segment": "Previously Active Listeners"
  },
  {
    "artistName": "JP Cooper",
    "segment": "Previously Active Listeners"
  },
  {
    "artistName": "Dhurata Dora",
    "segment": "Previously Active Listeners"
  },
  {
    "artistName": "TalkinToys",
    "segment": "Previously Active Listeners"
  },
  {
    "artistName": "21 Savage",
    "segment": "Previously Active Listeners"
  },
  {
    "artistName": "Bad Meets Evil",
    "segment": "Previously Active Listeners"
  },
  {
    "artistName": "Dada",
    "segment": "Previously Active Listeners"
  },
  {
    "artistName": "Daniel Colin",
    "segment": "Previously Active Listeners"
  },
  {
    "artistName": "Lena Chamamyan",
    "segment": "Previously Active Listeners"
  },
  {
    "artistName": "blackbear",
    "segment": "Previously Active Listeners"
  },
  {
    "artistName": "2Pac",
    "segment": "Light listeners"
  },
  {
    "artistName": "Henrik",
    "segment": "Previously Active Listeners"
  },
  {
    "artistName": "Lil Baby",
    "segment": "Light listeners"
  },
  {
    "artistName": "Mayel Jimenez",
    "segment": "Previously Active Listeners"
  },
  {
    "artistName": "Orchestre zouhir adha",
    "segment": "Previously Active Listeners"
  },
  {
    "artistName": "Eminem",
    "segment": "Moderate listeners"
  },
  {
    "artistName": "Oum",
    "segment": "Previously Active Listeners"
  },
  {
    "artistName": "Wiener Philharmoniker",
    "segment": "Previously Active Listeners"
  },
  {
    "artistName": "Santana",
    "segment": "Previously Active Listeners"
  },
  {
    "artistName": "Wham!",
    "segment": "Previously Active Listeners"
  },
  {
    "artistName": "Nicolas Reyes",
    "segment": "Previously Active Listeners"
  },
  {
    "artistName": "Lefa",
    "segment": "Previously Active Listeners"
  },
  {
    "artistName": "Youness",
    "segment": "Light listeners"
  },
  {
    "artistName": "Chris Brown",
    "segment": "Previously Active Listeners"
  },
  {
    "artistName": "George Michael",
    "segment": "Previously Active Listeners"
  },
  {
    "artistName": "Céline Dion",
    "segment": "Previously Active Listeners"
  },
  {
    "artistName": "Tagne",
    "segment": "Light listeners"
  },
  {
    "artistName": "Édith Piaf",
    "segment": "Previously Active Listeners"
  },
  {
    "artistName": "Vitaa",
    "segment": "Previously Active Listeners"
  },
  {
    "artistName": "Tayc",
    "segment": "Previously Active Listeners"
  },
  {
    "artistName": "Baby Gang",
    "segment": "Previously Active Listeners"
  },
  {
    "artistName": "Michael Bublé",
    "segment": "Light listeners"
  },
  {
    "artistName": "Mohab Omer",
    "segment": "Previously Active Listeners"
  },
  {
    "artistName": "Yasser Al Dosari",
    "segment": "Previously Active Listeners"
  },
  {
    "artistName": "Felix Jaehn",
    "segment": "Light listeners"
  },
  {
    "artistName": "BØRNS",
    "segment": "Previously Active Listeners"
  },
  {
    "artistName": "Hotel Ugly",
    "segment": "Previously Active Listeners"
  },
  {
    "artistName": "Anne-Marie",
    "segment": "Previously Active Listeners"
  },
  {
    "artistName": "DaBaby",
    "segment": "Previously Active Listeners"
  },
  {
    "artistName": "A Great Big World",
    "segment": "Previously Active Listeners"
  },
  {
    "artistName": "Calvin Harris",
    "segment": "Light listeners"
  },
  {
    "artistName": "Rag'n'Bone Man",
    "segment": "Previously Active Listeners"
  },
  {
    "artistName": "Abdel Halim Hafez",
    "segment": "Light listeners"
  },
  {
    "artistName": "4.4.2",
    "segment": "Previously Active Listeners"
  },
  {
    "artistName": "Passenger",
    "segment": "Previously Active Listeners"
  },
  {
    "artistName": "League of Legends",
    "segment": "Previously Active Listeners"
  },
  {
    "artistName": "Don Bigg",
    "segment": "Previously Active Listeners"
  },
  {
    "artistName": "Ludwig van Beethoven",
    "segment": "Light listeners"
  },
  {
    "artistName": "Adele",
    "segment": "Moderate listeners"
  },
  {
    "artistName": "Ghaliaa",
    "segment": "Previously Active Listeners"
  },
  {
    "artistName": "Timbaland",
    "segment": "Previously Active Listeners"
  },
  {
    "artistName": "Joe Dassin",
    "segment": "Light listeners"
  },
  {
    "artistName": "Zaz",
    "segment": "Previously Active Listeners"
  },
  {
    "artistName": "Niro",
    "segment": "Previously Active Listeners"
  },
  {
    "artistName": "Shiah Maisel",
    "segment": "Light listeners"
  },
  {
    "artistName": "Grand Corps Malade",
    "segment": "Previously Active Listeners"
  },
  {
    "artistName": "Souad Massi",
    "segment": "Light listeners"
  },
  {
    "artistName": "Sam James",
    "segment": "Previously Active Listeners"
  },
  {
    "artistName": "Caleb Arredondo",
    "segment": "Previously Active Listeners"
  },
  {
    "artistName": "Frank Sinatra",
    "segment": "Previously Active Listeners"
  },
  {
    "artistName": "Fairuz",
    "segment": "Moderate listeners"
  },
  {
    "artistName": "50 Cent",
    "segment": "Previously Active Listeners"
  },
  {
    "artistName": "Ali S",
    "segment": "Light listeners"
  },
  {
    "artistName": "Unknown T",
    "segment": "Previously Active Listeners"
  },
  {
    "artistName": "NF",
    "segment": "Moderate listeners"
  },
  {
    "artistName": "Michael Giacchino",
    "segment": "Previously Active Listeners"
  },
  {
    "artistName": "Lil Nas X",
    "segment": "Previously Active Listeners"
  },
  {
    "artistName": "Ta Ha",
    "segment": "Previously Active Listeners"
  },
  {
    "artistName": "Faouzia",
    "segment": "Previously Active Listeners"
  },
  {
    "artistName": "Idir",
    "segment": "Previously Active Listeners"
  },
  {
    "artistName": "Pause",
    "segment": "Super Listeners"
  },
  {
    "artistName": "Gultrah Sound System",
    "segment": "Previously Active Listeners"
  },
  {
    "artistName": "Connor Price",
    "segment": "Previously Active Listeners"
  },
  {
    "artistName": "Hamid Elkassri",
    "segment": "Previously Active Listeners"
  },
  {
    "artistName": "Bring Me The Horizon",
    "segment": "Light listeners"
  },
  {
    "artistName": "Jaxomy",
    "segment": "Previously Active Listeners"
  },
  {
    "artistName": "Justin Timberlake",
    "segment": "Light listeners"
  },
  {
    "artistName": "Maluma",
    "segment": "Previously Active Listeners"
  },
  {
    "artistName": "D33pSoul",
    "segment": "Previously Active Listeners"
  },
  {
    "artistName": "Ayra Starr",
    "segment": "Light listeners"
  },
  {
    "artistName": "Renato Carosone",
    "segment": "Previously Active Listeners"
  },
  {
    "artistName": "Shobee",
    "segment": "Previously Active Listeners"
  },
  {
    "artistName": "DJ Snake",
    "segment": "Light listeners"
  },
  {
    "artistName": "Reynmen",
    "segment": "Previously Active Listeners"
  },
  {
    "artistName": "Tommy Richman",
    "segment": "Previously Active Listeners"
  },
  {
    "artistName": "Kimbra",
    "segment": "Previously Active Listeners"
  },
  {
    "artistName": "JAXSON GAMBLE",
    "segment": "Previously Active Listeners"
  },
  {
    "artistName": "Roméo Elvis",
    "segment": "Light listeners"
  },
  {
    "artistName": "Mons",
    "segment": "Previously Active Listeners"
  },
  {
    "artistName": "Bobby Helms",
    "segment": "Previously Active Listeners"
  },
  {
    "artistName": "Cigarettes After Sex",
    "segment": "Previously Active Listeners"
  },
  {
    "artistName": "RAYE",
    "segment": "Previously Active Listeners"
  },
  {
    "artistName": "Anikdote",
    "segment": "Light listeners"
  },
  {
    "artistName": "Sam Smith",
    "segment": "Previously Active Listeners"
  },
  {
    "artistName": "24kGoldn",
    "segment": "Light listeners"
  },
  {
    "artistName": "Carlos Kleiber",
    "segment": "Previously Active Listeners"
  },
  {
    "artistName": "Sierra Kidd",
    "segment": "Previously Active Listeners"
  },
  {
    "artistName": "Johann Sebastian Bach",
    "segment": "Previously Active Listeners"
  },
  {
    "artistName": "Sting",
    "segment": "Light listeners"
  },
  {
    "artistName": "Warda",
    "segment": "Previously Active Listeners"
  },
  {
    "artistName": "Cairokee",
    "segment": "Previously Active Listeners"
  },
  {
    "artistName": "Niklas Liepe",
    "segment": "Previously Active Listeners"
  },
  {
    "artistName": "Lena Schaur",
    "segment": "Light listeners"
  },
  {
    "artistName": "Major Lazer",
    "segment": "Previously Active Listeners"
  },
  {
    "artistName": "MC L da Vinte",
    "segment": "Previously Active Listeners"
  },
  {
    "artistName": "Coolio",
    "segment": "Previously Active Listeners"
  },
  {
    "artistName": "Wegz",
    "segment": "Previously Active Listeners"
  },
  {
    "artistName": "Mocci",
    "segment": "Previously Active Listeners"
  },
  {
    "artistName": "Drake",
    "segment": "Light listeners"
  },
  {
    "artistName": "Des Rocs",
    "segment": "Previously Active Listeners"
  },
  {
    "artistName": "Snoop Dogg",
    "segment": "Previously Active Listeners"
  },
  {
    "artistName": "Chuxx Morris",
    "segment": "Light listeners"
  },
  {
    "artistName": "Ghali",
    "segment": "Previously Active Listeners"
  },
  {
    "artistName": "Elissa",
    "segment": "Previously Active Listeners"
  },
  {
    "artistName": "Oh The Larceny",
    "segment": "Light listeners"
  },
  {
    "artistName": "Bruno Mars",
    "segment": "Previously Active Listeners"
  },
  {
    "artistName": "Yo-Yo Ma",
    "segment": "Previously Active Listeners"
  },
  {
    "artistName": "Disiz",
    "segment": "Previously Active Listeners"
  },
  {
    "artistName": "Toto Cutugno",
    "segment": "Previously Active Listeners"
  },
  {
    "artistName": "Al Sheikh Saad Al Ghamidi",
    "segment": "Previously Active Listeners"
  },
  {
    "artistName": "Sorry Mom",
    "segment": "Previously Active Listeners"
  },
  {
    "artistName": "Gabry Ponte",
    "segment": "Previously Active Listeners"
  },
  {
    "artistName": "Abdul Basit Abdul Samad",
    "segment": "Previously Active Listeners"
  },
  {
    "artistName": "Hooverphonic",
    "segment": "Previously Active Listeners"
  },
  {
    "artistName": "5 Seconds of Summer",
    "segment": "Previously Active Listeners"
  },
  {
    "artistName": "DNCE",
    "segment": "Light listeners"
  },
  {
    "artistName": "Luis Bacalov",
    "segment": "Previously Active Listeners"
  },
  {
    "artistName": "Dua Lipa",
    "segment": "Previously Active Listeners"
  },
  {
    "artistName": "Arcane",
    "segment": "Previously Active Listeners"
  },
  {
    "artistName": "Daddy Yankee",
    "segment": "Previously Active Listeners"
  },
  {
    "artistName": "Game Over",
    "segment": "Previously Active Listeners"
  },
  {
    "artistName": "Florida Georgia Line",
    "segment": "Previously Active Listeners"
  },
  {
    "artistName": "Ndotz",
    "segment": "Previously Active Listeners"
  },
  {
    "artistName": "Anthony Gonzalez",
    "segment": "Previously Active Listeners"
  },
  {
    "artistName": "Hkayne",
    "segment": "Previously Active Listeners"
  },
  {
    "artistName": "ScHoolboy Q",
    "segment": "Previously Active Listeners"
  },
  {
    "artistName": "Lola Indigo",
    "segment": "Previously Active Listeners"
  },
  {
    "artistName": "David Kushner",
    "segment": "Previously Active Listeners"
  },
  {
    "artistName": "Alexander Rybak",
    "segment": "Previously Active Listeners"
  },
  {
    "artistName": "Rashad ComBal",
    "segment": "Previously Active Listeners"
  },
  {
    "artistName": "Zola",
    "segment": "Previously Active Listeners"
  },
  {
    "artistName": "Ray Charles",
    "segment": "Previously Active Listeners"
  },
  {
    "artistName": "Madd",
    "segment": "Previously Active Listeners"
  },
  {
    "artistName": "Engelbert Humperdinck",
    "segment": "Previously Active Listeners"
  },
  {
    "artistName": "KALEO",
    "segment": "Previously Active Listeners"
  },
  {
    "artistName": "Indila",
    "segment": "Previously Active Listeners"
  },
  {
    "artistName": "Djam",
    "segment": "Previously Active Listeners"
  },
  {
    "artistName": "Cheb Akil",
    "segment": "Previously Active Listeners"
  },
  {
    "artistName": "Gilbert Bécaud",
    "segment": "Previously Active Listeners"
  },
  {
    "artistName": "The Blue Stones",
    "segment": "Previously Active Listeners"
  },
  {
    "artistName": "Blues Delight",
    "segment": "Previously Active Listeners"
  },
  {
    "artistName": "Charlie Puth",
    "segment": "Previously Active Listeners"
  },
  {
    "artistName": "Cheb Mami",
    "segment": "Previously Active Listeners"
  },
  {
    "artistName": "Bill Withers",
    "segment": "Light listeners"
  },
  {
    "artistName": "The Score",
    "segment": "Light listeners"
  },
  {
    "artistName": "L'morphine",
    "segment": "Light listeners"
  },
  {
    "artistName": "Farid Bang",
    "segment": "Previously Active Listeners"
  },
  {
    "artistName": "Amine Naami",
    "segment": "Previously Active Listeners"
  },
  {
    "artistName": "Orelsan",
    "segment": "Previously Active Listeners"
  },
  {
    "artistName": "Kawtar",
    "segment": "Previously Active Listeners"
  },
  {
    "artistName": "Y2K",
    "segment": "Previously Active Listeners"
  },
  {
    "artistName": "Stromae",
    "segment": "Super Listeners"
  },
  {
    "artistName": "Мария Маковская",
    "segment": "Previously Active Listeners"
  },
  {
    "artistName": "OneRepublic",
    "segment": "Previously Active Listeners"
  },
  {
    "artistName": "SAYGRACE",
    "segment": "Previously Active Listeners"
  },
  {
    "artistName": "Isabel LaRosa",
    "segment": "Previously Active Listeners"
  },
  {
    "artistName": "Lauren Daigle",
    "segment": "Previously Active Listeners"
  },
  {
    "artistName": "Shawn James",
    "segment": "Previously Active Listeners"
  },
  {
    "artistName": "Nabyla Maan",
    "segment": "Previously Active Listeners"
  },
  {
    "artistName": "Haris Hamza",
    "segment": "Previously Active Listeners"
  },
  {
    "artistName": "Dizzy DROS",
    "segment": "Light listeners"
  },
  {
    "artistName": "3robi",
    "segment": "Previously Active Listeners"
  },
  {
    "artistName": "Hamza Namira",
    "segment": "Moderate listeners"
  },
  {
    "artistName": "Tom Walker",
    "segment": "Light listeners"
  },
  {
    "artistName": "AURORA",
    "segment": "Previously Active Listeners"
  }
]