[
  {
    "endTime" : "2024-02-18 14:07",
    "podcastName" : "Tech and Coffee",
    "episodeName" : "فلسطين Palestine 🇵🇸 ",
    "msPlayed" : 0
  },
  {
    "endTime" : "2024-02-18 15:46",
    "podcastName" : "Tech and Coffee",
    "episodeName" : "فلسطين Palestine 🇵🇸 ",
    "msPlayed" : 27540
  },
  {
    "endTime" : "2024-02-18 15:51",
    "podcastName" : "Weekly Motivation by Ben Lionel Scott",
    "episodeName" : "IT'S NOT OVER UNTIL I WIN",
    "msPlayed" : 205280
  },
  {
    "endTime" : "2024-03-19 00:13",
    "podcastName" : "بودكاست ألف ليلة وليلة",
    "episodeName" : "الليلة صفر",
    "msPlayed" : 412280
  },
  {
    "endTime" : "2024-03-19 00:30",
    "podcastName" : "بودكاست ألف ليلة وليلة",
    "episodeName" : "الليلة الأولى: حكاية التاجر مع العفريت",
    "msPlayed" : 55284
  },
  {
    "endTime" : "2024-05-11 23:07",
    "podcastName" : "Quran Kareem",
    "episodeName" : "القارئ ماهر المعيقلي",
    "msPlayed" : 101420
  },
  {
    "endTime" : "2024-05-11 23:08",
    "podcastName" : "Mishary Rashid Alafasy",
    "episodeName" : "001 Al-Fatiha",
    "msPlayed" : 51905
  },
  {
    "endTime" : "2024-05-12 01:15",
    "podcastName" : "Mishary Rashid Alafasy",
    "episodeName" : "002 Al-Baqara",
    "msPlayed" : 7575928
  },
  {
    "endTime" : "2024-05-12 02:33",
    "podcastName" : "Mishary Rashid Alafasy",
    "episodeName" : "003 Aal-E-Imran",
    "msPlayed" : 4725342
  },
  {
    "endTime" : "2024-05-12 03:53",
    "podcastName" : "Mishary Rashid Alafasy",
    "episodeName" : "004 An-Nisa",
    "msPlayed" : 4797257
  },
  {
    "endTime" : "2024-05-12 04:56",
    "podcastName" : "Mishary Rashid Alafasy",
    "episodeName" : "005 Al-Ma-idah",
    "msPlayed" : 3781459
  },
  {
    "endTime" : "2024-05-12 06:09",
    "podcastName" : "Mishary Rashid Alafasy",
    "episodeName" : "006 Al-Anaam",
    "msPlayed" : 4350066
  },
  {
    "endTime" : "2024-05-12 07:32",
    "podcastName" : "Mishary Rashid Alafasy",
    "episodeName" : "007 Al-Araf",
    "msPlayed" : 4995082
  },
  {
    "endTime" : "2024-05-12 07:55",
    "podcastName" : "Mishary Rashid Alafasy",
    "episodeName" : "008 Al-Anfal",
    "msPlayed" : 745698
  },
  {
    "endTime" : "2024-05-12 23:45",
    "podcastName" : "Mishary Rashid Alafasy",
    "episodeName" : "001 Al-Fatiha",
    "msPlayed" : 51905
  },
  {
    "endTime" : "2024-05-13 01:51",
    "podcastName" : "Mishary Rashid Alafasy",
    "episodeName" : "002 Al-Baqara",
    "msPlayed" : 7575928
  },
  {
    "endTime" : "2024-05-13 03:10",
    "podcastName" : "Mishary Rashid Alafasy",
    "episodeName" : "003 Aal-E-Imran",
    "msPlayed" : 4725342
  },
  {
    "endTime" : "2024-05-13 04:30",
    "podcastName" : "Mishary Rashid Alafasy",
    "episodeName" : "004 An-Nisa",
    "msPlayed" : 4797257
  },
  {
    "endTime" : "2024-05-13 05:33",
    "podcastName" : "Mishary Rashid Alafasy",
    "episodeName" : "005 Al-Ma-idah",
    "msPlayed" : 3781459
  },
  {
    "endTime" : "2024-05-13 06:43",
    "podcastName" : "Mishary Rashid Alafasy",
    "episodeName" : "006 Al-Anaam",
    "msPlayed" : 3589085
  },
  {
    "endTime" : "2024-05-13 15:08",
    "podcastName" : "Mishary Rashid Alafasy",
    "episodeName" : "006 Al-Anaam",
    "msPlayed" : 2722
  },
  {
    "endTime" : "2024-05-20 01:21",
    "podcastName" : "TED Talks Daily",
    "episodeName" : "Sunday Pick: Why people and AI make good business partners",
    "msPlayed" : 1039800
  },
  {
    "endTime" : "2024-05-20 01:22",
    "podcastName" : "Mishary Rashid Alafasy",
    "episodeName" : "SUPPORT OUR WORK ♥",
    "msPlayed" : 59930
  },
  {
    "endTime" : "2024-05-20 01:28",
    "podcastName" : "Weekly Motivation by Ben Lionel Scott",
    "episodeName" : "WHEN LIFE HITS YOU",
    "msPlayed" : 358817
  },
  {
    "endTime" : "2024-05-20 01:55",
    "podcastName" : "الطريق إلى النجاح - د. إبراهيم الفقي",
    "episodeName" : "الطريق إلى النجاح - الحلقة 1",
    "msPlayed" : 1626932
  },
  {
    "endTime" : "2024-05-20 02:17",
    "podcastName" : "Quran Kareem",
    "episodeName" : "Quran",
    "msPlayed" : 2510
  },
  {
    "endTime" : "2024-05-20 02:17",
    "podcastName" : "JIM ROHN",
    "episodeName" : "How to Stop Worrying and Start Living: Lessons from Jim Rohn",
    "msPlayed" : 1330
  },
  {
    "endTime" : "2024-05-20 02:17",
    "podcastName" : "To Fluency Podcast: English with Jack",
    "episodeName" : "50: How to Learn English Faster with Microlearning (Examples Included)",
    "msPlayed" : 7104
  },
  {
    "endTime" : "2024-05-20 02:17",
    "podcastName" : "Podcast bDarija",
    "episodeName" : "EP 21 : Reasons You're Still Broke",
    "msPlayed" : 1304581
  },
  {
    "endTime" : "2024-05-20 02:17",
    "podcastName" : "Inspirational Speeches by Billionaires. Elon Musk, Jeff Bezos, Bill Gates, Mark Zuckerberg, etc.",
    "episodeName" : "Stop Being Nice, Be A Game Changer - Jordan Peterson | Most Powerful Motivational Speech Will Change Your Whole Life",
    "msPlayed" : 18330
  },
  {
    "endTime" : "2024-05-24 22:06",
    "podcastName" : "The Sleep Zone Podcast",
    "episodeName" : "FALL INTO SLEEP INSTANTLY ★︎ Relaxing Music to Reduce Anxiety and Help You Sleep ★︎ Meditation",
    "msPlayed" : 47179
  },
  {
    "endTime" : "2024-05-25 03:30",
    "podcastName" : "Relaxing White Noise",
    "episodeName" : "White Noise to Help with Sleep & Relaxation | 8 Hour",
    "msPlayed" : 19399444
  },
  {
    "endTime" : "2024-05-26 01:54",
    "podcastName" : "English Vocabulary Help",
    "episodeName" : "10 essential Slang/Common English Phrases",
    "msPlayed" : 1625
  },
  {
    "endTime" : "2024-05-26 01:54",
    "podcastName" : "Weekly Motivation by Ben Lionel Scott",
    "episodeName" : "MASTER YOUR MIND",
    "msPlayed" : 808
  },
  {
    "endTime" : "2024-05-26 01:54",
    "podcastName" : "Podcast bDarija",
    "episodeName" : "EP 20 : 2024 - THE KEY",
    "msPlayed" : 1661
  },
  {
    "endTime" : "2024-05-26 01:54",
    "podcastName" : "Andrew Tate",
    "episodeName" : "Andrew Tate X Michael Franzese",
    "msPlayed" : 1006
  },
  {
    "endTime" : "2024-05-26 01:54",
    "podcastName" : "Andrew Tate",
    "episodeName" : "Andrew Tate X Michael Franzese",
    "msPlayed" : 505
  },
  {
    "endTime" : "2024-05-26 01:54",
    "podcastName" : "Real Talk with Oumaima Lou",
    "episodeName" : "Overthinking fl Mawa9if l2ijtima3ia ",
    "msPlayed" : 1032
  },
  {
    "endTime" : "2024-05-26 01:54",
    "podcastName" : "Real Talk with Oumaima Lou",
    "episodeName" : "Overthinking fl Mawa9if l2ijtima3ia ",
    "msPlayed" : 273
  },
  {
    "endTime" : "2024-05-26 01:54",
    "podcastName" : "الدحيح",
    "episodeName" : "الدحيح - فلسفة الاستثمار",
    "msPlayed" : 470
  },
  {
    "endTime" : "2024-05-26 01:54",
    "podcastName" : "الطريق إلى النجاح - د. إبراهيم الفقي",
    "episodeName" : "الطريق إلى النجاح - الحلقة 2",
    "msPlayed" : 716
  },
  {
    "endTime" : "2024-05-26 01:54",
    "podcastName" : "الطريق إلى النجاح - د. إبراهيم الفقي",
    "episodeName" : "الطريق إلى النجاح - الحلقة 2",
    "msPlayed" : 484
  },
  {
    "endTime" : "2024-05-26 01:54",
    "podcastName" : "TED Talks Daily",
    "episodeName" : "Why the world needs more builders — and less \"us vs. them\" | Daniel Lubetzky",
    "msPlayed" : 9750
  },
  {
    "endTime" : "2024-05-26 02:21",
    "podcastName" : "Relaxing White Noise",
    "episodeName" : "White Noise to Help with Sleep & Relaxation | 8 Hour",
    "msPlayed" : 969123
  },
  {
    "endTime" : "2024-05-26 22:09",
    "podcastName" : "Relaxing White Noise",
    "episodeName" : "White Noise to Help with Sleep & Relaxation | 8 Hour",
    "msPlayed" : 90965
  },
  {
    "endTime" : "2024-05-26 22:48",
    "podcastName" : "Relaxing White Noise",
    "episodeName" : "White Noise to Help with Sleep & Relaxation | 8 Hour",
    "msPlayed" : 908138
  },
  {
    "endTime" : "2024-05-26 23:58",
    "podcastName" : "Mishary Rashid Alafasy",
    "episodeName" : "001 Al-Fatiha",
    "msPlayed" : 51905
  },
  {
    "endTime" : "2024-05-27 01:21",
    "podcastName" : "Mishary Rashid Alafasy",
    "episodeName" : "002 Al-Baqara",
    "msPlayed" : 4303754
  },
  {
    "endTime" : "2024-05-27 02:29",
    "podcastName" : "Mishary Rashid Alafasy",
    "episodeName" : "002 Al-Baqara",
    "msPlayed" : 3272184
  },
  {
    "endTime" : "2024-05-27 03:22",
    "podcastName" : "Mishary Rashid Alafasy",
    "episodeName" : "003 Aal-E-Imran",
    "msPlayed" : 3163241
  },
  {
    "endTime" : "2024-07-10 22:11",
    "podcastName" : "Mishary Rashid Alafasy",
    "episodeName" : "001 Al-Fatiha",
    "msPlayed" : 51905
  },
  {
    "endTime" : "2024-07-11 00:17",
    "podcastName" : "Mishary Rashid Alafasy",
    "episodeName" : "002 Al-Baqara",
    "msPlayed" : 7575928
  },
  {
    "endTime" : "2024-07-11 00:44",
    "podcastName" : "Mishary Rashid Alafasy",
    "episodeName" : "003 Aal-E-Imran",
    "msPlayed" : 1562342
  },
  {
    "endTime" : "2024-07-11 01:17",
    "podcastName" : "Mishary Rashid Alafasy",
    "episodeName" : "004 An-Nisa",
    "msPlayed" : 1957999
  },
  {
    "endTime" : "2024-07-13 08:06",
    "podcastName" : "Mishary Rashid Alafasy",
    "episodeName" : "004 An-Nisa",
    "msPlayed" : 870376
  },
  {
    "endTime" : "2024-07-13 08:47",
    "podcastName" : "Mishary Rashid Alafasy",
    "episodeName" : "004 An-Nisa",
    "msPlayed" : 185437
  },
  {
    "endTime" : "2024-07-15 23:17",
    "podcastName" : "Mishary Rashid Alafasy",
    "episodeName" : "001 Al-Fatiha",
    "msPlayed" : 51905
  },
  {
    "endTime" : "2024-07-16 08:27",
    "podcastName" : "Mishary Rashid Alafasy",
    "episodeName" : "002 Al-Baqara",
    "msPlayed" : 4860003
  },
  {
    "endTime" : "2024-07-17 10:06",
    "podcastName" : "Mishary Rashid Alafasy",
    "episodeName" : "002 Al-Baqara",
    "msPlayed" : 2717928
  },
  {
    "endTime" : "2024-07-17 11:09",
    "podcastName" : "Mishary Rashid Alafasy",
    "episodeName" : "003 Aal-E-Imran",
    "msPlayed" : 2995619
  },
  {
    "endTime" : "2024-07-20 06:49",
    "podcastName" : "Mishary Rashid Alafasy",
    "episodeName" : "003 Aal-E-Imran",
    "msPlayed" : 3739
  },
  {
    "endTime" : "2024-07-22 08:55",
    "podcastName" : "Mishary Rashid Alafasy",
    "episodeName" : "001 Al-Fatiha",
    "msPlayed" : 51905
  },
  {
    "endTime" : "2024-07-22 10:03",
    "podcastName" : "Mishary Rashid Alafasy",
    "episodeName" : "002 Al-Baqara",
    "msPlayed" : 2116995
  },
  {
    "endTime" : "2024-07-22 10:05",
    "podcastName" : "Mishary Rashid Alafasy",
    "episodeName" : "001 Al-Fatiha",
    "msPlayed" : 3520
  },
  {
    "endTime" : "2024-07-23 21:41",
    "podcastName" : "Mishary Rashid Alafasy",
    "episodeName" : "001 Al-Fatiha",
    "msPlayed" : 48905
  },
  {
    "endTime" : "2024-07-24 07:21",
    "podcastName" : "Mishary Rashid Alafasy",
    "episodeName" : "002 Al-Baqara",
    "msPlayed" : 2485014
  },
  {
    "endTime" : "2024-09-06 23:36",
    "podcastName" : "Mishary Rashid Alafasy",
    "episodeName" : "001 Al-Fatiha",
    "msPlayed" : 51905
  },
  {
    "endTime" : "2024-09-07 00:26",
    "podcastName" : "Mishary Rashid Alafasy",
    "episodeName" : "002 Al-Baqara",
    "msPlayed" : 2975928
  },
  {
    "endTime" : "2024-09-07 00:55",
    "podcastName" : "Mishary Rashid Alafasy",
    "episodeName" : "003 Aal-E-Imran",
    "msPlayed" : 1726342
  },
  {
    "endTime" : "2024-09-07 01:25",
    "podcastName" : "Mishary Rashid Alafasy",
    "episodeName" : "004 An-Nisa",
    "msPlayed" : 1785257
  },
  {
    "endTime" : "2024-09-07 02:28",
    "podcastName" : "Mishary Rashid Alafasy",
    "episodeName" : "005 Al-Ma-idah",
    "msPlayed" : 3781459
  },
  {
    "endTime" : "2024-09-07 02:40",
    "podcastName" : "Mishary Rashid Alafasy",
    "episodeName" : "006 Al-Anaam",
    "msPlayed" : 759066
  },
  {
    "endTime" : "2024-09-07 04:04",
    "podcastName" : "Mishary Rashid Alafasy",
    "episodeName" : "007 Al-Araf",
    "msPlayed" : 4995082
  },
  {
    "endTime" : "2024-09-07 04:22",
    "podcastName" : "Mishary Rashid Alafasy",
    "episodeName" : "008 Al-Anfal",
    "msPlayed" : 1093027
  },
  {
    "endTime" : "2024-09-07 05:32",
    "podcastName" : "Mishary Rashid Alafasy",
    "episodeName" : "009 At-Tawba",
    "msPlayed" : 2265093
  },
  {
    "endTime" : "2024-09-08 22:08",
    "podcastName" : "Abdur-Rahman as-Sudais",
    "episodeName" : "001 AlFatiha",
    "msPlayed" : 38217
  },
  {
    "endTime" : "2024-09-08 22:08",
    "podcastName" : "Abdur-Rahman as-Sudais",
    "episodeName" : "SUPPORT OUR WORK ♥",
    "msPlayed" : 30076
  },
  {
    "endTime" : "2024-09-08 22:09",
    "podcastName" : "Quran Kareem",
    "episodeName" : "القارئ ادريس ابكر",
    "msPlayed" : 12424
  },
  {
    "endTime" : "2024-09-08 22:09",
    "podcastName" : "Mishary Rashid Alafasy",
    "episodeName" : "001 Al-Fatiha",
    "msPlayed" : 51905
  },
  {
    "endTime" : "2024-09-08 23:08",
    "podcastName" : "Mishary Rashid Alafasy",
    "episodeName" : "002 Al-Baqara",
    "msPlayed" : 2924874
  },
  {
    "endTime" : "2024-09-23 01:40",
    "podcastName" : "Mishary Rashid Alafasy",
    "episodeName" : "001 Al-Fatiha",
    "msPlayed" : 51905
  },
  {
    "endTime" : "2024-09-23 02:58",
    "podcastName" : "Mishary Rashid Alafasy",
    "episodeName" : "002 Al-Baqara",
    "msPlayed" : 4651928
  },
  {
    "endTime" : "2024-09-23 04:17",
    "podcastName" : "Mishary Rashid Alafasy",
    "episodeName" : "003 Aal-E-Imran",
    "msPlayed" : 4725342
  },
  {
    "endTime" : "2024-09-23 05:35",
    "podcastName" : "Mishary Rashid Alafasy",
    "episodeName" : "004 An-Nisa",
    "msPlayed" : 2868865
  },
  {
    "endTime" : "2024-10-01 21:58",
    "podcastName" : "Mishary Rashid Alafasy",
    "episodeName" : "001 Al-Fatiha",
    "msPlayed" : 51905
  },
  {
    "endTime" : "2024-10-02 00:05",
    "podcastName" : "Mishary Rashid Alafasy",
    "episodeName" : "002 Al-Baqara",
    "msPlayed" : 7575928
  },
  {
    "endTime" : "2024-10-02 01:24",
    "podcastName" : "Mishary Rashid Alafasy",
    "episodeName" : "003 Aal-E-Imran",
    "msPlayed" : 4725342
  },
  {
    "endTime" : "2024-10-02 01:56",
    "podcastName" : "Mishary Rashid Alafasy",
    "episodeName" : "004 An-Nisa",
    "msPlayed" : 1929257
  },
  {
    "endTime" : "2024-10-02 02:59",
    "podcastName" : "Mishary Rashid Alafasy",
    "episodeName" : "005 Al-Ma-idah",
    "msPlayed" : 3781459
  },
  {
    "endTime" : "2024-10-02 04:12",
    "podcastName" : "Mishary Rashid Alafasy",
    "episodeName" : "006 Al-Anaam",
    "msPlayed" : 4350066
  },
  {
    "endTime" : "2024-10-02 05:35",
    "podcastName" : "Mishary Rashid Alafasy",
    "episodeName" : "007 Al-Araf",
    "msPlayed" : 4995082
  },
  {
    "endTime" : "2024-10-02 06:06",
    "podcastName" : "Mishary Rashid Alafasy",
    "episodeName" : "008 Al-Anfal",
    "msPlayed" : 1838027
  },
  {
    "endTime" : "2024-10-02 06:28",
    "podcastName" : "Mishary Rashid Alafasy",
    "episodeName" : "009 At-Tawba",
    "msPlayed" : 1359568
  },
  {
    "endTime" : "2024-10-02 06:58",
    "podcastName" : "Mishary Rashid Alafasy",
    "episodeName" : "010 Yunus",
    "msPlayed" : 426686
  },
  {
    "endTime" : "2024-10-03 21:06",
    "podcastName" : "Mishary Rashid Alafasy",
    "episodeName" : "010 Yunus",
    "msPlayed" : 958652
  },
  {
    "endTime" : "2024-10-20 23:19",
    "podcastName" : "Mishary Rashid Alafasy",
    "episodeName" : "001 Al-Fatiha",
    "msPlayed" : 51905
  },
  {
    "endTime" : "2024-10-21 01:25",
    "podcastName" : "Mishary Rashid Alafasy",
    "episodeName" : "002 Al-Baqara",
    "msPlayed" : 7575928
  },
  {
    "endTime" : "2024-10-21 02:44",
    "podcastName" : "Mishary Rashid Alafasy",
    "episodeName" : "003 Aal-E-Imran",
    "msPlayed" : 4725342
  },
  {
    "endTime" : "2024-10-21 04:04",
    "podcastName" : "Mishary Rashid Alafasy",
    "episodeName" : "004 An-Nisa",
    "msPlayed" : 4797257
  },
  {
    "endTime" : "2024-10-21 06:00",
    "podcastName" : "Mishary Rashid Alafasy",
    "episodeName" : "005 Al-Ma-idah",
    "msPlayed" : 3360740
  },
  {
    "endTime" : "2024-10-22 02:04",
    "podcastName" : "Mishary Rashid Alafasy",
    "episodeName" : "005 Al-Ma-idah",
    "msPlayed" : 420739
  },
  {
    "endTime" : "2024-10-22 03:16",
    "podcastName" : "Mishary Rashid Alafasy",
    "episodeName" : "006 Al-Anaam",
    "msPlayed" : 4350066
  },
  {
    "endTime" : "2024-10-22 04:40",
    "podcastName" : "Mishary Rashid Alafasy",
    "episodeName" : "007 Al-Araf",
    "msPlayed" : 4995082
  },
  {
    "endTime" : "2024-10-22 05:10",
    "podcastName" : "Mishary Rashid Alafasy",
    "episodeName" : "008 Al-Anfal",
    "msPlayed" : 1838027
  },
  {
    "endTime" : "2024-10-22 06:11",
    "podcastName" : "Mishary Rashid Alafasy",
    "episodeName" : "009 At-Tawba",
    "msPlayed" : 3624568
  },
  {
    "endTime" : "2024-10-22 06:33",
    "podcastName" : "Mishary Rashid Alafasy",
    "episodeName" : "010 Yunus",
    "msPlayed" : 1327659
  },
  {
    "endTime" : "2024-10-22 07:19",
    "podcastName" : "Mishary Rashid Alafasy",
    "episodeName" : "011 Hud",
    "msPlayed" : 2785750
  },
  {
    "endTime" : "2024-10-22 08:12",
    "podcastName" : "Mishary Rashid Alafasy",
    "episodeName" : "012 Yusuf",
    "msPlayed" : 2468408
  },
  {
    "endTime" : "2024-10-22 23:27",
    "podcastName" : "Mishary Rashid Alafasy",
    "episodeName" : "001 Al-Fatiha",
    "msPlayed" : 51905
  },
  {
    "endTime" : "2024-10-23 01:33",
    "podcastName" : "Mishary Rashid Alafasy",
    "episodeName" : "002 Al-Baqara",
    "msPlayed" : 7575928
  },
  {
    "endTime" : "2024-10-23 02:52",
    "podcastName" : "Mishary Rashid Alafasy",
    "episodeName" : "003 Aal-E-Imran",
    "msPlayed" : 4725342
  },
  {
    "endTime" : "2024-10-23 04:12",
    "podcastName" : "Mishary Rashid Alafasy",
    "episodeName" : "004 An-Nisa",
    "msPlayed" : 4797257
  },
  {
    "endTime" : "2024-10-23 05:15",
    "podcastName" : "Mishary Rashid Alafasy",
    "episodeName" : "005 Al-Ma-idah",
    "msPlayed" : 3781459
  },
  {
    "endTime" : "2024-10-23 06:27",
    "podcastName" : "Mishary Rashid Alafasy",
    "episodeName" : "006 Al-Anaam",
    "msPlayed" : 4350066
  },
  {
    "endTime" : "2024-10-23 08:06",
    "podcastName" : "Mishary Rashid Alafasy",
    "episodeName" : "007 Al-Araf",
    "msPlayed" : 4240736
  },
  {
    "endTime" : "2024-10-26 23:39",
    "podcastName" : "Mishary Rashid Alafasy",
    "episodeName" : "024 An-Noor",
    "msPlayed" : 1840509
  },
  {
    "endTime" : "2024-10-26 23:42",
    "podcastName" : "Mishary Rashid Alafasy",
    "episodeName" : "089 Al-Fajr",
    "msPlayed" : 212950
  },
  {
    "endTime" : "2024-10-27 00:02",
    "podcastName" : "Mishary Rashid Alafasy",
    "episodeName" : "030 Ar-Room",
    "msPlayed" : 1171017
  },
  {
    "endTime" : "2024-10-27 00:07",
    "podcastName" : "Mishary Rashid Alafasy",
    "episodeName" : "076 Al-Insan",
    "msPlayed" : 314984
  },
  {
    "endTime" : "2024-10-27 00:17",
    "podcastName" : "Mishary Rashid Alafasy",
    "episodeName" : "044 Ad-Dukhan",
    "msPlayed" : 591307
  },
  {
    "endTime" : "2024-10-27 00:21",
    "podcastName" : "Mishary Rashid Alafasy",
    "episodeName" : "073 Al-Muzzammil",
    "msPlayed" : 244062
  },
  {
    "endTime" : "2024-10-27 00:42",
    "podcastName" : "Mishary Rashid Alafasy",
    "episodeName" : "043 Az-Zukhruf",
    "msPlayed" : 1228277
  },
  {
    "endTime" : "2024-10-27 01:12",
    "podcastName" : "Mishary Rashid Alafasy",
    "episodeName" : "026 Ash-Shuara",
    "msPlayed" : 1846987
  },
  {
    "endTime" : "2024-10-27 02:32",
    "podcastName" : "Mishary Rashid Alafasy",
    "episodeName" : "004 An-Nisa",
    "msPlayed" : 4797257
  },
  {
    "endTime" : "2024-10-27 03:18",
    "podcastName" : "Mishary Rashid Alafasy",
    "episodeName" : "010 Yunus",
    "msPlayed" : 2712659
  },
  {
    "endTime" : "2024-10-27 03:18",
    "podcastName" : "Mishary Rashid Alafasy",
    "episodeName" : "110 An-Nasr",
    "msPlayed" : 34925
  },
  {
    "endTime" : "2024-10-27 03:20",
    "podcastName" : "Mishary Rashid Alafasy",
    "episodeName" : "087 Al-Ala",
    "msPlayed" : 107781
  },
  {
    "endTime" : "2024-10-27 03:45",
    "podcastName" : "Mishary Rashid Alafasy",
    "episodeName" : "023 Al-Muminoon",
    "msPlayed" : 1499820
  },
  {
    "endTime" : "2024-10-27 03:57",
    "podcastName" : "Mishary Rashid Alafasy",
    "episodeName" : "047 Muhammad",
    "msPlayed" : 737828
  },
  {
    "endTime" : "2024-10-27 03:59",
    "podcastName" : "Mishary Rashid Alafasy",
    "episodeName" : "098 Al-Bayyina",
    "msPlayed" : 126432
  },
  {
    "endTime" : "2024-10-27 04:04",
    "podcastName" : "Mishary Rashid Alafasy",
    "episodeName" : "079 An-Naziat",
    "msPlayed" : 256417
  },
  {
    "endTime" : "2024-10-27 04:21",
    "podcastName" : "Mishary Rashid Alafasy",
    "episodeName" : "038 Sad",
    "msPlayed" : 1069635
  },
  {
    "endTime" : "2024-10-27 04:40",
    "podcastName" : "Mishary Rashid Alafasy",
    "episodeName" : "025 Al-Furqan",
    "msPlayed" : 1101557
  },
  {
    "endTime" : "2024-10-27 04:41",
    "podcastName" : "Mishary Rashid Alafasy",
    "episodeName" : "095 At-Tin",
    "msPlayed" : 64876
  },
  {
    "endTime" : "2024-10-27 05:01",
    "podcastName" : "Mishary Rashid Alafasy",
    "episodeName" : "013 Ar-Rad",
    "msPlayed" : 1230863
  },
  {
    "endTime" : "2024-10-27 05:33",
    "podcastName" : "Mishary Rashid Alafasy",
    "episodeName" : "028 Al-Qasas",
    "msPlayed" : 1903751
  },
  {
    "endTime" : "2024-10-27 05:37",
    "podcastName" : "Mishary Rashid Alafasy",
    "episodeName" : "063 Al-Munafiqoon",
    "msPlayed" : 258246
  },
  {
    "endTime" : "2024-10-27 05:38",
    "podcastName" : "Mishary Rashid Alafasy",
    "episodeName" : "113 Al-Falaq",
    "msPlayed" : 33044
  },
  {
    "endTime" : "2024-10-27 05:39",
    "podcastName" : "Mishary Rashid Alafasy",
    "episodeName" : "001 Al-Fatiha",
    "msPlayed" : 51905
  },
  {
    "endTime" : "2024-10-27 05:51",
    "podcastName" : "Mishary Rashid Alafasy",
    "episodeName" : "048 Al-Fath",
    "msPlayed" : 721528
  },
  {
    "endTime" : "2024-10-27 05:52",
    "podcastName" : "Mishary Rashid Alafasy",
    "episodeName" : "102 At-Takathur",
    "msPlayed" : 62589
  },
  {
    "endTime" : "2024-10-27 06:23",
    "podcastName" : "Mishary Rashid Alafasy",
    "episodeName" : "008 Al-Anfal",
    "msPlayed" : 1838027
  },
  {
    "endTime" : "2024-10-27 06:32",
    "podcastName" : "Mishary Rashid Alafasy",
    "episodeName" : "051 Adh-Dhariyat",
    "msPlayed" : 544626
  },
  {
    "endTime" : "2024-10-27 06:33",
    "podcastName" : "Mishary Rashid Alafasy",
    "episodeName" : "100 Al-Adiyat",
    "msPlayed" : 70008
  },
  {
    "endTime" : "2024-10-27 06:45",
    "podcastName" : "Mishary Rashid Alafasy",
    "episodeName" : "031 Luqman",
    "msPlayed" : 715049
  },
  {
    "endTime" : "2024-10-27 08:04",
    "podcastName" : "Mishary Rashid Alafasy",
    "episodeName" : "094 Al-Inshirah",
    "msPlayed" : 42997
  },
  {
    "endTime" : "2024-10-27 08:04",
    "podcastName" : "Mishary Rashid Alafasy",
    "episodeName" : "003 Aal-E-Imran",
    "msPlayed" : 4725342
  },
  {
    "endTime" : "2024-10-27 08:34",
    "podcastName" : "Mishary Rashid Alafasy",
    "episodeName" : "033 Al-Ahzab",
    "msPlayed" : 1757100
  },
  {
    "endTime" : "2024-10-27 09:00",
    "podcastName" : "Mishary Rashid Alafasy",
    "episodeName" : "021 Al-Anbiya",
    "msPlayed" : 1584666
  },
  {
    "endTime" : "2024-10-27 09:01",
    "podcastName" : "Mishary Rashid Alafasy",
    "episodeName" : "101 Al-Qaria",
    "msPlayed" : 62537
  },
  {
    "endTime" : "2024-10-27 09:02",
    "podcastName" : "Mishary Rashid Alafasy",
    "episodeName" : "099 Az-Zalzala",
    "msPlayed" : 59977
  },
  {
    "endTime" : "2024-10-27 09:22",
    "podcastName" : "Mishary Rashid Alafasy",
    "episodeName" : "042 Ash-Shura",
    "msPlayed" : 1169711
  },
  {
    "endTime" : "2024-10-27 09:24",
    "podcastName" : "Mishary Rashid Alafasy",
    "episodeName" : "059 Al-Hashr",
    "msPlayed" : 124297
  },
  {
    "endTime" : "2024-10-28 00:02",
    "podcastName" : "Mishary Rashid Alafasy",
    "episodeName" : "059 Al-Hashr",
    "msPlayed" : 502144
  },
  {
    "endTime" : "2024-10-28 00:07",
    "podcastName" : "Mishary Rashid Alafasy",
    "episodeName" : "077 Al-Mursalat",
    "msPlayed" : 299128
  },
  {
    "endTime" : "2024-10-28 00:09",
    "podcastName" : "Mishary Rashid Alafasy",
    "episodeName" : "082 Al-Infitar",
    "msPlayed" : 136751
  },
  {
    "endTime" : "2024-10-28 00:30",
    "podcastName" : "Mishary Rashid Alafasy",
    "episodeName" : "019 Maryam",
    "msPlayed" : 1282716
  },
  {
    "endTime" : "2024-10-28 00:40",
    "podcastName" : "Mishary Rashid Alafasy",
    "episodeName" : "050 Qaf",
    "msPlayed" : 559830
  },
  {
    "endTime" : "2024-10-28 01:04",
    "podcastName" : "Mishary Rashid Alafasy",
    "episodeName" : "037 As-Saaffat",
    "msPlayed" : 1464058
  },
  {
    "endTime" : "2024-10-28 01:09",
    "podcastName" : "Mishary Rashid Alafasy",
    "episodeName" : "061 As-Saff",
    "msPlayed" : 292675
  },
  {
    "endTime" : "2024-10-28 01:15",
    "podcastName" : "Mishary Rashid Alafasy",
    "episodeName" : "072 Al-Jinn",
    "msPlayed" : 334889
  },
  {
    "endTime" : "2024-10-28 01:15",
    "podcastName" : "Mishary Rashid Alafasy",
    "episodeName" : "108 Al-Kauther",
    "msPlayed" : 24502
  },
  {
    "endTime" : "2024-10-28 01:31",
    "podcastName" : "Mishary Rashid Alafasy",
    "episodeName" : "015 Al-Hijr",
    "msPlayed" : 954723
  },
  {
    "endTime" : "2024-10-28 01:42",
    "podcastName" : "Mishary Rashid Alafasy",
    "episodeName" : "045 Al-Jathiya",
    "msPlayed" : 651888
  },
  {
    "endTime" : "2024-10-28 01:49",
    "podcastName" : "Mishary Rashid Alafasy",
    "episodeName" : "060 Al-Mumtahina",
    "msPlayed" : 451448
  },
  {
    "endTime" : "2024-10-28 01:57",
    "podcastName" : "Mishary Rashid Alafasy",
    "episodeName" : "053 An-Najm",
    "msPlayed" : 461400
  },
  {
    "endTime" : "2024-10-28 02:01",
    "podcastName" : "Mishary Rashid Alafasy",
    "episodeName" : "075 Al-Qiyama",
    "msPlayed" : 211696
  },
  {
    "endTime" : "2024-10-28 02:20",
    "podcastName" : "Mishary Rashid Alafasy",
    "episodeName" : "041 Fussilat",
    "msPlayed" : 1160359
  },
  {
    "endTime" : "2024-10-28 02:22",
    "podcastName" : "Mishary Rashid Alafasy",
    "episodeName" : "088 Al-Ghashiya",
    "msPlayed" : 134138
  },
  {
    "endTime" : "2024-10-28 02:48",
    "podcastName" : "Mishary Rashid Alafasy",
    "episodeName" : "027 An-Naml",
    "msPlayed" : 1572048
  },
  {
    "endTime" : "2024-10-28 02:49",
    "podcastName" : "Mishary Rashid Alafasy",
    "episodeName" : "114 An-Nas",
    "msPlayed" : 50024
  },
  {
    "endTime" : "2024-10-28 02:50",
    "podcastName" : "Mishary Rashid Alafasy",
    "episodeName" : "111 Al-Masadd",
    "msPlayed" : 41560
  },
  {
    "endTime" : "2024-10-28 02:54",
    "podcastName" : "Mishary Rashid Alafasy",
    "episodeName" : "062 Al-Jumua",
    "msPlayed" : 213603
  },
  {
    "endTime" : "2024-10-28 03:21",
    "podcastName" : "Mishary Rashid Alafasy",
    "episodeName" : "039 Az-Zumar",
    "msPlayed" : 1629701
  },
  {
    "endTime" : "2024-10-28 03:32",
    "podcastName" : "Mishary Rashid Alafasy",
    "episodeName" : "055 Ar-Rahman",
    "msPlayed" : 679105
  },
  {
    "endTime" : "2024-10-28 03:39",
    "podcastName" : "Mishary Rashid Alafasy",
    "episodeName" : "112 Al-Ikhlas",
    "msPlayed" : 21681
  },
  {
    "endTime" : "2024-10-28 03:39",
    "podcastName" : "Mishary Rashid Alafasy",
    "episodeName" : "069 Al-Haaqqa",
    "msPlayed" : 405890
  },
  {
    "endTime" : "2024-10-28 03:44",
    "podcastName" : "Mishary Rashid Alafasy",
    "episodeName" : "083 Al-Mutaffifin",
    "msPlayed" : 310256
  },
  {
    "endTime" : "2024-10-28 03:46",
    "podcastName" : "Mishary Rashid Alafasy",
    "episodeName" : "092 Al-Lail",
    "msPlayed" : 111595
  },
  {
    "endTime" : "2024-10-28 03:48",
    "podcastName" : "Mishary Rashid Alafasy",
    "episodeName" : "090 Al-Balad",
    "msPlayed" : 120006
  },
  {
    "endTime" : "2024-10-28 03:56",
    "podcastName" : "Mishary Rashid Alafasy",
    "episodeName" : "052 At-Tur",
    "msPlayed" : 485276
  },
  {
    "endTime" : "2024-10-28 04:09",
    "podcastName" : "Mishary Rashid Alafasy",
    "episodeName" : "007 Al-Araf",
    "msPlayed" : 755082
  },
  {
    "endTime" : "2024-10-28 04:14",
    "podcastName" : "Mishary Rashid Alafasy",
    "episodeName" : "064 At-Taghabun",
    "msPlayed" : 324519
  },
  {
    "endTime" : "2024-10-28 04:22",
    "podcastName" : "Mishary Rashid Alafasy",
    "episodeName" : "067 Al-Mulk",
    "msPlayed" : 455418
  },
  {
    "endTime" : "2024-10-28 04:41",
    "podcastName" : "Mishary Rashid Alafasy",
    "episodeName" : "034 Saba",
    "msPlayed" : 1142778
  },
  {
    "endTime" : "2024-10-28 04:47",
    "podcastName" : "Mishary Rashid Alafasy",
    "episodeName" : "065 At-Talaq",
    "msPlayed" : 361116
  },
  {
    "endTime" : "2024-10-28 07:19",
    "podcastName" : "Mishary Rashid Alafasy",
    "episodeName" : "002 Al-Baqara",
    "msPlayed" : 2872423
  },
  {
    "endTime" : "2024-10-29 20:49",
    "podcastName" : "Mishary Rashid Alafasy",
    "episodeName" : "078 An-Naba",
    "msPlayed" : 292179
  },
  {
    "endTime" : "2024-10-30 05:17",
    "podcastName" : "Mishary Rashid Alafasy",
    "episodeName" : "010 Yunus",
    "msPlayed" : 2712659
  },
  {
    "endTime" : "2024-10-30 05:33",
    "podcastName" : "Mishary Rashid Alafasy",
    "episodeName" : "015 Al-Hijr",
    "msPlayed" : 954723
  },
  {
    "endTime" : "2024-10-30 05:42",
    "podcastName" : "Mishary Rashid Alafasy",
    "episodeName" : "032 As-Sajda",
    "msPlayed" : 523964
  },
  {
    "endTime" : "2024-10-30 05:43",
    "podcastName" : "Mishary Rashid Alafasy",
    "episodeName" : "107 Al-Maun",
    "msPlayed" : 57547
  },
  {
    "endTime" : "2024-10-30 05:53",
    "podcastName" : "Mishary Rashid Alafasy",
    "episodeName" : "058 Al-Mujadila",
    "msPlayed" : 613224
  },
  {
    "endTime" : "2024-10-30 06:07",
    "podcastName" : "Mishary Rashid Alafasy",
    "episodeName" : "057 Al-Hadid",
    "msPlayed" : 822883
  },
  {
    "endTime" : "2024-10-30 06:12",
    "podcastName" : "Mishary Rashid Alafasy",
    "episodeName" : "070 Al-Maarij",
    "msPlayed" : 317910
  },
  {
    "endTime" : "2024-10-30 06:21",
    "podcastName" : "Mishary Rashid Alafasy",
    "episodeName" : "050 Qaf",
    "msPlayed" : 559830
  },
  {
    "endTime" : "2024-10-30 06:41",
    "podcastName" : "Mishary Rashid Alafasy",
    "episodeName" : "042 Ash-Shura",
    "msPlayed" : 1169711
  },
  {
    "endTime" : "2024-10-30 08:27",
    "podcastName" : "Mishary Rashid Alafasy",
    "episodeName" : "069 Al-Haaqqa",
    "msPlayed" : 6806
  },
  {
    "endTime" : "2024-10-30 08:30",
    "podcastName" : "Mishary Rashid Alafasy",
    "episodeName" : "069 Al-Haaqqa",
    "msPlayed" : 405890
  },
  {
    "endTime" : "2024-10-30 08:37",
    "podcastName" : "Mishary Rashid Alafasy",
    "episodeName" : "068 Al-Qalam",
    "msPlayed" : 456071
  },
  {
    "endTime" : "2024-10-30 08:39",
    "podcastName" : "Mishary Rashid Alafasy",
    "episodeName" : "113 Al-Falaq",
    "msPlayed" : 33044
  },
  {
    "endTime" : "2024-10-30 08:39",
    "podcastName" : "Mishary Rashid Alafasy",
    "episodeName" : "096 Al-Alaq",
    "msPlayed" : 95111
  },
  {
    "endTime" : "2024-10-30 08:57",
    "podcastName" : "Mishary Rashid Alafasy",
    "episodeName" : "038 Sad",
    "msPlayed" : 1069635
  },
  {
    "endTime" : "2024-10-30 09:45",
    "podcastName" : "Mishary Rashid Alafasy",
    "episodeName" : "114 An-Nas",
    "msPlayed" : 48731
  },
  {
    "endTime" : "2024-10-30 10:09",
    "podcastName" : "Mishary Rashid Alafasy",
    "episodeName" : "110 An-Nasr",
    "msPlayed" : 34925
  },
  {
    "endTime" : "2024-10-30 10:30",
    "podcastName" : "Mishary Rashid Alafasy",
    "episodeName" : "043 Az-Zukhruf",
    "msPlayed" : 1228277
  },
  {
    "endTime" : "2024-10-30 10:33",
    "podcastName" : "Mishary Rashid Alafasy",
    "episodeName" : "012 Yusuf",
    "msPlayed" : 56969
  },
  {
    "endTime" : "2024-10-30 10:36",
    "podcastName" : "Mishary Rashid Alafasy",
    "episodeName" : "082 Al-Infitar",
    "msPlayed" : 136751
  },
  {
    "endTime" : "2024-10-30 20:00",
    "podcastName" : "Mishary Rashid Alafasy",
    "episodeName" : "101 Al-Qaria",
    "msPlayed" : 62537
  },
  {
    "endTime" : "2024-11-07 11:41",
    "podcastName" : "Mishary Rashid Alafasy",
    "episodeName" : "047 Muhammad",
    "msPlayed" : 477089
  },
  {
    "endTime" : "2024-11-17 21:09",
    "podcastName" : "Mishary Rashid Alafasy",
    "episodeName" : "067 Al-Mulk",
    "msPlayed" : 455418
  },
  {
    "endTime" : "2024-11-17 21:26",
    "podcastName" : "Mishary Rashid Alafasy",
    "episodeName" : "038 Sad",
    "msPlayed" : 1069635
  },
  {
    "endTime" : "2024-11-17 21:57",
    "podcastName" : "Mishary Rashid Alafasy",
    "episodeName" : "024 An-Noor",
    "msPlayed" : 1840509
  },
  {
    "endTime" : "2024-11-17 22:05",
    "podcastName" : "Mishary Rashid Alafasy",
    "episodeName" : "068 Al-Qalam",
    "msPlayed" : 456071
  },
  {
    "endTime" : "2024-11-17 22:07",
    "podcastName" : "Mishary Rashid Alafasy",
    "episodeName" : "088 Al-Ghashiya",
    "msPlayed" : 134138
  },
  {
    "endTime" : "2024-11-17 22:08",
    "podcastName" : "Mishary Rashid Alafasy",
    "episodeName" : "104 Al-Humaza",
    "msPlayed" : 58017
  },
  {
    "endTime" : "2024-11-17 22:09",
    "podcastName" : "Mishary Rashid Alafasy",
    "episodeName" : "095 At-Tin",
    "msPlayed" : 64914
  },
  {
    "endTime" : "2024-11-17 22:29",
    "podcastName" : "Mishary Rashid Alafasy",
    "episodeName" : "042 Ash-Shura",
    "msPlayed" : 1169711
  },
  {
    "endTime" : "2024-11-18 10:38",
    "podcastName" : "Mishary Rashid Alafasy",
    "episodeName" : "037 As-Saaffat",
    "msPlayed" : 1361632
  },
  {
    "endTime" : "2024-11-21 21:35",
    "podcastName" : "Mishary Rashid Alafasy",
    "episodeName" : "064 At-Taghabun",
    "msPlayed" : 324519
  },
  {
    "endTime" : "2024-11-21 22:38",
    "podcastName" : "Mishary Rashid Alafasy",
    "episodeName" : "005 Al-Ma-idah",
    "msPlayed" : 3781459
  },
  {
    "endTime" : "2024-11-22 16:13",
    "podcastName" : "Mishary Rashid Alafasy",
    "episodeName" : "059 Al-Hashr",
    "msPlayed" : 436771
  },
  {
    "endTime" : "2024-11-25 21:47",
    "podcastName" : "Mishary Rashid Alafasy",
    "episodeName" : "003 Aal-E-Imran",
    "msPlayed" : 3636249
  },
  {
    "endTime" : "2024-12-04 21:56",
    "podcastName" : "Mishary Rashid Alafasy",
    "episodeName" : "017 Al-Isra",
    "msPlayed" : 2113645
  },
  {
    "endTime" : "2024-12-04 22:09",
    "podcastName" : "Mishary Rashid Alafasy",
    "episodeName" : "057 Al-Hadid",
    "msPlayed" : 822883
  },
  {
    "endTime" : "2024-12-04 22:26",
    "podcastName" : "Mishary Rashid Alafasy",
    "episodeName" : "045 Al-Jathiya",
    "msPlayed" : 451771
  }
]