[
  {
    "artistName": "Yung Lean",
    "segment": "Previously Active Listeners"
  },
  {
    "artistName": "Chris Brown",
    "segment": "Light listeners"
  },
  {
    "artistName": "George Michael",
    "segment": "Previously Active Listeners"
  },
  {
    "artistName": "Tyga",
    "segment": "Previously Active Listeners"
  },
  {
    "artistName": "Céline Dion",
    "segment": "Previously Active Listeners"
  },
  {
    "artistName": "Tagne",
    "segment": "Light listeners"
  },
  {
    "artistName": "The Piano Guys",
    "segment": "Previously Active Listeners"
  },
  {
    "artistName": "Kid Cudi",
    "segment": "Previously Active Listeners"
  },
  {
    "artistName": "Jamie McLean Band",
    "segment": "Previously Active Listeners"
  },
  {
    "artistName": "Baby Gang",
    "segment": "Moderate listeners"
  },
  {
    "artistName": "Mohab Omer",
    "segment": "Previously Active Listeners"
  },
  {
    "artistName": "Herbert von Karajan",
    "segment": "Moderate listeners"
  },
  {
    "artistName": "Frédéric Chopin",
    "segment": "Previously Active Listeners"
  },
  {
    "artistName": "Innoss'B",
    "segment": "Moderate listeners"
  },
  {
    "artistName": "ROWKA",
    "segment": "Previously Active Listeners"
  },
  {
    "artistName": "Cordae",
    "segment": "Previously Active Listeners"
  },
  {
    "artistName": "Simba Qadim",
    "segment": "Moderate listeners"
  },
  {
    "artistName": "BØRNS",
    "segment": "Previously Active Listeners"
  },
  {
    "artistName": "Hotel Ugly",
    "segment": "Light listeners"
  },
  {
    "artistName": "Flipperachi",
    "segment": "Previously Active Listeners"
  },
  {
    "artistName": "DaBaby",
    "segment": "Previously Active Listeners"
  },
  {
    "artistName": "Arem Ozguc",
    "segment": "Previously Active Listeners"
  },
  {
    "artistName": "Joyner Lucas",
    "segment": "Light listeners"
  },
  {
    "artistName": "Calvin Harris",
    "segment": "Light listeners"
  },
  {
    "artistName": "Gunna",
    "segment": "Light listeners"
  },
  {
    "artistName": "Rag'n'Bone Man",
    "segment": "Previously Active Listeners"
  },
  {
    "artistName": "Abdel Halim Hafez",
    "segment": "Previously Active Listeners"
  },
  {
    "artistName": "Miyuze",
    "segment": "Moderate listeners"
  },
  {
    "artistName": "Alfons",
    "segment": "Previously Active Listeners"
  },
  {
    "artistName": "Passenger",
    "segment": "Moderate listeners"
  },
  {
    "artistName": "Oli Sykes",
    "segment": "Previously Active Listeners"
  },
  {
    "artistName": "League of Legends",
    "segment": "Previously Active Listeners"
  },
  {
    "artistName": "Demrick",
    "segment": "Previously Active Listeners"
  },
  {
    "artistName": "Don Bigg",
    "segment": "Previously Active Listeners"
  },
  {
    "artistName": "Ludwig van Beethoven",
    "segment": "Moderate listeners"
  },
  {
    "artistName": "Adele",
    "segment": "Moderate listeners"
  },
  {
    "artistName": "K.Flay",
    "segment": "Previously Active Listeners"
  },
  {
    "artistName": "PLUS2",
    "segment": "Previously Active Listeners"
  },
  {
    "artistName": "Astrid S",
    "segment": "Previously Active Listeners"
  },
  {
    "artistName": "Zaz",
    "segment": "Previously Active Listeners"
  },
  {
    "artistName": "Warren G",
    "segment": "Previously Active Listeners"
  },
  {
    "artistName": "Riton",
    "segment": "Previously Active Listeners"
  },
  {
    "artistName": "Deep Purple",
    "segment": "Previously Active Listeners"
  },
  {
    "artistName": "Angèle",
    "segment": "Light listeners"
  },
  {
    "artistName": "Kalash Criminel",
    "segment": "Light listeners"
  },
  {
    "artistName": "Audioiko",
    "segment": "Previously Active Listeners"
  },
  {
    "artistName": "JVKE",
    "segment": "Previously Active Listeners"
  },
  {
    "artistName": "JP Cooper",
    "segment": "Moderate listeners"
  },
  {
    "artistName": "Commodores",
    "segment": "Moderate listeners"
  },
  {
    "artistName": "Kayson Brown",
    "segment": "Previously Active Listeners"
  },
  {
    "artistName": "21 Savage",
    "segment": "Moderate listeners"
  },
  {
    "artistName": "Portugal. The Man",
    "segment": "Moderate listeners"
  },
  {
    "artistName": "Boston Symphony Orchestra",
    "segment": "Previously Active Listeners"
  },
  {
    "artistName": "Dada",
    "segment": "Previously Active Listeners"
  },
  {
    "artistName": "Kajax",
    "segment": "Previously Active Listeners"
  },
  {
    "artistName": "Pouya",
    "segment": "Previously Active Listeners"
  },
  {
    "artistName": "Zendaya",
    "segment": "Previously Active Listeners"
  },
  {
    "artistName": "2Pac",
    "segment": "Moderate listeners"
  },
  {
    "artistName": "NERIAH",
    "segment": "Previously Active Listeners"
  },
  {
    "artistName": "Birdy",
    "segment": "Light listeners"
  },
  {
    "artistName": "Mikhail Pletnev",
    "segment": "Previously Active Listeners"
  },
  {
    "artistName": "Lord Mehdi",
    "segment": "Previously Active Listeners"
  },
  {
    "artistName": "The Cooltrane Quartet",
    "segment": "Previously Active Listeners"
  },
  {
    "artistName": "Mergui",
    "segment": "Previously Active Listeners"
  },
  {
    "artistName": "John Williams",
    "segment": "Previously Active Listeners"
  },
  {
    "artistName": "Lil Baby",
    "segment": "Light listeners"
  },
  {
    "artistName": "Taylor Girlz",
    "segment": "Previously Active Listeners"
  },
  {
    "artistName": "Tariq Trotter",
    "segment": "Light listeners"
  },
  {
    "artistName": "PinkPantheress",
    "segment": "Previously Active Listeners"
  },
  {
    "artistName": "Lykke Li",
    "segment": "Previously Active Listeners"
  },
  {
    "artistName": "Nathaniel Rateliff",
    "segment": "Light listeners"
  },
  {
    "artistName": "Eminem",
    "segment": "Super Listeners"
  },
  {
    "artistName": "Oum",
    "segment": "Light listeners"
  },
  {
    "artistName": "Saleka",
    "segment": "Moderate listeners"
  },
  {
    "artistName": "Ella Fitzgerald",
    "segment": "Previously Active Listeners"
  },
  {
    "artistName": "Wiener Philharmoniker",
    "segment": "Previously Active Listeners"
  },
  {
    "artistName": "Eric Clapton",
    "segment": "Previously Active Listeners"
  },
  {
    "artistName": "Santana",
    "segment": "Previously Active Listeners"
  },
  {
    "artistName": "Zara Larsson",
    "segment": "Previously Active Listeners"
  },
  {
    "artistName": "Paul Lewis",
    "segment": "Light listeners"
  },
  {
    "artistName": "Duke & Jones",
    "segment": "Previously Active Listeners"
  },
  {
    "artistName": "George Taylor",
    "segment": "Previously Active Listeners"
  },
  {
    "artistName": "Aaryan Shah",
    "segment": "Previously Active Listeners"
  },
  {
    "artistName": "Billy F Gibbons",
    "segment": "Previously Active Listeners"
  },
  {
    "artistName": "Fetah",
    "segment": "Previously Active Listeners"
  },
  {
    "artistName": "Kris Kristofferson",
    "segment": "Light listeners"
  },
  {
    "artistName": "Beny Jr",
    "segment": "Previously Active Listeners"
  },
  {
    "artistName": "Lil Keed",
    "segment": "Previously Active Listeners"
  },
  {
    "artistName": "Roddy Ricch",
    "segment": "Previously Active Listeners"
  },
  {
    "artistName": "André Rieu",
    "segment": "Previously Active Listeners"
  },
  {
    "artistName": "Yamê",
    "segment": "Previously Active Listeners"
  },
  {
    "artistName": "Ollie Joseph",
    "segment": "Light listeners"
  },
  {
    "artistName": "Katy Perry",
    "segment": "Previously Active Listeners"
  },
  {
    "artistName": "Taylor Swift",
    "segment": "Previously Active Listeners"
  },
  {
    "artistName": "Jeno Kevehazi",
    "segment": "Previously Active Listeners"
  },
  {
    "artistName": "Logic",
    "segment": "Previously Active Listeners"
  },
  {
    "artistName": "Michael Jackson",
    "segment": "Previously Active Listeners"
  },
  {
    "artistName": "Sheryl Crow",
    "segment": "Light listeners"
  },
  {
    "artistName": "Rosa Linn",
    "segment": "Previously Active Listeners"
  },
  {
    "artistName": "FRDY",
    "segment": "Previously Active Listeners"
  },
  {
    "artistName": "Margo Price",
    "segment": "Light listeners"
  },
  {
    "artistName": "Lewis Capaldi",
    "segment": "Light listeners"
  },
  {
    "artistName": "Billie Holiday",
    "segment": "Previously Active Listeners"
  },
  {
    "artistName": "Dahmane El Harrachi",
    "segment": "Moderate listeners"
  },
  {
    "artistName": "Werenoi",
    "segment": "Light listeners"
  },
  {
    "artistName": "Alice Sara Ott",
    "segment": "Previously Active Listeners"
  },
  {
    "artistName": "Teddy Swims",
    "segment": "Moderate listeners"
  },
  {
    "artistName": "Matt Maeson",
    "segment": "Previously Active Listeners"
  },
  {
    "artistName": "Antonio Vivaldi",
    "segment": "Previously Active Listeners"
  },
  {
    "artistName": "Ariana Grande",
    "segment": "Previously Active Listeners"
  },
  {
    "artistName": "Victor Ray",
    "segment": "Light listeners"
  },
  {
    "artistName": "Rilès",
    "segment": "Moderate listeners"
  },
  {
    "artistName": "ElGrandeToto",
    "segment": "Moderate listeners"
  },
  {
    "artistName": "Helsloot",
    "segment": "Moderate listeners"
  },
  {
    "artistName": "Alberto Lizzio",
    "segment": "Previously Active Listeners"
  },
  {
    "artistName": "Martin Luke Brown",
    "segment": "Previously Active Listeners"
  },
  {
    "artistName": "Miguel",
    "segment": "Previously Active Listeners"
  },
  {
    "artistName": "Derek Trucks",
    "segment": "Light listeners"
  },
  {
    "artistName": "The Neptunes",
    "segment": "Previously Active Listeners"
  },
  {
    "artistName": "André Previn",
    "segment": "Light listeners"
  },
  {
    "artistName": "Barns Courtney",
    "segment": "Previously Active Listeners"
  },
  {
    "artistName": "Itzhak Perlman",
    "segment": "Previously Active Listeners"
  },
  {
    "artistName": "Jelly Roll",
    "segment": "Previously Active Listeners"
  },
  {
    "artistName": "Raspo",
    "segment": "Previously Active Listeners"
  },
  {
    "artistName": "Sir Chloe",
    "segment": "Previously Active Listeners"
  },
  {
    "artistName": "XXXTENTACION",
    "segment": "Light listeners"
  },
  {
    "artistName": "Alexander Cruel",
    "segment": "Previously Active Listeners"
  },
  {
    "artistName": "Lee Ann Womack",
    "segment": "Light listeners"
  },
  {
    "artistName": "Dame Dame",
    "segment": "Previously Active Listeners"
  },
  {
    "artistName": "Shayfeen",
    "segment": "Previously Active Listeners"
  },
  {
    "artistName": "Gazo",
    "segment": "Light listeners"
  },
  {
    "artistName": "Old Crow Medicine Show",
    "segment": "Previously Active Listeners"
  },
  {
    "artistName": "Ottó Rácz",
    "segment": "Previously Active Listeners"
  },
  {
    "artistName": "Tiësto",
    "segment": "Previously Active Listeners"
  },
  {
    "artistName": "Lil Wayne",
    "segment": "Previously Active Listeners"
  },
  {
    "artistName": "Peter Mikulas",
    "segment": "Light listeners"
  },
  {
    "artistName": "BONES",
    "segment": "Previously Active Listeners"
  },
  {
    "artistName": "Mustard",
    "segment": "Previously Active Listeners"
  },
  {
    "artistName": "Khaled",
    "segment": "Super Listeners"
  },
  {
    "artistName": "Stealth",
    "segment": "Previously Active Listeners"
  },
  {
    "artistName": "Jaden",
    "segment": "Previously Active Listeners"
  },
  {
    "artistName": "Amaarae",
    "segment": "Previously Active Listeners"
  },
  {
    "artistName": "Wallows",
    "segment": "Previously Active Listeners"
  },
  {
    "artistName": "The Plug",
    "segment": "Previously Active Listeners"
  },
  {
    "artistName": "Johann Pachelbel",
    "segment": "Previously Active Listeners"
  },
  {
    "artistName": "I Virtuosi Italiani",
    "segment": "Previously Active Listeners"
  },
  {
    "artistName": "Bobby Bare",
    "segment": "Light listeners"
  },
  {
    "artistName": "Samuel Barber",
    "segment": "Previously Active Listeners"
  },
  {
    "artistName": "Luca Fogale",
    "segment": "Previously Active Listeners"
  },
  {
    "artistName": "WMC",
    "segment": "Previously Active Listeners"
  },
  {
    "artistName": "YG",
    "segment": "Previously Active Listeners"
  },
  {
    "artistName": "The Game",
    "segment": "Previously Active Listeners"
  },
  {
    "artistName": "Sipo",
    "segment": "Previously Active Listeners"
  },
  {
    "artistName": "Joji",
    "segment": "Previously Active Listeners"
  },
  {
    "artistName": "Jack Mack and The Heart Attack",
    "segment": "Previously Active Listeners"
  },
  {
    "artistName": "Chase Atlantic",
    "segment": "Moderate listeners"
  },
  {
    "artistName": "Eliza Rose",
    "segment": "Previously Active Listeners"
  },
  {
    "artistName": "Emily Burns",
    "segment": "Previously Active Listeners"
  },
  {
    "artistName": "Tom Morello",
    "segment": "Previously Active Listeners"
  },
  {
    "artistName": "jetsonmade",
    "segment": "Previously Active Listeners"
  },
  {
    "artistName": "Reignwolf",
    "segment": "Light listeners"
  },
  {
    "artistName": "Maribou State",
    "segment": "Previously Active Listeners"
  },
  {
    "artistName": "Kane Brown",
    "segment": "Previously Active Listeners"
  },
  {
    "artistName": "Seong-Jin Cho",
    "segment": "Previously Active Listeners"
  },
  {
    "artistName": "Mitski",
    "segment": "Previously Active Listeners"
  },
  {
    "artistName": "Tamino",
    "segment": "Previously Active Listeners"
  },
  {
    "artistName": "Shawn James & the Shapeshifters",
    "segment": "Previously Active Listeners"
  },
  {
    "artistName": "Just Lowkey",
    "segment": "Previously Active Listeners"
  },
  {
    "artistName": "Lil Duke",
    "segment": "Previously Active Listeners"
  },
  {
    "artistName": "LMFAO",
    "segment": "Previously Active Listeners"
  },
  {
    "artistName": "Rare Creatures",
    "segment": "Previously Active Listeners"
  },
  {
    "artistName": "Foreigner",
    "segment": "Previously Active Listeners"
  },
  {
    "artistName": "OmenXIII",
    "segment": "Previously Active Listeners"
  },
  {
    "artistName": "Måneskin",
    "segment": "Previously Active Listeners"
  },
  {
    "artistName": "Swizznife",
    "segment": "Previously Active Listeners"
  },
  {
    "artistName": "Mustafa Ceceli",
    "segment": "Previously Active Listeners"
  },
  {
    "artistName": "ConKi",
    "segment": "Previously Active Listeners"
  },
  {
    "artistName": "Mobb Deep",
    "segment": "Light listeners"
  },
  {
    "artistName": "Adam Woods",
    "segment": "Previously Active Listeners"
  },
  {
    "artistName": "ATB",
    "segment": "Previously Active Listeners"
  },
  {
    "artistName": "Lorde",
    "segment": "Previously Active Listeners"
  },
  {
    "artistName": "Joseph Solomon",
    "segment": "Previously Active Listeners"
  },
  {
    "artistName": "Susan Tedeschi",
    "segment": "Light listeners"
  },
  {
    "artistName": "The Weeknd",
    "segment": "Moderate listeners"
  },
  {
    "artistName": "Bryson Tiller",
    "segment": "Previously Active Listeners"
  },
  {
    "artistName": "P!nk",
    "segment": "Previously Active Listeners"
  },
  {
    "artistName": "Kendrick Lamar",
    "segment": "Super Listeners"
  },
  {
    "artistName": "Magdaléna Hajóssyová",
    "segment": "Light listeners"
  },
  {
    "artistName": "Cally Rhodes",
    "segment": "Previously Active Listeners"
  },
  {
    "artistName": "BAYZY",
    "segment": "Previously Active Listeners"
  },
  {
    "artistName": "Gregor Hilden",
    "segment": "Previously Active Listeners"
  },
  {
    "artistName": "Dr. Dre",
    "segment": "Moderate listeners"
  },
  {
    "artistName": "Lady Gaga",
    "segment": "Light listeners"
  },
  {
    "artistName": "Imagine Dragons",
    "segment": "Previously Active Listeners"
  },
  {
    "artistName": "Nipsey Hussle",
    "segment": "Previously Active Listeners"
  },
  {
    "artistName": "Tinlicker",
    "segment": "Moderate listeners"
  },
  {
    "artistName": "Holly Walker",
    "segment": "Previously Active Listeners"
  },
  {
    "artistName": "Dermot Kennedy",
    "segment": "Light listeners"
  },
  {
    "artistName": "T.I.",
    "segment": "Previously Active Listeners"
  },
  {
    "artistName": "Cults",
    "segment": "Moderate listeners"
  },
  {
    "artistName": "The Chainsmokers",
    "segment": "Previously Active Listeners"
  },
  {
    "artistName": "Kenya Grace",
    "segment": "Previously Active Listeners"
  },
  {
    "artistName": "Lost Culturé",
    "segment": "Previously Active Listeners"
  },
  {
    "artistName": "Ca$his",
    "segment": "Light listeners"
  },
  {
    "artistName": "A$AP Ferg",
    "segment": "Previously Active Listeners"
  },
  {
    "artistName": "Nassi",
    "segment": "Previously Active Listeners"
  },
  {
    "artistName": "Glass Animals",
    "segment": "Previously Active Listeners"
  },
  {
    "artistName": "Eagles",
    "segment": "Previously Active Listeners"
  },
  {
    "artistName": "Emilie Schiøtt",
    "segment": "Previously Active Listeners"
  },
  {
    "artistName": "Giggs",
    "segment": "Previously Active Listeners"
  },
  {
    "artistName": "Sonny Tennet",
    "segment": "Previously Active Listeners"
  },
  {
    "artistName": "Didou Parisien",
    "segment": "Previously Active Listeners"
  },
  {
    "artistName": "Khalid",
    "segment": "Previously Active Listeners"
  },
  {
    "artistName": "Calum Scott",
    "segment": "Previously Active Listeners"
  },
  {
    "artistName": "Pierce The Veil",
    "segment": "Light listeners"
  },
  {
    "artistName": "7liwa",
    "segment": "Previously Active Listeners"
  },
  {
    "artistName": "Dollypran",
    "segment": "Light listeners"
  },
  {
    "artistName": "Labrinth",
    "segment": "Previously Active Listeners"
  },
  {
    "artistName": "Avicii",
    "segment": "Previously Active Listeners"
  },
  {
    "artistName": "Slovak Philharmonic Chorus",
    "segment": "Light listeners"
  },
  {
    "artistName": "Young the Giant",
    "segment": "Moderate listeners"
  },
  {
    "artistName": "Labess",
    "segment": "Previously Active Listeners"
  },
  {
    "artistName": "Blue Foundation",
    "segment": "Previously Active Listeners"
  },
  {
    "artistName": "Joseph Banowetz",
    "segment": "Previously Active Listeners"
  },
  {
    "artistName": "Baby Keem",
    "segment": "Previously Active Listeners"
  },
  {
    "artistName": "Swae Lee",
    "segment": "Previously Active Listeners"
  },
  {
    "artistName": "Arctic Monkeys",
    "segment": "Light listeners"
  },
  {
    "artistName": "Ghostemane",
    "segment": "Previously Active Listeners"
  },
  {
    "artistName": "Matoma",
    "segment": "Light listeners"
  },
  {
    "artistName": "Don Toliver",
    "segment": "Previously Active Listeners"
  },
  {
    "artistName": "Regard",
    "segment": "Previously Active Listeners"
  },
  {
    "artistName": "Grace Carter",
    "segment": "Light listeners"
  },
  {
    "artistName": "Fugees",
    "segment": "Previously Active Listeners"
  },
  {
    "artistName": "Tate McRae",
    "segment": "Super Listeners"
  },
  {
    "artistName": "Farizki",
    "segment": "Previously Active Listeners"
  },
  {
    "artistName": "Nito-Onna",
    "segment": "Previously Active Listeners"
  },
  {
    "artistName": "Nas",
    "segment": "Moderate listeners"
  },
  {
    "artistName": "Glass Beams",
    "segment": "Previously Active Listeners"
  },
  {
    "artistName": "G-Eazy",
    "segment": "Previously Active Listeners"
  },
  {
    "artistName": "Daniel Hope",
    "segment": "Previously Active Listeners"
  },
  {
    "artistName": "Sadé Awele",
    "segment": "Previously Active Listeners"
  },
  {
    "artistName": "Sirena",
    "segment": "Previously Active Listeners"
  },
  {
    "artistName": "Richard Houghten",
    "segment": "Previously Active Listeners"
  },
  {
    "artistName": "Jimmy Buffett",
    "segment": "Light listeners"
  },
  {
    "artistName": "Kaash Paige",
    "segment": "Light listeners"
  },
  {
    "artistName": "Travis Scott",
    "segment": "Super Listeners"
  },
  {
    "artistName": "Aya Nakamura",
    "segment": "Previously Active Listeners"
  },
  {
    "artistName": "Carly Pearce",
    "segment": "Previously Active Listeners"
  },
  {
    "artistName": "Yehezkel Raz",
    "segment": "Previously Active Listeners"
  },
  {
    "artistName": "Normani",
    "segment": "Previously Active Listeners"
  },
  {
    "artistName": "Mufasa & Hypeman",
    "segment": "Previously Active Listeners"
  },
  {
    "artistName": "Meek Mill",
    "segment": "Previously Active Listeners"
  },
  {
    "artistName": "Cardi B",
    "segment": "Previously Active Listeners"
  },
  {
    "artistName": "Jaymes Young",
    "segment": "Previously Active Listeners"
  },
  {
    "artistName": "Kali Uchis",
    "segment": "Previously Active Listeners"
  },
  {
    "artistName": "Tame Impala",
    "segment": "Previously Active Listeners"
  },
  {
    "artistName": "6LACK",
    "segment": "Previously Active Listeners"
  },
  {
    "artistName": "Cheb",
    "segment": "Moderate listeners"
  },
  {
    "artistName": "Mitsuko Uchida",
    "segment": "Previously Active Listeners"
  },
  {
    "artistName": "Bas",
    "segment": "Light listeners"
  },
  {
    "artistName": "Alexandre Tharaud",
    "segment": "Previously Active Listeners"
  },
  {
    "artistName": "CKay",
    "segment": "Previously Active Listeners"
  },
  {
    "artistName": "Ben E. King",
    "segment": "Previously Active Listeners"
  },
  {
    "artistName": "Saïd Senhaji",
    "segment": "Previously Active Listeners"
  },
  {
    "artistName": "Dwn2earth",
    "segment": "Previously Active Listeners"
  },
  {
    "artistName": "Mike Williams",
    "segment": "Previously Active Listeners"
  },
  {
    "artistName": "Glenn Frey",
    "segment": "Previously Active Listeners"
  },
  {
    "artistName": "Gabriela Montero",
    "segment": "Previously Active Listeners"
  },
  {
    "artistName": "Low Steppa",
    "segment": "Previously Active Listeners"
  },
  {
    "artistName": "Marc Broussard",
    "segment": "Moderate listeners"
  },
  {
    "artistName": "Lost Frequencies",
    "segment": "Light listeners"
  },
  {
    "artistName": "Dani Vidi",
    "segment": "Previously Active Listeners"
  },
  {
    "artistName": "Xcep",
    "segment": "Light listeners"
  },
  {
    "artistName": "Key Glock",
    "segment": "Light listeners"
  },
  {
    "artistName": "Inkonnu",
    "segment": "Moderate listeners"
  },
  {
    "artistName": "Skylar Grey",
    "segment": "Previously Active Listeners"
  },
  {
    "artistName": "ONZY",
    "segment": "Previously Active Listeners"
  },
  {
    "artistName": "Justin Bieber",
    "segment": "Previously Active Listeners"
  },
  {
    "artistName": "220 KID",
    "segment": "Previously Active Listeners"
  },
  {
    "artistName": "Ellai",
    "segment": "Previously Active Listeners"
  },
  {
    "artistName": "Devendra Banhart",
    "segment": "Light listeners"
  },
  {
    "artistName": "Sándor Berki",
    "segment": "Previously Active Listeners"
  },
  {
    "artistName": "Fat Mizzo",
    "segment": "Previously Active Listeners"
  },
  {
    "artistName": "Southside",
    "segment": "Previously Active Listeners"
  },
  {
    "artistName": "Marshmello",
    "segment": "Previously Active Listeners"
  },
  {
    "artistName": "Ofenbach",
    "segment": "Previously Active Listeners"
  },
  {
    "artistName": "X Ambassadors",
    "segment": "Previously Active Listeners"
  },
  {
    "artistName": "Mobydick",
    "segment": "Previously Active Listeners"
  },
  {
    "artistName": "Will Ryte",
    "segment": "Previously Active Listeners"
  },
  {
    "artistName": "Masove",
    "segment": "Previously Active Listeners"
  },
  {
    "artistName": "Chris Stapleton",
    "segment": "Super Listeners"
  },
  {
    "artistName": "Future",
    "segment": "Previously Active Listeners"
  },
  {
    "artistName": "Laufey",
    "segment": "Light listeners"
  },
  {
    "artistName": "Baroque Festival Orchestra",
    "segment": "Previously Active Listeners"
  },
  {
    "artistName": "Bebe Rexha",
    "segment": "Previously Active Listeners"
  },
  {
    "artistName": "Saeed",
    "segment": "Previously Active Listeners"
  },
  {
    "artistName": "Alicia Keys",
    "segment": "Previously Active Listeners"
  },
  {
    "artistName": "English Chamber Orchestra",
    "segment": "Previously Active Listeners"
  },
  {
    "artistName": "Roger Daltrey",
    "segment": "Previously Active Listeners"
  },
  {
    "artistName": "Meghan Trainor",
    "segment": "Previously Active Listeners"
  },
  {
    "artistName": "Gipsy Kings",
    "segment": "Previously Active Listeners"
  },
  {
    "artistName": "Daryl Hall",
    "segment": "Previously Active Listeners"
  },
  {
    "artistName": "FKi 1st",
    "segment": "Previously Active Listeners"
  },
  {
    "artistName": "Currents",
    "segment": "Previously Active Listeners"
  },
  {
    "artistName": "Edvard Grieg",
    "segment": "Previously Active Listeners"
  },
  {
    "artistName": "Led Zepagain",
    "segment": "Previously Active Listeners"
  },
  {
    "artistName": "EARTHGANG",
    "segment": "Previously Active Listeners"
  },
  {
    "artistName": "Lyle Lovett",
    "segment": "Light listeners"
  },
  {
    "artistName": "Smallx",
    "segment": "Light listeners"
  },
  {
    "artistName": "WESTSIDE BOOGIE",
    "segment": "Previously Active Listeners"
  },
  {
    "artistName": "Cavetown",
    "segment": "Light listeners"
  },
  {
    "artistName": "Conan Gray",
    "segment": "Previously Active Listeners"
  },
  {
    "artistName": "Isak Danielson",
    "segment": "Previously Active Listeners"
  },
  {
    "artistName": "Pyotr Ilyich Tchaikovsky",
    "segment": "Light listeners"
  },
  {
    "artistName": "TAYA",
    "segment": "Previously Active Listeners"
  },
  {
    "artistName": "Rico Nasty",
    "segment": "Previously Active Listeners"
  },
  {
    "artistName": "Niro",
    "segment": "Previously Active Listeners"
  },
  {
    "artistName": "TEEKS",
    "segment": "Previously Active Listeners"
  },
  {
    "artistName": "MØRFI",
    "segment": "Previously Active Listeners"
  },
  {
    "artistName": "Peachy!",
    "segment": "Previously Active Listeners"
  },
  {
    "artistName": "GroupeOfficielTKB",
    "segment": "Previously Active Listeners"
  },
  {
    "artistName": "IDK",
    "segment": "Light listeners"
  },
  {
    "artistName": "Ritt Momney",
    "segment": "Previously Active Listeners"
  },
  {
    "artistName": "Journey",
    "segment": "Moderate listeners"
  },
  {
    "artistName": "Vegedream",
    "segment": "Light listeners"
  },
  {
    "artistName": "Surf Curse",
    "segment": "Previously Active Listeners"
  },
  {
    "artistName": "Fairuz",
    "segment": "Moderate listeners"
  },
  {
    "artistName": "50 Cent",
    "segment": "Moderate listeners"
  },
  {
    "artistName": "Young Stoner Life",
    "segment": "Previously Active Listeners"
  },
  {
    "artistName": "Dirty Heads",
    "segment": "Previously Active Listeners"
  },
  {
    "artistName": "Manu Ela Barraco",
    "segment": "Light listeners"
  },
  {
    "artistName": "Van Morrison",
    "segment": "Light listeners"
  },
  {
    "artistName": "Joey Bada$$",
    "segment": "Moderate listeners"
  },
  {
    "artistName": "Quality Control",
    "segment": "Previously Active Listeners"
  },
  {
    "artistName": "Willie Nelson",
    "segment": "Light listeners"
  },
  {
    "artistName": "Leif Ove Andsnes",
    "segment": "Previously Active Listeners"
  },
  {
    "artistName": "Unknown T",
    "segment": "Previously Active Listeners"
  },
  {
    "artistName": "Lil Nas X",
    "segment": "Previously Active Listeners"
  },
  {
    "artistName": "Pink Floyd",
    "segment": "Previously Active Listeners"
  },
  {
    "artistName": "Niteblue",
    "segment": "Previously Active Listeners"
  },
  {
    "artistName": "Faouzia",
    "segment": "Previously Active Listeners"
  },
  {
    "artistName": "dazy",
    "segment": "Previously Active Listeners"
  },
  {
    "artistName": "Chris Kläfford",
    "segment": "Previously Active Listeners"
  },
  {
    "artistName": "Led Zeppelin",
    "segment": "Light listeners"
  },
  {
    "artistName": "Gultrah Sound System",
    "segment": "Moderate listeners"
  },
  {
    "artistName": "Emrah Karaduman",
    "segment": "Previously Active Listeners"
  },
  {
    "artistName": "Jörg Demus",
    "segment": "Previously Active Listeners"
  },
  {
    "artistName": "Hamid Elkassri",
    "segment": "Light listeners"
  },
  {
    "artistName": "Bring Me The Horizon",
    "segment": "Moderate listeners"
  },
  {
    "artistName": "Louis Theroux",
    "segment": "Previously Active Listeners"
  },
  {
    "artistName": "Chris Isaak",
    "segment": "Previously Active Listeners"
  },
  {
    "artistName": "Takeoff",
    "segment": "Previously Active Listeners"
  },
  {
    "artistName": "Justin Timberlake",
    "segment": "Light listeners"
  },
  {
    "artistName": "Bob Dylan",
    "segment": "Moderate listeners"
  },
  {
    "artistName": "Elise Lieberth",
    "segment": "Previously Active Listeners"
  },
  {
    "artistName": "Randar",
    "segment": "Previously Active Listeners"
  },
  {
    "artistName": "YoTiger",
    "segment": "Previously Active Listeners"
  },
  {
    "artistName": "James Arthur",
    "segment": "Moderate listeners"
  },
  {
    "artistName": "John Legend",
    "segment": "Previously Active Listeners"
  },
  {
    "artistName": "YUNGBLUD",
    "segment": "Previously Active Listeners"
  },
  {
    "artistName": "DJ Khaled",
    "segment": "Light listeners"
  },
  {
    "artistName": "Maher Zain",
    "segment": "Previously Active Listeners"
  },
  {
    "artistName": "Ryan Tedder",
    "segment": "Previously Active Listeners"
  },
  {
    "artistName": "Dinos",
    "segment": "Light listeners"
  },
  {
    "artistName": "Shawn Mendes",
    "segment": "Moderate listeners"
  },
  {
    "artistName": "Kodak Black",
    "segment": "Previously Active Listeners"
  },
  {
    "artistName": "Jason Derulo",
    "segment": "Previously Active Listeners"
  },
  {
    "artistName": "Lloyd Banks",
    "segment": "Light listeners"
  },
  {
    "artistName": "Lily Meola",
    "segment": "Previously Active Listeners"
  },
  {
    "artistName": "Rihanna",
    "segment": "Previously Active Listeners"
  },
  {
    "artistName": "Fantastikku.",
    "segment": "Previously Active Listeners"
  },
  {
    "artistName": "Rauw Alejandro",
    "segment": "Previously Active Listeners"
  },
  {
    "artistName": "BIG30",
    "segment": "Previously Active Listeners"
  },
  {
    "artistName": "Lacrim",
    "segment": "Previously Active Listeners"
  },
  {
    "artistName": "The Notorious B.I.G.",
    "segment": "Moderate listeners"
  },
  {
    "artistName": "Upperlimit",
    "segment": "Previously Active Listeners"
  },
  {
    "artistName": "Majestic",
    "segment": "Previously Active Listeners"
  },
  {
    "artistName": "Daoudi",
    "segment": "Previously Active Listeners"
  },
  {
    "artistName": "Hare Squead",
    "segment": "Previously Active Listeners"
  },
  {
    "artistName": "B.R.T",
    "segment": "Previously Active Listeners"
  },
  {
    "artistName": "Nelson Freire",
    "segment": "Previously Active Listeners"
  },
  {
    "artistName": "Cyril M",
    "segment": "Previously Active Listeners"
  },
  {
    "artistName": "Lukas Nelson",
    "segment": "Light listeners"
  },
  {
    "artistName": "Jacob Banks",
    "segment": "Previously Active Listeners"
  },
  {
    "artistName": "Silk Sonic",
    "segment": "Previously Active Listeners"
  },
  {
    "artistName": "Ray Charles",
    "segment": "Previously Active Listeners"
  },
  {
    "artistName": "Madd",
    "segment": "Moderate listeners"
  },
  {
    "artistName": "Sly Pyper",
    "segment": "Previously Active Listeners"
  },
  {
    "artistName": "Vladimir Ruso",
    "segment": "Light listeners"
  },
  {
    "artistName": "Gloria Estefan",
    "segment": "Previously Active Listeners"
  },
  {
    "artistName": "KALEO",
    "segment": "Moderate listeners"
  },
  {
    "artistName": "Omy Cid",
    "segment": "Previously Active Listeners"
  },
  {
    "artistName": "347aidan",
    "segment": "Previously Active Listeners"
  },
  {
    "artistName": "Indila",
    "segment": "Previously Active Listeners"
  },
  {
    "artistName": "Pakkun",
    "segment": "Previously Active Listeners"
  },
  {
    "artistName": "Pieter Schoeman",
    "segment": "Previously Active Listeners"
  },
  {
    "artistName": "Plain White T's",
    "segment": "Previously Active Listeners"
  },
  {
    "artistName": "Plies",
    "segment": "Previously Active Listeners"
  },
  {
    "artistName": "Kayla Nicole",
    "segment": "Previously Active Listeners"
  },
  {
    "artistName": "Alyoung",
    "segment": "Previously Active Listeners"
  },
  {
    "artistName": "KIDS SEE GHOSTS",
    "segment": "Previously Active Listeners"
  },
  {
    "artistName": "Billie Eilish",
    "segment": "Super Listeners"
  },
  {
    "artistName": "Turns",
    "segment": "Previously Active Listeners"
  },
  {
    "artistName": "Georgio",
    "segment": "Previously Active Listeners"
  },
  {
    "artistName": "Rachid Taha",
    "segment": "Previously Active Listeners"
  },
  {
    "artistName": "CORPSE",
    "segment": "Previously Active Listeners"
  },
  {
    "artistName": "Kouz1",
    "segment": "Previously Active Listeners"
  },
  {
    "artistName": "Nate Rose",
    "segment": "Light listeners"
  },
  {
    "artistName": "Damso",
    "segment": "Super Listeners"
  },
  {
    "artistName": "The Vamps",
    "segment": "Light listeners"
  },
  {
    "artistName": "SYML",
    "segment": "Previously Active Listeners"
  },
  {
    "artistName": "Billy F Gibbons",
    "segment": "Previously Active Listeners"
  },
  {
    "artistName": "The Neighbourhood",
    "segment": "Light listeners"
  },
  {
    "artistName": "Ludovico Einaudi",
    "segment": "Previously Active Listeners"
  },
  {
    "artistName": "Daniel Barenboim",
    "segment": "Previously Active Listeners"
  },
  {
    "artistName": "Emmylou Harris",
    "segment": "Light listeners"
  },
  {
    "artistName": "Berliner Philharmoniker",
    "segment": "Moderate listeners"
  },
  {
    "artistName": "Eric Church",
    "segment": "Light listeners"
  },
  {
    "artistName": "Daniel Blume",
    "segment": "Previously Active Listeners"
  },
  {
    "artistName": "Manal",
    "segment": "Previously Active Listeners"
  },
  {
    "artistName": "Rondodasosa",
    "segment": "Previously Active Listeners"
  },
  {
    "artistName": "JACKBOYS",
    "segment": "Previously Active Listeners"
  },
  {
    "artistName": "$NOT",
    "segment": "Previously Active Listeners"
  },
  {
    "artistName": "Jeffrey Tate",
    "segment": "Previously Active Listeners"
  },
  {
    "artistName": "bôa",
    "segment": "Previously Active Listeners"
  },
  {
    "artistName": "Rain City Drive",
    "segment": "Previously Active Listeners"
  },
  {
    "artistName": "Daniil Trifonov",
    "segment": "Previously Active Listeners"
  },
  {
    "artistName": "Scorpions",
    "segment": "Previously Active Listeners"
  },
  {
    "artistName": "Pooh Shiesty",
    "segment": "Previously Active Listeners"
  },
  {
    "artistName": "Bekar",
    "segment": "Light listeners"
  },
  {
    "artistName": "Giveon",
    "segment": "Previously Active Listeners"
  },
  {
    "artistName": "Breakbot",
    "segment": "Previously Active Listeners"
  },
  {
    "artistName": "Whitney Houston",
    "segment": "Previously Active Listeners"
  },
  {
    "artistName": "Al Green",
    "segment": "Previously Active Listeners"
  },
  {
    "artistName": "Lil Mosey",
    "segment": "Previously Active Listeners"
  },
  {
    "artistName": "iann dior",
    "segment": "Previously Active Listeners"
  },
  {
    "artistName": "Delarue",
    "segment": "Previously Active Listeners"
  },
  {
    "artistName": "Maluma",
    "segment": "Previously Active Listeners"
  },
  {
    "artistName": "MICHELINO FRANSISKUS SINURAT",
    "segment": "Previously Active Listeners"
  },
  {
    "artistName": "NeoMood",
    "segment": "Previously Active Listeners"
  },
  {
    "artistName": "Luis Fernando Pérez",
    "segment": "Previously Active Listeners"
  },
  {
    "artistName": "Margad",
    "segment": "Previously Active Listeners"
  },
  {
    "artistName": "Denzel Curry",
    "segment": "Previously Active Listeners"
  },
  {
    "artistName": "Remix 36",
    "segment": "Previously Active Listeners"
  },
  {
    "artistName": "LP",
    "segment": "Previously Active Listeners"
  },
  {
    "artistName": "Shakewell",
    "segment": "Previously Active Listeners"
  },
  {
    "artistName": "Stop Light Observations",
    "segment": "Light listeners"
  },
  {
    "artistName": "D12",
    "segment": "Light listeners"
  },
  {
    "artistName": "Vortex",
    "segment": "Previously Active Listeners"
  },
  {
    "artistName": "Ty Dolla $ign",
    "segment": "Previously Active Listeners"
  },
  {
    "artistName": "Young Cister",
    "segment": "Previously Active Listeners"
  },
  {
    "artistName": "Beth Hart",
    "segment": "Previously Active Listeners"
  },
  {
    "artistName": "Disciples",
    "segment": "Light listeners"
  },
  {
    "artistName": "Powfu",
    "segment": "Previously Active Listeners"
  },
  {
    "artistName": "Young T & Bugsey",
    "segment": "Previously Active Listeners"
  },
  {
    "artistName": "Foy Vance",
    "segment": "Previously Active Listeners"
  },
  {
    "artistName": "Bo9al",
    "segment": "Previously Active Listeners"
  },
  {
    "artistName": "Becky Hill",
    "segment": "Previously Active Listeners"
  },
  {
    "artistName": "A$AP Mob",
    "segment": "Previously Active Listeners"
  },
  {
    "artistName": "Sherine",
    "segment": "Previously Active Listeners"
  },
  {
    "artistName": "Steve Earle",
    "segment": "Light listeners"
  },
  {
    "artistName": "Janusz Olejniczak",
    "segment": "Previously Active Listeners"
  },
  {
    "artistName": "Ice Spice",
    "segment": "Previously Active Listeners"
  },
  {
    "artistName": "NDR Elbphilharmonie Orchester",
    "segment": "Previously Active Listeners"
  },
  {
    "artistName": "Madonna",
    "segment": "Previously Active Listeners"
  },
  {
    "artistName": "GIMS",
    "segment": "Light listeners"
  },
  {
    "artistName": "Stormy",
    "segment": "Moderate listeners"
  },
  {
    "artistName": "Kodály Quartet",
    "segment": "Previously Active Listeners"
  },
  {
    "artistName": "ZAYN",
    "segment": "Moderate listeners"
  },
  {
    "artistName": "Abduh",
    "segment": "Previously Active Listeners"
  },
  {
    "artistName": "Charli xcx",
    "segment": "Previously Active Listeners"
  },
  {
    "artistName": "TEN TIMES",
    "segment": "Previously Active Listeners"
  },
  {
    "artistName": "Frank Ocean",
    "segment": "Previously Active Listeners"
  },
  {
    "artistName": "Jawsh 685",
    "segment": "Previously Active Listeners"
  },
  {
    "artistName": "A$AP Rocky",
    "segment": "Super Listeners"
  },
  {
    "artistName": "Eldar Nebolsin",
    "segment": "Previously Active Listeners"
  },
  {
    "artistName": "Dave Matthews",
    "segment": "Light listeners"
  },
  {
    "artistName": "dreamsoda",
    "segment": "Previously Active Listeners"
  },
  {
    "artistName": "Hatim Ammor",
    "segment": "Previously Active Listeners"
  },
  {
    "artistName": "Armin van Buuren",
    "segment": "Previously Active Listeners"
  },
  {
    "artistName": "Daniel Merriweather",
    "segment": "Previously Active Listeners"
  },
  {
    "artistName": "Abdulrahman Mohammed",
    "segment": "Previously Active Listeners"
  },
  {
    "artistName": "Finghin Collins",
    "segment": "Previously Active Listeners"
  },
  {
    "artistName": "Lomepal",
    "segment": "Light listeners"
  },
  {
    "artistName": "Boostereo",
    "segment": "Previously Active Listeners"
  },
  {
    "artistName": "Dave Fenley",
    "segment": "Previously Active Listeners"
  },
  {
    "artistName": "VANO 3000",
    "segment": "Previously Active Listeners"
  },
  {
    "artistName": "Revealed Recordings",
    "segment": "Previously Active Listeners"
  },
  {
    "artistName": "Arman Aydin",
    "segment": "Previously Active Listeners"
  },
  {
    "artistName": "Stephen Sanchez",
    "segment": "Light listeners"
  },
  {
    "artistName": "Teddy Wilson",
    "segment": "Previously Active Listeners"
  },
  {
    "artistName": "Ez Mil",
    "segment": "Previously Active Listeners"
  },
  {
    "artistName": "ILYAA",
    "segment": "Previously Active Listeners"
  },
  {
    "artistName": "Interplanetary Criminal",
    "segment": "Previously Active Listeners"
  },
  {
    "artistName": "Twenty One Pilots",
    "segment": "Previously Active Listeners"
  },
  {
    "artistName": "Dahi",
    "segment": "Previously Active Listeners"
  },
  {
    "artistName": "Franz Liszt",
    "segment": "Previously Active Listeners"
  },
  {
    "artistName": "Madism",
    "segment": "Previously Active Listeners"
  },
  {
    "artistName": "Freak Freely",
    "segment": "Light listeners"
  },
  {
    "artistName": "Dopamine",
    "segment": "Previously Active Listeners"
  },
  {
    "artistName": "James Blunt",
    "segment": "Previously Active Listeners"
  },
  {
    "artistName": "SCH",
    "segment": "Previously Active Listeners"
  },
  {
    "artistName": "Kabaka Pyramid",
    "segment": "Light listeners"
  },
  {
    "artistName": "Bobby \"Blue\" Bland",
    "segment": "Previously Active Listeners"
  },
  {
    "artistName": "Pawl",
    "segment": "Previously Active Listeners"
  },
  {
    "artistName": "MEDUZA",
    "segment": "Previously Active Listeners"
  },
  {
    "artistName": "Harry Styles",
    "segment": "Previously Active Listeners"
  },
  {
    "artistName": "Juke Ross",
    "segment": "Previously Active Listeners"
  },
  {
    "artistName": "Dem Jointz",
    "segment": "Previously Active Listeners"
  },
  {
    "artistName": "Kim Petras",
    "segment": "Previously Active Listeners"
  },
  {
    "artistName": "Micah Nelson",
    "segment": "Light listeners"
  },
  {
    "artistName": "Playboi Carti",
    "segment": "Previously Active Listeners"
  },
  {
    "artistName": "Avenged Sevenfold",
    "segment": "Moderate listeners"
  },
  {
    "artistName": "Ms. Lauryn Hill",
    "segment": "Previously Active Listeners"
  },
  {
    "artistName": "Donny Hathaway",
    "segment": "Previously Active Listeners"
  },
  {
    "artistName": "Jonathan Roy",
    "segment": "Moderate listeners"
  },
  {
    "artistName": "Anane",
    "segment": "Previously Active Listeners"
  },
  {
    "artistName": "Karen Souza",
    "segment": "Previously Active Listeners"
  },
  {
    "artistName": "S1mba",
    "segment": "Previously Active Listeners"
  },
  {
    "artistName": "mxmtoon",
    "segment": "Previously Active Listeners"
  },
  {
    "artistName": "Sia",
    "segment": "Previously Active Listeners"
  },
  {
    "artistName": "Goodboys",
    "segment": "Previously Active Listeners"
  },
  {
    "artistName": "Mr. Big",
    "segment": "Previously Active Listeners"
  },
  {
    "artistName": "Camila Cabello",
    "segment": "Previously Active Listeners"
  },
  {
    "artistName": "Alan Walker",
    "segment": "Previously Active Listeners"
  },
  {
    "artistName": "Thierry Von Der Warth",
    "segment": "Previously Active Listeners"
  },
  {
    "artistName": "Naughty Boy",
    "segment": "Previously Active Listeners"
  },
  {
    "artistName": "London Symphony Orchestra",
    "segment": "Light listeners"
  },
  {
    "artistName": "Guti",
    "segment": "Previously Active Listeners"
  },
  {
    "artistName": "Highly Suspect",
    "segment": "Previously Active Listeners"
  },
  {
    "artistName": "Caskets",
    "segment": "Previously Active Listeners"
  },
  {
    "artistName": "Dave",
    "segment": "Light listeners"
  },
  {
    "artistName": "070 Shake",
    "segment": "Light listeners"
  },
  {
    "artistName": "Vibe Sounds",
    "segment": "Previously Active Listeners"
  },
  {
    "artistName": "Brent Faiyaz",
    "segment": "Previously Active Listeners"
  },
  {
    "artistName": "Alpha Morris",
    "segment": "Previously Active Listeners"
  },
  {
    "artistName": "Metro Boomin",
    "segment": "Moderate listeners"
  },
  {
    "artistName": "The Lumineers",
    "segment": "Previously Active Listeners"
  },
  {
    "artistName": "HUGOxBARO",
    "segment": "Previously Active Listeners"
  },
  {
    "artistName": "The Handsome Family",
    "segment": "Light listeners"
  },
  {
    "artistName": "Gary B.B. Coleman",
    "segment": "Previously Active Listeners"
  },
  {
    "artistName": "Halim yousfi",
    "segment": "Previously Active Listeners"
  },
  {
    "artistName": "Colorblind",
    "segment": "Previously Active Listeners"
  },
  {
    "artistName": "Bag Raiders",
    "segment": "Previously Active Listeners"
  },
  {
    "artistName": "Lala &ce",
    "segment": "Previously Active Listeners"
  },
  {
    "artistName": "Maroon 5",
    "segment": "Previously Active Listeners"
  },
  {
    "artistName": "Quavo",
    "segment": "Light listeners"
  },
  {
    "artistName": "Isaiah Rashad",
    "segment": "Previously Active Listeners"
  },
  {
    "artistName": "Duncan Laurence",
    "segment": "Light listeners"
  },
  {
    "artistName": "Draganov",
    "segment": "Super Listeners"
  },
  {
    "artistName": "Seemone",
    "segment": "Previously Active Listeners"
  },
  {
    "artistName": "Amy Winehouse",
    "segment": "Previously Active Listeners"
  },
  {
    "artistName": "Paul Rosenberg",
    "segment": "Previously Active Listeners"
  },
  {
    "artistName": "Jamey Johnson",
    "segment": "Light listeners"
  },
  {
    "artistName": "HUSH",
    "segment": "Light listeners"
  },
  {
    "artistName": "Clemando",
    "segment": "Previously Active Listeners"
  },
  {
    "artistName": "Cozz",
    "segment": "Previously Active Listeners"
  },
  {
    "artistName": "Benjamin Grosvenor",
    "segment": "Previously Active Listeners"
  },
  {
    "artistName": "Flipp Dinero",
    "segment": "Previously Active Listeners"
  },
  {
    "artistName": "Maurizio Pollini",
    "segment": "Previously Active Listeners"
  },
  {
    "artistName": "Ehis 'D' Greatest",
    "segment": "Previously Active Listeners"
  },
  {
    "artistName": "Secret Garden",
    "segment": "Previously Active Listeners"
  },
  {
    "artistName": "Lang Lang",
    "segment": "Previously Active Listeners"
  },
  {
    "artistName": "Trinidad Cardona",
    "segment": "Previously Active Listeners"
  },
  {
    "artistName": "Johann Strauss Orchestra",
    "segment": "Previously Active Listeners"
  },
  {
    "artistName": "Snor",
    "segment": "Light listeners"
  },
  {
    "artistName": "Citizen Soldier",
    "segment": "Previously Active Listeners"
  },
  {
    "artistName": "Morad",
    "segment": "Previously Active Listeners"
  },
  {
    "artistName": "Dreamville",
    "segment": "Previously Active Listeners"
  },
  {
    "artistName": "RAY BLK",
    "segment": "Light listeners"
  },
  {
    "artistName": "H8M",
    "segment": "Previously Active Listeners"
  },
  {
    "artistName": "Breaking the Boundaries",
    "segment": "Previously Active Listeners"
  },
  {
    "artistName": "The Little Willies",
    "segment": "Light listeners"
  },
  {
    "artistName": "Sasha Alex Sloan",
    "segment": "Moderate listeners"
  },
  {
    "artistName": "Eva Cassidy",
    "segment": "Previously Active Listeners"
  },
  {
    "artistName": "Jozef Kundlák",
    "segment": "Light listeners"
  },
  {
    "artistName": "Sandëro",
    "segment": "Previously Active Listeners"
  },
  {
    "artistName": "Lute",
    "segment": "Previously Active Listeners"
  },
  {
    "artistName": "Yusuf Alev",
    "segment": "Previously Active Listeners"
  },
  {
    "artistName": "SZA",
    "segment": "Light listeners"
  },
  {
    "artistName": "NAV",
    "segment": "Previously Active Listeners"
  },
  {
    "artistName": "Saweetie",
    "segment": "Previously Active Listeners"
  },
  {
    "artistName": "Warsaw Philharmonic Orchestra",
    "segment": "Previously Active Listeners"
  },
  {
    "artistName": "Soufiane Az",
    "segment": "Previously Active Listeners"
  },
  {
    "artistName": "ILLENIUM",
    "segment": "Previously Active Listeners"
  },
  {
    "artistName": "Dean Lewis",
    "segment": "Previously Active Listeners"
  },
  {
    "artistName": "Iniko",
    "segment": "Previously Active Listeners"
  },
  {
    "artistName": "Hozier",
    "segment": "Light listeners"
  },
  {
    "artistName": "PARTYNEXTDOOR",
    "segment": "Previously Active Listeners"
  },
  {
    "artistName": "Coldplay",
    "segment": "Light listeners"
  },
  {
    "artistName": "Ed Sheeran",
    "segment": "Light listeners"
  },
  {
    "artistName": "GoldLink",
    "segment": "Previously Active Listeners"
  },
  {
    "artistName": "Stefan Eli",
    "segment": "Previously Active Listeners"
  },
  {
    "artistName": "Jack Harlow",
    "segment": "Light listeners"
  },
  {
    "artistName": "Jamie Lancaster",
    "segment": "Previously Active Listeners"
  },
  {
    "artistName": "B.B. King",
    "segment": "Light listeners"
  },
  {
    "artistName": "Marlon Craft",
    "segment": "Previously Active Listeners"
  },
  {
    "artistName": "Post Malone",
    "segment": "Light listeners"
  },
  {
    "artistName": "Matt Maltese",
    "segment": "Light listeners"
  },
  {
    "artistName": "ROSALÍA",
    "segment": "Previously Active Listeners"
  },
  {
    "artistName": "Elley Duhé",
    "segment": "Previously Active Listeners"
  },
  {
    "artistName": "Steven Sharp Nelson",
    "segment": "Previously Active Listeners"
  },
  {
    "artistName": "Game of Thrones",
    "segment": "Light listeners"
  },
  {
    "artistName": "Morgan Wallen",
    "segment": "Previously Active Listeners"
  },
  {
    "artistName": "Victor Thompson",
    "segment": "Previously Active Listeners"
  },
  {
    "artistName": "A7S",
    "segment": "Previously Active Listeners"
  },
  {
    "artistName": "Chaislyn",
    "segment": "Previously Active Listeners"
  },
  {
    "artistName": "Peter Jablonski",
    "segment": "Previously Active Listeners"
  },
  {
    "artistName": "Kanye West",
    "segment": "Moderate listeners"
  },
  {
    "artistName": "محمد عساف",
    "segment": "Previously Active Listeners"
  },
  {
    "artistName": "JANFRY",
    "segment": "Previously Active Listeners"
  },
  {
    "artistName": "Besomage",
    "segment": "Previously Active Listeners"
  },
  {
    "artistName": "$kinny",
    "segment": "Previously Active Listeners"
  },
  {
    "artistName": "Elton John",
    "segment": "Previously Active Listeners"
  },
  {
    "artistName": "Stefan Klimo",
    "segment": "Light listeners"
  },
  {
    "artistName": "The Roots",
    "segment": "Light listeners"
  },
  {
    "artistName": "Vince Gill",
    "segment": "Light listeners"
  },
  {
    "artistName": "The Kid LAROI",
    "segment": "Previously Active Listeners"
  },
  {
    "artistName": "Emma Kok",
    "segment": "Previously Active Listeners"
  },
  {
    "artistName": "Malz Monday",
    "segment": "Previously Active Listeners"
  },
  {
    "artistName": "Mac Miller",
    "segment": "Previously Active Listeners"
  },
  {
    "artistName": "Bob Marley & The Wailers",
    "segment": "Super Listeners"
  },
  {
    "artistName": "Lana Del Rey",
    "segment": "Light listeners"
  },
  {
    "artistName": "J. Cole",
    "segment": "Super Listeners"
  },
  {
    "artistName": "Halsey",
    "segment": "Previously Active Listeners"
  },
  {
    "artistName": "Muslim",
    "segment": "Previously Active Listeners"
  },
  {
    "artistName": "Various Artists",
    "segment": "Super Listeners"
  },
  {
    "artistName": "طارق العربي طرقان",
    "segment": "Previously Active Listeners"
  },
  {
    "artistName": "deadboy",
    "segment": "Previously Active Listeners"
  },
  {
    "artistName": "beabadoobee",
    "segment": "Previously Active Listeners"
  },
  {
    "artistName": "WILLOW",
    "segment": "Previously Active Listeners"
  },
  {
    "artistName": "VALZE",
    "segment": "Previously Active Listeners"
  },
  {
    "artistName": "Offset",
    "segment": "Previously Active Listeners"
  },
  {
    "artistName": "Holding Absence",
    "segment": "Previously Active Listeners"
  },
  {
    "artistName": "Hamza",
    "segment": "Previously Active Listeners"
  },
  {
    "artistName": "Blanco Brown",
    "segment": "Previously Active Listeners"
  },
  {
    "artistName": "Doja Cat",
    "segment": "Previously Active Listeners"
  },
  {
    "artistName": "Beach Weather",
    "segment": "Light listeners"
  },
  {
    "artistName": "High Contrast",
    "segment": "Previously Active Listeners"
  },
  {
    "artistName": "Soolking",
    "segment": "Previously Active Listeners"
  },
  {
    "artistName": "Dong Hyek Lim",
    "segment": "Previously Active Listeners"
  },
  {
    "artistName": "Shooka",
    "segment": "Previously Active Listeners"
  },
  {
    "artistName": "Olivia Rodrigo",
    "segment": "Previously Active Listeners"
  },
  {
    "artistName": "Dido",
    "segment": "Previously Active Listeners"
  },
  {
    "artistName": "Norah Jones",
    "segment": "Light listeners"
  },
  {
    "artistName": "SAINt JHN",
    "segment": "Previously Active Listeners"
  },
  {
    "artistName": "Brigitte Engerer",
    "segment": "Previously Active Listeners"
  },
  {
    "artistName": "Megan Thee Stallion",
    "segment": "Previously Active Listeners"
  },
  {
    "artistName": "La Fouine",
    "segment": "Moderate listeners"
  },
  {
    "artistName": "Anas",
    "segment": "Previously Active Listeners"
  },
  {
    "artistName": "Jan Lisiecki",
    "segment": "Previously Active Listeners"
  },
  {
    "artistName": "Central Cee",
    "segment": "Moderate listeners"
  },
  {
    "artistName": "Nina Nesbitt",
    "segment": "Previously Active Listeners"
  },
  {
    "artistName": "Tyler Cole",
    "segment": "Previously Active Listeners"
  },
  {
    "artistName": "Clairo",
    "segment": "Previously Active Listeners"
  },
  {
    "artistName": "James Bay",
    "segment": "Previously Active Listeners"
  },
  {
    "artistName": "Ruth B.",
    "segment": "Previously Active Listeners"
  },
  {
    "artistName": "Nightcrawlers",
    "segment": "Previously Active Listeners"
  },
  {
    "artistName": "Swedish House Mafia",
    "segment": "Previously Active Listeners"
  },
  {
    "artistName": "Yohan Gerber",
    "segment": "Previously Active Listeners"
  },
  {
    "artistName": "hateclay",
    "segment": "Previously Active Listeners"
  },
  {
    "artistName": "Judah Kelly",
    "segment": "Previously Active Listeners"
  },
  {
    "artistName": "Evgeny Kissin",
    "segment": "Previously Active Listeners"
  },
  {
    "artistName": "Natalie Cole",
    "segment": "Previously Active Listeners"
  },
  {
    "artistName": "Jaroslava Horska",
    "segment": "Light listeners"
  },
  {
    "artistName": "Nelly Furtado",
    "segment": "Previously Active Listeners"
  },
  {
    "artistName": "JID",
    "segment": "Previously Active Listeners"
  },
  {
    "artistName": "Julie London",
    "segment": "Previously Active Listeners"
  },
  {
    "artistName": "Alana Springsteen",
    "segment": "Previously Active Listeners"
  },
  {
    "artistName": "Big Sean",
    "segment": "Previously Active Listeners"
  },
  {
    "artistName": "Spencer Crandall",
    "segment": "Previously Active Listeners"
  },
  {
    "artistName": "Simon Franglen",
    "segment": "Previously Active Listeners"
  },
  {
    "artistName": "JJM",
    "segment": "Previously Active Listeners"
  },
  {
    "artistName": "Stormzy",
    "segment": "Previously Active Listeners"
  },
  {
    "artistName": "Lil Uzi Vert",
    "segment": "Previously Active Listeners"
  },
  {
    "artistName": "Fransiskus",
    "segment": "Previously Active Listeners"
  },
  {
    "artistName": "Alec Benjamin",
    "segment": "Previously Active Listeners"
  },
  {
    "artistName": "The Raconteurs",
    "segment": "Previously Active Listeners"
  },
  {
    "artistName": "BOTATO",
    "segment": "Previously Active Listeners"
  },
  {
    "artistName": "Pixies",
    "segment": "Previously Active Listeners"
  },
  {
    "artistName": "Faux Contact",
    "segment": "Previously Active Listeners"
  },
  {
    "artistName": "Sickick",
    "segment": "Previously Active Listeners"
  },
  {
    "artistName": "Barbara Pravi",
    "segment": "Previously Active Listeners"
  },
  {
    "artistName": "omgkirby",
    "segment": "Previously Active Listeners"
  },
  {
    "artistName": "Kartman",
    "segment": "Previously Active Listeners"
  },
  {
    "artistName": "Amero",
    "segment": "Previously Active Listeners"
  },
  {
    "artistName": "Russ",
    "segment": "Light listeners"
  },
  {
    "artistName": "Ghostly Kisses",
    "segment": "Previously Active Listeners"
  },
  {
    "artistName": "Lil Durk",
    "segment": "Moderate listeners"
  },
  {
    "artistName": "Grey Daze",
    "segment": "Previously Active Listeners"
  },
  {
    "artistName": "Gesaffelstein",
    "segment": "Previously Active Listeners"
  },
  {
    "artistName": "Krzysztof Urbański",
    "segment": "Previously Active Listeners"
  },
  {
    "artistName": "The Avett Brothers",
    "segment": "Light listeners"
  },
  {
    "artistName": "The Cranberries",
    "segment": "Previously Active Listeners"
  },
  {
    "artistName": "Walid Martinez",
    "segment": "Previously Active Listeners"
  },
  {
    "artistName": "Laine Hardy",
    "segment": "Previously Active Listeners"
  },
  {
    "artistName": "Olga Bordas",
    "segment": "Previously Active Listeners"
  },
  {
    "artistName": "Igor Levit",
    "segment": "Light listeners"
  },
  {
    "artistName": "Boney M.",
    "segment": "Previously Active Listeners"
  },
  {
    "artistName": "INNA",
    "segment": "Previously Active Listeners"
  },
  {
    "artistName": "YG Pablo",
    "segment": "Light listeners"
  },
  {
    "artistName": "Duke",
    "segment": "Previously Active Listeners"
  },
  {
    "artistName": "Sigrid",
    "segment": "Light listeners"
  },
  {
    "artistName": "Redwan El asmar",
    "segment": "Previously Active Listeners"
  },
  {
    "artistName": "Shobee",
    "segment": "Moderate listeners"
  },
  {
    "artistName": "Michael Kiwanuka",
    "segment": "Previously Active Listeners"
  },
  {
    "artistName": "Stephen Kovacevich",
    "segment": "Previously Active Listeners"
  },
  {
    "artistName": "John Mayer",
    "segment": "Previously Active Listeners"
  },
  {
    "artistName": "7ari",
    "segment": "Previously Active Listeners"
  },
  {
    "artistName": "G-Unit",
    "segment": "Previously Active Listeners"
  },
  {
    "artistName": "LF SYSTEM",
    "segment": "Previously Active Listeners"
  },
  {
    "artistName": "BADBADNOTGOOD",
    "segment": "Previously Active Listeners"
  },
  {
    "artistName": "Bad Omens",
    "segment": "Moderate listeners"
  },
  {
    "artistName": "Cigarettes After Sex",
    "segment": "Previously Active Listeners"
  },
  {
    "artistName": "Hallasen",
    "segment": "Previously Active Listeners"
  },
  {
    "artistName": "Daniel Caesar",
    "segment": "Previously Active Listeners"
  },
  {
    "artistName": "Millows",
    "segment": "Previously Active Listeners"
  },
  {
    "artistName": "Lupe Fiasco",
    "segment": "Light listeners"
  },
  {
    "artistName": "Sufjan Stevens",
    "segment": "Previously Active Listeners"
  },
  {
    "artistName": "RAYE",
    "segment": "Light listeners"
  },
  {
    "artistName": "Evelyne Dubourg",
    "segment": "Light listeners"
  },
  {
    "artistName": "Johann Strauss II",
    "segment": "Moderate listeners"
  },
  {
    "artistName": "Jay Mason",
    "segment": "Previously Active Listeners"
  },
  {
    "artistName": "Sam Smith",
    "segment": "Light listeners"
  },
  {
    "artistName": "24kGoldn",
    "segment": "Previously Active Listeners"
  },
  {
    "artistName": "Carlos Kleiber",
    "segment": "Previously Active Listeners"
  },
  {
    "artistName": "Pop Smoke",
    "segment": "Previously Active Listeners"
  },
  {
    "artistName": "Ice Cube",
    "segment": "Previously Active Listeners"
  },
  {
    "artistName": "Slovak Philharmonic",
    "segment": "Light listeners"
  },
  {
    "artistName": "János Keveházi",
    "segment": "Previously Active Listeners"
  },
  {
    "artistName": "GRHHH",
    "segment": "Previously Active Listeners"
  },
  {
    "artistName": "Diana Krall",
    "segment": "Previously Active Listeners"
  },
  {
    "artistName": "Jarren Benton",
    "segment": "Previously Active Listeners"
  },
  {
    "artistName": "Death Stranding: Timefall",
    "segment": "Previously Active Listeners"
  },
  {
    "artistName": "Justine Skye",
    "segment": "Previously Active Listeners"
  },
  {
    "artistName": "THE ANXIETY",
    "segment": "Previously Active Listeners"
  },
  {
    "artistName": "Migos",
    "segment": "Previously Active Listeners"
  },
  {
    "artistName": "BOOTY LEAK",
    "segment": "Previously Active Listeners"
  },
  {
    "artistName": "RealestK",
    "segment": "Previously Active Listeners"
  },
  {
    "artistName": "Marc Benjamin",
    "segment": "Previously Active Listeners"
  },
  {
    "artistName": "Introspect",
    "segment": "Previously Active Listeners"
  },
  {
    "artistName": "Tony Bennett",
    "segment": "Previously Active Listeners"
  },
  {
    "artistName": "Eimhear Ni Ghlacain",
    "segment": "Previously Active Listeners"
  },
  {
    "artistName": "Joyce Jonathan",
    "segment": "Previously Active Listeners"
  },
  {
    "artistName": "Allan Rayman",
    "segment": "Previously Active Listeners"
  },
  {
    "artistName": "Hillsong UNITED",
    "segment": "Previously Active Listeners"
  },
  {
    "artistName": "Cobi",
    "segment": "Previously Active Listeners"
  },
  {
    "artistName": "The Blue Stones",
    "segment": "Previously Active Listeners"
  },
  {
    "artistName": "Carla Morrison",
    "segment": "Previously Active Listeners"
  },
  {
    "artistName": "George Strait",
    "segment": "Light listeners"
  },
  {
    "artistName": "Charlie Puth",
    "segment": "Previously Active Listeners"
  },
  {
    "artistName": "The Score",
    "segment": "Previously Active Listeners"
  },
  {
    "artistName": "L'morphine",
    "segment": "Previously Active Listeners"
  },
  {
    "artistName": "GELLO 4031",
    "segment": "Previously Active Listeners"
  },
  {
    "artistName": "Rick Ross",
    "segment": "Light listeners"
  },
  {
    "artistName": "Fireboy DML",
    "segment": "Previously Active Listeners"
  },
  {
    "artistName": "Duke Dumont",
    "segment": "Previously Active Listeners"
  },
  {
    "artistName": "Gucci Mane",
    "segment": "Previously Active Listeners"
  },
  {
    "artistName": "Topic",
    "segment": "Previously Active Listeners"
  },
  {
    "artistName": "Anderson .Paak",
    "segment": "Previously Active Listeners"
  },
  {
    "artistName": "Stromae",
    "segment": "Light listeners"
  },
  {
    "artistName": "Blinded Hearts",
    "segment": "Previously Active Listeners"
  },
  {
    "artistName": "Al van der Beek",
    "segment": "Previously Active Listeners"
  },
  {
    "artistName": "Dappy",
    "segment": "Previously Active Listeners"
  },
  {
    "artistName": "OneRepublic",
    "segment": "Previously Active Listeners"
  },
  {
    "artistName": "FN DaDealer",
    "segment": "Previously Active Listeners"
  },
  {
    "artistName": "SAYGRACE",
    "segment": "Previously Active Listeners"
  },
  {
    "artistName": "Exhastedd",
    "segment": "Previously Active Listeners"
  },
  {
    "artistName": "Escape the Fate",
    "segment": "Moderate listeners"
  },
  {
    "artistName": "Ahmed Mekky",
    "segment": "Previously Active Listeners"
  },
  {
    "artistName": "Isabel LaRosa",
    "segment": "Previously Active Listeners"
  },
  {
    "artistName": "Jack Johnson",
    "segment": "Light listeners"
  },
  {
    "artistName": "BROCKHAMPTON",
    "segment": "Previously Active Listeners"
  },
  {
    "artistName": "Nicky Youre",
    "segment": "Previously Active Listeners"
  },
  {
    "artistName": "Melanie Martinez",
    "segment": "Previously Active Listeners"
  },
  {
    "artistName": "K y B",
    "segment": "Previously Active Listeners"
  },
  {
    "artistName": "BabyTron",
    "segment": "Previously Active Listeners"
  },
  {
    "artistName": "Palaye Royale",
    "segment": "Moderate listeners"
  },
  {
    "artistName": "Shawn James",
    "segment": "Moderate listeners"
  },
  {
    "artistName": "Nabyla Maan",
    "segment": "Moderate listeners"
  },
  {
    "artistName": "Laylow",
    "segment": "Moderate listeners"
  },
  {
    "artistName": "Dizzy DROS",
    "segment": "Previously Active Listeners"
  },
  {
    "artistName": "Wilhelm Backhaus",
    "segment": "Previously Active Listeners"
  },
  {
    "artistName": "Max Martis",
    "segment": "Previously Active Listeners"
  },
  {
    "artistName": "Samuel T. Herring",
    "segment": "Previously Active Listeners"
  },
  {
    "artistName": "Etta James",
    "segment": "Previously Active Listeners"
  },
  {
    "artistName": "NOTD",
    "segment": "Previously Active Listeners"
  },
  {
    "artistName": "Jaime Deraz",
    "segment": "Previously Active Listeners"
  },
  {
    "artistName": "Lucas Estrada",
    "segment": "Previously Active Listeners"
  },
  {
    "artistName": "Roberta Flack",
    "segment": "Previously Active Listeners"
  },
  {
    "artistName": "d4vd",
    "segment": "Previously Active Listeners"
  },
  {
    "artistName": "Guy Sebastian",
    "segment": "Previously Active Listeners"
  },
  {
    "artistName": "AURORA",
    "segment": "Previously Active Listeners"
  },
  {
    "artistName": "Wegz",
    "segment": "Previously Active Listeners"
  },
  {
    "artistName": "Richard Wagner",
    "segment": "Previously Active Listeners"
  },
  {
    "artistName": "Drake",
    "segment": "Super Listeners"
  },
  {
    "artistName": "Neon Trees",
    "segment": "Previously Active Listeners"
  },
  {
    "artistName": "Giiants",
    "segment": "Previously Active Listeners"
  },
  {
    "artistName": "R3HAB",
    "segment": "Previously Active Listeners"
  },
  {
    "artistName": "Maes",
    "segment": "Previously Active Listeners"
  },
  {
    "artistName": "No Limit",
    "segment": "Light listeners"
  },
  {
    "artistName": "Jt5k",
    "segment": "Previously Active Listeners"
  },
  {
    "artistName": "Guitar Tribute Players",
    "segment": "Previously Active Listeners"
  },
  {
    "artistName": "Bruno Mars",
    "segment": "Light listeners"
  },
  {
    "artistName": "DIRTYXAN",
    "segment": "Previously Active Listeners"
  },
  {
    "artistName": "Tory Lanez",
    "segment": "Previously Active Listeners"
  },
  {
    "artistName": "The Haunt",
    "segment": "Moderate listeners"
  },
  {
    "artistName": "DTG",
    "segment": "Previously Active Listeners"
  },
  {
    "artistName": "Jozsef Vajda",
    "segment": "Previously Active Listeners"
  },
  {
    "artistName": "Gianandrea Noseda",
    "segment": "Previously Active Listeners"
  },
  {
    "artistName": "Damian Marley",
    "segment": "Previously Active Listeners"
  },
  {
    "artistName": "Sorry Mom",
    "segment": "Previously Active Listeners"
  },
  {
    "artistName": "Nathan Evans",
    "segment": "Previously Active Listeners"
  },
  {
    "artistName": "Joy Oladokun",
    "segment": "Previously Active Listeners"
  },
  {
    "artistName": "Kalash",
    "segment": "Light listeners"
  },
  {
    "artistName": "ISSAM",
    "segment": "Previously Active Listeners"
  },
  {
    "artistName": "Kygo",
    "segment": "Previously Active Listeners"
  },
  {
    "artistName": "LVSN",
    "segment": "Previously Active Listeners"
  },
  {
    "artistName": "GOLDHOUSE",
    "segment": "Previously Active Listeners"
  },
  {
    "artistName": "Wolfgang Amadeus Mozart",
    "segment": "Previously Active Listeners"
  },
  {
    "artistName": "Loris Buono",
    "segment": "Previously Active Listeners"
  },
  {
    "artistName": "Ray Benson",
    "segment": "Light listeners"
  },
  {
    "artistName": "Hooverphonic",
    "segment": "Light listeners"
  },
  {
    "artistName": "5 Seconds of Summer",
    "segment": "Previously Active Listeners"
  },
  {
    "artistName": "Kansas",
    "segment": "Moderate listeners"
  },
  {
    "artistName": "Miraa May",
    "segment": "Previously Active Listeners"
  },
  {
    "artistName": "Ava Max",
    "segment": "Previously Active Listeners"
  },
  {
    "artistName": "Michael Grimm",
    "segment": "Previously Active Listeners"
  },
  {
    "artistName": "Lø Spirit",
    "segment": "Previously Active Listeners"
  },
  {
    "artistName": "Jay Rock",
    "segment": "Previously Active Listeners"
  },
  {
    "artistName": "Dua Lipa",
    "segment": "Previously Active Listeners"
  },
  {
    "artistName": "Arcane",
    "segment": "Previously Active Listeners"
  },
  {
    "artistName": "Nova Twins",
    "segment": "Previously Active Listeners"
  },
  {
    "artistName": "2CELLOS",
    "segment": "Previously Active Listeners"
  },
  {
    "artistName": "Carl Lazy",
    "segment": "Previously Active Listeners"
  },
  {
    "artistName": "HALO",
    "segment": "Previously Active Listeners"
  },
  {
    "artistName": "White Gold",
    "segment": "Light listeners"
  },
  {
    "artistName": "Young Thug",
    "segment": "Light listeners"
  },
  {
    "artistName": "Mark Knopfler",
    "segment": "Previously Active Listeners"
  }
]