[
  {
    "endTime" : "2024-04-23 02:10",
    "podcastName" : "Some songs that I slow down and try to listen to at school but Spotify keeps taken them down",
    "episodeName" : "Rap God By Eminem (Slowed)",
    "msPlayed" : 75871
  },
  {
    "endTime" : "2024-04-29 08:48",
    "podcastName" : "Do I have ADHD? | mental health, procrastination, organization, overstimulated, focus, ADHD mom",
    "episodeName" : "BONUS: 3 unofficial signs of ADHD | reasons I should’ve known it was ADHD sooner ",
    "msPlayed" : 362324
  },
  {
    "endTime" : "2024-04-29 11:20",
    "podcastName" : "Weekly Motivation by Ben Lionel Scott",
    "episodeName" : "YOU'VE GOT TO BE HUNGRY",
    "msPlayed" : 189103
  }
]