{
  "topArtists": {
    "numUniqueArtists": 1212,
    "topArtists": [
      {
        "artistUri": "spotify:artist:4YLtscXsxbVgi031ovDDdh",
        "monthlyStreams": [
          {
            "month": 5,
            "biweeklyStreams": [
              {
                "period": 2,
                "numStreams": 3
              }
            ]
          },
          {
            "month": 10,
            "biweeklyStreams": [
              {
                "period": 1,
                "numStreams": 29
              },
              {
                "period": 2,
                "numStreams": 160
              }
            ]
          },
          {
            "month": 1,
            "biweeklyStreams": [
              {
                "period": 1,
                "numStreams": 4
              }
            ]
          },
          {
            "month": 6,
            "biweeklyStreams": [
              {
                "period": 1,
                "numStreams": 4
              }
            ]
          },
          {
            "month": 9,
            "biweeklyStreams": [
              {
                "period": 1,
                "numStreams": 32
              },
              {
                "period": 2,
                "numStreams": 57
              }
            ]
          },
          {
            "month": 2,
            "biweeklyStreams": [
              {
                "period": 1,
                "numStreams": 2
              }
            ]
          },
          {
            "month": 7,
            "biweeklyStreams": [
              {
                "period": 1,
                "numStreams": 3
              }
            ]
          },
          {
            "month": 3,
            "biweeklyStreams": [
              {
                "period": 1,
                "numStreams": 26
              },
              {
                "period": 2,
                "numStreams": 1
              }
            ]
          },
          {
            "month": 11,
            "biweeklyStreams": [
              {
                "period": 1,
                "numStreams": 75
              }
            ]
          },
          {
            "month": 8,
            "biweeklyStreams": [
              {
                "period": 1,
                "numStreams": 1
              },
              {
                "period": 2,
                "numStreams": 138
              }
            ]
          }
        ]
      },
      {
        "artistUri": "spotify:artist:4dpARuHxo51G3z768sgnrY",
        "monthlyStreams": [
          {
            "month": 5,
            "biweeklyStreams": [
              {
                "period": 2,
                "numStreams": 13
              },
              {
                "period": 1,
                "numStreams": 17
              }
            ]
          },
          {
            "month": 10,
            "biweeklyStreams": [
              {
                "period": 1,
                "numStreams": 23
              },
              {
                "period": 2,
                "numStreams": 56
              }
            ]
          },
          {
            "month": 1,
            "biweeklyStreams": [
              {
                "period": 1,
                "numStreams": 2
              }
            ]
          },
          {
            "month": 6,
            "biweeklyStreams": [
              {
                "period": 1,
                "numStreams": 24
              },
              {
                "period": 2,
                "numStreams": 25
              }
            ]
          },
          {
            "month": 9,
            "biweeklyStreams": [
              {
                "period": 1,
                "numStreams": 10
              },
              {
                "period": 2,
                "numStreams": 35
              }
            ]
          },
          {
            "month": 7,
            "biweeklyStreams": [
              {
                "period": 1,
                "numStreams": 12
              },
              {
                "period": 2,
                "numStreams": 6
              }
            ]
          },
          {
            "month": 3,
            "biweeklyStreams": [
              {
                "period": 2,
                "numStreams": 1
              }
            ]
          },
          {
            "month": 11,
            "biweeklyStreams": [
              {
                "period": 1,
                "numStreams": 20
              }
            ]
          },
          {
            "month": 8,
            "biweeklyStreams": [
              {
                "period": 1,
                "numStreams": 14
              },
              {
                "period": 2,
                "numStreams": 12
              }
            ]
          }
        ]
      },
      {
        "artistUri": "spotify:artist:1Xyo4u8uXC1ZmMpatF05PJ",
        "monthlyStreams": [
          {
            "month": 5,
            "biweeklyStreams": [
              {
                "period": 2,
                "numStreams": 27
              },
              {
                "period": 1,
                "numStreams": 12
              }
            ]
          },
          {
            "month": 10,
            "biweeklyStreams": [
              {
                "period": 1,
                "numStreams": 16
              },
              {
                "period": 2,
                "numStreams": 16
              }
            ]
          },
          {
            "month": 1,
            "biweeklyStreams": [
              {
                "period": 1,
                "numStreams": 12
              },
              {
                "period": 2,
                "numStreams": 2
              }
            ]
          },
          {
            "month": 6,
            "biweeklyStreams": [
              {
                "period": 1,
                "numStreams": 32
              },
              {
                "period": 2,
                "numStreams": 37
              }
            ]
          },
          {
            "month": 9,
            "biweeklyStreams": [
              {
                "period": 1,
                "numStreams": 6
              },
              {
                "period": 2,
                "numStreams": 25
              }
            ]
          },
          {
            "month": 2,
            "biweeklyStreams": [
              {
                "period": 2,
                "numStreams": 4
              },
              {
                "period": 1,
                "numStreams": 2
              }
            ]
          },
          {
            "month": 7,
            "biweeklyStreams": [
              {
                "period": 1,
                "numStreams": 41
              },
              {
                "period": 2,
                "numStreams": 18
              }
            ]
          },
          {
            "month": 3,
            "biweeklyStreams": [
              {
                "period": 1,
                "numStreams": 2
              },
              {
                "period": 2,
                "numStreams": 13
              }
            ]
          },
          {
            "month": 11,
            "biweeklyStreams": [
              {
                "period": 1,
                "numStreams": 5
              }
            ]
          },
          {
            "month": 8,
            "biweeklyStreams": [
              {
                "period": 1,
                "numStreams": 34
              },
              {
                "period": 2,
                "numStreams": 16
              }
            ]
          },
          {
            "month": 4,
            "biweeklyStreams": [
              {
                "period": 1,
                "numStreams": 4
              }
            ]
          }
        ]
      },
      {
        "artistUri": "spotify:artist:4kYGAK2zu9EAomwj3hXkXy",
        "monthlyStreams": [
          {
            "month": 5,
            "biweeklyStreams": [
              {
                "period": 2,
                "numStreams": 16
              },
              {
                "period": 1,
                "numStreams": 23
              }
            ]
          },
          {
            "month": 10,
            "biweeklyStreams": [
              {
                "period": 1,
                "numStreams": 25
              },
              {
                "period": 2,
                "numStreams": 15
              }
            ]
          },
          {
            "month": 1,
            "biweeklyStreams": [
              {
                "period": 1,
                "numStreams": 12
              },
              {
                "period": 2,
                "numStreams": 2
              }
            ]
          },
          {
            "month": 6,
            "biweeklyStreams": [
              {
                "period": 1,
                "numStreams": 5
              },
              {
                "period": 2,
                "numStreams": 7
              }
            ]
          },
          {
            "month": 9,
            "biweeklyStreams": [
              {
                "period": 1,
                "numStreams": 3
              },
              {
                "period": 2,
                "numStreams": 28
              }
            ]
          },
          {
            "month": 2,
            "biweeklyStreams": [
              {
                "period": 2,
                "numStreams": 51
              },
              {
                "period": 1,
                "numStreams": 13
              }
            ]
          },
          {
            "month": 7,
            "biweeklyStreams": [
              {
                "period": 1,
                "numStreams": 7
              },
              {
                "period": 2,
                "numStreams": 3
              }
            ]
          },
          {
            "month": 3,
            "biweeklyStreams": [
              {
                "period": 1,
                "numStreams": 10
              },
              {
                "period": 2,
                "numStreams": 7
              }
            ]
          },
          {
            "month": 11,
            "biweeklyStreams": [
              {
                "period": 1,
                "numStreams": 14
              }
            ]
          },
          {
            "month": 8,
            "biweeklyStreams": [
              {
                "period": 1,
                "numStreams": 12
              },
              {
                "period": 2,
                "numStreams": 5
              }
            ]
          },
          {
            "month": 4,
            "biweeklyStreams": [
              {
                "period": 1,
                "numStreams": 4
              },
              {
                "period": 2,
                "numStreams": 2
              }
            ]
          }
        ]
      },
      {
        "artistUri": "spotify:artist:7dGJo4pcD2V6oG8kP0tJRR",
        "monthlyStreams": [
          {
            "month": 5,
            "biweeklyStreams": [
              {
                "period": 2,
                "numStreams": 23
              }
            ]
          },
          {
            "month": 10,
            "biweeklyStreams": [
              {
                "period": 1,
                "numStreams": 2
              },
              {
                "period": 2,
                "numStreams": 13
              }
            ]
          },
          {
            "month": 1,
            "biweeklyStreams": [
              {
                "period": 1,
                "numStreams": 36
              },
              {
                "period": 2,
                "numStreams": 74
              }
            ]
          },
          {
            "month": 6,
            "biweeklyStreams": [
              {
                "period": 1,
                "numStreams": 4
              },
              {
                "period": 2,
                "numStreams": 48
              }
            ]
          },
          {
            "month": 9,
            "biweeklyStreams": [
              {
                "period": 2,
                "numStreams": 19
              }
            ]
          },
          {
            "month": 2,
            "biweeklyStreams": [
              {
                "period": 2,
                "numStreams": 3
              },
              {
                "period": 1,
                "numStreams": 15
              }
            ]
          },
          {
            "month": 7,
            "biweeklyStreams": [
              {
                "period": 1,
                "numStreams": 1
              }
            ]
          },
          {
            "month": 3,
            "biweeklyStreams": [
              {
                "period": 1,
                "numStreams": 1
              },
              {
                "period": 2,
                "numStreams": 7
              }
            ]
          },
          {
            "month": 11,
            "biweeklyStreams": [
              {
                "period": 1,
                "numStreams": 2
              }
            ]
          },
          {
            "month": 8,
            "biweeklyStreams": [
              {
                "period": 1,
                "numStreams": 1
              },
              {
                "period": 2,
                "numStreams": 2
              }
            ]
          },
          {
            "month": 4,
            "biweeklyStreams": [
              {
                "period": 1,
                "numStreams": 6
              },
              {
                "period": 2,
                "numStreams": 3
              }
            ]
          }
        ]
      }
    ],
    "topArtistMilliseconds": 108202600,
    "topArtistFanPercentage": 0.0026624175
  },
  "topGenres": {
    "topGenres": [
      "rap",
      "pop",
      "pop dance",
      "rap maroc",
      "outlaw country"
    ],
    "numberGenres": 44
  },
  "topPodcasts": {
    "topPodcastsUri": [
    ],
    "topPodcastPercentage": 0.0,
    "totalPodcastMilliseconds": 3447077
  },
  "topTracks": {
    "topTracks": [
      "spotify:track:6YowAxI2HIbhAwumOqpldE",
      "spotify:track:22mek4IiqubGD9ctzxc69s",
      "spotify:track:5LyK4EaVofQjOvJ4OGhdfv",
      "spotify:track:0VO8gYVDSwM1Qdd2GsMoYK",
      "spotify:track:3hxIUxnT27p5WcmjGUXNwx"
    ],
    "topTrackPlayCount": 87,
    "topTrackFirstPlayedDate": "2023-01-20",
    "distinctTracksPlayed": 2010
  },
  "yearlyMetrics": {
    "totalMsListened": 1421965303,
    "mostListenedDay": "2023-10-04",
    "mostListenedDayMinutes": 406.97247,
    "percentGreaterThanWorldwideUsers": 84.8798
  },
  "darkMode": {
    "creatureOfHabit": "DARKSOUND"
  }
}