{
  "tracks": [
    {
      "artist": "Chris Stapleton",
      "album": "Higher",
      "track": "The Fire",
      "uri": "spotify:track:4Jn2CdZYqtIsPpIRYB1o47"
    },
    {
      "artist": "Grace Carter",
      "album": "Wicked Game",
      "track": "Wicked Game",
      "uri": "spotify:track:57h4OYRuqBvgE87biicEzq"
    },
    {
      "artist": "Bring Me The Horizon",
      "album": "amo",
      "track": "sugar honey ice & tea",
      "uri": "spotify:track:3Ddgh4ZwVIkLx0f4WeDFmo"
    },
    {
      "artist": "A$AP Rocky",
      "album": "LONG.LIVE.A$AP (Deluxe Version)",
      "track": "1Train (feat. Kendrick Lamar, Joey Bada$$, Yelawolf, Danny Brown, Action Bronson & Big K.R.I.T.)",
      "uri": "spotify:track:1eLU27PPFxBhbp1CBjPh9J"
    },
    {
      "artist": "Kanye West",
      "album": "The Life Of Pablo",
      "track": "Saint Pablo",
      "uri": "spotify:track:1o0kWPueYo94LIjPYOE5Nf"
    },
    {
      "artist": "Adele",
      "album": "30",
      "track": "Easy On Me",
      "uri": "spotify:track:46IZ0fSY2mpAiktS3KOqds"
    },
    {
      "artist": "Bob Marley & The Wailers",
      "album": "Exodus",
      "track": "Waiting In Vain",
      "uri": "spotify:track:09Nck1nvRcg1Y14SNfWwtJ"
    },
    {
      "artist": "Simba Qadim",
      "album": "Hotel Sorrow",
      "track": "Lawah Lawah",
      "uri": "spotify:track:6LznmDnSOXDv09JdEKLat2"
    },
    {
      "artist": "Bob Marley & The Wailers",
      "album": "Rastaman Vibration",
      "track": "War",
      "uri": "spotify:track:1TLTUhEUYOyORxufZlCOWj"
    },
    {
      "artist": "Kouz1",
      "album": "Kfaya",
      "track": "Kfaya",
      "uri": "spotify:track:5FRBGBRj7uF3YkkTPZr6iP"
    },
    {
      "artist": "Metro Boomin",
      "album": "HEROES & VILLAINS",
      "track": "Niagara Falls (Foot or 2) [with Travis Scott & 21 Savage]",
      "uri": "spotify:track:4WuOWVnAqvEQxgSRrspBgt"
    },
    {
      "artist": "Devendra Banhart",
      "album": "Cripple Crow",
      "track": "Quedate Luna",
      "uri": "spotify:track:0AFBTfI6zDUBLy0oi1pqZg"
    },
    {
      "artist": "Dermot Kennedy",
      "album": "Without Fear",
      "track": "Power Over Me",
      "uri": "spotify:track:4tViDtaHuSLnh7HVJTrKhs"
    },
    {
      "artist": "The Plug",
      "album": "Plug Talk",
      "track": "Not Today (feat. Dappy & Tory Lanez)",
      "uri": "spotify:track:6EBrsshL06rKyB33oUKZ7P"
    },
    {
      "artist": "Holding Absence",
      "album": "Gravity",
      "track": "Gravity",
      "uri": "spotify:track:1s1G7P7dp7M5v8Jo4ZikMT"
    },
    {
      "artist": "Indila",
      "album": "Mini World",
      "track": "Dernière danse",
      "uri": "spotify:track:65uoaqX5qcjXZRheAj1qQT"
    },
    {
      "artist": "Avenged Sevenfold",
      "album": "Nightmare",
      "track": "Buried Alive",
      "uri": "spotify:track:4veeNpXDK1YRHMTJ1Cppsg"
    },
    {
      "artist": "Currents",
      "album": "The Way It Ends",
      "track": "Let Me Leave",
      "uri": "spotify:track:4xDcGgOzoQq5Jrfa2gkY03"
    },
    {
      "artist": "Foreigner",
      "album": "Agent Provocateur",
      "track": "I Want to Know What Love Is - 1999 Remaster",
      "uri": "spotify:track:1JLn8RhQzHz3qDqsChcmBl"
    },
    {
      "artist": "Bekar",
      "album": "Mirasierra",
      "track": "Magenta",
      "uri": "spotify:track:1QrLZmyF1mq9zyMsZbPbNt"
    },
    {
      "artist": "JP Cooper",
      "album": "Raised Under Grey Skies",
      "track": "Beneath The Streetlights And The Moon",
      "uri": "spotify:track:6FuO9rHsf0ZcRs7TBY8fC9"
    },
    {
      "artist": "Young the Giant",
      "album": "Mirrorball / Mind Over Matter (Reprise)",
      "track": "Mind Over Matter (Reprise)",
      "uri": "spotify:track:77KnJc8o5G1eKVwX5ywMeZ"
    },
    {
      "artist": "Avenged Sevenfold",
      "album": "Nightmare",
      "track": "Danger Line",
      "uri": "spotify:track:7pS3O75hJnthHr64tlpqPn"
    },
    {
      "artist": "Ollie Joseph",
      "album": "Ranch",
      "track": "Ranch",
      "uri": "spotify:track:7g780zywvKnzTkH4Ltc2AB"
    },
    {
      "artist": "The Handsome Family",
      "album": "Singing Bones",
      "track": "Far From Any Road",
      "uri": "spotify:track:3LDkLpuxQlEuEiZmkxpr8S"
    },
    {
      "artist": "Nas",
      "album": "It Was Written",
      "track": "The Message",
      "uri": "spotify:track:1AHfovSnGPVYKaahRtA0U6"
    },
    {
      "artist": "Santana",
      "album": "Blessings and Miracles",
      "track": "Joy",
      "uri": "spotify:track:6Bj34xowKpBf7s8vTKTJW9"
    },
    {
      "artist": "La Fouine",
      "album": "Drôle de parcours",
      "track": "Quand je partirai",
      "uri": "spotify:track:4c9Jr4uNgWBORZc5UUiwDz"
    },
    {
      "artist": "Stephen Sanchez",
      "album": "Angel Face",
      "track": "High",
      "uri": "spotify:track:5hlPrSCx9BvnQ3rCTkblMZ"
    },
    {
      "artist": "Chris Stapleton",
      "album": "White Horse",
      "track": "White Horse",
      "uri": "spotify:track:7MSWxMumjz6lHj7oRApNbg"
    },
    {
      "artist": "Adele",
      "album": "30",
      "track": "I Drink Wine",
      "uri": "spotify:track:6v0UJD4a2FtleHeSYVX02A"
    },
    {
      "artist": "Martin Luke Brown",
      "album": "Shadow & Light",
      "track": "Shadow & Light",
      "uri": "spotify:track:63XIDSFxPZLMDnsKMJmp2n"
    },
    {
      "artist": "Teddy Swims",
      "album": "Lose Control",
      "track": "Lose Control",
      "uri": "spotify:track:6usohdchdzW9oML7VC4Uhk"
    },
    {
      "artist": "Shawn Mendes",
      "album": "It'll Be Okay",
      "track": "It'll Be Okay",
      "uri": "spotify:track:2KnLkZ3z7PO3kgVGHGqDpD"
    },
    {
      "artist": "Sadé Awele",
      "album": "Intuition",
      "track": "Intuition",
      "uri": "spotify:track:7h5aVXl8Ry6qSryIWzRbBI"
    },
    {
      "artist": "Teddy Swims",
      "album": "Sleep is Exhausting",
      "track": "Someone Who Loved You",
      "uri": "spotify:track:144wciVMFV19YTkmZ50g4z"
    },
    {
      "artist": "Pyotr Ilyich Tchaikovsky",
      "album": "Tchaikovsky: Swan Lake",
      "track": "Tchaikovsky: Swan Lake, Op. 20, Act 2: No. 10, Scene. Moderato",
      "uri": "spotify:track:2xizRhme7pYeITbH1NLLGt"
    },
    {
      "artist": "Passenger",
      "album": "All The Little Lights",
      "track": "Feather On The Clyde - Anniversary Edition",
      "uri": "spotify:track:26BIewpCagLXA9nAmT6Nru"
    },
    {
      "artist": "Miyuze",
      "album": "Gata Only",
      "track": "Gata Only - Slowed",
      "uri": "spotify:track:4LnWzfWIDfYTDzN5wgBwnQ"
    },
    {
      "artist": "Spencer Crandall",
      "album": "Worth the Wait",
      "track": "Worth the Wait",
      "uri": "spotify:track:3nB1jprfn5Yo50qcWHvyWs"
    },
    {
      "artist": "LVSN",
      "album": "Tourner Dans Le Vide",
      "track": "Tourner Dans Le Vide",
      "uri": "spotify:track:5VgesoCJF5F0KaJjftkqHl"
    },
    {
      "artist": "Adele",
      "album": "21",
      "track": "Don't You Remember",
      "uri": "spotify:track:1CRtJS94Hq3PbBZT9LuF90"
    },
    {
      "artist": "Dermot Kennedy",
      "album": "Spotify Singles",
      "track": "Heartless - Recorded At RAK Studios, London",
      "uri": "spotify:track:6S4vdF9ENvX8WN8PvJ6soA"
    },
    {
      "artist": "Russ",
      "album": "3:15 (Breathe)",
      "track": "3:15 (Breathe)",
      "uri": "spotify:track:0dGqP4VickYjtIaB5VOt4H"
    },
    {
      "artist": "Adele",
      "album": "25",
      "track": "All I Ask",
      "uri": "spotify:track:6DEMMeWXfmFAXgDUMMzeg6"
    },
    {
      "artist": "Lupe Fiasco",
      "album": "Food & Liquor II: The Great American Rap Album, Pt. 1",
      "track": "Battle Scars (with Guy Sebastian)",
      "uri": "spotify:track:1hWYT0w2R0J19rlVkiez7X"
    },
    {
      "artist": "Bob Dylan",
      "album": "Pat Garrett & Billy The Kid",
      "track": "Knockin' On Heaven's Door",
      "uri": "spotify:track:6HSXNV0b4M4cLJ7ljgVVeh"
    },
    {
      "artist": "Laufey",
      "album": "Typical of Me EP",
      "track": "Like the Movies",
      "uri": "spotify:track:1hUXDEqjNIIbfjTcaz3jzb"
    },
    {
      "artist": "Maroon 5",
      "album": "Red Pill Blues",
      "track": "Cold",
      "uri": "spotify:track:3aR3hSjA1Vw0GXYmngsJS6"
    },
    {
      "artist": "Conan Gray",
      "album": "Winner",
      "track": "Winner",
      "uri": "spotify:track:3b5MPNYlX8ztJowxAwzTai"
    },
    {
      "artist": "Hotel Ugly",
      "album": "Shut up My Moms Calling",
      "track": "Shut up My Moms Calling",
      "uri": "spotify:track:3hxIUxnT27p5WcmjGUXNwx"
    },
    {
      "artist": "Bad Omens",
      "album": "THE DEATH OF PEACE OF MIND",
      "track": "What It Cost",
      "uri": "spotify:track:0XL8gRZn7tUoYgq9nLZhjU"
    },
    {
      "artist": "Tinlicker",
      "album": "Because You Move Me",
      "track": "Because You Move Me",
      "uri": "spotify:track:05GvwwTLLID738BbKN1ze0"
    },
    {
      "artist": "Joey Bada$$",
      "album": "The Light Pack",
      "track": "The Light",
      "uri": "spotify:track:5LyK4EaVofQjOvJ4OGhdfv"
    },
    {
      "artist": "The Weeknd",
      "album": "Dawn FM",
      "track": "Starry Eyes",
      "uri": "spotify:track:6zzdyvVWjGrQBraSvuqJPY"
    },
    {
      "artist": "Travis Scott",
      "album": "Birds In The Trap Sing McKnight",
      "track": "outside",
      "uri": "spotify:track:177WEvlLsCc0FzCTWslawr"
    },
    {
      "artist": "Cavetown",
      "album": "worm food",
      "track": "a kind thing to do (feat. Vic Fuentes)",
      "uri": "spotify:track:4NlRBHQFKKgTJiDWG02fIV"
    },
    {
      "artist": "Fairuz",
      "album": "Shahrazad",
      "track": "Habbaitak Be El Saif - Live",
      "uri": "spotify:track:1QJ2l3k2BFJypRUT5M4mLg"
    },
    {
      "artist": "WMC",
      "album": "Dead Ends",
      "track": "Dead Ends",
      "uri": "spotify:track:0zPrUlxLjuowg4XzqILpQX"
    },
    {
      "artist": "Calvin Harris",
      "album": "How Deep Is Your Love",
      "track": "How Deep Is Your Love",
      "uri": "spotify:track:22mek4IiqubGD9ctzxc69s"
    },
    {
      "artist": "Adele",
      "album": "21",
      "track": "One And Only",
      "uri": "spotify:track:5W63Zcirj6bvnTxhVIKTSK"
    },
    {
      "artist": "Marc Broussard",
      "album": "S.O.S. 2: Save Our Soul: Soul on a Mission",
      "track": "Cry to Me",
      "uri": "spotify:track:69EkVHI0mRHqMXFmXDMLuP"
    },
    {
      "artist": "Portugal. The Man",
      "album": "Woodstock",
      "track": "Feel It Still",
      "uri": "spotify:track:6QgjcU0zLnzq5OrUoSZ3OK"
    },
    {
      "artist": "Ludovico Einaudi",
      "album": "In A Time Lapse",
      "track": "Experience",
      "uri": "spotify:track:1BncfTJAWxrsxyT9culBrj"
    },
    {
      "artist": "No Limit",
      "album": "LA RUE",
      "track": "LA RUE",
      "uri": "spotify:track:7EO5oDxrq2dvYDgBjFvFYY"
    },
    {
      "artist": "Kabaka Pyramid",
      "album": "Can't Breathe (Genius T Remix)",
      "track": "Can't Breathe (Genius T Remix)",
      "uri": "spotify:track:1MmSKeGyQtsw01TZ4P2AaQ"
    },
    {
      "artist": "Sigrid",
      "album": "Bad Life",
      "track": "Bad Life",
      "uri": "spotify:track:1eEK8eQETi8q8bU0lxRMlq"
    },
    {
      "artist": "Billie Eilish",
      "album": "HIT ME HARD AND SOFT",
      "track": "CHIHIRO",
      "uri": "spotify:track:7BRD7x5pt8Lqa1eGYC4dzj"
    },
    {
      "artist": "Kansas",
      "album": "Point Of Know Return",
      "track": "Dust in the Wind",
      "uri": "spotify:track:6zeE5tKyr8Nu882DQhhSQI"
    },
    {
      "artist": "The Vamps",
      "album": "All Night",
      "track": "All Night - Sped Up Version",
      "uri": "spotify:track:0yADjQVsmxf645dUu5ZdhS"
    },
    {
      "artist": "Seemone",
      "album": "Tous les deux",
      "track": "Tous les deux",
      "uri": "spotify:track:745LMFmLonEBqosOc6CLKg"
    },
    {
      "artist": "Marlon Craft",
      "album": "While We're Here",
      "track": "Cocky Humble",
      "uri": "spotify:track:3On4pF3q95Yd0nL9R6No01"
    },
    {
      "artist": "Johann Strauss II",
      "album": "Strauss, J.I & J.II/Josef Strauss: Walzer & Polkas",
      "track": "An der schönen blauen Donau, Waltz, Op. 314",
      "uri": "spotify:track:3vfWTq2DlNi8D4IqrJQrBD"
    },
    {
      "artist": "Emily Burns",
      "album": "My Town",
      "track": "Is It Just Me?",
      "uri": "spotify:track:1o2E5CwlBWuVElc41EqOSU"
    },
    {
      "artist": "ZAYN",
      "album": "Icarus Falls",
      "track": "Entertainer",
      "uri": "spotify:track:4By48hpAtUx7F7F1yxvwvm"
    },
    {
      "artist": "Ed Sheeran",
      "album": "No.6 Collaborations Project",
      "track": "BLOW (with Chris Stapleton & Bruno Mars)",
      "uri": "spotify:track:7hvO2qCwJVZxiyoA7c9i5d"
    },
    {
      "artist": "Billie Eilish",
      "album": "HIT ME HARD AND SOFT",
      "track": "L’AMOUR DE MA VIE",
      "uri": "spotify:track:6fPan2saHdFaIHuTSatORv"
    },
    {
      "artist": "The Haunt",
      "album": "Masochistic Lovers",
      "track": "Masochistic Lovers",
      "uri": "spotify:track:0J5uv1lTpYslQnbSlWBQYL"
    },
    {
      "artist": "Fairuz",
      "album": "Mish Kayan Hayek T'Koun",
      "track": "Sallimleh Alayh",
      "uri": "spotify:track:2gVHZ9GmBjUX76jaI2syD7"
    },
    {
      "artist": "JP Cooper",
      "album": "Fifty Shades Darker",
      "track": "Birthday",
      "uri": "spotify:track:5dYaElq0nua2omNCimEapq"
    },
    {
      "artist": "Ghostly Kisses",
      "album": "Never Let Me Go",
      "track": "Stay",
      "uri": "spotify:track:5fFQBL8Pnvnc9uszdadT7i"
    },
    {
      "artist": "Tate McRae",
      "album": "i used to think i could fly",
      "track": "feel like shit",
      "uri": "spotify:track:03zuGqxMwUFFmCwusq0WKE"
    },
    {
      "artist": "Teddy Swims",
      "album": "I've Tried Everything But Therapy (Part 1)",
      "track": "The Door",
      "uri": "spotify:track:3dj4wgM3cPeuLwMNHDuBon"
    },
    {
      "artist": "Billie Eilish",
      "album": "Guitar Songs",
      "track": "TV",
      "uri": "spotify:track:3GYlZ7tbxLOxe6ewMNVTkw"
    },
    {
      "artist": "Joji",
      "album": "Glimpse of Us",
      "track": "Glimpse of Us",
      "uri": "spotify:track:6xGruZOHLs39ZbVccQTuPZ"
    },
    {
      "artist": "Saleka",
      "album": "LADY RAVEN (Original Music From The Motion Picture TRAP)",
      "track": "Where Did She Go",
      "uri": "spotify:track:5EPn89ufYSdc4WoK14EAIY"
    },
    {
      "artist": "Swedish House Mafia",
      "album": "Paradise Again",
      "track": "Moth To A Flame (with The Weeknd)",
      "uri": "spotify:track:0VO8gYVDSwM1Qdd2GsMoYK"
    },
    {
      "artist": "Key Glock",
      "album": "Son Of A Gun",
      "track": "Son Of A Gun",
      "uri": "spotify:track:5ClRKRmW1p6RQcdwzY1kNJ"
    },
    {
      "artist": "Tate McRae",
      "album": "i used to think i could fly",
      "track": "chaotic",
      "uri": "spotify:track:4bt7eqP7mfWduRBKEpCAzM"
    },
    {
      "artist": "Quavo",
      "album": "Tough",
      "track": "Tough",
      "uri": "spotify:track:22DH8NChecsgPxDjA4pqer"
    },
    {
      "artist": "Drake",
      "album": "Behind Barz",
      "track": "Behind Barz - Bonus",
      "uri": "spotify:track:621hMmYrgWG3caSFtbZg2p"
    },
    {
      "artist": "Chase Atlantic",
      "album": "Chase Atlantic",
      "track": "Okay",
      "uri": "spotify:track:492PZFHvGTm3RZZYeeUVWT"
    },
    {
      "artist": "Faouzia",
      "album": "Tears of Gold",
      "track": "Tears of Gold",
      "uri": "spotify:track:2YyLNljkMy2viVcXoFGTDY"
    },
    {
      "artist": "Werenoi",
      "album": "Pyramide",
      "track": "Pyramide",
      "uri": "spotify:track:0y79GClHejq2TTQLaYFLUT"
    },
    {
      "artist": "Journey",
      "album": "Escape",
      "track": "Don't Stop Believin' (2022 Remaster)",
      "uri": "spotify:track:5RKQ5NdjSh2QzD4MaunT91"
    },
    {
      "artist": "Central Cee",
      "album": "LET GO",
      "track": "LET GO",
      "uri": "spotify:track:3zkyus0njMCL6phZmNNEeN"
    },
    {
      "artist": "Birdy",
      "album": "Not About Angels",
      "track": "Not About Angels",
      "uri": "spotify:track:5sF7hdYvhrcgNq8NZjfK8L"
    },
    {
      "artist": "Imagine Dragons",
      "album": "Origins",
      "track": "Natural",
      "uri": "spotify:track:2FY7b99s15jUprqC0M5NCT"
    },
    {
      "artist": "The Roots",
      "album": "Things Fall Apart",
      "track": "You Got Me",
      "uri": "spotify:track:2wl1JNFXNJm7kTWjHa5ETJ"
    },
    {
      "artist": "Bekar",
      "album": "Plus fort.",
      "track": "Plus fort",
      "uri": "spotify:track:5E0cK16FhRqmjja83N04if"
    },
    {
      "artist": "The Notorious B.I.G.",
      "album": "Duets: The Final Chapter",
      "track": "Living in Pain (feat. 2Pac, Mary J. Blige & Nas)",
      "uri": "spotify:track:37ZBmAekfkMcg6TQSo1fkL"
    },
    {
      "artist": "Adele",
      "album": "19",
      "track": "Chasing Pavements",
      "uri": "spotify:track:4YoGMmUJJ9dZpQ2CLOmPl2"
    },
    {
      "artist": "Fairuz",
      "album": "Fairouz World, Pt. 2",
      "track": "Kan Endena Tahoun Sahar El Laialy",
      "uri": "spotify:track:76A2YMAZdnwrWMO5BGYPns"
    },
    {
      "artist": "Chase Atlantic",
      "album": "Chase Atlantic",
      "track": "Consume (feat. Goon Des Garcons)",
      "uri": "spotify:track:0X2bh8NVQ8svDQIn2AdCbW"
    },
    {
      "artist": "Scorpions",
      "album": "Sting in the Tail",
      "track": "Lorelei",
      "uri": "spotify:track:6mwS9ssEVKK7dmVVXwpbv7"
    },
    {
      "artist": "Chase Atlantic",
      "album": "Chase Atlantic",
      "track": "Swim",
      "uri": "spotify:track:3M0lSi5WW79CXQamgSBIjx"
    },
    {
      "artist": "Adele",
      "album": "25",
      "track": "When We Were Young",
      "uri": "spotify:track:6O5TrlFWTYvznd9fMC0VvU"
    },
    {
      "artist": "Sasha Alex Sloan",
      "album": "Older",
      "track": "Older",
      "uri": "spotify:track:52iLDrSoRtf9lcgFuLVfqE"
    },
    {
      "artist": "Lady Gaga",
      "album": "Born This Way",
      "track": "Bloody Mary",
      "uri": "spotify:track:53jnnqFSRGMDB9ADrNriCA"
    },
    {
      "artist": "Joyner Lucas",
      "album": "Your Heart",
      "track": "Your Heart",
      "uri": "spotify:track:2DTpP3caqX3QdJIEoS83mD"
    },
    {
      "artist": "The Neighbourhood",
      "album": "I Love You.",
      "track": "Afraid",
      "uri": "spotify:track:7brQHA2CgQpcMBiOlfiXYb"
    },
    {
      "artist": "Dahmane El Harrachi",
      "album": "Zoudj Hmamet",
      "track": "Mazalni Maak",
      "uri": "spotify:track:7azAnTRVxCOmXPudIDU9zT"
    },
    {
      "artist": "Chase Atlantic",
      "album": "Part One",
      "track": "Right Here",
      "uri": "spotify:track:2KtS31kaWNHs12Q5B43Ixh"
    },
    {
      "artist": "Rain City Drive",
      "album": "To Better Days",
      "track": "Bury a Lie",
      "uri": "spotify:track:1RNS0ntWy01bZpPkrjJAyt"
    },
    {
      "artist": "Adele",
      "album": "25",
      "track": "Love In The Dark",
      "uri": "spotify:track:0DuWDLjriRPjDRoPgaCslY"
    },
    {
      "artist": "Allan Rayman",
      "album": "Pretty Bug (feat. James Vincent McMorrow)",
      "track": "Pretty Bug (feat. James Vincent McMorrow)",
      "uri": "spotify:track:4wiMa2XLz7lG6wLJdvbPF8"
    },
    {
      "artist": "Billie Eilish",
      "album": "HIT ME HARD AND SOFT",
      "track": "SKINNY",
      "uri": "spotify:track:1CsMKhwEmNnmvHUuO5nryA"
    },
    {
      "artist": "Matt Maeson",
      "album": "Bank On The Funeral",
      "track": "Hallucinogenics - Stripped",
      "uri": "spotify:track:2AfgUQ2BSxGynkc5eoHIrE"
    },
    {
      "artist": "Dave",
      "album": "Sprinter",
      "track": "Sprinter",
      "uri": "spotify:track:2FDTHlrBguDzQkp7PVj16Q"
    },
    {
      "artist": "Avenged Sevenfold",
      "album": "Nightmare",
      "track": "So Far Away",
      "uri": "spotify:track:7Hr1Ignop7cymbE3FbOtXa"
    },
    {
      "artist": "Passenger",
      "album": "Songs for the Drunk and Broken Hearted",
      "track": "Sword from the Stone",
      "uri": "spotify:track:3m7N7ZghXXjDCivtyymhhl"
    },
    {
      "artist": "Scorpions",
      "album": "Comeblack",
      "track": "Still Loving You",
      "uri": "spotify:track:0qlZQGo9f7Ea24PPLnXq2R"
    },
    {
      "artist": "JP Cooper",
      "album": "She",
      "track": "Need You Tonight",
      "uri": "spotify:track:7aiGHXqup9IP6SgmVMmMts"
    },
    {
      "artist": "Giveon",
      "album": "Give Or Take",
      "track": "dec 11th",
      "uri": "spotify:track:5svK1ysz8yk6sLC3bhxUGt"
    },
    {
      "artist": "Luca Fogale",
      "album": "I Don't Want to Lose You",
      "track": "I Don't Want to Lose You",
      "uri": "spotify:track:5ACkbnySkKbqxtHHa6xA7G"
    },
    {
      "artist": "Lost Frequencies",
      "album": "Questions",
      "track": "Questions",
      "uri": "spotify:track:1cgy2FSOQMbq7DHCVgMAUA"
    },
    {
      "artist": "Shawn James",
      "album": "Shadows",
      "track": "Through the Valley",
      "uri": "spotify:track:6YowAxI2HIbhAwumOqpldE"
    },
    {
      "artist": "Matt Maltese",
      "album": "Bad Contestant",
      "track": "As the World Caves In",
      "uri": "spotify:track:3NM41PVVUr0ceootKAtkAj"
    },
    {
      "artist": "Bad Omens",
      "album": "Finding God Before God Finds Me",
      "track": "Limits",
      "uri": "spotify:track:1u3OxJiXoYFdA0Fmd9yURC"
    },
    {
      "artist": "Teddy Swims",
      "album": "I've Tried Everything But Therapy (Part 1.5)",
      "track": "Hammer to the Heart",
      "uri": "spotify:track:0IdwfnHFfyb7zc7GFs75QQ"
    },
    {
      "artist": "RAYE",
      "album": "My 21st Century Blues",
      "track": "Escapism.",
      "uri": "spotify:track:5mHdCZtVyb4DcJw8799hZp"
    },
    {
      "artist": "Commodores",
      "album": "Commodores",
      "track": "Easy",
      "uri": "spotify:track:1JQ6Xm1JrvHfvAqhl5pwaA"
    },
    {
      "artist": "Ellai",
      "album": "Помню твоё тело",
      "track": "Помню твоё тело",
      "uri": "spotify:track:68nWTL7HdvdxqByIxfdK1d"
    },
    {
      "artist": "Mr. Big",
      "album": "Bump Ahead [Expanded]",
      "track": "Wild World",
      "uri": "spotify:track:2kj5f1eRhUFhW6K0qUwoD8"
    },
    {
      "artist": "Teddy Swims",
      "album": "I've Tried Everything But Therapy (Part 1)",
      "track": "Goodbye's Been Good to You",
      "uri": "spotify:track:2L6pMQRcT6aM0Lq5FycBke"
    },
    {
      "artist": "Caskets",
      "album": "Lost Souls",
      "track": "Nothing to Hide",
      "uri": "spotify:track:1XlKHZ3SkYa7Ea0fQBpjHv"
    },
    {
      "artist": "RealestK",
      "album": "Don't Walk Away",
      "track": "Don't Walk Away",
      "uri": "spotify:track:52CFxHZxBbiZ1l9eTFpFxJ"
    },
    {
      "artist": "Sam Smith",
      "album": "In The Lonely Hour",
      "track": "I'm Not The Only One",
      "uri": "spotify:track:7795WJLVKJoAyVoOtCWqXN"
    },
    {
      "artist": "Deep Purple",
      "album": "Machine Head",
      "track": "When A Blind Man Cries - Remastered",
      "uri": "spotify:track:0JtcFIgrkSagrM5JdFakeO"
    },
    {
      "artist": "Lomepal",
      "album": "Jeannine",
      "track": "Trop beau",
      "uri": "spotify:track:4WB9OeauHXnGOMUK4s80gM"
    },
    {
      "artist": "Gultrah Sound System",
      "album": "Win",
      "track": "Win - Piano Version",
      "uri": "spotify:track:6OQJgQP7tK0efpbGtr17i6"
    },
    {
      "artist": "Stop Light Observations",
      "album": "oRANGE.",
      "track": "13bullets (pt. 1)",
      "uri": "spotify:track:0ug8cXoQxQjfVd8vLQpdaL"
    },
    {
      "artist": "Billie Eilish",
      "album": "HIT ME HARD AND SOFT",
      "track": "THE GREATEST",
      "uri": "spotify:track:6TGd66r0nlPaYm3KIoI7ET"
    },
    {
      "artist": "Juke Ross",
      "album": "GREY",
      "track": "Morning Breeze",
      "uri": "spotify:track:7iM7I3dbNQGC5xkxJMWwrv"
    },
    {
      "artist": "Post Malone",
      "album": "Hollywood's Bleeding",
      "track": "Hollywood's Bleeding",
      "uri": "spotify:track:7sWRlDoTDX8geTR8zzr2vt"
    },
    {
      "artist": "Reignwolf",
      "album": "Hear Me Out",
      "track": "Keeper",
      "uri": "spotify:track:7wZc7nmPQIoJ4xTW0iJcAd"
    },
    {
      "artist": "Billie Eilish",
      "album": "HIT ME HARD AND SOFT",
      "track": "BLUE",
      "uri": "spotify:track:2prqm9sPLj10B4Wg0wE5x9"
    },
    {
      "artist": "Chris Stapleton",
      "album": "Restoration: The Songs Of Elton John And Bernie Taupin",
      "track": "I Want Love",
      "uri": "spotify:track:2R1YVHhJV6c1Vw4pdLW3oF"
    },
    {
      "artist": "Ruth B.",
      "album": "Safe Haven",
      "track": "Dandelions",
      "uri": "spotify:track:2eAvDnpXP5W0cVtiI0PUxV"
    },
    {
      "artist": "Slovak Philharmonic",
      "album": "Mozart: Requiem In D Minor",
      "track": "Requiem In D Minor, K. 626: Sequence: VI. Lacrimosa Dies Illa",
      "uri": "spotify:track:08B8Ki7qlUoT58Zd1trxkl"
    },
    {
      "artist": "Sickick",
      "album": "Mind Games",
      "track": "Mind Games",
      "uri": "spotify:track:21a1k8q3DJtsF8GorRfcL8"
    },
    {
      "artist": "Victor Ray",
      "album": "Hollow",
      "track": "Hollow",
      "uri": "spotify:track:6d0nwrhZwPGRy9RptimFW6"
    },
    {
      "artist": "J. Cole",
      "album": "Born Sinner",
      "track": "Crooked Smile (feat. TLC)",
      "uri": "spotify:track:5gFoAVTN9YlM9uJCrFZtgl"
    },
    {
      "artist": "Drake",
      "album": "Laugh Now Cry Later (feat. Lil Durk)",
      "track": "Laugh Now Cry Later (feat. Lil Durk)",
      "uri": "spotify:track:2SAqBLGA283SUiwJ3xOUVI"
    },
    {
      "artist": "Oum",
      "album": "Soul of Morocco",
      "track": "Lik",
      "uri": "spotify:track:5kBccqLw9L0c7Bl2v1OsdV"
    },
    {
      "artist": "The Neighbourhood",
      "album": "Hard To Imagine The Neighbourhood Ever Changing",
      "track": "Reflections",
      "uri": "spotify:track:2xql0pid3EUwW38AsywxhV"
    },
    {
      "artist": "Tate McRae",
      "album": "all the things i never said",
      "track": "stupid",
      "uri": "spotify:track:0gIxF0RR0miqWLs2fPQGBu"
    },
    {
      "artist": "Teddy Swims",
      "album": "I've Tried Everything But Therapy (Part 1)",
      "track": "What More Can I Say - Live",
      "uri": "spotify:track:5HhDqba4XHlglhQPs8F9x8"
    },
    {
      "artist": "Iniko",
      "album": "Jericho",
      "track": "Jericho",
      "uri": "spotify:track:4ztdjZ2t7BVo5DLIFQBdJh"
    },
    {
      "artist": "Khaled",
      "album": "Diri Ki tebghi",
      "track": "Diri Ki tebghi",
      "uri": "spotify:track:35i1flooMXCKVIcSWiORxk"
    },
    {
      "artist": "Tamino",
      "album": "Live at Ancienne Belgique",
      "track": "Indigo Night - Live at Ancienne Belgique",
      "uri": "spotify:track:6pLqeVK2p4Le4XlrOhhtcP"
    },
    {
      "artist": "Adele",
      "album": "25",
      "track": "Remedy",
      "uri": "spotify:track:1zZh6zTXcDgvN0C6S1G4gU"
    },
    {
      "artist": "Chase Atlantic",
      "album": "Nostalgia",
      "track": "Friends",
      "uri": "spotify:track:2jQiSYrwJehQAcuaaQrXnS"
    }
  ],
  "albums": [
    {
      "artist": "Eminem",
      "album": "Encore",
      "uri": "spotify:album:1kTlYbs28MXw7hwO0NLYif"
    },
    {
      "artist": "Eminem",
      "album": "The Eminem Show",
      "uri": "spotify:album:2cWBwpqMsDJC1ZUwz813lo"
    },
    {
      "artist": "Damso",
      "album": "Ipséité",
      "uri": "spotify:album:7ovdjtmV0Bkm4Xb4pqtrZt"
    },
    {
      "artist": "Eminem",
      "album": "Music To Be Murdered By - Side B",
      "uri": "spotify:album:3MKvhQoFSrR2PrxXXBHe9B"
    },
    {
      "artist": "Eminem",
      "album": "The Marshall Mathers LP",
      "uri": "spotify:album:5H0rjI1TW8F2tORPYMJXHJ"
    },
    {
      "artist": "Eminem",
      "album": "The Marshall Mathers LP2",
      "uri": "spotify:album:6DN7GcZF1HywzrkGN6Eeqk"
    },
    {
      "artist": "Eminem",
      "album": "Killshot",
      "uri": "spotify:album:0RejlT9bmqcXGrqMaJRos0"
    },
    {
      "artist": "Eminem",
      "album": "Relapse: Refill",
      "uri": "spotify:album:7MZzYkbHL9Tk3O6WeD4Z0Z"
    },
    {
      "artist": "Draganov",
      "album": "Colors",
      "uri": "spotify:album:0laELllYHrj2Zbw4It01B9"
    },
    {
      "artist": "Eminem",
      "album": "Recovery",
      "uri": "spotify:album:1gUI4keDXbeSil6rwY9qUm"
    },
    {
      "artist": "Eminem",
      "album": "Music To Be Murdered By",
      "uri": "spotify:album:4otkd9As6YaxxEkIjXPiZ6"
    },
    {
      "artist": "Eminem",
      "album": "Kamikaze",
      "uri": "spotify:album:3HNnxK7NgLXbDoxRZxNWiR"
    },
    {
      "artist": "Eminem",
      "album": "Recovery",
      "uri": "spotify:album:47BiFcV59TQi2s9SkBo2pb"
    }
  ],
  "shows": [
  ],
  "episodes": [
  ],
  "bannedTracks": [
  ],
  "artists": [
    {
      "name": "Adele",
      "uri": "spotify:artist:4dpARuHxo51G3z768sgnrY"
    },
    {
      "name": "NeoMood",
      "uri": "spotify:artist:7fn3EMUGZ6yCv6ADadtiOT"
    }
  ],
  "bannedArtists": [
  ],
  "other": [
  ]
}